iso3,country,year,under5_mortality,health_exp_per_capita,gdp_per_capita,immunization_dpt,sanitation_access,water_access,fertility_rate,urban_pct
AFG,Afghanistan,2002,123.1,16.707,178.954,36,23.735,31.836,7.32,18.941
AFG,Afghanistan,2003,118.5,17.746,198.871,41,25.16,33.909,7.174,19.16
AFG,Afghanistan,2004,113.9,21.423,221.764,50,26.593,35.999,7.018,19.399
AFG,Afghanistan,2005,109.3,25.114,254.184,58,28.033,38.108,6.858,19.706
AFG,Afghanistan,2006,104.8,28.941,274.219,58,29.474,40.216,6.686,20.11
AFG,Afghanistan,2007,100.4,32.709,376.223,63,30.875,42.429,6.508,20.591
AFG,Afghanistan,2008,96.1,39.886,381.733,64,32.274,44.654,6.392,21.124
AFG,Afghanistan,2009,91.9,43.134,452.054,63,33.669,46.889,6.295,21.689
AFG,Afghanistan,2010,88,46.424,560.622,66,35.062,49.134,6.195,22.261
AFG,Afghanistan,2011,84.3,52.187,606.695,68,36.452,51.39,6.094,22.821
AFG,Afghanistan,2012,80.8,52.452,651.417,67,37.839,53.656,5.985,23.343
AFG,Afghanistan,2013,77.6,56.16,637.087,64,39.225,55.932,5.879,23.808
AFG,Afghanistan,2014,74.6,60.05,625.055,62,40.608,58.219,5.77,24.191
AFG,Afghanistan,2015,71.9,59.92,565.57,64,41.99,60.515,5.652,24.465
AFG,Afghanistan,2016,69.4,61.372,522.082,66,43.37,62.822,5.542,24.659
AFG,Afghanistan,2017,67.1,66.824,525.47,64,44.751,65.142,5.433,24.835
AFG,Afghanistan,2018,64.8,71.225,491.337,68,46.134,67.476,5.327,24.999
AFG,Afghanistan,2019,62.7,74.064,496.603,65,47.518,69.823,5.238,25.144
AFG,Afghanistan,2020,60.7,80.089,510.787,61,48.906,72.182,5.145,25.262
AFG,Afghanistan,2021,58.7,81.521,356.496,55,50.297,74.555,5.039,25.348
AFG,Afghanistan,2022,56.8,80.652,357.261,58,51.691,76.939,4.932,25.394
AFG,Afghanistan,2023,54.9,59.068,413.758,60,53.091,78.927,4.84,25.473
AGO,Angola,2000,185,13.16,563.734,31,33.8,37.842,6.639,50.507
AGO,Angola,2001,176.3,29.261,533.586,42,34.256,38.339,6.601,51.722
AGO,Angola,2002,166.4,29.371,999.066,47,34.711,38.835,6.567,52.893
AGO,Angola,2003,155.5,35.221,1133.663,46,35.757,40.397,6.533,54.004
AGO,Angola,2004,143.7,50.233,1451.471,47,36.803,41.977,6.499,55.045
AGO,Angola,2005,131.5,54.661,2145.886,47,37.847,43.574,6.461,56
AGO,Angola,2006,119.8,70.282,2930.444,44,38.734,45.014,6.419,56.894
AGO,Angola,2007,109,93.427,3515.057,43,39.621,46.469,6.372,57.756
AGO,Angola,2008,99.2,136.341,4578.155,45,40.507,47.939,6.32,58.585
AGO,Angola,2009,90.7,120.529,3645.148,47,41.393,49.423,6.26,59.378
AGO,Angola,2010,83.4,96.952,4101.637,49,42.278,50.922,6.194,60.131
AGO,Angola,2011,77.2,122.119,5184.153,50,43.162,52.436,6.12,60.843
AGO,Angola,2012,72,121.848,5702.453,52,44.045,53.963,6.039,61.511
AGO,Angola,2013,67.9,142.785,5688.579,54,44.927,55.503,5.953,62.133
AGO,Angola,2014,64.5,130.586,5649.688,55,45.808,57.057,5.864,62.723
AGO,Angola,2015,61.8,107.529,3641.729,57,46.684,58.62,5.774,63.516
AGO,Angola,2016,59.6,94.015,2082.373,59,47.556,60.192,5.686,64.299
AGO,Angola,2017,57.9,112.754,2832.15,58,48.424,61.774,5.6,65.085
AGO,Angola,2018,56.5,83.876,2891.83,67,49.287,63.363,5.519,65.873
AGO,Angola,2019,55.3,64.447,2507.868,64,49.547,64.16,5.442,66.664
AGO,Angola,2020,54.2,56.016,1749.179,59,49.802,64.944,5.371,67.457
AGO,Angola,2021,53.2,66.945,2266.968,55,50.051,65.716,5.304,68.252
AGO,Angola,2022,51.9,103.945,3598.537,54,50.295,66.476,5.209,69.051
ALB,Albania,2000,27,65.477,1160.42,97,89.489,86.397,2.217,41.614
ALB,Albania,2001,25.6,73.922,1326.417,97,90.031,86.904,2.141,42.355
ALB,Albania,2002,24.3,78.729,1479.839,98,90.606,87.452,2.002,43.152
ALB,Albania,2003,22.9,105.437,1908.699,97,91.165,87.987,2.006,44.03
ALB,Albania,2004,21.4,136.507,2446.909,97,91.711,88.511,1.889,44.978
ALB,Albania,2005,20,149.975,2741.721,98,92.323,89.021,1.787,45.994
ALB,Albania,2006,18.5,164.221,3057.773,97,92.921,89.519,1.686,47.07
ALB,Albania,2007,17.1,209.319,3743.055,98,93.506,90.004,1.633,48.202
ALB,Albania,2008,15.8,237.103,4498.505,99,94.076,90.476,1.616,49.385
ALB,Albania,2009,14.5,236.942,4213.65,98,94.631,90.934,1.638,50.613
ALB,Albania,2010,13.3,253.982,4149.145,99,95.172,91.379,1.653,51.882
ALB,Albania,2011,12.2,273.753,4465.709,99,95.698,91.811,1.677,53.292
ALB,Albania,2012,11.2,260.683,4280.933,99,96.21,92.229,1.719,53.864
ALB,Albania,2013,10.5,276.077,4542.929,99,96.707,92.632,1.741,54.298
ALB,Albania,2014,9.9,293.127,4793.598,99,97.188,93.02,1.721,54.733
ALB,Albania,2015,9.6,253.933,4199.539,99,97.655,93.394,1.631,55.158
ALB,Albania,2016,9.4,275.437,4457.634,99,98.108,93.755,1.555,55.574
ALB,Albania,2017,9.3,295.523,5006.36,99,98.547,94.102,1.486,55.98
ALB,Albania,2018,9.3,349.211,5897.655,99,98.974,94.436,1.415,56.377
ALB,Albania,2019,9.4,366.34,6069.439,99,99.183,94.758,1.395,56.764
ALB,Albania,2020,9.4,396.175,6027.914,98,99.299,95.068,1.371,57.141
ALB,Albania,2021,9.5,465.57,7242.455,98,99.299,95.082,1.365,57.508
ALB,Albania,2022,9.4,506.869,7756.962,97,99.299,95.095,1.355,57.864
ALB,Albania,2023,9.4,590.628,9740.702,97,99.299,95.107,1.348,58.211
AND,Andorra,2000,7.6,1294.091,21810.249,98,100.0,100.0,1.273,92.256
AND,Andorra,2001,7.2,1378.708,23511.295,96,100.0,100.0,1.305,91.895
AND,Andorra,2002,6.8,1590.686,26528.13,97,100,100,1.265,91.461
AND,Andorra,2003,6.5,1888.136,34063.578,99,100,100,1.18,90.989
AND,Andorra,2004,6.2,2060.269,39021.128,99,100.0,100.0,1.229,90.516
AND,Andorra,2005,5.9,2279.531,40829.802,98,100,100,1.224,89.956
AND,Andorra,2006,5.6,2151.951,43467.211,93,100,100,1.234,89.379
AND,Andorra,2007,5.3,2388.174,48336.228,96,100,100,1.189,89.05
AND,Andorra,2008,5,2790.113,49132.516,99,100,100,1.25,88.941
AND,Andorra,2009,4.8,2679.674,43975.018,99,100.0,100.0,1.208,88.844
AND,Andorra,2010,4.5,3286.53,42746.831,99,100.0,100.0,1.275,88.76
AND,Andorra,2011,4.3,3555.523,46657.156,99,100,100,1.321,88.689
AND,Andorra,2012,4.1,2788.692,41500.544,99,100.0,100.0,1.26,88.629
AND,Andorra,2013,3.9,2886.972,42470.316,96,100,100,1.142,88.581
AND,Andorra,2014,3.7,3005.216,44369.66,97,100,100,1.168,88.544
AND,Andorra,2015,3.5,2672.497,38654.935,97,100,100,1.223,88.518
AND,Andorra,2016,3.4,2785.646,40129.819,98,100,100,1.184,88.503
AND,Andorra,2017,3.2,2876.242,40672.994,99,100,100,1.129,88.498
AND,Andorra,2018,3.1,3159.162,42819.775,99,100,100,1.053,88.508
AND,Andorra,2019,3,3021.078,41257.805,99,100,100,1.045,88.539
AND,Andorra,2020,2.9,3282.026,37361.09,99,100.0,100.0,1.028,88.591
AND,Andorra,2021,2.8,3668.448,42425.7,99,100,100,1.058,88.663
AND,Andorra,2022,2.7,3190.113,42414.059,98,100.0,100.0,1.071,88.755
AND,Andorra,2023,2.6,3605.198,46812.448,98,100,100,1.082,88.82
ARE,United Arab Emirates,2000,10.7,706.031,29865.529,94,99.161,99.616,2.733,79.287
ARE,United Arab Emirates,2001,10.5,689.293,27745.168,94,99.157,99.614,2.622,79.747
ARE,United Arab Emirates,2002,10.3,754.262,27753.581,94,99.153,99.635,2.541,80.271
ARE,United Arab Emirates,2003,10.2,784.893,29659.571,94,99.149,99.656,2.491,80.849
ARE,United Arab Emirates,2004,10,821.749,33376.688,94,99.145,99.677,2.385,81.473
ARE,United Arab Emirates,2005,9.8,898.365,38719.314,94,99.142,99.699,2.232,82.212
ARE,United Arab Emirates,2006,9.6,1031.149,44342.603,92,99.138,99.721,1.958,82.559
ARE,United Arab Emirates,2007,9.4,1176.493,45854.735,92,99.134,99.743,1.792,82.759
ARE,United Arab Emirates,2008,9.2,1465.824,50054.17,92,99.131,99.765,1.516,82.966
ARE,United Arab Emirates,2009,9,1531.022,37803.066,93,99.127,99.788,1.582,83.17
ARE,United Arab Emirates,2010,8.8,1619.989,44795.285,94,99.124,99.811,1.565,83.371
ARE,United Arab Emirates,2011,8.6,1787.6,51921.889,95,99.121,99.834,1.539,83.57
ARE,United Arab Emirates,2012,8.4,1711.385,53141.625,96,99.118,99.857,1.532,83.764
ARE,United Arab Emirates,2013,8.2,1789.686,53247.228,98,99.115,99.88,1.527,83.956
ARE,United Arab Emirates,2014,7.9,1776.731,52725.231,99,99.112,99.904,1.483,84.144
ARE,United Arab Emirates,2015,7.6,1479.497,44910.346,99,99.109,99.928,1.417,84.328
ARE,United Arab Emirates,2016,7.3,1592.919,42721.114,99,99.106,99.952,1.366,84.509
ARE,United Arab Emirates,2017,7,1695.203,43733.624,97,99.104,99.976,1.35,84.687
ARE,United Arab Emirates,2018,6.7,1872.584,47135.348,99,99.101,100,1.288,84.86
ARE,United Arab Emirates,2019,6.3,1962.467,45938.608,99,99.098,100.0,1.247,85.03
ARE,United Arab Emirates,2020,5.9,2154.411,37991.738,90,99.096,100.0,1.289,85.196
ARE,United Arab Emirates,2021,5.6,2249.963,44118.494,96,99.094,100,1.162,85.357
ARE,United Arab Emirates,2022,5.3,2240.905,50759.759,96,99.091,100,1.148,85.515
ARE,United Arab Emirates,2023,5,2401.52,49850.695,96,99.089,100.0,1.2,85.668
ARG,Argentina,2000,19.4,702.233,7637.015,83,87.667,96.284,2.591,89.176
ARG,Argentina,2001,18.8,660.634,7141.475,83,88.136,96.523,2.531,89.368
ARG,Argentina,2002,18.3,219.964,2569.7,93,88.603,96.755,2.493,89.562
ARG,Argentina,2003,17.8,261.204,3320.478,96,89.07,96.982,2.451,89.752
ARG,Argentina,2004,17.3,303.319,4242.021,98,89.535,97.204,2.43,89.94
ARG,Argentina,2005,16.7,395.646,5067.653,98,90.0,97.421,2.426,90.123
ARG,Argentina,2006,16.2,456.062,5869.38,91,90.464,97.633,2.4,90.303
ARG,Argentina,2007,15.8,569.273,7185.252,91,90.927,97.84,2.37,90.48
ARG,Argentina,2008,15.4,745.404,8944.11,93,91.39,98.043,2.432,90.652
ARG,Argentina,2009,15,787.781,8150.235,94,91.852,98.241,2.4,90.821
ARG,Argentina,2010,14.4,979.769,10260.131,94,92.313,98.434,2.411,90.993
ARG,Argentina,2011,13.9,1208.231,12704.283,91,92.771,98.622,2.393,91.107
ARG,Argentina,2012,13.3,1363.216,12949.717,91,93.227,98.805,2.304,91.204
ARG,Argentina,2013,12.7,1428.911,12963.676,94,93.623,98.864,2.335,91.301
ARG,Argentina,2014,12.2,1291.325,12233.144,94,94.021,98.923,2.386,91.398
ARG,Argentina,2015,11.7,1523.91,13679.626,94,94.42,98.982,2.35,91.492
ARG,Argentina,2016,11.4,1276.798,12699.962,92,94.821,99.041,2.241,91.586
ARM,Armenia,2000,30.6,25.661,593.451,93,88.031,95.669,1.3,64.959
ARM,Armenia,2001,29.1,31.907,659.589,94,88.234,95.883,1.2,64.823
ARM,Armenia,2002,27.7,59.21,742.651,94,88.457,96.111,1.2,64.74
ARM,Armenia,2003,26.4,66.316,882.03,94,88.688,96.345,1.3,64.666
ARM,Armenia,2004,25.1,71.651,1130.088,91,88.919,96.581,1.4,64.597
ARM,Armenia,2005,23.9,95.551,1557.485,90,89.149,96.817,1.3,64.533
ARM,Armenia,2006,22.7,124.899,2041.653,87,89.38,97.056,1.3,64.476
ARM,Armenia,2007,21.6,170.153,2962.702,88,89.61,97.296,1.4,64.426
ARM,Armenia,2008,20.6,261.6,3777.669,89,89.841,97.538,1.4,64.384
ARM,Armenia,2009,19.6,247.906,2820.593,93,90.072,97.781,1.5,64.352
ARM,Armenia,2010,18.7,291.778,3041.345,94,90.303,98.026,1.5,64.33
ARM,Armenia,2011,17.8,325.291,3349.553,95,90.533,98.272,1.5,64.321
ARM,Armenia,2012,16.9,331.914,3511.564,95,90.764,98.52,1.6,64.327
ARM,Armenia,2013,16.1,392.853,3680.167,95,90.999,98.771,1.6,64.358
ARM,Armenia,2014,15.4,404.339,3852.118,93,91.237,99.017,1.7,64.414
ARM,Armenia,2015,14.7,365.52,3512.394,94,91.481,99.22,1.6,64.493
ARM,Armenia,2016,14,359.582,3524.425,94,91.728,99.32,1.6,64.593
ARM,Armenia,2017,13.3,409.801,3869.054,94,91.98,99.42,1.6,64.712
ARM,Armenia,2018,12.7,428.346,4196.006,92,92.236,99.463,1.6,64.85
ARM,Armenia,2019,12.1,533.7,4597.229,92,92.497,99.459,1.6,65.005
ARM,Armenia,2020,11.6,535.272,4268.681,91,92.762,99.456,1.7,65.174
ARM,Armenia,2021,11,595.835,4685.18,93,93.032,99.453,1.7,65.357
ARM,Armenia,2022,10.5,674.786,6571.974,93,93.307,99.913,1.7,65.562
ARM,Armenia,2023,10,766.959,8159.087,94,93.567,99.922,1.9,65.696
ATG,Antigua and Barbuda,2000,14.9,520.122,12027.495,95,84.765,97.458,2.196,32.233
ATG,Antigua and Barbuda,2001,14.6,572.208,11539.183,97,85.534,97.525,2.018,31.755
ATG,Antigua and Barbuda,2002,14.3,559.083,11658.695,98,86.313,97.589,1.94,31.228
ATG,Antigua and Barbuda,2003,13.9,613.651,12173.232,99,87.089,97.655,1.887,30.6
ATG,Antigua and Barbuda,2004,13.6,597.749,13037.89,97,87.864,97.722,1.852,29.906
ATG,Antigua and Barbuda,2005,13.3,641.316,14368.571,99,88.638,97.79,1.832,29.174
ATG,Antigua and Barbuda,2006,13,665.116,16173.814,99,89.411,97.859,1.831,28.435
ATG,Antigua and Barbuda,2007,12.7,714.275,18204.512,99,90.182,97.929,1.86,27.72
ATG,Antigua and Barbuda,2008,12.5,694.033,18786.674,99,90.951,98.0,2.042,27.059
ATG,Antigua and Barbuda,2009,12.2,609.504,16472.248,99,91.719,98.072,2.006,26.481
ATG,Antigua and Barbuda,2010,12,724.089,15217.395,98,92.486,98.146,1.785,26.017
ATG,Antigua and Barbuda,2011,11.8,717.282,14911.728,99,93.251,98.22,1.746,25.695
ATG,Antigua and Barbuda,2012,11.6,753.502,15639.808,98,94.004,98.297,1.655,25.456
ATG,Antigua and Barbuda,2013,11.4,739.105,15051.511,99,94.757,98.374,1.537,25.248
ATG,Antigua and Barbuda,2014,11.2,826.756,15532.106,99,95.51,98.452,1.526,25.09
ATG,Antigua and Barbuda,2015,11,789.31,16077.634,99,96.262,98.53,1.567,25
ATG,Antigua and Barbuda,2016,10.8,817.889,16556.855,92,97.013,98.608,1.458,24.924
ATG,Antigua and Barbuda,2017,10.7,791.123,16965.729,95,97.764,98.686,1.485,24.85
ATG,Antigua and Barbuda,2018,10.5,856.371,18273.427,95,98.514,98.765,1.371,24.778
ATG,Antigua and Barbuda,2019,10.3,808.15,18896.372,99,99.09,98.844,1.468,24.708
ATG,Antigua and Barbuda,2020,10.1,873.525,15369.608,96,99.604,98.922,1.569,24.641
ATG,Antigua and Barbuda,2021,9.8,835.065,17348.601,92,99.605,98.923,1.58,24.575
ATG,Antigua and Barbuda,2022,9.6,891.003,20003.391,99,99.606,98.923,1.58,24.511
ATG,Antigua and Barbuda,2023,9.3,841.249,22012.263,97,99.606,98.923,1.578,24.45
AUS,Australia,2000,6.2,1626.734,21908.997,90,99.991,99.712,1.756,85.107
AUS,Australia,2001,6.1,1550.374,19733.651,92,99.992,99.711,1.739,85.148
AUS,Australia,2002,6,1752.939,20335.096,92,99.992,99.712,1.756,85.284
AUS,Australia,2003,5.9,2227.128,23757.59,93,99.993,99.734,1.748,85.41
AUS,Australia,2004,5.8,2744.081,30886.05,92,99.993,99.756,1.768,85.519
AUS,Australia,2005,5.7,2995.873,34535.207,92,99.993,99.778,1.807,85.619
AUS,Australia,2006,5.6,3174.869,36658.824,92,99.994,99.8,1.908,85.749
AUS,Australia,2007,5.4,3792.81,41128.248,92,99.994,99.821,1.959,85.897
AUS,Australia,2008,5.2,4083.429,49811.207,92,99.995,99.843,1.984,86.025
AUS,Australia,2009,5,3989.441,42954.849,92,99.995,99.864,1.971,86.128
AUS,Australia,2010,4.8,4947.963,52313.894,92,99.996,99.883,1.928,86.22
AUS,Australia,2011,4.5,5876.885,62799.39,92,99.996,99.892,1.926,86.327
AUS,Australia,2012,4.3,6038.872,68301.44,92,99.997,99.901,1.92,86.445
AUS,Australia,2013,4.1,5811.869,68476.679,91,99.997,99.91,1.855,86.574
AUS,Australia,2014,4,6098.254,62817.206,92,99.998,99.961,1.826,86.722
AUS,Australia,2015,3.9,5271.933,56970.361,93,99.998,99.97,1.814,86.878
AUS,Australia,2016,3.8,5418.437,50084.444,94,99.998,99.97,1.752,87.017
AUS,Australia,2017,3.8,5770.69,54117.548,95,99.999,99.97,1.741,87.128
AUS,Australia,2018,3.8,5843.648,57410.174,95,99.999,99.97,1.74,87.227
AUS,Australia,2019,3.8,5543.378,55194.759,95,100.0,99.97,1.657,87.302
AUS,Australia,2020,3.8,5968.003,51983.452,95,100,99.97,1.581,87.271
AUS,Australia,2021,3.7,7092.135,60758.904,95,100,99.97,1.7,87.235
AUS,Australia,2022,3.7,6723.982,65169.519,94,100,99.97,1.63,87.334
AUS,Australia,2023,3.7,6980.385,65058.377,94,100,99.97,1.499,87.487
AUT,Austria,2000,5.5,2301.892,24487.297,81,100.0,100.0,1.36,66.769
AUT,Austria,2001,5.4,2315.423,24430.496,84,100.0,100,1.33,66.841
AUT,Austria,2002,5.3,2531.619,26334.862,83,100,100,1.39,66.889
AUT,Austria,2003,5.2,3122.312,32110.116,84,99.998,100,1.38,66.926
AUT,Austria,2004,5,3606.779,36614.251,83,99.997,100,1.42,66.956
AUT,Austria,2005,4.9,3720.024,38157.37,86,99.995,100,1.41,66.98
AUT,Austria,2006,4.8,3899.907,40382.208,83,99.993,100.0,1.41,67.001
AUT,Austria,2007,4.6,4484.816,46622.962,85,99.991,100.0,1.38,67.021
AUT,Austria,2008,4.5,5080.837,51581.398,83,99.989,100.0,1.42,67.044
AUT,Austria,2009,4.4,4939.759,47857.445,83,99.988,100.0,1.39,67.071
AUT,Austria,2010,4.3,4815.27,46611.139,86,99.986,100,1.44,67.105
AUT,Austria,2011,4.2,5191.923,51116.895,89,99.984,100,1.43,67.148
AUT,Austria,2012,4,4983.677,48250.406,92,99.982,100,1.44,67.209
AUT,Austria,2013,3.9,5251.968,50305.355,95,99.98,100.0,1.44,67.298
AUT,Austria,2014,3.8,5418.476,51314.972,98,99.979,100,1.46,67.415
AUT,Austria,2015,3.7,4649.597,43915.228,93,99.977,100,1.49,67.558
AUT,Austria,2016,3.6,4758.899,45061.499,87,99.975,100,1.53,67.722
AUT,Austria,2017,3.6,4999.87,47163.743,90,99.973,100.0,1.52,67.905
AUT,Austria,2018,3.5,5394.559,51194.075,85,99.973,100,1.47,68.105
AUT,Austria,2019,3.5,5313.193,49885.995,88,99.973,100.0,1.46,68.318
AUT,Austria,2020,3.4,5569.841,48716.41,85,99.973,100.0,1.44,68.541
AUT,Austria,2021,3.4,6554.143,53648.644,86,99.972,100,1.48,68.774
AUT,Austria,2022,3.3,5897.976,52336.773,84,99.972,100.0,1.41,68.998
AUT,Austria,2023,3.3,6267.932,56579.504,87,99.972,100,1.32,69.227
AZE,Azerbaijan,2000,74.3,19.02,655.097,76,68.354,75.563,2,51.132
AZE,Azerbaijan,2001,69.3,19.19,703.671,77,69.411,76.474,1.8,51.158
AZE,Azerbaijan,2002,64.4,20.456,763.109,76,70.465,77.386,1.8,51.214
AZE,Azerbaijan,2003,59.9,23.622,883.693,77,71.514,78.3,1.9,51.726
AZE,Azerbaijan,2004,55.8,27.191,1045.014,77,72.56,79.217,2.054,52.283
AZE,Azerbaijan,2005,52.1,34.352,1578.367,75,73.901,80.134,2,52.503
AZE,Azerbaijan,2006,48.7,49.871,2472.957,78,75.245,81.053,1.97,52.654
AZE,Azerbaijan,2007,45.7,74.656,3851.33,79,76.592,81.974,1.97,52.828
AZE,Azerbaijan,2008,42.9,111.884,5574.468,81,77.943,82.897,1.9,53.063
AZE,Azerbaijan,2009,40.2,135.401,4950.399,81,79.297,83.82,1.82,53.136
AZE,Azerbaijan,2010,37.8,153.067,5843.534,81,80.657,84.749,1.92,53.285
AZE,Azerbaijan,2011,35.5,184.935,7189.819,82,82.021,85.682,1.96,53.509
AZE,Azerbaijan,2012,33.4,234.603,7495.865,79,83.39,86.618,2,53.808
AZE,Azerbaijan,2013,31.4,251.679,7875.345,78,84.764,87.558,1.98,54.182
AZE,Azerbaijan,2014,29.6,280.223,7890.84,78,86.142,88.5,1.97,54.632
AZE,Azerbaijan,2015,27.9,236.26,5500.504,79,87.523,89.443,1.94,55.157
AZE,Azerbaijan,2016,26.5,169.696,3880.685,78,88.909,90.387,1.9,55.757
AZE,Azerbaijan,2017,25.1,167.016,4147.198,76,90.298,91.332,1.75,56.433
AZE,Azerbaijan,2018,23.8,180.036,4739.794,74,91.691,92.276,1.73,57.184
AZE,Azerbaijan,2019,22.7,199.257,4805.754,74,93.087,93.219,1.81,58.131
AZE,Azerbaijan,2020,21.5,245.219,4229.911,56,94.485,94.16,1.7,58.293
AZE,Azerbaijan,2021,20.5,250.989,5408.045,49,95.866,95.098,1.52,58.366
AZE,Azerbaijan,2022,19.6,261.447,7770.594,51,96.911,96.004,1.67,58.438
AZE,Azerbaijan,2023,18.7,299.811,7133.028,51,97.948,96.849,1.55,58.508
BDI,Burundi,2000,152.4,5.679,134.538,80,45.883,49.905,6.872,8.044
BDI,Burundi,2001,147.5,7.508,132.16,81,45.976,50.608,6.849,8.241
BDI,Burundi,2002,142.3,6.47,120.952,81,46.071,51.314,6.819,8.451
BDI,Burundi,2003,136.6,5.873,111.407,82,46.169,52.022,6.785,8.676
BDI,Burundi,2004,130.4,8.882,125.195,83,46.074,52.734,6.746,8.919
BDI,Burundi,2005,123.7,11.131,147.235,87,45.978,53.449,6.708,9.181
BDI,Burundi,2006,116.6,14.105,161.893,92,45.88,54.166,6.659,9.465
BDI,Burundi,2007,109.5,15.263,166.163,99,45.779,54.886,6.588,9.773
BDI,Burundi,2008,102.6,14.67,189.502,92,45.677,55.61,6.515,10.106
BDI,Burundi,2009,96.1,18.32,198.432,94,45.572,56.336,6.409,10.498
BDI,Burundi,2010,90.2,24.451,216.728,96,45.465,57.065,6.26,10.984
BDI,Burundi,2011,84.7,23.168,230.07,96,45.354,57.797,6.108,11.562
BDI,Burundi,2012,79.6,20.012,231.099,96,45.242,58.532,5.991,12.224
BDI,Burundi,2013,74.9,20.263,234.845,96,45.126,59.27,5.889,12.967
BDI,Burundi,2014,70.6,18.066,250.544,95,45.007,60.011,5.794,13.784
BDI,Burundi,2015,66.9,17.676,254.403,94,44.884,60.755,5.695,14.67
BDI,Burundi,2016,63.7,18.595,232.938,94,44.759,61.501,5.587,15.618
BDI,Burundi,2017,60.9,19.167,246.061,91,44.629,62.251,5.481,16.624
BDI,Burundi,2018,58.5,18.678,245.662,90,44.495,63.003,5.38,17.682
BDI,Burundi,2019,56.2,22.244,234.311,93,44.358,63.758,5.271,18.786
BDI,Burundi,2020,54.3,26.219,252.702,93,44.455,64.403,5.177,19.931
BDI,Burundi,2021,52.3,23.114,264.173,94,44.555,65.049,5.078,21.111
BDI,Burundi,2022,50.3,25.522,301.832,91,44.657,65.698,4.98,22.32
BDI,Burundi,2023,48.7,28.14,249.795,89,44.646,65.807,4.878,23.553
BEL,Belgium,2000,5.9,1849.916,23098.887,95,99.485,100.0,1.67,82.015
BEL,Belgium,2001,5.7,1879.935,23015.071,95,99.485,100.0,1.67,82.336
BEL,Belgium,2002,5.5,2084.72,25006.191,95,99.485,100,1.65,82.651
BEL,Belgium,2003,5.3,2822.503,30655.209,95,99.485,100.0,1.67,82.961
BEL,Belgium,2004,5.2,3322.289,35429.408,95,99.485,100,1.72,83.266
BEL,Belgium,2005,5,3415.646,36809.701,97,99.485,100,1.76,83.565
BEL,Belgium,2006,4.9,3547.068,38705.107,98,99.486,100,1.8,83.858
BEL,Belgium,2007,4.8,4066.212,44319.165,98,99.486,100,1.82,84.145
BEL,Belgium,2008,4.7,4656.042,48303.398,99,99.486,100.0,1.85,84.427
BEL,Belgium,2009,4.6,4755.809,44923.34,98,99.486,100,1.84,84.703
BEL,Belgium,2010,4.5,4626.027,44197.394,98,99.486,100,1.86,84.972
BEL,Belgium,2011,4.4,4990.356,47760.83,98,99.486,100,1.81,85.235
BEL,Belgium,2012,4.3,4763.935,44874.171,99,99.486,100,1.8,85.492
BEL,Belgium,2013,4.2,5005.65,46964.595,99,99.486,100,1.76,85.742
BEL,Belgium,2014,4.1,5110.173,47995.779,99,99.486,100,1.74,85.985
BEL,Belgium,2015,4.1,4465.456,40893.805,99,99.486,100.0,1.7,86.221
BEL,Belgium,2016,4.1,4569.641,41854.55,98,99.486,100.0,1.68,86.451
BEL,Belgium,2017,4,4827.593,44035.324,98,99.486,100,1.65,86.673
BEL,Belgium,2018,4,5233.683,47487.21,98,99.486,100.0,1.62,86.888
BEL,Belgium,2019,3.9,5087.457,46716.623,97,99.486,100,1.6,87.096
BEL,Belgium,2020,3.9,5269.406,45906.288,98,99.486,100,1.55,87.296
BEL,Belgium,2021,3.8,5847.173,51658.238,98,99.486,100.0,1.6,87.431
BEL,Belgium,2022,3.8,5487.593,50639.026,98,99.486,100,1.53,87.489
BEL,Belgium,2023,3.7,5931.015,55244.681,98,99.486,100.0,1.47,87.551
BEN,Benin,2000,135,14.424,487.424,78,8.528,61.053,5.937,38.276
BEN,Benin,2001,131.7,16.27,492.401,76,8.94,61.411,5.848,38.619
BEN,Benin,2002,128.5,16.918,546.464,75,9.374,61.783,5.793,39.004
BEN,Benin,2003,125.4,21.07,676.003,73,9.839,62.178,5.763,39.417
BEN,Benin,2004,122.5,24.527,758.696,72,10.316,62.569,5.718,39.853
BEN,Benin,2005,119.7,25.125,779.438,70,10.804,62.957,5.692,40.31
BEN,Benin,2006,117,26.603,809.147,74,11.304,63.341,5.673,40.788
BEN,Benin,2007,114.4,26.797,912.338,82,11.816,63.722,5.627,41.286
BEN,Benin,2008,112,28.125,1060.603,75,12.339,64.099,5.548,41.803
BEN,Benin,2009,109.7,29.694,1024.103,79,12.873,64.471,5.491,42.339
BEN,Benin,2010,107.4,29.377,973.244,76,13.419,64.84,5.452,42.892
BEN,Benin,2011,105.1,31.768,1059.414,75,13.976,65.205,5.436,43.462
BEN,Benin,2012,102.9,32.956,1071.526,80,14.544,65.565,5.429,44.048
BEN,Benin,2013,100.6,33.534,1168.927,77,15.123,65.922,5.41,44.65
BEN,Benin,2014,98.4,32.412,1204.399,74,15.714,66.275,5.374,45.288
BEN,Benin,2015,96.1,27.347,1002.419,74,16.317,66.624,5.32,45.941
BEN,Benin,2016,94,36.586,1010.534,78,16.931,66.97,5.254,46.609
BEN,Benin,2017,91.8,38.759,1054.974,76,17.557,67.312,5.155,47.294
BEN,Benin,2018,89.4,39.548,1151.741,74,18.194,67.649,5.031,47.995
BEN,Benin,2019,87,33.946,1130.821,72,18.842,67.983,4.9,48.713
BEN,Benin,2020,84.6,36.621,1200.194,70,19.502,68.313,4.795,49.446
BEN,Benin,2021,82.2,38.451,1318.652,70,20.172,68.638,4.707,50.196
BEN,Benin,2022,79.6,37.763,1266.427,69,20.854,68.959,4.634,50.963
BEN,Benin,2023,77.2,46.528,1394.178,69,21.546,69.275,4.556,51.746
BFA,Burkina Faso,2000,176,10.009,248.909,45,8.842,55.639,6.519,18.0
BFA,Burkina Faso,2001,171.9,10.275,259.485,62,9.131,55.833,6.431,18.859
BFA,Burkina Faso,2002,167.3,11.94,285.654,69,10.06,55.611,6.339,19.725
BFA,Burkina Faso,2003,162.3,16.027,362.374,79,11.008,55.39,6.28,20.563
BFA,Burkina Faso,2004,156.8,21.123,403.813,79,11.976,55.171,6.216,21.339
BFA,Burkina Faso,2005,150.8,21.343,441.164,82,12.961,54.954,6.182,22.018
BFA,Burkina Faso,2006,144.4,23.552,455.514,86,13.964,54.74,6.17,22.553
BFA,Burkina Faso,2007,138.1,29.725,514.684,89,14.919,54.478,6.11,22.974
BFA,Burkina Faso,2008,132.1,30.769,619.438,93,15.839,54.171,6.05,23.363
BFA,Burkina Faso,2009,126.5,31.263,601.57,92,16.771,53.861,5.992,23.745
BFA,Burkina Faso,2010,121.3,33.058,624.957,91,17.717,53.548,5.936,24.115
BFA,Burkina Faso,2011,116.6,33.704,725.025,91,18.676,53.234,5.869,24.468
BFA,Burkina Faso,2012,112.3,33.667,731.47,90,19.647,52.918,5.793,24.8
BFA,Burkina Faso,2013,108.2,42.268,759.762,88,20.628,52.6,5.697,25.106
BFA,Burkina Faso,2014,104.3,38.245,764.862,91,21.621,52.283,5.595,25.381
BFA,Burkina Faso,2015,100.8,32.338,630.125,91,22.624,51.965,5.478,25.621
BFA,Burkina Faso,2016,97.4,39.51,663.742,91,23.636,51.648,5.331,25.822
BFA,Burkina Faso,2017,94.1,43.378,709.092,91,24.656,51.331,5.17,25.977
BFA,Burkina Faso,2018,91,38.486,777.466,91,25.684,51.014,4.921,26.083
BFA,Burkina Faso,2019,88.1,41.069,764.853,91,26.719,50.7,4.681,26.119
BFA,Burkina Faso,2020,85.1,57.176,825.237,91,27.76,50.386,4.44,26.358
BFA,Burkina Faso,2021,82.4,63.592,895.535,91,28.807,50.075,4.361,26.811
BFA,Burkina Faso,2022,79.8,64.383,827.331,91,29.859,49.766,4.275,27.279
BFA,Burkina Faso,2023,77.4,71.735,873.198,91,30.915,49.461,4.186,27.787
BGD,Bangladesh,2000,85.5,8.276,396.671,82,23.695,94.557,3.279,23.315
BGD,Bangladesh,2001,80.2,8.1,394.656,85,25.177,94.729,3.203,23.7
BGD,Bangladesh,2002,75.3,9.054,393.886,83,26.682,94.905,3.126,24.113
BGD,Bangladesh,2003,70.8,9.984,426.749,87,28.177,95.081,3.029,24.553
BGD,Bangladesh,2004,66.8,10.79,455.614,99,29.663,95.255,2.94,25.009
BGD,Bangladesh,2005,63,11.314,480.086,93,31.436,95.462,2.846,25.477
BGD,Bangladesh,2006,59.6,12.06,490.388,94,33.226,95.667,2.755,25.948
BGD,Bangladesh,2007,56.5,14.039,537.955,94,35.034,95.869,2.666,26.415
BGD,Bangladesh,2008,53.6,15.562,613.062,96,36.858,96.07,2.577,26.872
BGD,Bangladesh,2009,51.1,17.703,679.211,97,38.696,96.268,2.484,27.311
BGD,Bangladesh,2010,48.7,20.621,757.385,94,40.55,96.464,2.38,27.725
BGD,Bangladesh,2011,46.5,22.773,837.337,96,42.418,96.657,2.309,28.11
BGD,Bangladesh,2012,44.4,23.438,859.681,94,44.298,96.848,2.263,28.479
BGD,Bangladesh,2013,42.4,26.969,958.263,96,46.189,97.036,2.247,28.841
BGD,Bangladesh,2014,40.5,29.912,1094.462,97,48.092,97.221,2.228,29.194
BGD,Bangladesh,2015,38.5,33.21,1224.386,98,50.005,97.403,2.227,29.54
BGD,Bangladesh,2016,36.7,39.306,1649.284,98,51.928,97.583,2.227,29.875
BGD,Bangladesh,2017,35,42.175,1811.082,98,53.861,97.759,2.205,30.202
BGD,Bangladesh,2018,33.5,44.789,1965.244,98,55.803,97.933,2.193,30.518
BGD,Bangladesh,2019,32.3,45.077,2129.799,98,57.753,98.104,2.18,30.823
BGD,Bangladesh,2020,31.4,49.027,2248.851,97,59.711,98.273,2.175,31.117
BGD,Bangladesh,2021,30.9,56.096,2482.849,97,61.677,98.438,2.173,31.399
BGD,Bangladesh,2022,30.7,56.621,2716.486,97,63.65,98.579,2.179,31.674
BGD,Bangladesh,2023,30.6,53.464,2551.018,97,65.63,98.682,2.163,32.158
BGR,Bulgaria,2000,17.5,94.52,1621.345,93,85.827,99.738,1.26,68.263
BGR,Bulgaria,2001,16.7,119.83,1770.997,94,85.835,99.708,1.21,69.197
BGR,Bulgaria,2002,16,148.148,2093.09,93,85.846,99.679,1.23,69.486
BGR,Bulgaria,2003,15.1,195.744,2719.633,96,85.857,99.65,1.26,69.781
BGR,Bulgaria,2004,14.2,233.113,3389.86,95,85.868,99.623,1.33,69.919
BGR,Bulgaria,2005,13.3,267.741,3900.025,96,85.879,99.595,1.37,70.087
BGR,Bulgaria,2006,12.5,294.109,4523.378,95,85.889,99.569,1.44,70.508
BGR,Bulgaria,2007,11.9,361.235,5888.871,95,85.9,99.542,1.49,70.684
BGR,Bulgaria,2008,11.4,455.541,7271.674,95,85.911,99.517,1.56,70.902
BGR,Bulgaria,2009,11.1,459.3,6988.63,94,85.921,99.492,1.66,71.302
BGR,Bulgaria,2010,10.9,484.752,6854.299,94,85.931,99.467,1.57,71.515
BGR,Bulgaria,2011,10.4,555.864,7849.982,95,85.942,99.444,1.51,72.61
BGR,Bulgaria,2012,9.9,558.648,7432.338,95,85.952,99.42,1.5,72.768
BGR,Bulgaria,2013,9.3,553.687,7796.379,95,85.962,99.397,1.54,72.963
BGR,Bulgaria,2014,8.7,616.163,8070.013,88,85.973,99.375,1.62,73.084
BGR,Bulgaria,2015,8.2,534.215,7269.026,91,85.983,99.354,1.64,73.103
BGR,Bulgaria,2016,7.7,579.767,7822.899,92,85.994,99.333,1.67,73.175
BGR,Bulgaria,2017,7.3,647.564,8697.134,92,86.004,99.312,1.71,73.39
BGR,Bulgaria,2018,7,719.78,9849.888,92,86.014,99.292,1.73,73.6
BGR,Bulgaria,2019,6.7,733.069,10354.25,93,86.025,99.273,1.79,73.716
BGR,Bulgaria,2020,6.5,906.548,10760.762,91,86.035,99.254,1.77,73.324
BGR,Bulgaria,2021,6.3,1109.103,12966.809,89,86.046,99.236,1.8,73.347
BGR,Bulgaria,2022,6.1,1066.692,13999.911,91,86.056,99.219,1.78,73.48
BGR,Bulgaria,2023,5.9,1257.876,15854.019,92,86.066,99.202,1.81,73.732
BHR,Bahrain,2000,12.5,451.503,14214.484,97,99.939,99.959,2.798,87.836
BHR,Bahrain,2001,12,457.597,13573.234,99,99.943,99.957,2.653,87.84
BHR,Bahrain,2002,11.6,469.155,13501.471,98,99.947,99.955,2.699,88.143
BHR,Bahrain,2003,11.3,530.545,14486.027,97,99.951,99.953,2.778,88.833
BHR,Bahrain,2004,11,527.83,15963.949,98,99.955,99.951,2.774,89.857
BHR,Bahrain,2005,10.6,557.957,17966.166,98,99.959,99.949,2.67,91.168
BHR,Bahrain,2006,10.3,578.297,19267.283,98,99.964,99.947,2.464,92.719
BHR,Bahrain,2007,9.8,677.163,20908.404,97,99.968,99.945,2.282,94.461
BHR,Bahrain,2008,9.4,734.995,23299.499,97,99.972,99.943,2.152,96.346
BHR,Bahrain,2009,9,838.529,19465.314,98,99.976,99.941,2.047,98.328
BHR,Bahrain,2010,8.6,866.672,21819.329,99,99.98,99.939,1.987,100
BHR,Bahrain,2011,8.3,921.721,25032.787,99,99.984,99.937,2.025,100
BHR,Bahrain,2012,8.1,1038.166,26438.673,99,99.988,99.935,2.11,100
BHR,Bahrain,2013,7.9,1115.169,26989.76,99,99.992,99.933,2.166,100
BHR,Bahrain,2014,7.8,1122.16,26451.797,99,99.996,99.932,2.149,100
BHR,Bahrain,2015,7.7,1128.243,23734.055,98,100.0,99.93,2.113,100
BHR,Bahrain,2016,7.6,1095.925,23800.001,99,100,99.928,2.042,100
BHR,Bahrain,2017,7.7,1080.089,24784.769,97,100,99.926,1.984,100
BHR,Bahrain,2018,7.7,1041.856,26324.407,99,100,99.924,1.911,100
BHR,Bahrain,2019,7.8,1030.264,27259.744,99,100,99.922,1.843,100
BHR,Bahrain,2020,8,1101.14,24342.844,98,100,99.92,1.86,100
BHR,Bahrain,2021,8.2,1176.921,27147.808,98,100,99.92,1.852,100
BHR,Bahrain,2022,8.4,1178.807,30470.522,97,100,99.92,1.839,100
BHR,Bahrain,2023,8.6,1175.816,29290.128,99,100,99.92,1.824,100
BHS,"Bahamas, The",2000,16.2,948.882,24940.078,99,92.977,98.071,2.06,81.036
BHS,"Bahamas, The",2001,16.3,995.718,25371.924,99,92.979,98.129,2.02,81.153
BHS,"Bahamas, The",2002,16.5,1021.036,26781.62,94,92.979,98.187,1.984,81.305
BHS,"Bahamas, The",2003,16.7,1062.438,26429.125,92,92.978,98.246,1.971,81.482
BHS,"Bahamas, The",2004,16.8,1078.312,26650.293,93,92.975,98.304,1.98,81.671
BHS,"Bahamas, The",2005,16.9,1153.216,28602.418,93,92.97,98.362,2.008,81.861
BHS,"Bahamas, The",2006,16.8,1257.646,29184.787,95,92.964,98.42,2.019,82.04
BHS,"Bahamas, The",2007,16.5,1351.082,30051.849,95,92.956,98.479,2.035,82.196
BHS,"Bahamas, The",2008,16.2,1429.237,29392.382,93,92.946,98.537,1.999,82.32
BHS,"Bahamas, The",2009,15.8,1416.925,27512.913,96,92.934,98.595,2.011,82.398
BHS,"Bahamas, The",2010,15.4,1444.007,27473.1,99,92.921,98.654,1.837,82.42
BHS,"Bahamas, The",2011,15.1,1442.248,27090.838,98,92.906,98.712,1.791,82.413
BHS,"Bahamas, The",2012,14.7,1518.65,28552.024,98,92.889,98.77,1.761,82.395
BHS,"Bahamas, The",2013,14.4,1559.35,27642.742,97,93.163,98.829,1.738,82.364
BHS,"Bahamas, The",2014,14.2,1619.367,29137.218,96,93.436,98.887,1.687,82.318
BHS,"Bahamas, The",2015,14,1588.578,30719.405,95,93.71,98.945,1.574,82.257
BHS,"Bahamas, The",2016,13.8,1711.605,30616.536,94,93.71,98.945,1.495,82.178
BHS,"Bahamas, The",2017,13.7,2069.446,31875.488,94,93.71,98.945,1.424,82.081
BHS,"Bahamas, The",2018,13.5,1875.74,32642.335,90,93.71,98.945,1.404,81.964
BHS,"Bahamas, The",2019,24.3,1881.404,33640.337,89,93.71,98.945,1.397,81.826
BIH,Bosnia and Herzegovina,2000,9.5,106.579,1338.481,85,95.078,97.405,1.282,42.554
BIH,Bosnia and Herzegovina,2001,8.9,105.11,1387.894,91,95.088,97.32,1.23,42.876
BIH,Bosnia and Herzegovina,2002,8.4,118.871,1606.547,80,95.098,97.232,1.231,43.198
BIH,Bosnia and Herzegovina,2003,8,168.422,2033.947,87,95.109,97.142,1.219,43.518
BIH,Bosnia and Herzegovina,2004,7.6,222.278,2452.686,84,95.12,97.05,1.221,43.838
BIH,Bosnia and Herzegovina,2005,7.4,241.64,2739.611,93,95.136,96.956,1.203,44.157
BIH,Bosnia and Herzegovina,2006,7.2,281.264,3166.129,87,95.152,96.86,1.18,44.475
BIH,Bosnia and Herzegovina,2007,7.1,363.862,3931.489,95,95.168,96.761,1.19,44.793
BIH,Bosnia and Herzegovina,2008,7,459.292,4841.693,91,95.184,96.661,1.21,45.109
BIH,Bosnia and Herzegovina,2009,6.9,409.291,4539.919,90,95.201,96.558,1.267,45.425
BIH,Bosnia and Herzegovina,2010,6.8,406.13,4506.478,89,95.218,96.452,1.26,45.739
BIH,Bosnia and Herzegovina,2011,6.8,456.969,4982.694,88,95.236,96.345,1.209,46.053
BIH,Bosnia and Herzegovina,2012,6.7,444.937,4693.789,92,95.254,96.235,1.252,46.366
BIH,Bosnia and Herzegovina,2013,6.7,475.074,5034.566,89,95.272,96.123,1.278,46.695
BIH,Bosnia and Herzegovina,2014,6.7,493.073,5206.066,86,95.291,96.009,1.262,47.131
BIH,Bosnia and Herzegovina,2015,6.7,430.834,4662.259,82,95.313,96.069,1.322,47.571
BIH,Bosnia and Herzegovina,2016,6.8,450.442,4928.567,78,95.336,96.072,1.36,48.025
BIH,Bosnia and Herzegovina,2017,6.8,471.326,5345.02,75,95.36,96.157,1.419,48.492
BIH,Bosnia and Herzegovina,2018,6.8,529.855,6047.847,73,95.385,96.148,1.504,48.972
BLR,Belarus,2000,12.8,57.029,1276.288,99,91.914,97.852,1.317,69.917
BLR,Belarus,2001,11.8,73.366,1244.373,99,91.895,97.849,1.286,70.315
BLR,Belarus,2002,10.9,85.971,1479.381,99,91.877,97.846,1.24,70.88
BLR,Belarus,2003,10.1,108.51,1819.527,50,91.859,97.842,1.232,71.309
BLR,Belarus,2004,9.4,140.997,2378.337,99,92.308,97.921,1.233,71.766
BLR,Belarus,2005,8.7,196.138,3126.072,99,92.761,98.001,1.252,72.031
BLR,Belarus,2006,8,221.702,3848.224,99,93.216,98.081,1.335,72.611
BLR,Belarus,2007,7.3,278.634,4735.481,95,93.674,98.162,1.429,73.091
BLR,Belarus,2008,6.6,348.926,6376.176,97,94.133,98.242,1.488,73.553
BLR,Belarus,2009,6.1,288.448,5352.488,96,94.597,98.324,1.509,74.191
BLR,Belarus,2010,5.6,341.138,6034.679,98,95.067,98.407,1.494,74.55
BLR,Belarus,2011,5.2,317.825,6527.659,98,95.539,98.49,1.515,75.06
BLR,Belarus,2012,4.9,364.1,6953.216,98,96.016,98.574,1.62,75.528
BLR,Belarus,2013,4.6,454.52,7998.08,98,96.497,98.658,1.668,75.95
BLR,Belarus,2014,4.3,448.274,8341.318,97,96.981,98.744,1.696,76.341
BLR,Belarus,2015,4.1,360.919,5967.056,99,97.468,98.829,1.724,76.626
BLR,Belarus,2016,3.9,296.947,5039.776,98,97.957,98.915,1.733,76.846
BLR,Belarus,2017,3.6,331.941,5785.545,97,98.447,99.002,1.541,77.021
BLR,Belarus,2018,3.4,349.992,6360.038,97,98.939,99.088,1.448,77.213
BLR,Belarus,2019,3.1,400.116,6837.773,98,99.434,99.175,1.382,77.455
BLR,Belarus,2020,2.9,420.437,6542.856,97,99.594,99.262,1.369,77.789
BLR,Belarus,2021,2.7,484.039,7489.719,98,99.659,99.393,1.371,78.131
BLR,Belarus,2022,2.6,529.019,7994.648,98,99.69,99.858,1.326,78.473
BLR,Belarus,2023,2.4,558.226,7896.754,98,99.72,99.876,1.208,78.815
BLZ,Belize,2000,24.5,139.002,4726.507,91,83.995,89.421,3.633,47.684
BLZ,Belize,2001,23.6,163.112,4718.777,96,83.998,89.667,3.526,47.626
BLZ,Belize,2002,22.8,172.818,4858.861,89,84.001,89.914,3.43,47.487
BLZ,Belize,2003,22.1,175.136,4959.74,96,84.004,90.16,3.335,47.281
BLZ,Belize,2004,21.5,176.267,5153.713,97,84.007,90.406,3.252,47.023
BLZ,Belize,2005,21,181.246,5270.415,96,84.0,90.652,3.173,46.727
BLZ,Belize,2006,20.6,196.131,5524.782,98,83.993,90.898,3.021,46.408
BLZ,Belize,2007,20.2,233.679,5762.21,96,83.987,91.145,2.885,46.081
BLZ,Belize,2008,19.7,257.847,5711.815,94,83.982,91.391,2.78,45.76
BLZ,Belize,2009,19.3,243.311,5399.671,97,83.977,91.637,2.659,45.459
BLZ,Belize,2010,18.8,244.029,5461.407,96,83.973,91.88,2.552,45.191
BLZ,Belize,2011,18.3,252.814,5596.052,95,83.971,92.125,2.531,44.942
BLZ,Belize,2012,17.7,247.976,5732.665,98,83.971,92.371,2.51,44.69
BLZ,Belize,2013,17,263.108,5957.35,95,83.975,92.618,2.498,44.438
BLZ,Belize,2014,16.3,298.52,6128.121,95,83.982,92.866,2.474,44.185
BLZ,Belize,2015,15.6,286.786,6154.623,94,83.993,93.116,2.433,43.931
BLZ,Belize,2016,15,293.098,6140.867,95,84.008,93.367,2.396,43.677
BLZ,Belize,2017,14.4,280.717,6071.855,88,84.028,93.619,2.368,43.421
BLZ,Belize,2018,13.9,286.836,6011.99,96,84.052,93.873,2.343,43.165
BLZ,Belize,2019,13.5,298.143,6171.614,98,84.084,94.132,2.142,42.908
BLZ,Belize,2020,13.2,279.101,5238.541,79,84.119,94.392,2.04,42.65
BLZ,Belize,2021,13,308.939,6142.989,83,84.159,94.615,1.837,42.391
BLZ,Belize,2022,12.8,298.016,7068.217,84,84.202,94.722,1.949,42.137
BLZ,Belize,2023,12.8,309.408,7424.758,85,84.25,94.83,2.007,41.946
BOL,Bolivia,2000,70.7,42.89,975.777,75,34.916,81.224,3.991,61.859
BOL,Bolivia,2001,66.3,44.882,930.168,71,36.107,81.839,3.89,62.337
BOL,Bolivia,2002,62.1,43.491,888.221,77,37.279,82.431,3.802,62.819
BOL,Bolivia,2003,58.2,46.41,893.014,88,38.442,83.013,3.721,63.292
BOL,Bolivia,2004,54.5,46.354,953.192,84,39.601,83.588,3.633,63.756
BOL,Bolivia,2005,51,51.762,1020.123,85,40.753,84.155,3.558,64.213
BOL,Bolivia,2006,47.7,56.057,1202.712,83,41.902,84.716,3.533,64.663
BOL,Bolivia,2007,44.7,63.622,1354.549,84,43.481,85.269,3.447,65.107
BOL,Bolivia,2008,41.8,77.978,1692.672,88,45.079,85.816,3.364,65.545
BOL,Bolivia,2009,39.1,89.579,1731.182,93,46.695,86.355,3.287,65.978
BOL,Bolivia,2010,36.7,100.394,1929.784,91,48.329,86.887,3.213,66.408
BOL,Bolivia,2011,34.4,119.784,2315.521,95,49.98,87.413,3.143,66.834
BOL,Bolivia,2012,32.3,135.321,2575.599,93,51.649,87.932,3.076,67.258
BOL,Bolivia,2013,30.3,159.994,2870.024,86,53.319,88.428,3.01,67.67
BOL,Bolivia,2014,28.4,179.327,3041.435,85,54.997,88.91,2.947,68.037
BOL,Bolivia,2015,26.7,196.258,2996.013,89,56.692,89.386,2.886,68.396
BOL,Bolivia,2016,25,207.451,3035.873,87,58.406,89.857,2.829,68.745
BOL,Bolivia,2017,23.4,214.586,4048.401,84,60.136,90.323,2.777,69.084
BOL,Bolivia,2018,22,231.188,4206.855,83,61.886,90.784,2.73,69.413
BOL,Bolivia,2019,20.6,241.346,4203.155,75,63.655,91.229,2.688,69.733
BOL,Bolivia,2020,19.3,248.695,3580.968,68,65.443,91.67,2.651,70.044
BOL,Bolivia,2021,18.2,276.209,4010.761,70,67.248,92.106,2.618,70.345
BOL,Bolivia,2022,17.3,260.881,4219.461,69,69.073,92.538,2.584,70.635
BOL,Bolivia,2023,16.4,255.041,4274.708,67,70.434,92.965,2.547,70.915
BRA,Brazil,2000,34.4,313.926,3766.548,98,73.366,93.542,2.247,81.148
BRA,Brazil,2001,32.2,271.561,3176.289,98,74.236,93.871,2.162,81.596
BRA,Brazil,2002,30.1,248.378,2855.94,99,75.087,94.186,2.081,81.994
BRA,Brazil,2003,28.2,253.09,3090.607,99,75.932,94.495,2.006,82.354
BRA,Brazil,2004,26.3,297.682,3663.823,99,76.772,94.797,1.973,82.682
BRA,Brazil,2005,24.6,387.931,4827.782,99,77.606,95.091,1.942,82.984
BRA,Brazil,2006,23.1,489.539,5934.145,99,78.435,95.38,1.896,83.267
BRA,Brazil,2007,21.7,607.73,7409.691,99,79.259,95.662,1.854,83.538
BRA,Brazil,2008,20.5,713.672,8908.332,99,80.078,95.938,1.815,83.804
BRA,Brazil,2009,19.5,728.556,8678.659,99,80.891,96.207,1.799,84.07
BRA,Brazil,2010,18.6,906.01,11403.282,99,81.7,96.471,1.786,84.344
BRA,Brazil,2011,17.9,1043.355,13396.624,99,82.508,96.73,1.777,84.623
BRA,Brazil,2012,17.2,968.728,12521.721,95,83.31,96.983,1.766,84.897
BRA,Brazil,2013,16.7,993.796,12458.891,97,84.108,97.23,1.761,85.168
BRA,Brazil,2014,16.3,1030.663,12274.994,93,84.901,97.472,1.775,85.433
BRA,Brazil,2015,16,796.153,8936.197,96,85.689,97.708,1.777,85.694
BRA,Brazil,2016,16.8,810.2,8836.287,89,86.473,97.922,1.727,85.949
BRA,Brazil,2017,15.4,954.75,10080.509,83,87.251,98.198,1.74,86.198
BRA,Brazil,2018,15.2,880.284,9300.662,87,88.025,98.558,1.744,86.442
BRA,Brazil,2019,15,868.172,9029.833,70,88.794,98.773,1.705,86.68
BRA,Brazil,2020,14.9,680.768,7074.194,77,89.559,99.072,1.653,86.911
BRA,Brazil,2021,14.7,768.271,7972.537,68,90.32,99.427,1.638,87.136
BRA,Brazil,2022,14.6,871.275,9281.333,77,91.02,99.615,1.629,87.35
BRA,Brazil,2023,14.4,1009.836,10377.589,90,91.713,99.898,1.619,87.616
BRB,Barbados,2000,14.4,622.479,11674.674,93,89.641,98.069,1.933,62.538
BRB,Barbados,2001,14.5,643.116,11639.516,84,90.03,98.116,1.955,62.305
BRB,Barbados,2002,14.7,689.308,11760.452,87,90.418,98.164,1.862,61.966
BRB,Barbados,2003,14.8,808.061,12075.959,89,90.807,98.211,1.856,61.554
BRB,Barbados,2004,14.9,942.377,12886.367,93,91.196,98.259,1.797,61.102
BRB,Barbados,2005,14.8,963.078,14214.42,92,91.585,98.306,1.738,60.639
BRB,Barbados,2006,14.7,1028.393,15619.601,84,91.974,98.354,1.702,60.196
BRB,Barbados,2007,14.5,1043.494,17235.44,93,92.362,98.402,1.755,59.804
BRB,Barbados,2008,14.3,1136.536,17565.693,85,92.751,98.449,1.756,59.493
BRB,Barbados,2009,14.1,1163.969,16294.91,93,93.14,98.497,1.77,59.294
BRB,Barbados,2010,13.9,1114.373,19723.238,86,93.529,98.544,1.785,59.237
BRB,Barbados,2011,13.7,1163.267,20146.238,91,93.917,98.592,1.758,59.237
BRB,Barbados,2012,13.5,1294.787,19811.295,87,94.306,98.639,1.731,59.237
BRB,Barbados,2013,13.3,1246.165,20384.491,91,94.695,98.687,1.729,59.239
BRB,Barbados,2014,13.1,1175.443,20423.718,94,95.084,98.735,1.727,59.241
BRB,Barbados,2015,12.8,1154.627,20429.475,97,95.473,98.782,1.726,59.245
BRB,Barbados,2016,12.4,1181.143,20311.409,97,95.861,98.83,1.724,59.251
BRB,Barbados,2017,12.1,1182.004,20870.76,90,96.25,98.877,1.724,59.259
BRB,Barbados,2018,11.8,1169.356,21378.22,95,96.639,98.925,1.72,59.27
BRB,Barbados,2019,11.4,1168.119,21929.436,90,97.028,98.972,1.715,59.284
BRB,Barbados,2020,11.1,1234.3,19180.992,85,97.331,99.02,1.708,59.301
BRB,Barbados,2021,10.7,1391.499,21084.401,82,97.333,99.067,1.709,59.322
BRB,Barbados,2022,10.4,1302.059,24393.219,86,98.092,99.115,1.712,59.354
BRB,Barbados,2023,10.1,1286.477,25583.872,85,98.092,99.163,1.708,59.424
BRN,Brunei Darussalam,2000,10.3,519.05,20130.257,99,72.715,99.561,2.398,71.225
BRN,Brunei Darussalam,2001,10,474.117,18287.827,97,73.931,99.584,2.337,71.658
BRN,Brunei Darussalam,2002,9.8,482.526,18621.292,94,75.148,99.606,2.264,72.102
BRN,Brunei Darussalam,2003,9.7,545.556,20677.9,92,76.365,99.629,2.185,72.578
BRN,Brunei Darussalam,2004,9.6,630.733,24423.095,92,77.581,99.651,2.104,73.068
BRN,Brunei Darussalam,2005,9.5,657.319,29386.27,94,78.798,99.674,2.024,73.553
BRN,Brunei Darussalam,2006,9.5,664.745,34674.8,97,80.015,99.696,1.969,74.015
BRN,Brunei Darussalam,2007,9.6,710.423,36217.329,99,81.231,99.719,1.933,74.434
BRN,Brunei Darussalam,2008,9.6,792.014,42156.569,98,82.448,99.741,1.918,74.793
BRN,Brunei Darussalam,2009,9.7,739.28,30946.467,99,83.665,99.764,1.921,75.071
BRN,Brunei Darussalam,2010,9.9,795.978,34937.556,95,84.881,99.787,1.937,75.251
BRN,Brunei Darussalam,2011,10,864.638,46382.827,97,86.098,99.809,1.957,75.312
BRN,Brunei Darussalam,2012,10.2,869.366,46968.597,95,87.314,99.832,1.973,75.271
BRN,Brunei Darussalam,2013,10.4,835.325,44003.064,99,88.531,99.854,1.978,75.176
BRN,Brunei Darussalam,2014,10.6,785.412,41026.508,99,89.748,99.877,1.969,75.057
BRN,Brunei Darussalam,2015,10.7,731.05,30625.129,99,90.964,99.899,1.947,74.948
BRN,Brunei Darussalam,2016,10.7,679.469,26663.297,99,92.181,99.9,1.915,74.882
BRN,Brunei Darussalam,2017,10.7,636.23,28024.382,99,93.398,99.9,1.881,74.848
BRN,Brunei Darussalam,2018,10.6,748.691,30988.119,99,94.614,99.9,1.848,74.817
BRN,Brunei Darussalam,2019,10.5,678.82,30426.573,99,95.831,99.9,1.819,74.792
BRN,Brunei Darussalam,2020,10.4,658.39,26834.359,99,97.048,100,1.796,74.775
BRN,Brunei Darussalam,2021,10.3,665.87,31006.964,99,98.264,100,1.778,74.767
BRN,Brunei Darussalam,2022,10.2,648.555,36632.928,99,99.481,100,1.764,74.777
BRN,Brunei Darussalam,2023,10.1,733.005,32890.549,99,100,100,1.747,74.82
BTN,Bhutan,2000,77.7,30.591,771.925,92,44.052,83.75,3.378,27.592
BTN,Bhutan,2001,73.2,35.089,812.238,88,44.411,84.654,3.188,28.283
BTN,Bhutan,2002,68.8,32.938,895.799,86,46.665,85.615,3.012,28.963
BTN,Bhutan,2003,64.6,37.155,1022.382,95,48.883,86.563,2.865,29.633
BTN,Bhutan,2004,60.6,46.061,1130.359,89,51.065,87.496,2.781,30.291
BTN,Bhutan,2005,56.7,46.794,1299.949,95,53.196,88.408,2.726,30.938
BTN,Bhutan,2006,52.9,54.212,1405.607,95,55.19,89.261,2.66,31.566
BTN,Bhutan,2007,49.5,64.72,1850.416,95,57.157,90.103,2.589,32.174
BTN,Bhutan,2008,46.2,57.593,1919.598,96,59.095,90.934,2.481,32.764
BTN,Bhutan,2009,43.3,59.746,1918.396,93,61.039,91.753,2.364,33.34
BTN,Bhutan,2010,40.5,72.388,2435.58,91,62.955,92.56,2.252,33.905
BTN,Bhutan,2011,37.9,77.754,2787.98,95,64.843,93.355,2.155,34.464
BTN,Bhutan,2012,35.5,84.094,2751.213,97,66.7,94.137,2.068,35.019
BTN,Bhutan,2013,33.2,86.415,2679.952,97,68.528,94.906,2,35.574
BTN,Bhutan,2014,31.2,87.191,2849.5,99,70.326,95.662,1.923,36.133
BTN,Bhutan,2015,29.2,96.867,2954.041,99,72.096,96.406,1.835,36.698
BTN,Bhutan,2016,27.4,97.429,3152.309,98,73.837,97.136,1.738,37.275
BTN,Bhutan,2017,25.8,103.636,3435.288,98,75.551,97.854,1.621,37.865
BTN,Bhutan,2018,24.2,102.012,3400.204,97,77.238,98.427,1.517,38.466
BTN,Bhutan,2019,22.7,115.718,3576.88,97,78.899,98.963,1.448,39.075
BTN,Bhutan,2020,21.3,134.137,3191.669,95,80.535,99.078,1.502,39.689
BTN,Bhutan,2021,20,161.466,3570.613,98,82.146,99.193,1.488,40.308
BTN,Bhutan,2022,19,138.007,3711.328,98,83.734,99.311,1.478,40.937
BTN,Bhutan,2023,18,162.197,3831.325,99,85.299,99.43,1.462,41.735
BWA,Botswana,2000,79.8,206.931,3450.812,97,53.74,75.46,3.294,53.205
BWA,Botswana,2001,79.3,203.012,3206.071,97,54.745,75.755,3.248,54.049
BWA,Botswana,2002,77.9,206.114,3117.251,97,55.604,75.914,3.175,55.014
BWA,Botswana,2003,76.7,269.585,4230.123,96,56.432,76.052,3.106,56.098
BWA,Botswana,2004,75.7,297.251,4956.693,96,57.249,76.189,3.063,57.258
BWA,Botswana,2005,70.8,281.388,5391.071,96,58.052,76.323,3.082,58.454
BWA,Botswana,2006,66,258.019,5291.584,96,58.844,77.379,3.114,59.642
BWA,Botswana,2007,64.3,305.22,5529.126,96,59.995,78.818,3.127,60.782
BWA,Botswana,2008,63.7,324.543,5503.074,96,61.111,80.208,3.131,61.832
BWA,Botswana,2009,60.6,336.531,5082.934,96,62.189,81.548,3.133,62.75
BWA,Botswana,2010,58.4,389.552,6215.732,95,63.23,82.84,3.135,63.495
BWA,Botswana,2011,58.8,427.707,7287.383,95,64.233,84.082,3.103,64.019
BWA,Botswana,2012,53.9,418.822,6595.538,95,65.037,85.12,3.07,64.399
BWA,Botswana,2013,50.3,433.292,6666.912,95,65.791,86.104,3.045,64.758
BWA,Botswana,2014,49,418.825,7122.364,95,66.521,87.062,3.027,65.097
BWA,Botswana,2015,46.7,374.791,6141.204,95,67.229,87.995,3.008,65.41
BWA,Botswana,2016,45.1,389.311,6749.06,95,67.913,88.904,2.99,65.695
BWA,Botswana,2017,42.1,471.051,7104.964,95,68.573,89.787,2.969,65.946
BWA,Botswana,2018,41.2,447.447,7407.959,95,69.207,90.644,2.941,66.158
BWA,Botswana,2019,40,438.285,7172.09,95,69.815,91.475,2.906,66.327
BWA,Botswana,2020,38.9,386.289,6323.297,95,70.397,91.546,2.861,66.449
BWA,Botswana,2021,37.1,492.143,7807.888,95,70.954,91.611,2.827,66.518
BWA,Botswana,2022,35.7,477.776,8328.709,86,71.486,91.67,2.785,66.589
BWA,Botswana,2023,34.6,489.597,7827.3,95,71.994,91.724,2.732,67.021
CAF,Central African Republic,2000,165.5,9.912,239.154,37,20.594,59.01,5.851,37.701
CAF,Central African Republic,2001,162.5,9.21,237.952,40,20.547,57.829,5.807,37.756
CAF,Central African Republic,2002,159,10.441,248.639,44,20.501,56.653,5.785,37.817
CAF,Central African Republic,2003,155.6,12.15,278.404,47,20.454,55.484,5.799,37.886
CAF,Central African Republic,2004,151.8,12.968,303.461,51,20.406,54.322,5.784,37.963
CAF,Central African Republic,2005,147.9,13.935,311.95,54,19.972,53.173,5.812,38.045
CAF,Central African Republic,2006,143.5,15.155,333.943,51,19.545,52.036,5.84,38.134
CAF,Central African Republic,2007,139.3,18.246,380.887,48,19.125,50.913,5.867,38.234
CAF,Central African Republic,2008,135.5,18.029,437.248,45,18.711,49.801,5.902,38.347
CAF,Central African Republic,2009,489.3,21.378,456.472,42,18.303,48.701,5.936,38.477
CAF,Central African Republic,2010,150.7,17.01,476.874,45,17.901,47.612,5.963,38.624
CAF,Central African Republic,2011,125.1,19.63,534.057,47,17.504,46.533,6.009,38.803
CAF,Central African Republic,2012,121.9,21.33,544.396,47,17.112,45.464,6.047,39.03
CAF,Central African Republic,2013,134.2,17.368,364.367,23,16.725,44.405,6.075,39.304
CAF,Central African Republic,2014,186.8,18.712,409.85,45,16.342,43.354,6.099,39.623
CAF,Central African Republic,2015,113.7,18.442,366.323,43,15.963,42.311,6.126,39.982
CAF,Central African Republic,2016,126.8,21.078,387.176,42,15.588,41.277,6.126,40.381
CAF,Central African Republic,2017,155.2,28.816,432.324,42,15.216,40.249,6.127,40.815
CAF,Central African Republic,2018,120.2,51.354,455.244,40,14.848,39.228,6.108,41.282
CAF,Central African Republic,2019,254.7,35.761,449.228,38,14.482,38.212,6.09,41.78
CAF,Central African Republic,2020,124.2,42.635,462.879,37,14.119,37.202,6.059,42.305
CAF,Central African Republic,2021,178.7,46.25,492.263,35,13.758,36.197,6.052,42.855
CAF,Central African Republic,2022,424.6,47.915,467.36,33,13.846,36.295,6.023,43.275
CAF,Central African Republic,2023,92.6,53.811,495.979,40,13.939,36.397,6.012,43.698
CAN,Canada,2000,6.2,1988.159,24271.002,89,99.867,99.555,1.51,78.629
CAN,Canada,2001,6.2,2041.875,23822.096,89,99.869,99.559,1.54,78.841
CAN,Canada,2002,6.2,2134.85,24256.06,88,99.869,99.561,1.52,79.099
CAN,Canada,2003,6.2,2534.865,28301.91,91,99.87,99.562,1.55,79.391
CAN,Canada,2004,6.1,2896.193,32145.565,91,99.87,99.563,1.56,79.692
CAN,Canada,2005,6.1,3268.469,36383.967,93,99.864,99.497,1.58,79.976
CAN,Canada,2006,6,3758.36,40504.849,95,99.843,99.431,1.63,80.219
CAN,Canada,2007,6,4187.873,44660.084,94,99.761,99.366,1.67,80.443
CAN,Canada,2008,5.9,4454.116,46710.365,92,99.678,99.301,1.7,80.663
CAN,Canada,2009,5.8,4355.831,40874.961,91,99.596,99.236,1.69,80.859
CAN,Canada,2010,5.7,5060.888,47560.838,89,99.513,99.17,1.65,81.012
CAN,Canada,2011,5.6,5399.988,52224.124,87,99.429,99.104,1.63,81.103
CAN,Canada,2012,5.6,5518.57,52670.143,91,99.346,99.037,1.63,81.151
CAN,Canada,2013,5.5,5460.032,52637.731,91,99.262,98.969,1.61,81.183
CAN,Canada,2014,5.4,5209.932,50960.894,91,99.178,98.902,1.61,81.211
CAN,Canada,2015,5.3,4658.838,43594.238,91,99.094,98.834,1.6,81.247
CAN,Canada,2016,5.3,4647.149,42314.103,91,99.01,98.766,1.59,81.302
CAN,Canada,2017,5.2,4894.773,45129.734,91,98.926,98.699,1.55,81.402
CAN,Canada,2018,5.2,5052.902,46539.218,91,98.842,98.631,1.51,81.55
CAN,Canada,2019,5.2,5098.887,46352.97,91,98.757,98.563,1.47,81.736
CAN,Canada,2020,5.2,5646.194,43537.898,92,98.673,98.495,1.41,81.951
CAN,Canada,2021,5.2,6511.47,52886.641,92,98.589,98.427,1.44,82.178
CAN,Canada,2022,5.3,6252.34,56496.928,92,98.588,98.359,1.34,82.35
CAN,Canada,2023,5.4,6186.652,54847.537,92,98.588,98.291,1.27,82.525
CHE,Switzerland,2000,5.6,3550.126,39298.097,93,99.881,100,1.5,73.302
CHE,Switzerland,2001,5.5,3751.752,40133.61,93,99.881,100.0,1.38,73.376
CHE,Switzerland,2002,5.4,4198.364,43094.249,93,99.881,100,1.39,73.42
CHE,Switzerland,2003,5.3,5005.118,49947.391,93,99.881,100,1.39,73.452
CHE,Switzerland,2004,5.2,5593.477,55349.616,93,99.881,100,1.42,73.476
CHE,Switzerland,2005,5.1,5661.174,57080.07,94,99.881,100.0,1.42,73.495
CHE,Switzerland,2006,4.9,5657.282,59910.293,94,99.881,100,1.44,73.512
CHE,Switzerland,2007,4.8,6124.814,66082.123,94,99.881,100.0,1.46,73.528
CHE,Switzerland,2008,4.7,7075.708,75147.538,95,99.881,100.0,1.48,73.548
CHE,Switzerland,2009,4.6,7263.627,72788.205,95,99.881,100,1.5,73.574
CHE,Switzerland,2010,4.6,7645.257,77956.126,95,99.881,100.0,1.52,73.609
CHE,Switzerland,2011,4.5,9139.431,91910.396,96,99.884,100.0,1.52,73.651
CHE,Switzerland,2012,4.4,8868.981,87269.559,96,99.887,100,1.52,73.752
CHE,Switzerland,2013,4.4,9247.284,88851.237,96,99.89,100,1.52,74.112
CHE,Switzerland,2014,4.3,9469.664,90511.648,96,99.893,100.0,1.54,74.74
CHE,Switzerland,2015,4.3,9200.101,85265.062,96,99.895,100,1.54,75.604
CHE,Switzerland,2016,4.2,9201.475,83432.411,96,99.898,100.0,1.54,76.673
CHE,Switzerland,2017,4.1,9354.221,83610.249,96,99.9,100,1.52,77.913
CHE,Switzerland,2018,4.1,9541.074,87002.338,96,99.9,100.0,1.52,79.292
CHE,Switzerland,2019,4,9609.803,85872.97,96,99.9,100.0,1.48,80.779
CHE,Switzerland,2020,4,10294.578,87529.702,97,99.9,100,1.46,82.342
CHE,Switzerland,2021,4,11197.765,96582.869,96,99.9,100.0,1.52,84.201
CHE,Switzerland,2022,3.9,10930.14,97809.096,96,99.9,100,1.39,84.921
CHE,Switzerland,2023,3.9,11783.67,104449.755,95,99.9,100,1.33,85.185
CHL,Chile,2000,10.9,353.25,5052.992,91,93.032,96.339,2.046,86.271
CHL,Chile,2001,10.3,323.633,4563.595,97,93.441,96.507,2.007,86.491
CHL,Chile,2002,9.8,319.532,4430.847,97,93.832,96.663,1.934,86.611
CHL,Chile,2003,9.4,346.164,4773.402,96,94.179,96.78,1.885,86.679
CHL,Chile,2004,9.2,422.965,6120.592,93,94.524,96.897,1.844,86.734
CHL,Chile,2005,9.1,495.56,7480.323,91,94.867,97.013,1.825,86.777
CHL,Chile,2006,9,565.849,9318.657,94,95.208,97.128,1.798,86.813
CHL,Chile,2007,8.9,643.06,10346.414,96,95.549,97.242,1.826,86.845
CHL,Chile,2008,8.8,719.075,10683.219,95,95.888,97.356,1.85,86.877
CHL,Chile,2009,8.8,730.633,10098.802,94,96.225,97.469,1.855,86.912
CHL,Chile,2010,8.7,861.724,12632.87,92,96.561,97.581,1.844,86.956
CHL,Chile,2011,8.6,984.449,14487.393,94,96.895,97.693,1.823,87.011
CHL,Chile,2012,8.4,1070.513,15241.907,90,97.228,97.804,1.798,87.082
CHL,Chile,2013,8.3,1171.77,15683.549,91,97.56,97.914,1.786,87.183
CHL,Chile,2014,8.1,1138.661,14529.677,95,97.89,98.023,1.774,87.313
CHL,Chile,2015,7.9,1122.134,13433.92,96,98.219,98.132,1.737,87.465
CHL,Chile,2016,7.7,1167.893,13649.852,95,98.547,98.24,1.686,87.631
CHL,Chile,2017,7.6,1353.693,14879.909,93,98.873,98.348,1.563,87.8
CHL,Chile,2018,7.3,1430.703,15659.481,95,99.148,98.457,1.543,87.962
CHL,Chile,2019,7,1348.994,14496.935,96,99.244,98.564,1.43,88.127
CHL,Chile,2020,6.8,1270.978,13117.993,93,99.314,98.671,1.307,88.295
CHL,Chile,2021,6.7,1576.693,16216.184,95,100,98.778,1.176,88.466
CHL,Chile,2022,6.8,1541.379,15399.104,96,100.0,98.884,1.255,88.64
CHL,Chile,2023,6.9,1736.52,17081.518,96,100,98.989,1.167,88.816
CHN,China,2000,36.6,42.808,969.2,85,56.82,80.593,1.628,36.432
CHN,China,2001,34.1,44.36,1065.406,86,57.568,80.928,1.563,37.66
CHN,China,2002,31.4,49.924,1163.56,86,59.719,81.865,1.566,39.09
CHN,China,2003,28.8,56.545,1306.972,86,61.844,82.779,1.57,40.53
CHN,China,2004,26.3,64.282,1530.927,87,63.941,83.669,1.605,41.76
CHN,China,2005,24,73.003,1777.645,87,66.007,84.533,1.624,42.99
CHN,China,2006,21.9,82.483,2129.257,93,68.032,85.362,1.644,44.343
CHN,China,2007,20.1,98.557,2734.727,93,70.021,86.159,1.666,45.889
CHN,China,2008,18.5,133.84,3523.443,97,71.98,86.931,1.701,46.99
CHN,China,2009,17.1,164.876,3898.245,99,73.906,87.676,1.714,48.342
CHN,China,2010,15.7,188.872,4629.246,99,75.801,88.394,1.687,49.234
CHN,China,2011,14.6,239.198,5703.76,99,77.651,89.074,1.668,51.83
CHN,China,2012,13.5,284.698,6405.057,99,79.465,89.722,1.798,53.1
CHN,China,2013,12.5,329.086,7147.035,99,81.247,90.345,1.714,54.49
CHN,China,2014,11.6,362.287,7781.066,99,82.998,90.942,1.769,55.75
CHN,China,2015,10.7,393.098,8175.333,99,84.719,91.513,1.67,57.33
CHN,China,2016,10,398.175,8254.869,99,86.409,92.058,1.772,58.84
CHN,China,2017,9.3,439.94,8979.677,99,88.068,92.577,1.795,60.24
CHN,China,2018,8.6,504.11,10085.664,99,89.694,93.069,1.539,61.5
CHN,China,2019,8,538.992,10342.901,99,91.288,93.533,1.496,62.71
CHN,China,2020,7.5,582.951,10627.464,99,92.851,93.971,1.236,63.523
CHN,China,2021,7,670.259,12887.436,99,94.386,94.633,1.117,64.721
CHN,China,2022,6.6,755.436,12970.606,99,95.892,95.439,1.034,65.218
CHN,China,2023,6.1,763.378,12951.178,96,97.241,96.088,0.999,65.53
CIV,Cote d'Ivoire,2000,140.4,30.331,936.637,65,20.042,68.795,5.773,43.084
CIV,Cote d'Ivoire,2001,136.9,30.584,924.727,66,20.717,69.18,5.704,43.467
CIV,Cote d'Ivoire,2002,133.1,32.553,967.816,65,21.393,69.563,5.641,43.859
CIV,Cote d'Ivoire,2003,129.2,43.812,1111.171,62,22.068,69.944,5.572,44.259
CIV,Cote d'Ivoire,2004,125.3,47.047,1199.825,68,22.744,70.322,5.527,44.667
CIV,Cote d'Ivoire,2005,121.2,46.694,1197.746,77,23.555,70.696,5.499,45.082
CIV,Cote d'Ivoire,2006,117.4,47.089,1230.431,77,24.374,71.068,5.448,45.504
CIV,Cote d'Ivoire,2007,113.5,56.151,1367.538,76,25.202,71.437,5.403,45.93
CIV,Cote d'Ivoire,2008,109,64.677,1583.971,74,26.039,71.803,5.357,46.362
CIV,Cote d'Ivoire,2009,105.2,71.065,1540.454,81,26.883,72.166,5.332,46.798
CIV,Cote d'Ivoire,2010,101.6,70.046,1553.549,78,27.736,72.526,5.292,47.237
CIV,Cote d'Ivoire,2011,98.4,67.976,1596.628,61,28.598,72.882,5.244,47.68
CIV,Cote d'Ivoire,2012,95.3,69.862,1546.946,82,29.467,73.236,5.19,48.124
CIV,Cote d'Ivoire,2013,92,67.131,1786.159,75,30.344,73.586,5.135,48.57
CIV,Cote d'Ivoire,2014,88.6,74.358,1991.365,73,31.229,73.933,5.071,49.017
CIV,Cote d'Ivoire,2015,85.5,58.432,1814.719,79,32.125,74.279,4.97,49.469
CIV,Cote d'Ivoire,2016,83,61.857,1862.596,87,33.03,74.624,4.873,49.93
CIV,Cote d'Ivoire,2017,80.5,63.779,1964.299,83,33.945,74.967,4.757,50.398
CIV,Cote d'Ivoire,2018,77.9,65.88,2130.866,83,34.871,75.309,4.596,50.872
CIV,Cote d'Ivoire,2019,75.3,68.305,2141.768,79,35.806,75.649,4.523,51.351
CIV,Cote d'Ivoire,2020,73,78.978,2179.729,72,36.751,75.987,4.461,51.836
CIV,Cote d'Ivoire,2021,70.8,92.396,2455.981,73,37.705,76.323,4.411,52.318
CIV,Cote d'Ivoire,2022,68.7,84.899,2333.371,73,38.668,76.657,4.349,52.849
CIV,Cote d'Ivoire,2023,66.5,87.681,2591.966,79,39.641,76.988,4.283,53.408
CMR,Cameroon,2000,143.9,30.438,708.566,62,37.566,55.821,5.514,46.245
CMR,Cameroon,2001,141,29.823,715.47,63,37.78,56.668,5.441,46.763
CMR,Cameroon,2002,137.6,31.796,789.624,66,37.995,57.496,5.435,47.259
CMR,Cameroon,2003,134.3,38.564,988.241,73,38.363,58.305,5.432,47.733
CMR,Cameroon,2004,130.9,42.253,1133.393,73,38.737,59.096,5.436,48.183
CMR,Cameroon,2005,127.6,43.108,1142.625,80,39.114,59.868,5.421,48.584
CMR,Cameroon,2006,124.2,44.52,1191.455,81,39.496,60.621,5.369,49.204
CMR,Cameroon,2007,120.8,50.309,1325.672,82,39.882,61.357,5.343,49.703
CMR,Cameroon,2008,117.2,54.589,1492.143,84,40.273,62.074,5.294,50.086
CMR,Cameroon,2009,113.7,51.148,1461.39,80,40.669,62.773,5.236,50.471
CMR,Cameroon,2010,109.5,50.033,1398.587,84,41.069,63.455,5.154,50.851
CMR,Cameroon,2011,105.2,58.33,1513.961,81,41.473,64.118,5.052,51.223
CMR,Cameroon,2012,100.8,56.964,1449.099,79,41.881,64.764,4.982,51.589
CMR,Cameroon,2013,96.5,57.228,1575.929,76,42.294,65.392,4.905,51.948
CMR,Cameroon,2014,92.4,71.61,1649.443,76,42.71,66.002,4.844,52.299
CMR,Cameroon,2015,88.5,58.383,1415.0,76,43.131,66.594,4.841,52.644
CMR,Cameroon,2016,85.1,57.994,1441.72,78,43.555,67.17,4.842,52.982
CMR,Cameroon,2017,81.9,56.746,1496.09,74,43.983,67.727,4.804,53.312
CMR,Cameroon,2018,78.9,58.329,1610.696,68,44.415,68.268,4.74,53.634
CMR,Cameroon,2019,76.6,56.795,1555.227,67,44.85,68.791,4.651,53.949
CMR,Cameroon,2020,74.4,66.172,1555.604,68,45.289,69.298,4.557,54.256
CMR,Cameroon,2021,71.9,72.597,1672.327,71,45.73,69.787,4.468,54.555
CMR,Cameroon,2022,69.4,72.13,1604.877,71,46.175,70.26,4.397,54.846
CMR,Cameroon,2023,67,79.1,1720.475,75,46.623,70.717,4.322,55.129
COD,"Congo, Dem. Rep.",2000,184.6,17.521,377.925,30,23.748,37.55,6.702,34.901
COD,"Congo, Dem. Rep.",2001,178.4,5.434,142.678,30,23.293,37.522,6.663,35.415
COD,"Congo, Dem. Rep.",2002,172.2,4.176,162.381,38,22.841,37.485,6.606,35.937
COD,"Congo, Dem. Rep.",2003,165.9,6.033,161.492,42,22.393,37.438,6.549,36.465
COD,"Congo, Dem. Rep.",2004,159.4,7.833,180.665,54,21.949,37.383,6.53,37
COD,"Congo, Dem. Rep.",2005,124.4,8.551,214.54,61,21.508,37.32,6.526,37.402
COD,"Congo, Dem. Rep.",2006,118.9,10.376,255.445,62,21.089,37.252,6.547,37.802
COD,"Congo, Dem. Rep.",2007,113.8,11.563,294.102,65,20.679,37.176,6.559,38.202
COD,"Congo, Dem. Rep.",2008,109.2,15.367,352.9,68,20.277,37.093,6.58,38.6
COD,"Congo, Dem. Rep.",2009,105,12.758,280.179,71,19.884,37.004,6.591,38.996
COD,"Congo, Dem. Rep.",2010,101.4,12.142,352.4,60,19.499,36.907,6.587,39.391
COD,"Congo, Dem. Rep.",2011,98.3,11.899,372.514,70,19.122,36.803,6.582,39.785
COD,"Congo, Dem. Rep.",2012,95.9,13.206,409.931,71,18.755,36.692,6.559,40.177
COD,"Congo, Dem. Rep.",2013,94.1,15.379,460.37,71,18.395,36.572,6.527,40.568
COD,"Congo, Dem. Rep.",2014,92.7,18.223,489.176,73,18.045,36.446,6.483,40.956
COD,"Congo, Dem. Rep.",2015,91.9,18.573,495.827,70,17.702,36.311,6.437,41.344
COD,"Congo, Dem. Rep.",2016,91.5,19.311,459.765,70,17.368,36.168,6.392,41.729
COD,"Congo, Dem. Rep.",2017,91.5,18.146,431.053,71,17.043,36.016,6.349,42.113
COD,"Congo, Dem. Rep.",2018,91.7,17.291,518.17,71,16.726,35.856,6.302,42.495
COD,"Congo, Dem. Rep.",2019,92.2,19.208,504.004,73,16.417,35.688,6.253,42.875
COD,"Congo, Dem. Rep.",2020,92.7,20.559,486.426,70,16.116,35.51,6.206,43.253
COD,"Congo, Dem. Rep.",2021,92.9,21.588,595.743,65,16.146,35.324,6.156,43.629
COD,"Congo, Dem. Rep.",2022,92.5,24.38,687.739,65,16.174,35.127,6.106,44.003
COD,"Congo, Dem. Rep.",2023,91.3,23.431,660.212,60,16.239,35.403,6.051,44.375
COG,"Congo, Rep.",2000,112.5,17.351,1024.302,33,11.92,58.399,4.724,58.895
COG,"Congo, Rep.",2001,109.3,20.304,854.598,31,11.968,58.692,4.67,59.442
COG,"Congo, Rep.",2002,104.6,16.99,905.538,41,12.294,59.184,4.697,59.972
COG,"Congo, Rep.",2003,98.9,21.515,1016.824,50,12.624,59.674,4.696,60.469
COG,"Congo, Rep.",2004,92.3,27.501,1306.101,67,13.082,60.618,4.69,60.921
COG,"Congo, Rep.",2005,85.7,30.903,1799.052,63,13.551,61.561,4.669,61.31
COG,"Congo, Rep.",2006,79.5,35.942,2103.582,74,14.033,62.502,4.651,61.624
COG,"Congo, Rep.",2007,73.9,41.967,2206.471,73,14.526,63.441,4.649,61.85
COG,"Congo, Rep.",2008,69.2,63.418,2832.092,80,15.032,64.379,4.726,62.035
COG,"Congo, Rep.",2009,65.3,48.653,2271.152,80,15.551,65.316,4.808,62.217
COG,"Congo, Rep.",2010,62.4,54.562,2946.558,76,16.082,66.252,4.851,62.392
COG,"Congo, Rep.",2011,60,59.513,3396.165,83,16.627,67.184,4.826,62.56
COG,"Congo, Rep.",2012,57.9,71.277,3732.327,85,17.184,68.115,4.785,62.719
COG,"Congo, Rep.",2013,56.2,71.858,3697.417,85,17.755,69.042,4.731,62.868
COG,"Congo, Rep.",2014,54.5,71.031,3601.237,90,18.339,69.965,4.665,63.008
COG,"Congo, Rep.",2015,52.7,57.303,2439.352,80,18.937,70.883,4.607,63.136
COG,"Congo, Rep.",2016,51,54.3,2093.107,71,19.548,71.797,4.546,63.252
COG,"Congo, Rep.",2017,49.3,52.3,2211.633,69,20.173,72.706,4.496,63.354
COG,"Congo, Rep.",2018,47.6,47.31,2694.434,75,20.269,72.902,4.442,63.443
COG,"Congo, Rep.",2019,52.2,58.421,2488.425,79,20.364,73.098,4.38,63.518
COG,"Congo, Rep.",2020,44.5,80.097,1993.587,73,20.46,73.294,4.329,63.576
COG,"Congo, Rep.",2021,43,78.601,2516.163,77,20.555,73.488,4.28,63.618
COL,Colombia,2000,25,134.715,2555.008,79,75.415,90.919,2.574,74.349
COL,Colombia,2001,24.2,138.476,2472.991,80,76.309,91.237,2.522,74.794
COL,Colombia,2002,23.5,132.184,2428.93,81,77.202,91.55,2.489,75.192
COL,Colombia,2003,22.7,129.72,2311.942,92,78.094,91.857,2.45,75.534
COL,Colombia,2004,22.1,159.611,2818.572,89,78.986,92.159,2.384,75.808
COL,Colombia,2005,21.4,209.683,3456.066,93,79.876,92.456,2.309,76.005
COL,Colombia,2006,20.7,240.105,3789.854,93,80.766,92.747,2.241,76.162
COL,Colombia,2007,20.1,309.617,4769.926,94,81.654,93.033,2.195,76.314
COL,Colombia,2008,19.5,379.168,5541.836,92,82.541,93.314,2.155,76.46
COL,Colombia,2009,18.8,383.917,5250.973,92,83.428,93.59,2.096,76.596
COL,Colombia,2010,18.2,452.443,6398.296,88,84.313,93.86,2.01,76.723
COL,Colombia,2011,17.6,501.844,7400.994,85,85.196,94.126,1.938,76.839
COL,Colombia,2012,17.1,547.007,8108.598,92,86.079,94.386,1.899,76.942
COL,Colombia,2013,16.5,580.965,8279.103,91,86.961,94.642,1.86,77.032
COL,Colombia,2014,16,588.294,8187.208,90,87.841,94.893,1.822,77.106
COL,Colombia,2015,15.5,470.1,6248.515,91,88.72,95.139,1.771,77.164
COL,Colombia,2016,15,448.846,5959.843,91,89.598,95.381,1.719,77.204
COL,Colombia,2017,14.5,497.54,6479.532,92,90.475,95.618,1.717,77.225
COL,Colombia,2018,14,526.118,6816.968,92,91.351,95.85,1.715,77.28
COL,Colombia,2019,13.5,507.062,6472.545,94,92.225,96.079,1.71,77.46
COL,Colombia,2020,13.1,464.42,5339.687,88,93.099,96.303,1.694,77.638
COL,Colombia,2021,12.7,568.841,6222.622,87,93.971,96.522,1.68,77.834
COL,Colombia,2022,12.3,507.071,6680.445,87,94.843,96.738,1.663,78.046
COL,Colombia,2023,11.9,571.155,7012.492,90,95.713,96.95,1.645,78.276
COM,Comoros,2000,79.9,47.595,633.309,70,24.425,87.339,5.227,28.036
COM,Comoros,2001,76.8,45.346,681.164,70,26.155,87.529,5.195,27.99
COM,Comoros,2002,73.8,51.122,764.613,89,27.711,87.426,5.155,27.959
COM,Comoros,2003,71,63.918,959.691,80,29.248,87.323,5.115,27.945
COM,Comoros,2004,68.3,70.618,1072.284,76,30.767,87.217,5.065,27.96
COM,Comoros,2005,65.8,67.801,1105.788,68,32.27,87.111,5.012,28.017
COM,Comoros,2006,63.4,65.729,1138.479,69,33.756,87.004,4.934,28.114
COM,Comoros,2007,61.2,69.872,1289.736,75,35.226,86.896,4.859,28.249
COM,Comoros,2008,59.2,73.755,1455.028,81,36.678,86.788,4.805,28.419
COM,Comoros,2009,57.3,69.485,1410.305,83,38.112,86.679,4.778,28.622
COM,Comoros,2010,55.6,69.215,1386.575,74,39.529,86.569,4.755,28.854
COM,Comoros,2011,54,81.199,1531.44,83,40.927,86.46,4.722,29.114
COM,Comoros,2012,52.5,77.102,1490.314,86,42.306,86.349,4.652,29.398
COM,Comoros,2013,51.2,81.818,1603.327,83,43.666,86.239,4.572,29.704
COM,Comoros,2014,50,84.639,1615.717,80,45.006,86.129,4.489,30.03
COM,Comoros,2015,48.9,61.163,1329.37,80,46.326,86.019,4.42,30.373
COM,Comoros,2016,47.9,63.531,1365.484,75,47.625,85.909,4.348,30.731
COM,Comoros,2017,46.9,75.013,1423.925,79,48.903,85.8,4.278,31.1
COM,Comoros,2018,45.8,74.892,1540.711,77,50.16,85.691,4.208,31.407
COM,Comoros,2019,44.8,78.237,1519.264,78,51.394,85.583,4.138,31.729
COM,Comoros,2020,43.7,89.678,1527.17,74,52.607,85.475,4.071,32.064
COM,Comoros,2021,42.6,100.5,1587.73,72,53.796,85.368,3.999,32.412
COM,Comoros,2022,41.4,124.144,1533.878,78,54.962,85.262,3.935,32.775
COM,Comoros,2023,40.2,102.231,1723.895,75,56.105,85.158,3.878,33.15
CPV,Cabo Verde,2000,36,59.54,1189.515,90,36.828,79.368,3.545,53.933
CPV,Cabo Verde,2001,32.8,63.558,1223.331,90,39.191,79.663,3.366,54.776
CPV,Cabo Verde,2002,30.5,69.122,1328.579,91,41.538,79.953,3.192,55.57
CPV,Cabo Verde,2003,29,84.663,1717.976,92,43.866,80.237,3.033,56.33
CPV,Cabo Verde,2004,28.2,93.432,1929.491,93,46.178,80.66,2.9,57.068
CPV,Cabo Verde,2005,28,96.089,2004.147,95,48.473,81.082,2.726,57.798
CPV,Cabo Verde,2006,28,113.131,2256.997,96,50.75,81.502,2.555,58.533
CPV,Cabo Verde,2007,28.1,127.736,3324.577,98,53.009,81.921,2.409,59.288
CPV,Cabo Verde,2008,27.9,127.794,3908.649,99,55.252,82.339,2.298,60.074
CPV,Cabo Verde,2009,27.5,130.237,3659.72,99,57.477,82.754,2.246,60.906
CPV,Cabo Verde,2010,26.7,146.072,3579.46,99,59.682,83.166,2.329,61.797
CPV,Cabo Verde,2011,25.6,157.09,4002.014,90,61.801,83.522,2.329,62.742
CPV,Cabo Verde,2012,24.2,174.661,3736.815,94,63.953,83.877,2.153,63.726
CPV,Cabo Verde,2013,22.6,191.105,3960.976,93,66.099,84.232,2.067,64.749
CPV,Cabo Verde,2014,20.9,193.395,3985.607,95,68.239,84.585,2.031,65.809
CPV,Cabo Verde,2015,19.2,150.288,3415.063,93,70.372,84.938,1.968,66.905
CPV,Cabo Verde,2016,17.6,157.399,3608.966,96,72.497,85.581,1.966,68.035
CPV,Cabo Verde,2017,16.2,174.435,3893.096,96,74.614,86.333,1.93,69.2
CPV,Cabo Verde,2018,15.1,205.535,4294.965,98,76.724,87.076,1.804,70.397
CPV,Cabo Verde,2019,14.1,211.25,4380.781,96,78.825,87.809,1.698,71.625
CPV,Cabo Verde,2020,13.3,249.72,3539.227,93,80.918,88.533,1.591,72.884
CPV,Cabo Verde,2021,12.7,262.423,3971.444,93,83.003,89.248,1.554,74.161
CPV,Cabo Verde,2022,12.1,297.082,4323.314,93,83.045,90.009,1.533,75.034
CPV,Cabo Verde,2023,11.6,290.126,4794.901,93,83.087,91.146,1.522,75.906
CRI,Costa Rica,2000,13.1,250.31,3812.754,88,93.685,94.65,2.413,59.046
CRI,Costa Rica,2001,12.6,258.001,3985.13,91,93.924,95.062,2.312,60.143
CRI,Costa Rica,2002,12.2,279.417,4067.719,94,94.156,95.457,2.162,61.279
CRI,Costa Rica,2003,11.8,290.833,4173.149,88,94.381,95.836,2.084,62.452
CRI,Costa Rica,2004,11.5,293.775,4431.012,90,94.6,96.197,2.028,63.66
CRI,Costa Rica,2005,11.3,313.484,4703.007,91,94.811,96.541,2.038,64.9
CRI,Costa Rica,2006,11.2,364.524,5256.596,89,95.016,96.869,1.937,66.17
CRI,Costa Rica,2007,11.1,429.419,6137.712,89,95.214,97.181,1.954,67.469
CRI,Costa Rica,2008,10.9,518.111,6937.243,90,95.405,97.477,1.98,68.793
CRI,Costa Rica,2009,10.7,537.063,6832.698,86,95.67,97.758,1.953,70.14
CRI,Costa Rica,2010,10.5,663.692,8265.788,88,95.927,98.001,1.827,71.508
CRI,Costa Rica,2011,10.2,753.426,9276.391,85,96.177,98.228,1.877,72.843
CRI,Costa Rica,2012,9.8,788.531,10126.999,91,96.417,98.474,1.851,73.39
CRI,Costa Rica,2013,9.5,829.937,10803.24,95,96.649,98.706,1.779,73.943
CRI,Costa Rica,2014,9.2,836.231,10911.498,91,96.874,98.925,1.8,74.487
CRI,Costa Rica,2015,9,889.376,11714.711,92,97.091,99.131,1.797,75.02
CRI,Costa Rica,2016,8.9,884.73,12091.03,97,97.301,99.326,1.746,75.542
CRI,Costa Rica,2017,8.9,867.767,12317.09,96,97.505,99.511,1.714,76.054
CRI,Costa Rica,2018,9,917.31,12620.021,94,97.703,99.685,1.706,76.554
CRI,Costa Rica,2019,9.1,930.435,12951.859,95,97.895,99.798,1.6,77.044
CRI,Costa Rica,2020,9.3,969.891,12475.685,97,98.082,99.811,1.448,77.521
CRI,Costa Rica,2021,9.6,977.148,12962.272,93,98.265,99.812,1.353,77.987
CRI,Costa Rica,2022,9.9,978.842,13971.765,95,98.443,99.813,1.335,78.441
CRI,Costa Rica,2023,10.1,1163.302,17140.771,99,98.618,99.814,1.33,78.882
CUB,Cuba,2000,8.6,181.093,2751.382,95,81.308,91.761,1.608,75.635
CUB,Cuba,2001,8.2,198.499,2842.967,98,81.505,91.917,1.595,75.888
CUB,Cuba,2002,7.9,213.815,3005.211,99,81.701,92.07,1.645,75.851
CUB,Cuba,2003,7.6,227.492,3202.781,72,81.888,92.212,1.627,75.864
CUB,Cuba,2004,7.3,232.227,3399.22,88,82.066,92.341,1.546,75.918
CUB,Cuba,2005,7.1,331.504,3786.338,89,82.69,92.469,1.486,76.003
CUB,Cuba,2006,6.8,386.826,4329.983,89,83.315,92.595,1.402,76.112
CUB,Cuba,2007,6.6,569.436,4807.439,93,83.941,92.721,1.436,76.236
CUB,Cuba,2008,6.5,609.273,4986.124,95,84.569,92.845,1.576,76.365
CUB,Cuba,2009,6.3,675.534,5089.235,96,85.197,92.969,1.678,76.493
CUB,Cuba,2010,6.2,608.585,5272.268,96,85.827,93.092,1.673,76.61
CUB,Cuba,2011,6.1,695.815,6104.461,97,86.459,93.214,1.734,76.708
CUB,Cuba,2012,6.1,601.75,6470.837,99,87.091,93.335,1.668,76.778
CUB,Cuba,2013,6,712.266,6828.364,99,87.722,93.45,1.678,76.816
CUB,Cuba,2014,6.1,867.697,7146.705,99,88.353,93.564,1.655,76.844
CUB,Cuba,2015,6.1,991.085,7727.92,99,88.986,93.677,1.685,76.87
CUB,Cuba,2016,6.3,990.923,8110.559,99,89.622,93.79,1.6,76.912
CUB,Cuba,2017,6.4,987.81,8610.608,99,90.259,93.903,1.585,76.96
CUB,Cuba,2018,6.6,981.903,8911.462,99,90.899,94.018,1.607,77.016
CUB,Cuba,2019,6.9,1023.397,9232.261,99,91.54,94.132,1.54,77.073
CUB,Cuba,2020,7.2,1199.353,9605.279,99,92.184,94.313,1.489,77.108
CYP,Cyprus,2000,6.6,750.517,14388.353,97,99.62,99.881,1.638,68.773
CYP,Cyprus,2001,6.2,782.162,14821.449,97,99.62,99.881,1.566,68.802
CYP,Cyprus,2002,5.8,890.483,16093.216,98,99.62,99.881,1.497,68.786
CYP,Cyprus,2003,5.4,1145.058,20252.246,98,99.614,99.877,1.505,68.712
CYP,Cyprus,2004,5.1,1286.972,23792.619,98,99.607,99.874,1.512,68.591
CYP,Cyprus,2005,4.7,1366.017,24959.262,98,99.601,99.867,1.479,68.434
CYP,Cyprus,2006,4.4,1474.021,26729.281,97,99.594,99.859,1.509,68.253
CYP,Cyprus,2007,4.1,1694.272,31244.879,97,99.587,99.851,1.449,68.06
CYP,Cyprus,2008,3.8,2155.247,35541.887,97,99.581,99.843,1.479,67.867
CYP,Cyprus,2009,3.5,2105.478,32236.463,99,99.574,99.835,1.475,67.684
CYP,Cyprus,2010,3.2,2045.292,31105.027,99,99.567,99.827,1.434,67.523
CYP,Cyprus,2011,3,2114.669,32485.805,99,99.56,99.819,1.36,67.398
CYP,Cyprus,2012,2.8,1899.373,28991.93,99,99.552,99.811,1.382,67.301
CYP,Cyprus,2013,2.7,1923.039,27764.727,99,99.545,99.803,1.304,67.21
CYP,Cyprus,2014,2.6,1869.464,26993.096,99,99.538,99.794,1.312,67.123
CYP,Cyprus,2015,2.5,1570.546,23088.43,97,99.531,99.786,1.323,67.04
CYP,Cyprus,2016,2.5,1619.919,24280.045,97,99.524,99.778,1.357,66.963
CYP,Cyprus,2017,2.6,1742.676,26247.465,97,99.516,99.77,1.323,66.891
CYP,Cyprus,2018,2.7,1987.695,29120.387,99,99.509,99.762,1.319,66.826
CYP,Cyprus,2019,3,2059.45,29227.168,96,99.503,99.754,1.33,66.768
CYP,Cyprus,2020,3.3,2443.372,28130.33,96,99.496,99.746,1.361,66.718
CYP,Cyprus,2021,3.7,2947.815,32937.836,96,99.489,99.737,1.392,66.672
CYP,Cyprus,2022,4.1,2748.616,33231.051,96,99.483,99.729,1.393,66.669
CYP,Cyprus,2023,4.6,2899.365,36623.707,95,99.477,99.721,1.389,66.674
CZE,Czechia,2000,5.5,342.921,6062.922,98,99.02,97.972,1.15,74.004
CZE,Czechia,2001,5.2,388.544,6669.075,98,99.018,97.971,1.15,73.913
CZE,Czechia,2002,5,497.742,8101.26,98,99.022,98.009,1.17,73.836
CZE,Czechia,2003,4.8,640.66,9852.457,97,99.027,98.047,1.18,73.765
CZE,Czechia,2004,4.6,746.329,11782.555,98,99.031,98.085,1.23,73.699
CZE,Czechia,2005,4.4,852.652,13442.492,97,99.036,98.123,1.29,73.638
CZE,Czechia,2006,4.1,942.118,15259.079,98,99.041,98.162,1.34,73.579
CZE,Czechia,2007,3.9,1110.177,18452.653,99,99.046,98.2,1.45,73.522
CZE,Czechia,2008,3.7,1449.337,22774.705,99,99.051,98.238,1.51,73.466
CZE,Czechia,2009,3.5,1442.243,19817.422,99,99.057,98.276,1.51,73.408
CZE,Czechia,2010,3.4,1509.447,20160.436,99,99.062,98.315,1.51,73.35
CZE,Czechia,2011,3.3,1649.159,22049.108,99,99.068,98.353,1.43,73.288
CZE,Czechia,2012,3.2,1509.775,20014.035,99,99.074,98.392,1.45,73.225
CZE,Czechia,2013,3.1,1508.799,20260.495,98,99.08,98.534,1.46,73.162
CZE,Czechia,2014,3.1,1512.593,20038.416,97,99.076,98.73,1.53,73.1
CZE,Czechia,2015,3.2,1308.801,17931.599,97,99.075,98.73,1.57,73.037
CZE,Czechia,2016,3.2,1374.901,18753.969,96,99.075,98.731,1.63,72.975
CZE,Czechia,2017,3.2,1516.75,20913.198,96,99.074,98.731,1.69,72.912
CZE,Czechia,2018,3.1,1750.812,23705.933,97,99.074,98.731,1.71,72.85
CZE,Czechia,2019,3,1805.44,24062.719,97,99.073,98.732,1.71,72.788
CZE,Czechia,2020,2.9,2106.28,23472.892,97,99.073,98.732,1.74,72.725
CZE,Czechia,2021,2.8,2538.033,27696.462,94,99.072,98.733,1.83,72.681
CZE,Czechia,2022,2.7,2431.085,28282.224,94,99.072,98.733,1.64,72.697
CZE,Czechia,2023,2.6,2671.084,31761.594,90,99.071,98.734,1.46,72.735
DEU,Germany,2000,5.4,2336.362,23925.856,90,99.218,100,1.38,80.094
DEU,Germany,2001,5.2,2338.122,23878.364,93,99.219,100.0,1.35,80.107
DEU,Germany,2002,5.1,2557.536,25486.594,93,99.219,100.0,1.34,80.121
DEU,Germany,2003,5,3139.363,30711.102,97,99.22,100.0,1.34,80.137
DEU,Germany,2004,4.9,3447.27,34566.736,96,99.221,100.0,1.36,80.155
DEU,Germany,2005,4.7,3544.566,35084.436,96,99.221,100,1.34,80.175
DEU,Germany,2006,4.6,3681.366,36980.335,96,99.222,100.0,1.33,80.196
DEU,Germany,2007,4.5,4162.688,42350.922,96,99.222,100.0,1.37,80.22
DEU,Germany,2008,4.4,4647.31,46379.165,96,99.223,100,1.38,80.246
DEU,Germany,2009,4.3,4655.172,42471.887,96,99.224,100,1.36,80.275
DEU,Germany,2010,4.2,4592.071,42396.967,96,99.224,100.0,1.39,80.306
DEU,Germany,2011,4.1,5016.236,47630.976,95,99.225,100,1.39,80.341
DEU,Germany,2012,4,4744.87,44718.016,95,99.225,100.0,1.41,80.393
DEU,Germany,2013,4,5080.624,47206.835,93,99.225,100,1.42,80.473
DEU,Germany,2014,4,5287.344,48959.599,93,99.225,100,1.47,80.576
DEU,Germany,2015,3.9,4605.59,41929.755,93,99.225,100,1.5,80.697
DEU,Germany,2016,3.9,4723.324,42948.938,91,99.225,100.0,1.6,80.835
DEU,Germany,2017,3.8,5039.353,45553.934,91,99.225,100,1.57,80.984
DEU,Germany,2018,3.8,5473.557,48916.169,91,99.225,100,1.57,81.142
DEU,Germany,2019,3.7,5447.318,47656.2,91,99.225,100.0,1.54,81.305
DEU,Germany,2020,3.7,5906.806,47394.873,91,99.226,100.0,1.53,81.47
DEU,Germany,2021,3.7,6653.583,52349.246,92,99.226,100.0,1.58,81.633
DEU,Germany,2022,3.7,6226.142,50506.518,89,99.226,100.0,1.455,81.787
DEU,Germany,2023,3.7,6394.623,54776.767,89,99.227,100.0,1.39,81.903
DJI,Djibouti,2000,98.5,35.49,737.612,46,43.801,74.31,4.601,73.349
DJI,Djibouti,2001,96.3,33.614,742.134,53,43.821,74.528,4.518,72.894
DJI,Djibouti,2002,94,39.5,743.013,62,43.842,74.745,4.41,72.45
DJI,Djibouti,2003,91.6,46.275,764.634,68,43.863,74.962,4.296,72.03
DJI,Djibouti,2004,89.3,40.05,806.262,64,43.884,75.179,4.162,71.645
DJI,Djibouti,2005,86.9,45.126,844.448,71,45.414,75.395,4.035,71.306
DJI,Djibouti,2006,84.6,53.263,898.465,72,46.94,75.611,3.899,71.025
DJI,Djibouti,2007,82.3,55.183,969.573,88,48.462,75.826,3.756,70.812
DJI,Djibouti,2008,79.9,55.91,1119.152,89,49.979,76.041,3.621,70.679
DJI,Djibouti,2009,77.7,56.921,1150.938,89,51.491,76.255,3.521,70.638
DJI,Djibouti,2010,75.5,55.704,1213.234,88,53.004,76.472,3.431,70.649
DJI,Djibouti,2011,73.4,61.899,1306.346,87,54.517,76.691,3.341,70.678
DJI,Djibouti,2012,71.3,64.854,1400.194,81,56.031,76.912,3.255,70.727
DJI,Djibouti,2013,69.2,60.572,2075.945,82,57.546,77.134,3.187,70.797
DJI,Djibouti,2014,67.2,65.537,2214.621,78,59.061,77.358,3.116,70.89
DJI,Djibouti,2015,65.2,79.543,2376.126,84,60.578,77.585,3.041,71.007
DJI,Djibouti,2016,63.2,68.827,2510.43,68,62.096,77.812,2.969,71.149
DJI,Djibouti,2017,61.2,64.944,2618.955,76,63.615,78.04,2.916,71.318
DJI,Djibouti,2018,59.4,68.791,2718.083,84,65.135,78.27,2.858,71.515
DJI,Djibouti,2019,57.5,68.474,2837.169,85,66.658,78.5,2.798,71.742
DJI,Djibouti,2020,55.7,66.531,2844.888,70,66.742,78.732,2.745,71.999
DJI,Djibouti,2021,54,86.882,3025.911,59,66.831,78.964,2.699,72.288
DJI,Djibouti,2022,52.1,79.132,3133.258,59,66.925,79.196,2.653,72.611
DJI,Djibouti,2023,50.5,77.571,3381.298,72,67.023,79.429,2.609,72.841
DMA,Dominica,2000,19.4,259.021,4867.399,99,64.043,94.267,2.346,65.235
DMA,Dominica,2001,19.7,231.523,5527.515,99,65.298,94.384,2.399,65.359
DMA,Dominica,2002,20.1,226.869,5488.028,98,66.554,94.507,2.16,65.521
DMA,Dominica,2003,20.6,242.789,5447.44,99,67.81,94.63,2.075,65.724
DMA,Dominica,2004,21.1,253.706,5778.833,99,69.065,94.752,2.023,65.965
DMA,Dominica,2005,21.6,263.661,5695.224,98,70.321,94.872,1.998,66.24
DMA,Dominica,2006,22.2,271.243,6055.781,95,71.577,94.992,2.074,66.545
DMA,Dominica,2007,22.8,293.309,6459.035,96,72.832,95.111,2.022,66.877
DMA,Dominica,2008,23.5,336.002,6971.326,96,74.088,95.229,1.968,67.232
DMA,Dominica,2009,24.2,354.049,7487.49,99,75.344,95.346,1.918,67.607
DMA,Dominica,2010,24.9,369.757,7549.62,98,76.599,95.462,1.887,67.998
DMA,Dominica,2011,25.7,387.117,7705.407,98,77.855,95.577,1.861,68.398
DMA,Dominica,2012,26.5,407.421,7528.51,97,79.111,95.691,1.827,68.755
DMA,Dominica,2013,27.4,382.105,7822.218,97,80.366,95.805,1.778,69.12
DMA,Dominica,2014,28.3,389.053,8131.749,97,80.366,95.918,1.713,69.491
DMA,Dominica,2015,29.2,396.237,8282.599,98,80.366,96.029,1.648,69.868
DMA,Dominica,2016,30.2,424.158,8802.562,99,80.366,96.14,1.581,70.251
DMA,Dominica,2017,31.1,415.871,8224.649,91,80.366,96.25,1.54,70.641
DNK,Denmark,2000,5.6,2491.542,30722.025,97,99.597,100.0,1.77,85.1
DNK,Denmark,2001,5.5,2597.973,30768.478,97,99.597,100,1.74,85.188
DNK,Denmark,2002,5.4,2891.711,33257.162,98,99.597,100,1.72,85.3
DNK,Denmark,2003,5.2,3602.283,40519.097,96,99.597,100,1.76,85.42
DNK,Denmark,2004,5,4189.473,46625.05,95,99.597,100,1.78,85.713
DNK,Denmark,2005,4.8,4436.074,48925.808,93,99.597,100.0,1.8,86.006
DNK,Denmark,2006,4.6,4770.137,52119.179,93,99.597,100,1.85,86.25
DNK,Denmark,2007,4.5,5453.838,58631.657,87,99.597,100.0,1.84,86.425
DNK,Denmark,2008,4.3,6117.697,64616.666,88,99.597,100.0,1.89,86.583
DNK,Denmark,2009,4.2,6208.485,58412.747,89,99.597,100.0,1.84,86.762
DNK,Denmark,2010,4.1,6156.686,58104.545,90,99.597,100.0,1.87,86.865
DNK,Denmark,2011,4.1,6426.4,61809.738,91,99.597,100.0,1.75,87.157
DNK,Denmark,2012,4.1,6155.764,58443.775,94,99.597,100,1.73,87.234
DNK,Denmark,2013,4.1,6320.084,61377.594,94,99.597,100.0,1.67,87.544
DNK,Denmark,2014,4.1,6447.924,62520.451,94,99.597,100,1.69,87.682
DNK,Denmark,2015,4.1,5508.534,53094.013,93,99.597,100,1.71,87.725
DNK,Denmark,2016,4,5603.758,54500.926,94,99.597,100.0,1.79,87.7
DNK,Denmark,2017,3.9,5817.425,57521.551,98,99.597,100,1.75,88.016
DNK,Denmark,2018,3.9,6219.13,61324.767,97,99.597,100,1.73,88.106
DNK,Denmark,2019,3.8,6049.934,59404.266,97,99.597,100.0,1.7,88.21
DNK,Denmark,2020,3.7,6520.658,60985.489,97,99.597,100,1.68,88.239
DNK,Denmark,2021,3.7,7429.99,69340.733,97,99.597,100,1.72,88.262
DNK,Denmark,2022,3.8,6451.194,67781.094,97,99.597,100,1.55,88.388
DNK,Denmark,2023,3.9,6510.625,68043.547,97,99.597,100.0,1.5,88.553
DOM,Dominican Republic,2000,39.6,138.296,2831.459,78,76.597,91.019,2.869,61.313
DOM,Dominican Republic,2001,38.6,143.325,2935.894,72,77.149,91.382,2.827,62.298
DOM,Dominican Republic,2002,37.7,152.866,3065.603,82,77.699,91.735,2.764,63.291
DOM,Dominican Republic,2003,37,104.599,2383.262,79,78.303,92.138,2.703,64.426
DOM,Dominican Republic,2004,36.4,105.122,2451.692,79,78.927,92.55,2.641,65.891
DOM,Dominican Republic,2005,36,168.858,3878.312,87,79.546,92.944,2.574,67.576
DOM,Dominican Republic,2006,35.6,161.948,4055.143,89,80.16,93.321,2.508,69.334
DOM,Dominican Republic,2007,35.3,190.14,4649.646,85,80.769,93.68,2.51,71.019
DOM,Dominican Republic,2008,35.1,229.297,5023.585,82,81.373,94.023,2.546,72.487
DOM,Dominican Republic,2009,34.9,237.111,4973.952,82,81.971,94.348,2.574,73.589
DOM,Dominican Republic,2010,34.9,270.04,5478.625,88,82.564,94.657,2.556,74.164
DOM,Dominican Republic,2011,34.8,293.951,5826.51,84,83.14,94.941,2.527,74.244
DOM,Dominican Republic,2012,34.8,304.238,6013.82,85,83.703,95.205,2.497,74.24
DOM,Dominican Republic,2013,34.8,302.285,6136.594,83,84.262,95.457,2.474,74.225
DOM,Dominican Republic,2014,34.9,312.442,6496.452,91,84.817,95.697,2.451,74.193
DOM,Dominican Republic,2015,34.9,322.049,6800.953,85,85.368,95.925,2.43,74.137
DOM,Dominican Republic,2016,34.9,328.365,7160.442,87,85.916,96.142,2.41,74.051
DOM,Dominican Republic,2017,34.9,329.542,7412.716,84,86.459,96.347,2.398,73.927
DOM,Dominican Republic,2018,34.7,332.477,7882.982,87,86.997,96.542,2.397,73.759
DOM,Dominican Republic,2019,34.4,357.441,8183.016,89,87.529,96.726,2.366,73.54
DOM,Dominican Republic,2020,33.8,354.257,7135.223,82,88.057,96.9,2.329,73.264
DOM,Dominican Republic,2021,33,433.892,8527.075,84,88.579,97.305,2.294,72.924
DOM,Dominican Republic,2022,32.3,469.349,10104.246,88,89.097,97.36,2.267,72.42
DOM,Dominican Republic,2023,31.5,488.873,10630.432,90,89.61,97.411,2.243,72.358
DZA,Algeria,2000,41.7,61.858,1772.929,86,84.481,88.994,2.59,59.852
DZA,Algeria,2001,40.2,67.059,1896.3,89,84.76,89.17,2.519,60.618
DZA,Algeria,2002,38.6,66.682,1937.464,86,85.033,89.344,2.429,61.381
DZA,Algeria,2003,37,75.951,2283.773,87,85.299,89.515,2.451,62.143
DZA,Algeria,2004,35.4,92.688,2816.994,86,85.559,89.684,2.5,62.902
DZA,Algeria,2005,33.9,100.837,3233.133,88,85.812,89.851,2.562,63.66
DZA,Algeria,2006,32.5,116.775,3660.661,95,86.059,90.015,2.628,64.415
DZA,Algeria,2007,31.2,150.867,4167.452,95,86.299,90.177,2.704,65.169
DZA,Algeria,2008,30.1,206.372,5180.919,93,86.534,90.336,2.785,65.901
DZA,Algeria,2009,29,207.202,4235.43,95,86.759,90.492,2.825,66.51
DZA,Algeria,2010,28.1,227.954,4912.786,95,86.978,90.644,2.875,67.124
DZA,Algeria,2011,27.3,285.502,5916.314,95,87.189,90.793,2.899,67.734
DZA,Algeria,2012,26.6,340.092,6033.649,95,87.094,90.955,2.996,68.342
DZA,Algeria,2013,25.9,337.573,5979.601,95,86.987,91.113,2.997,68.946
DZA,Algeria,2014,25.4,366.586,6094.694,95,86.87,91.268,3.084,69.547
DZA,Algeria,2015,24.9,296.768,4685.059,95,86.743,91.42,3.091,70.143
DZA,Algeria,2016,24.5,265.535,4424.985,91,86.605,91.569,3.091,70.735
DZA,Algeria,2017,24,270.932,4554.668,91,86.459,91.716,3.09,71.323
DZA,Algeria,2018,23.7,271.538,4577.21,91,86.303,91.859,3.019,71.905
DZA,Algeria,2019,23.3,242.07,4468.453,88,86.139,92.0,2.997,72.482
DZA,Algeria,2020,22.9,211.072,3743.542,84,85.965,92.138,2.94,73.054
DZA,Algeria,2021,22.6,208.939,4160.559,81,85.784,92.273,2.87,73.62
DZA,Algeria,2022,22.3,180.335,4960.303,77,85.826,92.324,2.817,74.18
DZA,Algeria,2023,22,233.379,5370.477,92,85.867,92.373,2.766,74.733
ECU,Ecuador,2000,29.6,49.373,1382.234,87,73.025,84.757,3.102,60.687
ECU,Ecuador,2001,28,72.792,1791.304,89,73.682,85.333,3.037,61.012
ECU,Ecuador,2002,26.6,99.128,2059.159,88,74.294,85.868,2.972,61.287
ECU,Ecuador,2003,25.5,134.127,2315.622,87,74.877,86.377,2.911,61.542
ECU,Ecuador,2004,24.5,152.109,2586.209,88,75.456,86.791,2.853,61.783
ECU,Ecuador,2005,23.6,170.442,2909.026,92,76.259,87.166,2.8,62.007
ECU,Ecuador,2006,22.7,192.551,3243.67,96,77.061,87.48,2.753,62.21
ECU,Ecuador,2007,21.8,193.333,3478.925,96,77.863,87.792,2.704,62.389
ECU,Ecuador,2008,20.9,231.622,4194.758,96,78.664,88.101,2.688,62.54
ECU,Ecuador,2009,20,244.575,4053.363,94,79.464,88.405,2.678,62.659
ECU,Ecuador,2010,19.1,287.005,4520.31,91,80.264,88.707,2.615,62.741
ECU,Ecuador,2011,18.2,340.408,5153.692,88,81.058,89.0,2.605,62.795
ECU,Ecuador,2012,17.4,387.546,5634.084,87,81.848,89.284,2.509,62.841
ECU,Ecuador,2013,16.6,414.127,6109.29,87,82.639,89.566,2.362,62.884
ECU,Ecuador,2014,15.9,433.418,6405.8,83,83.429,89.845,2.274,62.923
ECU,Ecuador,2015,15.3,464.222,5976.16,78,84.219,90.121,2.209,62.959
ECU,Ecuador,2016,14.8,449.039,5917.638,83,85.01,90.394,2.122,62.991
ECU,Ecuador,2017,14.4,469.045,6233.322,85,85.8,90.665,2.128,63.019
ECU,Ecuador,2018,14.1,493.827,6303.919,85,86.593,90.935,2.111,63.043
ECU,Ecuador,2019,13.8,484.54,6205.058,85,87.387,91.205,2.035,63.063
ECU,Ecuador,2020,13.6,470.204,5463.645,70,88.182,91.474,1.967,63.077
ECU,Ecuador,2021,13.4,507.651,6061.324,72,88.978,91.668,1.909,63.087
ECU,Ecuador,2022,13.2,495.304,6515.585,70,89.723,91.726,1.861,63.09
ECU,Ecuador,2023,13,509.494,6718.145,70,90.556,91.86,1.823,63.131
EGY,"Egypt, Arab Rep.",2000,47.3,69.372,1366.093,98,91.975,98.993,3.505,42.734
EGY,"Egypt, Arab Rep.",2001,44.8,68.673,1295.137,99,92.189,98.923,3.46,42.784
EGY,"Egypt, Arab Rep.",2002,42.5,63.999,1116.829,97,92.403,98.852,3.412,42.835
EGY,"Egypt, Arab Rep.",2003,40.4,50.348,1031.276,98,92.617,98.781,3.352,42.883
EGY,"Egypt, Arab Rep.",2004,38.6,50.331,991.256,97,92.831,98.711,3.283,42.926
EGY,"Egypt, Arab Rep.",2005,37,59.468,1105.539,98,93.045,98.64,3.254,42.957
EGY,"Egypt, Arab Rep.",2006,35.6,66.327,1298.979,98,93.259,98.57,3.223,42.973
EGY,"Egypt, Arab Rep.",2007,34.2,73.295,1547.742,98,93.471,98.499,3.237,42.973
EGY,"Egypt, Arab Rep.",2008,32.8,90.158,1896.216,97,93.682,98.428,3.238,42.961
EGY,"Egypt, Arab Rep.",2009,31.6,98.904,2161.64,97,93.893,98.356,3.259,42.938
EGY,"Egypt, Arab Rep.",2010,30.5,105.078,2455.082,97,94.104,98.285,3.296,42.906
EGY,"Egypt, Arab Rep.",2011,29.5,116.229,2590.644,96,94.315,98.214,3.311,42.863
EGY,"Egypt, Arab Rep.",2012,28.6,139.816,2996.068,93,94.524,98.142,3.4,42.812
EGY,"Egypt, Arab Rep.",2013,27.8,139.672,3025.526,97,94.733,98.07,3.49,42.751
EGY,"Egypt, Arab Rep.",2014,27.1,155.065,3133.391,94,94.942,97.998,3.49,42.683
EGY,"Egypt, Arab Rep.",2015,26.5,170.255,3306.982,93,95.151,97.926,3.5,42.606
EGY,"Egypt, Arab Rep.",2016,26,142.618,3270.629,95,95.361,97.853,3.35,42.521
EGY,"Egypt, Arab Rep.",2017,25.6,106.003,2395.103,94,95.572,97.782,3.31,42.449
EGY,"Egypt, Arab Rep.",2018,25.2,118.015,2484.703,95,95.784,97.711,3.02,42.458
EGY,"Egypt, Arab Rep.",2019,24.8,142.697,2962.989,95,95.997,97.64,2.87,42.481
EGY,"Egypt, Arab Rep.",2020,24.4,148.353,3511.114,94,96.212,97.571,2.85,42.518
EGY,"Egypt, Arab Rep.",2021,24,176.937,3827.354,96,96.429,97.501,2.75,42.569
EGY,"Egypt, Arab Rep.",2022,23.5,171.679,4233.308,97,96.647,97.433,2.75,42.633
EGY,"Egypt, Arab Rep.",2023,22.9,141.411,3456.79,96,96.866,97.365,2.75,42.71
ERI,Eritrea,2000,85.3,14.03,314.357,81,8.285,46.814,5.397,34.098
ERI,Eritrea,2001,81.1,14.907,325.409,86,8.64,47.12,5.306,34.325
ERI,Eritrea,2002,77.3,15.775,304.776,90,8.986,47.441,5.233,34.542
ERI,Eritrea,2003,73.8,19.815,348.95,93,9.322,47.775,5.143,34.745
ERI,Eritrea,2004,70.5,23.156,426.841,98,9.647,48.123,5.036,34.932
ERI,Eritrea,2005,67.5,21.927,412.753,96,9.962,48.484,4.934,35.102
ERI,Eritrea,2006,64.7,23.774,447.997,94,10.264,48.859,4.881,35.253
ERI,Eritrea,2007,62,19.627,480.448,95,10.555,49.247,4.812,35.382
ERI,Eritrea,2008,59.6,21.551,490.067,95,10.834,49.649,4.737,35.49
ERI,Eritrea,2009,57.3,24.351,642.926,95,11.022,49.81,4.656,35.574
ERI,Eritrea,2010,55.2,26.007,539.7,95,11.202,49.977,4.571,35.635
ERI,Eritrea,2011,53.3,35.551,688.682,94,11.374,50.151,4.486,35.671
ESP,Spain,2000,5.4,1005.284,14743.267,95,99.813,100.0,1.22,76.165
ESP,Spain,2001,5.3,1045.051,15368.234,96,99.813,100.0,1.23,76.316
ESP,Spain,2002,5.1,1174.579,17111.069,98,99.82,100,1.25,76.493
ESP,Spain,2003,5,1648.057,21522.017,98,99.827,100.0,1.3,76.709
ESP,Spain,2004,4.9,1932.214,24925.027,97,99.835,100.0,1.31,76.955
ESP,Spain,2005,4.7,2074.331,26450.953,96,99.842,100,1.33,77.221
ESP,Spain,2006,4.5,2256.681,28421.687,98,99.849,100,1.36,77.497
ESP,Spain,2007,4.4,2625.557,32652.016,96,99.856,100,1.38,77.774
ESP,Spain,2008,4.2,3019.758,35603.248,97,99.863,100,1.45,78.042
ESP,Spain,2009,4,2962.483,32279.821,96,99.87,100.0,1.38,78.292
ESP,Spain,2010,3.8,2816.844,30658.742,97,99.877,100.0,1.37,78.514
ESP,Spain,2011,3.7,2938.18,31824.622,97,99.885,100.0,1.34,78.695
ESP,Spain,2012,3.6,2620.842,28456.444,96,99.892,99.986,1.32,78.846
ESP,Spain,2013,3.5,2664.483,29228.847,96,99.899,99.957,1.27,78.986
ESP,Spain,2014,3.4,2716.579,29707.766,97,99.906,99.927,1.32,79.12
ESP,Spain,2015,3.3,2383.853,25982.442,97,99.912,99.927,1.33,79.245
ESP,Spain,2016,3.3,2378.136,26755.606,97,99.919,99.927,1.33,79.362
ESP,Spain,2017,3.2,2564.558,28381.343,95,99.92,99.926,1.31,79.466
ESP,Spain,2018,3.2,2784.163,30602.421,96,99.92,99.926,1.26,79.558
ESP,Spain,2019,3.2,2756.621,29786.525,95,99.919,99.926,1.23,79.635
ESP,Spain,2020,3.2,2942.419,27233.943,94,99.919,99.926,1.18,79.696
ESP,Spain,2021,3.2,3188.852,30799.478,93,99.919,99.925,1.18,79.785
ESP,Spain,2022,3.2,2948.615,30319.499,95,99.919,99.925,1.16,79.955
ESP,Spain,2023,3.2,3106.62,33493.223,93,99.918,99.925,1.12,80.128
EST,Estonia,2000,11,209.978,4070.609,93,99.758,97.467,1.36,67.386
EST,Estonia,2001,10.1,214.704,4502.666,94,99.755,97.608,1.32,67.393
EST,Estonia,2002,9.3,250.48,5343.183,94,99.752,97.751,1.36,67.409
EST,Estonia,2003,8.5,368.98,7205.407,94,99.707,97.894,1.37,67.434
EST,Estonia,2004,7.8,474.508,8916.073,94,99.645,98.038,1.47,67.467
EST,Estonia,2005,7.1,549.63,10414.638,96,99.584,98.184,1.52,67.508
EST,Estonia,2006,6.5,627.184,12641.48,95,99.523,98.33,1.58,67.556
EST,Estonia,2007,5.9,866.499,16745.431,95,99.461,98.477,1.69,67.61
EST,Estonia,2008,5.4,1082.155,18205.906,95,99.4,98.625,1.72,67.67
EST,Estonia,2009,5,1006.507,14712.449,95,99.339,98.774,1.7,67.735
EST,Estonia,2010,4.6,966.19,14663.704,94,99.279,98.924,1.72,67.805
EST,Estonia,2011,4.2,1061.163,17555.546,93,99.218,99.075,1.61,67.878
EST,Estonia,2012,3.9,1058.72,17568.214,94,99.157,99.229,1.56,67.963
EST,Estonia,2013,3.6,1194.862,19310.387,94,99.097,99.385,1.52,68.092
EST,Estonia,2014,3.4,1287.761,20581.79,93,99.037,99.539,1.54,68.267
EST,Estonia,2015,3.2,1156.203,17722.156,93,99.036,99.693,1.58,68.48
EST,Estonia,2016,3,1226.086,18666.374,93,99.034,99.845,1.6,68.724
EST,Estonia,2017,2.8,1350.126,20851.522,93,99.033,99.926,1.59,68.993
EST,Estonia,2018,2.7,1553.433,23618.136,92,99.031,99.949,1.67,69.28
EST,Estonia,2019,2.5,1599.35,24021.25,91,99.03,99.971,1.66,69.579
EST,Estonia,2020,2.4,1789.034,23933.994,91,99.028,99.995,1.58,69.882
EST,Estonia,2021,2.3,2091.156,27951.166,90,99.026,100.0,1.61,70.178
EST,Estonia,2022,2.2,1998.745,28340.383,87,99.024,100,1.41,70.489
EST,Estonia,2023,2.1,2258.46,30264.006,84,99.022,100,1.31,70.677
ETH,Ethiopia,2000,140.1,5.29,122.269,30,2.966,18.759,6.654,14.919
ETH,Ethiopia,2001,133.8,5.51,118.457,32,3.226,20.286,6.579,15.118
ETH,Ethiopia,2002,127.4,5.15,109.594,35,3.487,21.811,6.499,15.333
ETH,Ethiopia,2003,121,5.71,116.8,37,3.748,23.33,6.4,15.544
ETH,Ethiopia,2004,114.6,5.739,133.17,39,4.033,24.846,6.301,15.759
ETH,Ethiopia,2005,108.3,6.482,158.243,43,4.317,26.358,6.194,15.983
ETH,Ethiopia,2006,102.4,8.424,189.346,46,4.601,27.866,6.047,16.215
ETH,Ethiopia,2007,96.9,11.632,237.146,50,4.887,29.378,5.887,16.095
ETH,Ethiopia,2008,91.8,13.039,316.41,54,5.197,30.987,5.695,16.794
ETH,Ethiopia,2009,87.1,15.145,368.575,58,5.508,32.588,5.488,17.151
ETH,Ethiopia,2010,82.7,16.171,330.619,61,5.82,34.184,5.282,17.494
ETH,Ethiopia,2011,78.6,14.623,343.025,65,6.133,35.772,5.08,17.864
ETH,Ethiopia,2012,74.8,20.002,452.101,61,6.448,37.354,4.887,18.206
ETH,Ethiopia,2013,71.2,19.267,484.04,59,6.762,38.919,4.708,18.616
ETH,Ethiopia,2014,67.7,21.606,549.987,61,7.078,40.477,4.605,19.026
ETH,Ethiopia,2015,64.4,23.218,597.912,62,7.395,42.027,4.529,19.452
ETH,Ethiopia,2016,61.3,24.344,641.652,64,7.714,43.57,4.473,19.876
ETH,Ethiopia,2017,58.4,24.182,696.348,65,8.035,45.103,4.401,20.308
ETH,Ethiopia,2018,55.8,23.521,739.702,62,8.359,46.629,4.371,20.784
ETH,Ethiopia,2019,53.6,25.935,793.473,61,8.685,48.146,4.347,21.249
ETH,Ethiopia,2020,51.5,28.28,829.791,62,9.013,49.655,4.274,21.626
ETH,Ethiopia,2021,70.4,26.069,893.01,63,9.345,51.155,4.177,22.107
ETH,Ethiopia,2022,68.1,27.068,982.103,63,9.679,52.645,4.082,22.737
ETH,Ethiopia,2023,51.5,34.798,1055.811,70,10.017,54.126,3.989,23.059
FIN,Finland,2000,4.3,1726.744,24335.923,99,99.448,100,1.73,67.123
FIN,Finland,2001,4.2,1810.404,24965.203,98,99.448,100,1.73,67.498
FIN,Finland,2002,4.1,2059.327,26989.389,98,99.448,100.0,1.72,67.795
FIN,Finland,2003,4,2613.846,32920.086,98,99.448,100,1.76,68.043
FIN,Finland,2004,3.9,3044.121,37768.133,98,99.448,100.0,1.8,68.277
FIN,Finland,2005,3.7,3236.858,39049.87,97,99.448,100.0,1.8,68.514
FIN,Finland,2006,3.6,3414.941,41214.019,97,99.448,100,1.84,68.759
FIN,Finland,2007,3.5,3918.645,48473.024,99,99.448,100.0,1.83,69.02
FIN,Finland,2008,3.3,4486.338,53769.473,99,99.448,100.0,1.85,69.294
FIN,Finland,2009,3.2,4349.895,47478.35,99,99.448,100.0,1.86,69.546
FIN,Finland,2010,3,4251.529,46506.292,99,99.448,100,1.87,69.786
FIN,Finland,2011,2.9,4717.508,51060.324,99,99.448,100,1.83,70.058
FIN,Finland,2012,2.8,4573.197,47551.674,99,99.448,100.0,1.8,70.366
FIN,Finland,2013,2.6,4892.034,49691.015,98,99.448,100.0,1.75,70.674
FIN,Finland,2014,2.6,4922.43,50073.776,98,99.448,100.0,1.71,70.988
FIN,Finland,2015,2.5,4128.208,42560.346,97,99.448,100,1.65,71.305
FIN,Finland,2016,2.4,4108.74,43451.256,92,99.448,100.0,1.57,71.616
FIN,Finland,2017,2.4,4235.755,46085.017,89,99.448,100,1.49,71.956
FIN,Finland,2018,2.4,4521.276,49654.25,91,99.448,100.0,1.41,72.342
FIN,Finland,2019,2.4,4459.93,48358.181,91,99.448,100.0,1.35,72.743
FIN,Finland,2020,2.4,4736.214,48828.685,89,99.448,100.0,1.37,73.085
FIN,Finland,2021,2.4,5261.91,53099.135,89,99.448,100.0,1.46,73.371
FIN,Finland,2022,2.4,4902.039,50440.56,91,99.448,100,1.32,73.697
FIN,Finland,2023,2.4,5515.405,52864.693,91,99.448,100.0,1.26,74.006
FJI,Fiji,2000,22.6,74.286,1995.721,90,87.591,94.817,2.992,48.065
FJI,Fiji,2001,22.6,61.499,1944.997,91,87.645,94.844,2.973,48.429
FJI,Fiji,2002,22.7,69.405,2136.568,93,87.7,94.871,2.968,48.78
FJI,Fiji,2003,22.8,86.097,2655.581,94,88.337,94.893,2.957,49.126
FJI,Fiji,2004,23.1,110.068,3097.191,95,88.969,94.915,2.941,49.477
FJI,Fiji,2005,23.3,120.211,3377.691,96,89.594,94.937,2.917,49.842
FJI,Fiji,2006,23.5,126.386,3455.106,98,89.949,94.96,2.905,50.229
FJI,Fiji,2007,23.5,140.302,3762.747,99,90.295,94.983,2.872,50.649
FJI,Fiji,2008,23.2,134.504,3899.922,99,90.639,95.013,2.819,51.098
FJI,Fiji,2009,22.8,121.056,3164.133,99,90.975,95.045,2.76,51.563
FJI,Fiji,2010,22.2,127.656,3449.145,99,91.299,95.077,2.696,52.042
FJI,Fiji,2011,21.6,140.937,4139.603,99,91.611,95.11,2.631,52.534
FJI,Fiji,2012,21,153.566,4341.403,99,91.912,95.143,2.612,53.038
FJI,Fiji,2013,20.7,158.518,4572.444,99,92.202,95.176,2.604,53.555
FJI,Fiji,2014,20.6,178.312,5293.357,99,92.481,95.21,2.591,54.084
FJI,Fiji,2015,20.9,169.475,5097.531,99,92.749,95.244,2.567,54.623
FJI,Fiji,2016,21.6,175.916,5363.79,95,93.006,95.279,2.518,55.173
FJI,Fiji,2017,22.7,185.696,5826.848,91,93.251,95.313,2.461,55.741
FJI,Fiji,2018,24.2,249.86,6085.42,94,93.486,95.348,2.419,56.233
FJI,Fiji,2019,25.7,254.83,5842.073,97,93.71,95.383,2.385,56.71
FJI,Fiji,2020,27.2,256.26,4620.646,97,93.622,95.418,2.357,57.187
FJI,Fiji,2021,28.3,331.584,4536.733,98,93.333,95.453,2.332,57.662
FJI,Fiji,2022,28.9,217.151,5414.121,96,93.044,95.489,2.305,58.135
FJI,Fiji,2023,29.2,212.887,5926.206,97,92.754,95.524,2.281,58.607
FRA,France,2000,5.4,2161.853,22340.594,97,98.663,100.0,1.89,76.514
FRA,France,2001,5.2,2192.716,22331.795,97,98.662,100,1.9,76.907
FRA,France,2002,5.1,2449.758,24144.573,97,98.661,100,1.88,77.254
FRA,France,2003,4.9,3006.306,29479.522,97,98.661,100,1.89,77.469
FRA,France,2004,4.8,3458.627,33644.928,98,98.66,100.0,1.92,77.49
FRA,France,2005,4.6,3575.025,34696.372,98,98.659,100.0,1.94,77.436
FRA,France,2006,4.5,3811.552,36431.566,99,98.658,100.0,2,77.347
FRA,France,2007,4.4,4312.311,41486.191,99,98.658,100.0,1.98,77.246
FRA,France,2008,4.4,4807.375,45464.818,99,98.657,100.0,2.01,77.156
FRA,France,2009,4.3,4737.578,41728.088,98,98.656,100.0,2,77.101
FRA,France,2010,4.2,4593.663,40694.821,99,98.655,100.0,2.03,77.096
FRA,France,2011,4.2,4936.956,43929.784,99,98.655,100.0,2.01,77.118
FRA,France,2012,4.1,4659.924,40863.581,99,98.654,100,2.01,77.167
FRA,France,2013,4.1,4884.716,42669.18,88,98.653,100,1.99,77.244
FRA,France,2014,4.1,5007.297,43148.046,92,98.652,100.0,2,77.352
FRA,France,2015,4.2,4226.626,36702.432,96,98.652,100.0,1.96,77.761
FRA,France,2016,4.2,4289.347,37024.216,95,98.651,100,1.92,78.6
FRA,France,2017,4.2,4436.637,38687.163,95,98.65,100,1.89,78.647
FRA,France,2018,4.2,4692.995,41418.177,95,98.649,100.0,1.87,78.671
FRA,France,2019,4.2,4519.986,40408.285,95,98.648,100,1.86,78.689
FRA,France,2020,4.2,4760.083,39169.861,96,98.648,100,1.82,78.712
FRA,France,2021,4.3,5364.897,43725.1,96,98.647,100,1.83,78.736
FRA,France,2022,4.3,4857.734,40988.64,96,98.646,100,1.78,78.759
FRA,France,2023,4.3,5149.055,44700.138,96,98.645,100,1.66,78.78
FSM,"Micronesia, Fed. Sts.",2000,38.6,161.479,2049.345,85,25.048,91.792,4.217,22.33
FSM,"Micronesia, Fed. Sts.",2001,37.7,181.29,2103.748,75,29.136,91.673,4.084,22.33
FSM,"Micronesia, Fed. Sts.",2002,41.5,169.956,2113.46,84,33.224,91.553,3.934,22.33
FSM,"Micronesia, Fed. Sts.",2003,36.4,208.845,2145.878,92,37.312,91.434,3.785,22.33
FSM,"Micronesia, Fed. Sts.",2004,36.1,257.989,2104.428,78,41.4,91.315,3.681,22.33
FSM,"Micronesia, Fed. Sts.",2005,35.9,397.916,2216.996,94,45.488,91.195,3.595,22.33
FSM,"Micronesia, Fed. Sts.",2006,35.9,245.423,2257.764,67,49.575,91.076,3.514,22.328
FSM,"Micronesia, Fed. Sts.",2007,35.6,258.648,2302.512,79,53.663,90.956,3.439,22.321
FSM,"Micronesia, Fed. Sts.",2008,35.3,289.502,2395.902,85,57.751,90.837,3.368,22.311
FSM,"Micronesia, Fed. Sts.",2009,34.8,325.566,2565.836,91,61.839,90.718,3.313,22.3
FSM,"Micronesia, Fed. Sts.",2010,34.1,361.965,2715.269,85,65.927,90.598,3.271,22.29
FSM,"Micronesia, Fed. Sts.",2011,33.4,378.153,2859.849,84,70.015,90.479,3.223,22.291
FSM,"Micronesia, Fed. Sts.",2012,32.6,372.102,3003.059,81,74.103,90.359,3.18,22.294
FSM,"Micronesia, Fed. Sts.",2013,31.6,354.823,2904.154,81,78.19,90.24,3.133,22.299
FSM,"Micronesia, Fed. Sts.",2014,30.7,345.016,2915.237,77,82.278,90.121,3.091,22.305
FSM,"Micronesia, Fed. Sts.",2015,29.8,362.276,2869.863,72,86.366,90.001,3.049,22.312
FSM,"Micronesia, Fed. Sts.",2016,28.9,399.771,2997.937,69,90.454,89.882,3.001,22.321
FSM,"Micronesia, Fed. Sts.",2017,28.1,409.118,3297.376,73,90.454,89.882,2.957,22.332
FSM,"Micronesia, Fed. Sts.",2018,27.3,428.007,3584.784,75,90.454,89.882,2.922,22.345
FSM,"Micronesia, Fed. Sts.",2019,26.4,425.281,3581.727,78,90.454,89.882,2.883,22.359
FSM,"Micronesia, Fed. Sts.",2020,25.6,403.035,3362.028,83,90.454,89.882,2.852,22.375
GAB,Gabon,2000,73.3,123.197,3982.906,45,26.818,80.065,4.469,79.566
GAB,Gabon,2001,71.5,120.902,3835.757,45,27.95,80.569,4.417,80.409
GAB,Gabon,2002,69.6,132.072,3966.48,45,29.102,81.06,4.36,81.221
GAB,Gabon,2003,67.7,166.595,4710.749,45,30.273,81.537,4.299,81.997
GAB,Gabon,2004,65.6,183.923,5465.792,45,31.464,82.001,4.252,82.736
GAB,Gabon,2005,63.6,188.914,6547.876,45,32.674,82.452,4.21,83.433
GAB,Gabon,2006,61.8,211.991,6847.01,45,33.902,82.89,4.17,84.085
GAB,Gabon,2007,59.7,246.783,8003.543,81,35.15,83.316,4.142,84.69
GAB,Gabon,2008,57.6,275.895,9688.645,82,36.415,83.73,4.118,85.244
GAB,Gabon,2009,55.6,277.629,7290.575,76,37.699,84.131,4.138,85.743
GAB,Gabon,2010,53.4,206.877,8356.747,67,39.0,84.521,4.153,86.185
GAB,Gabon,2011,51.3,261.376,10219.114,75,40.319,84.899,4.151,86.567
GAB,Gabon,2012,49.4,225.077,9296.966,82,41.656,85.267,4.086,86.884
GAB,Gabon,2013,47.3,261.295,9197.701,79,43.01,85.624,4.019,87.148
GAB,Gabon,2014,45.8,233.054,9201.363,70,44.378,85.966,3.953,87.624
GAB,Gabon,2015,44.4,187.273,7047.127,80,45.76,86.293,3.921,88.085
GAB,Gabon,2016,42.7,207.503,6677.07,75,47.155,86.606,3.921,88.545
GAB,Gabon,2017,41.4,192.475,6921.734,75,48.564,86.907,3.913,89.001
GAB,Gabon,2018,39.9,209.287,7624.278,70,49.986,87.196,3.908,89.454
GAB,Gabon,2019,38.5,205.999,7441.179,70,51.422,87.473,3.884,89.903
GAB,Gabon,2020,36.8,227.248,6605.803,63,52.872,87.739,3.831,90.348
GAB,Gabon,2021,35.8,228.469,8181.409,75,54.335,87.995,3.776,90.788
GAB,Gabon,2022,34.7,243.099,8409.207,60,55.812,88.242,3.712,91.224
GAB,Gabon,2023,33.8,252.982,7802.824,70,57.302,88.479,3.647,91.638
GBR,United Kingdom,2000,6.5,2020.968,28383.876,91,99.13,100,1.64,79.824
GBR,United Kingdom,2001,6.4,2074.599,28013.873,91,99.13,100.0,1.63,79.984
GBR,United Kingdom,2002,6.3,2364.047,30158.702,91,99.128,100,1.63,80.115
GBR,United Kingdom,2003,6.2,2773.994,34556.773,91,99.127,100,1.7,80.233
GBR,United Kingdom,2004,6.1,3361.656,40504.412,92,99.126,100,1.75,80.342
GBR,United Kingdom,2005,6,3528.162,42240.246,91,99.124,100.0,1.76,80.446
GBR,United Kingdom,2006,5.9,3802.563,44695.161,92,99.123,100.0,1.82,80.546
GBR,United Kingdom,2007,5.8,4415.512,50629.08,92,99.122,100.0,1.86,80.648
GBR,United Kingdom,2008,5.6,4280.361,47652.403,92,99.121,100,1.91,80.755
GBR,United Kingdom,2009,5.4,3813.028,39009.372,93,99.12,100,1.89,80.869
GBR,United Kingdom,2010,5.2,3876.339,39778.322,94,99.118,100,1.92,80.995
GBR,United Kingdom,2011,5,4123.7,42295.927,95,99.117,100,1.91,81.136
GBR,United Kingdom,2012,4.8,4204.083,42688.326,95,99.116,100.0,1.92,81.291
GBR,United Kingdom,2013,4.6,4340.17,43607.664,95,99.115,100,1.83,81.457
GBR,United Kingdom,2014,4.5,4733.371,47746.981,95,99.114,100,1.81,81.636
GBR,United Kingdom,2015,4.5,4470.092,45256.04,95,99.113,100,1.8,81.824
GBR,United Kingdom,2016,4.4,4043.353,41258.537,94,99.111,100.0,1.79,82.023
GBR,United Kingdom,2017,4.4,3938.652,40918.052,94,99.11,100.0,1.74,82.231
GBR,United Kingdom,2018,4.4,4233.63,43704.316,94,99.109,100.0,1.68,82.447
GBR,United Kingdom,2019,4.4,4260.032,43160.684,93,99.108,100,1.632,82.67
GBR,United Kingdom,2020,4.4,4865.978,40815.126,93,99.107,100,1.571,82.9
GBR,United Kingdom,2021,4.4,5645.401,47695.649,93,99.106,100,1.583,82.989
GBR,United Kingdom,2022,4.5,5111.817,47034.78,92,99.105,100,1.56,83.075
GBR,United Kingdom,2023,4.6,5407.17,49919.69,92,99.104,100,1.56,83.16
GEO,Georgia,2000,35.8,52.258,749.909,80,76.039,94.06,1.609,52.494
GEO,Georgia,2001,33.4,56.368,801.984,87,76.346,94.162,1.579,52.41
GEO,Georgia,2002,30.9,66.089,853.526,84,76.731,94.292,1.571,52.413
GEO,Georgia,2003,28.3,80.654,1010.032,75,77.208,94.453,1.552,52.514
GEO,Georgia,2004,25.8,105.096,1305.047,78,77.862,94.598,1.566,52.717
GEO,Georgia,2005,23.3,132.225,1642.784,82,78.515,94.741,1.583,53.004
GEO,Georgia,2006,21,152.062,1996.02,88,79.167,94.884,1.617,53.359
GEO,Georgia,2007,19,195.991,2635.367,98,79.818,95.024,1.697,53.771
GEO,Georgia,2008,17.1,281.847,3324.754,92,80.466,95.164,1.832,54.223
GEO,Georgia,2009,15.5,270.217,2822.689,88,81.113,95.302,1.993,54.703
GEO,Georgia,2010,14.2,287.759,3281.729,92,81.759,95.438,1.973,55.197
GEO,Georgia,2011,13.1,315.297,4119.668,94,82.403,95.574,1.915,55.69
GEO,Georgia,2012,12.2,349.904,4530.695,92,83.046,95.708,1.929,56.168
GEO,Georgia,2013,11.5,368.163,4712.002,93,83.686,95.84,1.993,56.618
GEO,Georgia,2014,11,392.861,4830.335,91,84.326,95.972,2.18,57.024
GEO,Georgia,2015,10.6,347.718,4086.622,94,84.963,96.101,2.214,57.38
GEO,Georgia,2016,10.2,369.518,4143.401,92,85.601,96.231,2.228,57.698
GEO,Georgia,2017,10,377.925,4418.752,91,86.238,96.359,2.136,58.0
GEO,Georgia,2018,9.8,365.916,4804.055,93,86.875,96.486,2.093,58.304
GEO,Georgia,2019,9.6,339.867,4741.283,94,87.511,96.613,2.021,58.63
GEO,Georgia,2020,9.4,389.423,4300.857,88,88.147,96.738,1.976,58.999
GEO,Georgia,2021,9.2,524.324,5083.607,85,88.782,96.878,1.98,59.429
GEO,Georgia,2022,9,546.225,6729.847,85,89.416,97.016,1.82,60.01
GEO,Georgia,2023,8.8,554.325,8283.67,88,90.049,97.154,1.81,60.752
GHA,Ghana,2000,99.9,10.46,253.747,88,5.723,65.517,4.827,43.937
GHA,Ghana,2001,95.8,12.151,263.542,79,5.811,66.272,4.768,44.641
GHA,Ghana,2002,91.9,14.304,297.462,78,6.75,67.287,4.687,45.348
GHA,Ghana,2003,88.2,18.964,358.399,80,7.709,68.304,4.597,46.055
GHA,Ghana,2004,85,23.572,406.132,80,8.685,69.323,4.504,46.757
GHA,Ghana,2005,82,38.517,478.612,84,9.68,70.343,4.496,47.453
GHA,Ghana,2006,79.1,49.346,906.441,84,10.693,71.365,4.399,48.139
GHA,Ghana,2007,76.2,57.341,1050.125,94,11.723,72.389,4.288,48.813
GHA,Ghana,2008,73.1,63.455,1182.658,93,12.771,73.415,4.217,49.471
GHA,Ghana,2009,69.8,62.444,1047.704,94,13.835,74.442,4.179,50.111
GHA,Ghana,2010,66.5,80.683,1263.893,94,14.916,75.471,4.181,50.73
GHA,Ghana,2011,63.3,91.71,1507.436,91,16.014,76.502,4.177,51.33
GHA,Ghana,2012,60.3,81.969,1543.775,92,17.127,77.533,4.154,51.92
GHA,Ghana,2013,57.5,105.348,2294.796,90,18.255,78.565,4.114,52.499
GHA,Ghana,2014,54.9,78.467,1949.908,98,19.398,79.598,4.029,53.066
GHA,Ghana,2015,52.5,78.216,1722.773,89,20.556,80.631,3.982,53.623
GHA,Ghana,2016,50.3,64.864,1912.48,93,21.729,81.665,3.873,54.167
GHA,Ghana,2017,48.2,54.106,2012.287,99,22.915,82.7,3.715,54.699
GHA,Ghana,2018,46.1,53.378,2195.322,97,24.114,83.734,3.65,55.218
GHA,Ghana,2019,44.1,71.15,2186.658,97,25.327,84.77,3.593,55.725
GHA,Ghana,2020,42.2,97.377,2195.455,94,26.553,85.805,3.541,56.217
GHA,Ghana,2021,40.3,94.404,2445.187,98,27.792,86.841,3.492,56.695
GHA,Ghana,2022,38.6,82.321,2229.891,99,29.042,87.878,3.434,57.251
GHA,Ghana,2023,37.2,70.257,2383.904,95,30.305,88.891,3.397,57.807
GIN,Guinea,2000,165.7,22.717,518.157,46,9.162,49.753,5.918,30.923
GIN,Guinea,2001,159,21.769,483.085,50,9.886,50.504,5.834,31.218
GIN,Guinea,2002,152.7,24.839,495.916,53,10.611,51.252,5.781,31.513
GIN,Guinea,2003,146.9,25.602,566.485,57,11.338,52.0,5.744,31.809
GIN,Guinea,2004,141.6,26.414,584.898,60,12.207,52.745,5.733,32.103
GIN,Guinea,2005,137,19.664,463.178,59,13.095,53.489,5.727,32.396
GIN,Guinea,2006,133.1,16.16,446.981,57,14.003,54.232,5.704,32.687
GIN,Guinea,2007,129.7,22.641,650.149,63,14.929,54.972,5.664,32.974
GIN,Guinea,2008,126.9,22.974,703.533,60,15.876,55.711,5.596,33.257
GIN,Guinea,2009,124.4,23.716,662.186,57,16.841,56.448,5.528,33.535
GIN,Guinea,2010,122.2,22.597,659.235,64,17.826,57.184,5.435,33.808
GIN,Guinea,2011,120.3,24.128,636.695,63,18.83,58.36,5.337,34.073
GIN,Guinea,2012,118.4,23.7,699.353,59,19.854,59.546,5.232,34.331
GIN,Guinea,2013,116.6,25.905,748.455,56,20.896,60.741,5.151,34.581
GIN,Guinea,2014,115.4,36.635,765.147,52,21.959,61.945,5.07,34.818
GIN,Guinea,2015,113.7,43.415,747.357,48,23.043,63.163,5.002,35.037
GIN,Guinea,2016,111.4,38.426,711.997,47,24.15,64.394,4.915,35.31
GIN,Guinea,2017,109.5,32.636,833.599,49,25.279,65.638,4.793,35.583
GIN,Guinea,2018,107.5,34.89,933.274,51,26.432,66.895,4.669,35.855
GIN,Guinea,2019,105.4,42.169,1031.341,53,27.606,68.165,4.576,36.128
GIN,Guinea,2020,102.9,41.103,1053.661,54,28.805,69.448,4.489,36.48
GIN,Guinea,2021,100.3,44.105,1244.966,56,30.026,70.744,4.399,36.85
GIN,Guinea,2022,97.6,53.292,1416.596,58,31.271,72.053,4.303,37.238
GIN,Guinea,2023,95,59.33,1555.494,60,32.539,73.374,4.217,37.645
GMB,"Gambia, The",2000,112.8,74.837,538.054,80,51.063,71.752,5.716,46.972
GMB,"Gambia, The",2001,108.1,55.65,459.803,87,49.914,72.471,5.67,48.349
GMB,"Gambia, The",2002,103.6,35.995,376.531,87,48.788,73.187,5.656,49.573
GMB,"Gambia, The",2003,99.2,28.3,308.719,87,47.724,73.894,5.656,50.601
GMB,"Gambia, The",2004,94.9,32.156,593.285,87,46.695,74.572,5.683,51.506
GMB,"Gambia, The",2005,90.7,33.204,616.484,95,46.578,75.248,5.708,52.358
GMB,"Gambia, The",2006,86.8,33.414,614.544,95,46.486,75.922,5.736,53.16
GMB,"Gambia, The",2007,83,35.911,724.726,95,46.419,76.593,5.685,53.92
GMB,"Gambia, The",2008,79.4,40.03,859.128,96,46.374,77.263,5.625,54.643
GMB,"Gambia, The",2009,76,34.593,774.888,98,46.353,77.93,5.574,55.338
GMB,"Gambia, The",2010,72.7,32.998,801.033,97,46.355,78.594,5.558,56.011
GMB,"Gambia, The",2011,69.7,31.051,710.608,96,46.378,79.256,5.542,56.67
GMB,"Gambia, The",2012,66.8,29.564,692.579,98,46.421,79.915,5.519,57.321
GMB,"Gambia, The",2013,64,25.591,653.863,97,46.484,80.571,5.392,57.97
GMB,"Gambia, The",2014,61.4,17.337,568.005,96,46.566,81.224,5.197,58.614
GMB,"Gambia, The",2015,58.9,19.677,619.536,97,46.665,81.874,5.003,59.246
GMB,"Gambia, The",2016,56.6,20.771,650.057,95,46.779,82.52,4.809,59.865
GMB,"Gambia, The",2017,54.3,21.553,642.523,92,46.907,83.162,4.614,60.472
GMB,"Gambia, The",2018,52.3,22.175,696.22,93,47.049,83.801,4.42,61.065
GMB,"Gambia, The",2019,50.4,23.219,738.187,88,47.201,84.436,4.33,61.643
GMB,"Gambia, The",2020,48.6,28.917,720.335,85,47.365,85.068,4.248,62.207
GMB,"Gambia, The",2021,47,29.773,781.891,82,47.536,85.696,4.165,62.755
GMB,"Gambia, The",2022,45.3,29.578,836.245,79,47.716,86.321,4.078,63.287
GMB,"Gambia, The",2023,43.8,25.744,883.024,84,47.946,86.716,4.006,63.802
GNB,Guinea-Bissau,2000,174.8,13.279,316.945,49,4.534,55.18,5.786,36.841
GNB,Guinea-Bissau,2001,169.3,13.507,327.138,53,5.016,55.636,5.688,37.163
GNB,Guinea-Bissau,2002,163.6,14.021,362.035,57,5.729,56.077,5.634,37.473
GNB,Guinea-Bissau,2003,157.7,14.701,419.785,60,6.754,56.503,5.577,37.777
GNB,Guinea-Bissau,2004,151.6,18.423,431.377,64,7.782,56.913,5.5,38.078
GNB,Guinea-Bissau,2005,145.3,20.999,463.074,68,8.878,57.308,5.46,38.38
GNB,Guinea-Bissau,2006,139.1,22.777,448.513,71,9.99,57.689,5.406,38.687
GNB,Guinea-Bissau,2007,132.8,25.568,519.07,74,11.116,58.054,5.365,39.003
GNB,Guinea-Bissau,2008,126.5,34.267,640.21,77,12.258,58.403,5.266,39.332
GNB,Guinea-Bissau,2009,120.2,26.889,583.19,80,13.415,58.737,5.176,39.672
GNB,Guinea-Bissau,2010,114.3,29.237,600.194,83,14.589,59.056,5.111,40.01
GNB,Guinea-Bissau,2011,108.6,44.729,719.54,86,15.778,59.36,5.067,40.439
GNB,Guinea-Bissau,2012,103.6,37.755,635.462,87,16.984,59.649,5.003,40.869
GNB,Guinea-Bissau,2013,99.1,46.059,654.305,87,18.207,59.922,4.93,41.298
GNB,Guinea-Bissau,2014,95.2,65.0,652.023,86,19.446,60.18,4.79,41.727
GNB,Guinea-Bissau,2015,91.6,52.459,645.067,86,20.703,60.423,4.661,42.157
GNB,Guinea-Bissau,2016,88.2,56.608,679.665,85,21.977,60.65,4.519,42.586
GNB,Guinea-Bissau,2017,85.1,54.823,783.123,79,23.268,60.861,4.347,43.016
GNB,Guinea-Bissau,2018,82.2,58.874,808.532,82,24.578,61.057,4.241,43.445
GNB,Guinea-Bissau,2019,79.5,53.984,811.21,78,25.905,61.238,4.153,43.875
GNB,Guinea-Bissau,2020,76.7,67.888,846.918,74,27.25,61.402,4.075,44.304
GNB,Guinea-Bissau,2021,74.3,70.212,926.546,67,28.614,61.551,3.998,44.733
GNB,Guinea-Bissau,2022,72,68.01,881.603,74,28.723,61.636,3.911,45.163
GNB,Guinea-Bissau,2023,69.7,82.135,964.432,74,28.832,61.722,3.836,45.592
GNQ,Equatorial Guinea,2000,154.5,20.142,1487.317,35,54.791,51.098,5.834,38.815
GNQ,Equatorial Guinea,2001,150.2,29.592,1948.611,37,55.777,51.79,5.785,38.864
GNQ,Equatorial Guinea,2002,145.9,74.94,2264.211,39,56.747,52.542,5.731,39.197
GNQ,Equatorial Guinea,2003,141.5,86.829,2930.602,41,57.699,53.35,5.675,39.896
GNQ,Equatorial Guinea,2004,137,104.549,4901.301,43,58.634,54.215,5.618,40.93
GNQ,Equatorial Guinea,2005,132.3,122.755,8673.903,44,59.548,55.132,5.559,42.281
GNQ,Equatorial Guinea,2006,127.4,143.957,10184.884,46,60.444,56.101,5.498,43.93
GNQ,Equatorial Guinea,2007,122.6,179.5,12616.953,48,61.321,57.119,5.433,45.857
GNQ,Equatorial Guinea,2008,118,225.506,18210.555,50,62.178,58.184,5.363,48.044
GNQ,Equatorial Guinea,2009,113.5,248.962,13232.502,52,63.014,59.292,5.288,50.472
GNQ,Equatorial Guinea,2010,109.4,237.858,13720.166,54,63.831,60.441,5.209,53.122
GNQ,Equatorial Guinea,2011,105.6,265.385,17198.214,54,64.628,61.63,5.126,55.974
GNQ,Equatorial Guinea,2012,102,280.901,17308.572,54,65.406,62.854,5.04,59.011
GNQ,Equatorial Guinea,2013,98.6,286.337,16304.071,53,66.047,63.672,4.952,62.212
GNQ,Equatorial Guinea,2014,95.3,290.536,15548.662,53,66.115,63.926,4.863,65.559
GNQ,Equatorial Guinea,2015,92.1,222.817,9068.91,40,66.183,64.179,4.774,68.951
GNQ,Equatorial Guinea,2016,89,221.492,7453.198,53,66.249,64.426,4.686,69.253
GNQ,Equatorial Guinea,2017,86.1,223.435,7809.105,56,66.313,64.666,4.599,69.552
GRC,Greece,2000,6.4,885.411,11638.201,89,97.876,99.758,1.25,72.666
GRC,Greece,2001,6,1004.815,12156.957,91,97.945,99.774,1.25,72.846
GRC,Greece,2002,5.6,1168.824,13782.196,92,98.02,99.792,1.28,73.098
GRC,Greece,2003,5.2,1566.41,18020.612,94,98.093,99.809,1.29,73.432
GRC,Greece,2004,4.9,1782.696,21449.255,95,98.165,99.826,1.31,73.827
GRC,Greece,2005,4.6,1935.268,22054.132,96,98.237,99.843,1.34,74.262
GRC,Greece,2006,4.3,2052.875,24416.023,98,98.307,99.859,1.4,74.718
GRC,Greece,2007,4.1,2426.76,28440.763,99,98.376,99.875,1.41,75.175
GRC,Greece,2008,4,2840.509,31695.833,99,98.445,99.89,1.5,75.615
GRC,Greece,2009,4,2809.06,29425.457,99,98.512,99.905,1.5,76.017
GRC,Greece,2010,3.9,2564.37,26653.049,99,98.578,99.92,1.48,76.363
GRC,Greece,2011,4,2338.916,25504.787,99,98.643,99.934,1.4,76.635
GRC,Greece,2012,4,1948.248,21624.346,99,98.708,99.948,1.34,76.868
GRC,Greece,2013,4.1,1832.03,21573.345,99,98.771,99.962,1.29,77.095
GRC,Greece,2014,4.2,1700.494,21474.726,99,98.834,99.975,1.3,77.313
GRC,Greece,2015,4.3,1481.42,17980.73,99,98.896,99.989,1.33,77.519
GRC,Greece,2016,4.3,1513.259,17919.243,99,98.956,100.0,1.38,77.712
GRC,Greece,2017,4.3,1509.784,18631.993,99,98.983,100.0,1.35,77.89
GRC,Greece,2018,4.2,1603.078,19873.402,99,98.987,100,1.35,78.049
GRC,Greece,2019,4.1,1569.028,19335.36,99,98.99,100.0,1.34,78.189
GRC,Greece,2020,4.1,1674.784,17886.733,99,98.994,100.0,1.39,78.307
GRC,Greece,2021,4,1846.373,20652.897,99,98.997,100,1.43,78.388
GRC,Greece,2022,4,1768.111,20884.677,98,99.001,100.0,1.32,78.55
GRC,Greece,2023,3.9,1962.596,23343.71,95,99.004,100.0,1.26,78.775
GRD,Grenada,2000,15.5,259.338,4839.828,97,88.572,93.308,2.441,35.87
GRD,Grenada,2001,15.3,271.038,4819.508,96,89.084,93.54,2.421,35.92
GRD,Grenada,2002,15.1,307.844,4984.474,98,89.595,93.772,2.378,35.92
GRD,Grenada,2003,14.9,286.905,5427.964,97,90.105,94.005,2.332,35.919
GRD,Grenada,2004,14.8,294.124,5480.261,83,90.614,94.237,2.285,35.918
GRD,Grenada,2005,14.8,326.092,6338.56,99,91.121,94.469,2.242,35.916
GRD,Grenada,2006,14.9,324.321,6344.038,91,91.628,94.702,2.195,35.912
GRD,Grenada,2007,14.9,359.535,6864.548,96,92.133,94.934,2.154,35.906
GRD,Grenada,2008,15.1,401.151,7448.204,99,92.637,95.166,2.116,35.898
GRD,Grenada,2009,15.4,376.684,6932.565,99,93.139,95.398,2.078,35.888
GRD,Grenada,2010,15.7,374.465,6909.602,97,93.641,95.631,2.038,35.874
GRD,Grenada,2011,16,403.171,6947.381,95,93.548,95.863,2.006,35.86
GRD,Grenada,2012,16.4,413.027,7092.72,97,93.455,95.971,1.967,35.865
GRD,Grenada,2013,16.8,417.746,7424.802,97,93.362,95.629,1.913,35.879
GRD,Grenada,2014,17.2,381.226,7986.334,97,93.269,95.629,1.799,35.901
GRD,Grenada,2015,17.5,404.007,8694.124,92,93.177,95.629,1.715,35.932
GRD,Grenada,2016,17.8,409.278,9221.235,96,93.084,95.629,1.616,35.971
GRD,Grenada,2017,18.1,454.073,9751.427,96,92.991,95.629,1.438,36.017
GTM,Guatemala,2000,51.8,83.619,1648.966,81,61.067,87.509,4.583,43.243
GTM,Guatemala,2001,49.7,100.02,1537.687,77,61.562,87.775,4.502,44.678
GTM,Guatemala,2002,47.7,107.62,1669.335,82,62.045,88.039,4.371,45.775
GTM,Guatemala,2003,45.9,113.383,1722.547,84,62.509,88.297,4.25,46.587
GTM,Guatemala,2004,44.1,122.163,1840.912,87,62.958,88.55,4.134,47.327
GTM,Guatemala,2005,42.4,132.419,2046.466,87,63.396,88.8,3.974,48.056
GTM,Guatemala,2006,40.7,149.043,2225.123,89,63.823,89.048,3.845,48.768
GTM,Guatemala,2007,39.1,158.894,2458.816,85,64.241,89.294,3.716,49.457
GTM,Guatemala,2008,37.5,175.673,2763.06,95,64.648,89.538,3.571,50.117
GTM,Guatemala,2009,36,169.376,2611.646,92,65.045,89.778,3.465,50.742
GTM,Guatemala,2010,34.5,175.313,2805.26,94,65.433,90.017,3.375,51.327
GTM,Guatemala,2011,33.1,191.247,3168.984,88,65.81,90.253,3.292,51.866
GTM,Guatemala,2012,31.8,200.849,3286.62,96,66.178,90.487,3.219,52.352
GTM,Guatemala,2013,30.4,198.793,3444.158,96,66.539,90.72,3.151,52.781
GTM,Guatemala,2014,29.2,217.238,3689.145,74,66.894,90.952,3.088,53.146
GTM,Guatemala,2015,28.1,233.845,3893.505,70,67.242,91.183,3.029,53.441
GTM,Guatemala,2016,27,246.454,4060.138,83,67.584,91.412,2.973,53.661
GTM,Guatemala,2017,26.1,265.366,4324.998,91,67.92,91.64,2.857,53.799
GTM,Guatemala,2018,25.1,265.818,4352.946,85,68.249,91.866,2.743,53.846
GTM,Guatemala,2019,24.3,278.59,4511.998,88,68.571,92.091,2.593,54.188
GTM,Guatemala,2020,23.5,289.216,4477.618,90,68.886,92.314,2.47,54.548
GTM,Guatemala,2021,22.7,361.519,4912.622,80,69.462,92.535,2.388,54.905
GTM,Guatemala,2022,21.9,384.062,5356.924,81,70.035,92.754,2.343,55.258
GTM,Guatemala,2023,21.2,392.012,5754.428,88,70.604,92.97,2.311,55.608
GUY,Guyana,2000,46.7,62.376,931.797,88,77.374,89.321,3.057,28.761
GUY,Guyana,2001,45.6,60.099,931.575,85,77.923,89.599,2.958,28.619
GUY,Guyana,2002,44.5,65.041,950.867,91,78.474,89.878,2.844,28.48
GUY,Guyana,2003,43.4,68.199,973.743,90,79.014,90.147,2.75,28.308
GUY,Guyana,2004,42.5,74.692,1033.31,91,79.638,90.416,2.681,28.067
GUY,Guyana,2005,41.6,85.357,1084.065,93,80.265,90.687,2.648,27.776
GUY,Guyana,2006,40.7,98.343,3135.606,93,80.894,90.96,2.659,27.46
GUY,Guyana,2007,39.9,125.793,3608.287,94,81.525,91.236,2.681,27.146
GUY,Guyana,2008,39.1,138.7,4008.963,93,82.159,91.514,2.697,26.857
GUY,Guyana,2009,38.3,150.217,4209.132,98,82.795,91.794,2.694,26.62
GUY,Guyana,2010,37.6,162.704,4581.762,95,83.434,92.077,2.684,26.459
GUY,Guyana,2011,36.8,186.114,4947.222,93,84.075,92.363,2.694,26.4
GUY,Guyana,2012,36,201.888,5444.398,97,84.731,92.661,2.701,26.4
GUY,Guyana,2013,35.2,211.291,5556.912,98,85.389,92.959,2.711,26.4
GUY,Guyana,2014,34.3,216.038,5472.688,98,86.048,93.258,2.695,26.402
GUY,Guyana,2015,33.3,226.894,5640.416,95,86.708,93.557,2.667,26.404
GUY,Guyana,2016,32.4,235.917,5870.878,97,87.369,93.857,2.634,26.408
GUY,Guyana,2017,31.4,266.864,6178.665,97,88.032,94.156,2.593,26.413
GUY,Guyana,2018,30.5,296.669,6048.387,95,88.695,94.455,2.553,26.419
GUY,Guyana,2019,29.6,314.098,6405.824,99,89.359,94.754,2.521,26.426
GUY,Guyana,2020,28.6,364.201,6775.709,99,90.023,95.052,2.491,26.434
GUY,Guyana,2021,27.8,457.866,9860.87,98,90.688,95.349,2.462,26.443
GUY,Guyana,2022,26.9,452.238,17913.493,98,91.301,95.645,2.437,26.454
GUY,Guyana,2023,26,505.032,20473.7,98,91.305,95.645,2.412,26.465
HND,Honduras,2000,37.3,68.484,1092.564,94,64.509,85.701,4.289,45.323
HND,Honduras,2001,35.6,67.137,1132.165,96,65.51,86.204,4.153,45.862
HND,Honduras,2002,34,70.72,1132.5,95,66.535,86.729,4,46.419
HND,Honduras,2003,32.5,79.655,1156.082,92,67.556,87.203,3.844,46.99
HND,Honduras,2004,31.1,83.296,1215.14,94,68.572,87.672,3.71,47.574
HND,Honduras,2005,29.8,97.864,1304.7,98,69.582,88.134,3.577,48.17
HND,Honduras,2006,28.6,112.117,1425.848,95,70.586,88.59,3.449,48.779
HND,Honduras,2007,27.4,127.559,1577.738,94,71.584,89.041,3.351,49.399
HND,Honduras,2008,26.4,149.057,1732.491,93,72.576,89.485,3.26,50.031
HND,Honduras,2009,25.4,160.231,1781.157,97,73.563,89.923,3.173,50.674
HND,Honduras,2010,24.4,165.2,1893.327,97,74.544,90.355,3.078,51.327
HND,Honduras,2011,23.5,182.314,2073.661,97,75.519,90.78,2.998,51.991
HND,Honduras,2012,22.7,184.042,2126.035,98,76.488,91.2,2.927,52.664
HND,Honduras,2013,21.9,176.422,2081.128,99,77.452,91.613,2.855,53.356
HND,Honduras,2014,21.1,172.528,2179.882,99,78.41,92.021,2.793,53.877
HND,Honduras,2015,20.3,169.972,2271.203,98,79.361,92.421,2.746,54.383
HND,Honduras,2016,19.6,177.884,2307.345,95,80.307,92.816,2.704,54.887
HND,Honduras,2017,18.9,169.072,2413.008,90,81.248,93.204,2.663,55.388
HND,Honduras,2018,18.2,178.149,2464.642,91,82.182,93.586,2.645,55.885
HND,Honduras,2019,17.7,183.75,2502.327,88,83.111,93.961,2.611,56.379
HND,Honduras,2020,17.1,212.742,2307.615,80,84.034,94.33,2.577,56.869
HND,Honduras,2021,16.5,253.633,2735.148,77,84.951,94.693,2.548,57.355
HND,Honduras,2022,16,244.904,3003.29,78,85.863,95.09,2.522,57.836
HND,Honduras,2023,15.5,249.153,3227.458,73,86.77,95.435,2.5,58.313
HRV,Croatia,2000,8.3,385.783,4953.575,93,98.451,98.645,1.39,55.682
HRV,Croatia,2001,8,387.813,5364.882,94,98.454,98.651,1.46,55.691
HRV,Croatia,2002,7.7,386.418,6219.561,95,98.293,98.763,1.42,55.675
HRV,Croatia,2003,8.2,511.997,8189.991,94,98.074,98.873,1.41,55.639
HRV,Croatia,2004,7.1,633.982,9718.928,96,97.855,98.979,1.43,55.589
HRV,Croatia,2005,6.7,726.611,10443.448,96,97.636,99.085,1.5,55.531
HRV,Croatia,2006,6.4,815.391,11501.233,96,97.419,99.19,1.47,55.469
HRV,Croatia,2007,6.2,1040.45,13755.815,96,97.202,99.293,1.48,55.408
HRV,Croatia,2008,5.9,1258.096,15888.118,96,96.986,99.397,1.47,55.353
HRV,Croatia,2009,5.7,1187.343,14474.525,96,96.77,99.499,1.5,55.31
HRV,Croatia,2010,5.5,1126.82,13729.747,97,96.556,99.6,1.46,55.282
HRV,Croatia,2011,5.3,1134.889,14691.592,96,96.342,99.701,1.41,55.277
HRV,Croatia,2012,5.2,1034.021,13507.635,96,96.129,99.801,1.52,55.304
HRV,Croatia,2013,5.1,894.071,14135.09,96,95.918,99.9,1.46,55.366
HRV,Croatia,2014,5,915.269,14186.771,95,95.708,99.901,1.46,55.459
HRV,Croatia,2015,4.9,803.416,12283.875,94,95.719,99.901,1.41,55.581
HRV,Croatia,2016,4.9,851.925,12820.187,93,95.731,99.901,1.43,55.729
HRV,Croatia,2017,4.8,919.224,13901.65,92,95.743,99.901,1.42,55.901
HRV,Croatia,2018,4.8,1045.149,15460.456,93,95.755,99.901,1.47,56.093
HRV,Croatia,2019,4.7,1063.544,15563.735,94,95.767,99.902,1.47,56.303
HRV,Croatia,2020,4.7,1123.38,14807.556,94,95.78,99.902,1.48,56.528
HRV,Croatia,2021,4.6,1423.529,17788.76,92,95.794,99.902,1.62,56.768
HTI,Haiti,2000,102.9,30.359,820.6,44,19.44,54.391,4.39,36.841
HTI,Haiti,2001,99.4,27.393,748.821,47,20.125,55.637,4.248,38.387
HTI,Haiti,2002,96.2,22.366,720.97,51,20.803,56.869,4.125,39.971
HTI,Haiti,2003,93.3,18.609,578.995,54,21.471,58.083,4.047,41.201
HTI,Haiti,2004,90.7,24.041,683.185,57,22.0,58.97,3.943,41.871
HTI,Haiti,2005,88.4,25.259,775.846,60,22.505,59.805,3.835,42.579
HTI,Haiti,2006,86.2,29.119,828.806,61,23.002,60.625,3.761,43.285
HTI,Haiti,2007,84.1,37.596,984.567,63,23.49,61.429,3.687,43.987
HTI,Haiti,2008,82.2,40.446,1094.661,64,23.968,62.217,3.621,44.685
HTI,Haiti,2009,80.2,41.399,1196.853,65,24.437,62.989,3.565,45.379
HTI,Haiti,2010,137.7,55.735,1209.727,67,24.895,63.744,3.497,46.068
HTI,Haiti,2011,76.5,77.122,1312.04,68,25.344,64.483,3.431,46.752
HTI,Haiti,2012,74.6,75.085,1361.394,66,25.781,65.206,3.321,47.431
HTI,Haiti,2013,72.8,59.383,1457.832,65,26.208,65.911,3.221,48.105
HTI,Haiti,2014,70.9,65.109,1460.189,63,26.623,66.599,3.164,48.772
HTI,Haiti,2015,69.1,68.505,1411.127,64,27.027,67.27,3.11,49.433
HTI,Haiti,2016,67.2,60.068,1318.403,59,27.418,67.92,3.054,50.088
HTI,Haiti,2017,65.3,53.806,1395.239,60,27.794,68.547,2.985,50.735
HTI,Haiti,2018,63.4,62.301,1496.38,57,28.157,69.152,2.924,51.375
HTI,Haiti,2019,61.5,49.33,1352.172,54,28.506,69.736,2.862,52.007
HTI,Haiti,2020,59.8,52.216,1290.325,58,28.658,70.488,2.804,52.631
HTI,Haiti,2021,58.1,59.894,1824.68,48,28.793,71.222,2.748,53.246
HTI,Haiti,2022,56.2,52.284,1748.409,48,28.913,71.937,2.699,53.852
HTI,Haiti,2023,54.4,54.415,1681.844,54,29.018,72.635,2.656,54.45
HUN,Hungary,2000,10.1,313.109,4629.918,99,98.044,93.896,1.32,64.26
HUN,Hungary,2001,9.5,359.698,5280.949,99,98.043,94.194,1.31,64.647
HUN,Hungary,2002,9,473.128,6658.045,99,98.04,94.513,1.3,65.04
HUN,Hungary,2003,8.4,682.866,8410.092,99,98.036,94.83,1.27,64.845
HUN,Hungary,2004,8,798.454,10291.269,99,98.033,95.143,1.28,65.023
HUN,Hungary,2005,7.5,895.203,11212.205,99,98.029,95.457,1.31,66.126
HUN,Hungary,2006,7.2,893.203,11478.489,99,98.025,95.772,1.34,67.016
HUN,Hungary,2007,6.8,1003.258,13934.605,99,98.021,96.081,1.32,67.004
HUN,Hungary,2008,6.5,1117.202,15762.632,99,98.016,96.387,1.35,68.098
HUN,Hungary,2009,6.2,943.688,13051.183,99,98.012,96.689,1.32,68.459
HUN,Hungary,2010,6,983.111,13189.843,99,98.008,96.984,1.25,69.531
HUN,Hungary,2011,5.9,1063.432,14211.461,99,98.005,97.276,1.23,69.478
HUN,Hungary,2012,5.7,961.138,12950.159,99,98.002,97.56,1.34,69.577
HUN,Hungary,2013,5.6,991.987,13739.462,99,98.0,97.84,1.36,69.928
HUN,Hungary,2014,5.3,1008.93,14352.502,99,97.998,98.118,1.45,70.307
HUN,Hungary,2015,5.1,874.041,12782.941,99,97.995,98.394,1.46,70.485
HUN,Hungary,2016,4.7,918.945,13215.861,99,97.993,98.668,1.55,70.473
HUN,Hungary,2017,4.5,990.908,14736.167,99,97.991,98.94,1.56,70.454
HUN,Hungary,2018,4.3,1087.646,16605.057,99,97.989,99.21,1.57,70.471
HUN,Hungary,2019,4.1,1062.159,17012.86,99,97.986,99.478,1.58,70.457
HUN,Hungary,2020,4,1182.541,16386.931,99,97.984,99.744,1.61,70.292
HUN,Hungary,2021,4,1392.975,19030.628,99,97.981,99.972,1.63,70.206
HUN,Hungary,2022,3.9,1228.002,18428.029,99,97.979,100.0,1.57,70.159
HUN,Hungary,2023,3.8,1419.875,22208.651,99,97.976,100,1.55,70.292
IDN,Indonesia,2000,51.4,15.391,763.711,75,41.583,75.776,2.503,41.986
IDN,Indonesia,2001,49,16.873,732.307,76,43.534,76.775,2.466,42.902
IDN,Indonesia,2002,46.7,18.978,881.003,70,45.501,77.765,2.436,43.782
IDN,Indonesia,2003,44.6,25.511,1043.211,71,47.482,78.745,2.41,44.63
IDN,Indonesia,2004,48.6,25.983,1126.84,71,49.477,79.715,2.415,45.448
IDN,Indonesia,2005,40.7,34.098,1238.214,72,51.484,80.674,2.452,46.237
IDN,Indonesia,2006,38.9,44.397,1558.316,72,53.502,81.623,2.457,47.002
IDN,Indonesia,2007,37.2,55.997,1823.22,73,55.53,82.561,2.476,47.743
IDN,Indonesia,2008,35.6,59.243,2124.555,77,57.568,83.49,2.44,48.464
IDN,Indonesia,2009,34.1,62.402,2218.485,78,59.613,84.391,2.442,49.168
IDN,Indonesia,2010,32.6,85.56,3065.683,81,61.661,85.166,2.462,49.852
IDN,Indonesia,2011,31.2,107.005,3579.464,81,63.691,85.638,2.515,50.483
IDN,Indonesia,2012,29.9,105.854,3632.273,87,65.73,86.075,2.514,51.159
IDN,Indonesia,2013,28.6,102.338,3566.603,92,67.777,86.497,2.441,51.831
IDN,Indonesia,2014,27.3,102.005,3441.068,88,69.83,86.907,2.393,52.5
IDN,Indonesia,2015,26.1,96.157,3288.223,84,71.89,87.302,2.346,53.172
IDN,Indonesia,2016,25,106.4,3521.469,84,73.956,87.685,2.311,53.813
IDN,Indonesia,2017,23.8,110.326,3798.883,85,76.026,88.054,2.253,54.454
IDN,Indonesia,2018,22.8,110.716,3860.954,85,78.1,88.41,2.219,55.096
IDN,Indonesia,2019,21.8,118.224,4106.949,85,80.177,88.754,2.205,55.738
IDN,Indonesia,2020,20.8,131.823,3853.703,77,82.257,89.085,2.189,56.279
IDN,Indonesia,2021,19.9,158.898,4287.173,67,84.34,89.404,2.166,56.876
IDN,Indonesia,2022,19.1,127.444,4730.835,91,85.649,89.711,2.149,57.493
IDN,Indonesia,2023,18.4,131.777,4876.299,83,86.936,89.358,2.127,58.118
IND,India,2000,91.8,18.479,442.75,58,14.664,79.492,3.35,27.647
IND,India,2001,88.1,19.744,450.358,59,17.221,80.066,3.303,27.903
IND,India,2002,84.6,20.157,469.15,59,19.965,80.768,3.217,28.176
IND,India,2003,81.1,21.894,544.143,61,22.726,81.469,3.122,28.466
IND,India,2004,77.7,24.924,624.259,63,25.504,82.169,3.046,28.773
IND,India,2005,74.3,27.498,710.488,65,28.299,82.866,2.958,29.095
IND,India,2006,71,29.376,801.668,65,31.11,83.562,2.867,29.431
IND,India,2007,67.8,35.631,1021.887,64,33.938,84.255,2.775,29.781
IND,India,2008,64.5,37.654,992.52,70,36.783,84.947,2.711,30.144
IND,India,2009,61.2,38.06,1094.95,74,39.643,85.637,2.674,30.519
IND,India,2010,58.1,44.796,1347.519,79,42.519,86.325,2.598,30.904
IND,India,2011,55,48.182,1445.461,82,45.411,87.011,2.532,31.275
IND,India,2012,52,48.453,1429.322,82,48.321,87.695,2.47,31.59
IND,India,2013,49.1,55.469,1432.844,83,51.247,88.378,2.399,31.91
IND,India,2014,46.4,56.349,1553.884,85,54.191,89.059,2.293,32.229
IND,India,2015,43.7,58.124,1583.998,87,57.15,89.739,2.289,32.547
IND,India,2016,41.3,59.727,1707.509,88,60.124,90.416,2.284,32.865
IND,India,2017,39,56.668,1950.105,89,63.113,91.091,2.193,33.182
IND,India,2018,36.9,57.466,1966.255,90,66.115,91.763,2.184,33.498
IND,India,2019,34.9,60.691,2041.429,91,69.13,92.432,2.12,33.814
IND,India,2020,33,63.831,1907.043,85,72.048,93.098,2.047,34.129
IND,India,2021,31.2,75.55,2239.614,85,74.933,93.76,2.014,34.443
IND,India,2022,29.5,81.509,2279.981,93,77.816,94.419,1.994,34.756
IND,India,2023,28,84.687,2434.448,91,80.698,95.074,1.975,35.068
IRL,Ireland,2000,7.2,1564.838,26334.567,86,90.004,96.643,1.89,59.125
IRL,Ireland,2001,6.9,1823.735,28282.41,84,89.993,96.664,1.94,59.376
IRL,Ireland,2002,6.5,2200.357,32705.435,83,89.982,96.684,1.97,59.637
IRL,Ireland,2003,6.1,2910.932,41203.53,86,89.97,96.704,1.96,59.912
IRL,Ireland,2004,5.6,3483.161,47754.202,89,89.957,96.724,1.93,60.199
IRL,Ireland,2005,5.2,3938.191,50933.022,90,89.945,96.743,1.86,60.488
IRL,Ireland,2006,4.8,4147.133,54329.162,91,89.933,96.763,1.91,60.77
IRL,Ireland,2007,4.6,4858.645,61396.417,92,89.923,96.783,2.01,61.06
IRL,Ireland,2008,4.4,5638.779,61353.107,93,89.914,96.803,2.06,61.358
IRL,Ireland,2009,4.3,5502.888,52133.091,94,89.904,96.822,2.06,61.642
IRL,Ireland,2010,4.2,5133.455,48623.967,94,89.895,96.842,2.05,61.891
IRL,Ireland,2011,4.1,5538.002,52613.854,95,89.885,96.861,2.03,62.087
IRL,Ireland,2012,4,5187.272,49335.841,95,89.875,96.881,1.98,62.253
IRL,Ireland,2013,3.9,5295.521,52537.611,96,89.865,96.9,1.93,62.405
IRL,Ireland,2014,3.8,5309.904,57214.538,96,89.855,96.919,1.89,62.535
IRL,Ireland,2015,3.7,4575.849,64250.139,95,89.845,96.938,1.85,62.639
IRL,Ireland,2016,3.6,4746.937,64129.557,95,89.835,96.957,1.81,62.723
IRL,Ireland,2017,3.5,5023.511,72161.405,95,89.824,96.976,1.76,62.904
IRL,Ireland,2018,3.4,5494.986,80804.112,94,89.812,96.994,1.74,63.084
IRL,Ireland,2019,3.4,5454.312,81827.669,94,89.8,97.012,1.69,63.274
IRL,Ireland,2020,3.5,6073.105,86514.071,94,89.787,97.03,1.6,63.471
IRL,Ireland,2021,3.6,6754.075,103783.446,94,89.772,97.047,1.72,63.677
IRL,Ireland,2022,3.7,6407.923,105190.686,93,89.758,97.065,1.51,63.892
IRL,Ireland,2023,3.8,6877.938,106818.917,93,89.742,97.081,1.5,64.115
IRN,"Iran, Islamic Rep.",2000,36.4,79.891,1650.014,99,78.218,94.209,1.999,64.478
IRN,"Iran, Islamic Rep.",2001,34.3,93.23,1881.023,96,78.973,94.413,1.918,65.217
IRN,"Iran, Islamic Rep.",2002,32.3,104.641,1891.258,99,79.716,94.612,1.836,65.927
IRN,"Iran, Islamic Rep.",2003,30.3,115.519,2208.996,99,80.446,94.807,1.801,66.605
IRN,"Iran, Islamic Rep.",2004,28.3,139.759,2672.423,99,81.163,94.997,1.78,67.257
IRN,"Iran, Islamic Rep.",2005,26.5,169.815,3132.051,95,81.869,95.182,1.756,67.871
IRN,"Iran, Islamic Rep.",2006,24.7,192.076,3618.916,98,82.561,95.363,1.755,68.31
IRN,"Iran, Islamic Rep.",2007,23.1,237.51,4687.992,99,83.232,95.535,1.748,68.806
IRN,"Iran, Islamic Rep.",2008,21.7,288.858,5377.412,99,83.887,95.701,1.743,69.379
IRN,"Iran, Islamic Rep.",2009,20.4,354.257,5415.523,99,84.531,95.864,1.74,69.99
IRN,"Iran, Islamic Rep.",2010,19.3,424.605,6291.194,99,85.166,96.022,1.749,70.609
IRN,"Iran, Islamic Rep.",2011,18.3,505.333,8025.687,99,85.79,96.176,1.792,71.204
IRN,"Iran, Islamic Rep.",2012,17.5,500.218,8114.081,99,86.402,96.326,1.851,71.763
IRN,"Iran, Islamic Rep.",2013,16.8,412.028,6222.742,98,87.003,96.472,1.913,72.303
IRN,"Iran, Islamic Rep.",2014,16.1,395.028,5672.064,99,87.595,96.614,1.975,72.832
IRN,"Iran, Islamic Rep.",2015,15.5,423.29,4952.734,98,88.178,96.753,2.017,73.356
IRN,"Iran, Islamic Rep.",2016,14.9,433.92,5710.599,99,88.752,96.888,2.054,73.88
IRN,"Iran, Islamic Rep.",2017,14.4,457.225,6000.933,99,89.317,97.02,2.023,74.401
IRN,"Iran, Islamic Rep.",2018,13.9,244.217,4783.011,99,89.699,97.149,1.919,74.803
IRN,"Iran, Islamic Rep.",2019,13.4,223.643,3997.494,99,90.021,97.274,1.766,75.204
IRN,"Iran, Islamic Rep.",2020,13,184.909,3202.5,99,90.267,97.396,1.7,75.599
IRN,"Iran, Islamic Rep.",2021,12.6,196.669,4605.149,98,90.316,97.515,1.709,75.993
IRN,"Iran, Islamic Rep.",2022,12.1,250.233,4721.204,99,90.365,97.63,1.704,76.334
IRN,"Iran, Islamic Rep.",2023,11.7,267.059,5049.299,99,90.412,97.743,1.695,76.676
IRQ,Iraq,2003,41.6,26.983,817.888,75,72.214,83.515,4.581,68.052
IRQ,Iraq,2004,40.7,51.815,1328.372,74,72.781,84.404,4.527,68.22
IRQ,Iraq,2005,39.7,53.055,1762.394,65,74.445,85.293,4.446,68.391
IRQ,Iraq,2006,38.8,56.765,2276.554,59,76.122,86.182,4.459,68.559
IRQ,Iraq,2007,37.7,100.594,3128.99,57,77.812,87.07,4.404,68.716
IRQ,Iraq,2008,36.7,139.288,4542.966,69,79.514,87.958,4.373,68.857
IRQ,Iraq,2009,35.6,140.123,3714.712,78,81.229,88.845,4.378,68.974
IRQ,Iraq,2010,34.5,144.541,4461.752,74,82.966,89.748,4.457,69.058
IRQ,Iraq,2011,33.4,161.898,5775.542,81,84.719,90.656,4.588,69.125
IRQ,Iraq,2012,32.4,174.483,6477.596,72,86.483,91.56,4.544,69.222
IRQ,Iraq,2013,31.3,186.787,6650.353,73,88.256,92.46,4.441,69.444
IRQ,Iraq,2014,30.3,178.981,6249.392,73,90.041,93.356,4.31,69.667
IRQ,Iraq,2015,29.3,149.08,4440.142,68,91.835,94.248,4.08,69.921
IRQ,Iraq,2016,28.4,199.886,4334.421,71,93.64,95.136,3.843,69.912
IRQ,Iraq,2017,27.5,197.237,4759.285,81,95.455,96.021,3.64,69.894
IRQ,Iraq,2018,26.5,232.868,5646.689,86,97.0,96.902,3.547,69.877
IRQ,Iraq,2019,25.7,241.739,5671.857,84,97.865,97.779,3.48,69.868
IRQ,Iraq,2020,24.9,248.047,4295.189,74,98.493,98.36,3.419,69.868
IRQ,Iraq,2021,24,251.595,4868.494,78,98.496,98.371,3.358,69.868
IRQ,Iraq,2022,23.3,283.171,6520.732,93,98.499,98.383,3.294,69.868
IRQ,Iraq,2023,22.5,333.294,5965.318,91,98.502,98.395,3.249,69.868
ISL,Iceland,2000,3.9,2855.575,32503.579,98,98.798,100.0,2.08,91.967
ISL,Iceland,2001,3.7,2528.546,29208.198,92,98.797,100,1.95,92.045
ISL,Iceland,2002,3.5,3046.817,32749.379,95,98.796,100,1.93,92.167
ISL,Iceland,2003,3.3,3839.694,39944.21,97,98.795,100,1.99,92.324
ISL,Iceland,2004,3.2,4414.233,47809.607,99,98.793,100.0,2.04,92.438
ISL,Iceland,2005,3.1,5079.689,57783.775,95,98.792,100.0,2.05,92.377
ISL,Iceland,2006,2.9,4918.233,58172.143,97,98.79,100,2.08,92.195
ISL,Iceland,2007,2.8,5803.812,70483.012,97,98.789,100,2.09,92.361
ISL,Iceland,2008,2.8,4749.684,57489.34,98,98.787,100,2.15,93.065
ISL,Iceland,2009,2.7,3622.978,41483.784,96,98.786,100.0,2.23,93.444
ISL,Iceland,2010,2.7,3614.038,43776.468,96,98.785,100,2.2,93.459
ISL,Iceland,2011,2.6,3937.316,48254.954,95,98.785,100,2.02,93.411
ISL,Iceland,2012,2.6,3784.384,46594.987,89,98.784,100.0,2.04,93.515
ISL,Iceland,2013,2.6,4095.676,50173.336,91,98.784,100.0,1.93,93.617
ISL,Iceland,2014,2.6,4522.906,55140.365,90,98.784,100.0,1.93,93.62
ISL,Iceland,2015,2.6,4303.842,53505.696,92,98.783,100,1.8,93.728
ISL,Iceland,2016,2.6,5053.518,62854.091,91,98.783,100,1.74,93.782
ISL,Iceland,2017,2.7,5992.053,72976.373,89,98.782,100,1.71,93.772
ISL,Iceland,2018,2.7,6280.039,75633.865,91,98.782,100.0,1.71,93.853
ISL,Iceland,2019,2.8,5912.01,69296.314,93,98.781,100.0,1.74,93.977
ISL,Iceland,2020,2.8,5692.891,60127.939,93,98.781,100.0,1.72,94.137
ISL,Iceland,2021,2.9,6722.422,70425.406,92,98.78,100,1.82,94.211
ISL,Iceland,2022,2.9,6851.629,76376.96,92,98.779,100.0,1.589,94.179
ISL,Iceland,2023,2.9,7064.624,82201.291,92,98.779,100,1.55,94.152
ISR,Israel,2000,6.9,1473.009,21690.237,93,100.0,100.0,2.95,91.281
ISR,Israel,2001,6.6,1509.445,20948.775,92,100.0,100.0,2.92,91.365
ISR,Israel,2002,6.4,1355.334,19058.746,90,100.0,100.0,2.89,91.444
ISR,Israel,2003,6.1,1384.187,19624.032,93,100.0,100.0,2.95,91.518
ISR,Israel,2004,5.8,1438.99,20550.069,95,100.0,100.0,2.9,91.583
ISR,Israel,2005,5.6,1509.106,21261.747,93,100.0,100.0,2.84,91.638
ISR,Israel,2006,5.3,1555.564,22499.754,95,100.0,100.0,2.88,91.683
ISR,Israel,2007,5.1,1769.925,25688.902,95,100.0,100.0,2.9,91.714
ISR,Israel,2008,4.9,2126.111,30231.019,94,100.0,100.0,2.96,91.729
ISR,Israel,2009,4.7,2034.458,28469.682,96,100.0,100.0,2.96,91.732
ISR,Israel,2010,4.6,2237.908,31398.927,95,100,100,3.03,91.732
ISR,Israel,2011,4.4,2442.291,34476.725,94,99.996,100,2.98,91.73
ISR,Israel,2012,4.3,2405.181,33268.707,94,99.988,100,3.05,91.728
ISR,Israel,2013,4.1,2673.337,36980.622,96,99.981,100.0,3.03,91.723
ISR,Israel,2014,4,2804.231,38265.365,95,99.974,100.0,3.08,91.715
ISR,Israel,2015,3.9,2645.789,36138.136,95,99.968,100,3.09,91.704
ISR,Israel,2016,3.8,2783.825,37571.256,94,99.961,100,3.11,91.689
ISR,Israel,2017,3.7,3074.446,41013.258,98,99.955,100.0,3.11,91.67
ISR,Israel,2018,3.7,3199.416,42269.377,98,99.948,100,3.09,91.646
ISR,Israel,2019,3.6,3335.245,44091.868,98,99.942,100,3.01,91.615
ISR,Israel,2020,3.5,3616.502,44590.824,98,99.936,100.0,2.9,91.579
ISR,Israel,2021,3.5,4294.188,52258.469,98,99.93,100,3,91.535
ISR,Israel,2022,3.4,4107.73,54947.209,98,99.925,100,2.89,91.498
ISR,Israel,2023,3.4,3927.699,52126.449,98,99.919,100.0,2.85,91.509
ITA,Italy,2000,5.6,1524.24,20190.004,87,99.886,99.557,1.26,67.193
ITA,Italy,2001,5.3,1586.673,20570.439,93,99.886,99.583,1.25,67.275
ITA,Italy,2002,5.1,1762.359,22451.396,93,99.886,99.608,1.27,67.354
ITA,Italy,2003,4.8,2160.912,27577.57,96,99.886,99.634,1.29,67.43
ITA,Italy,2004,4.6,2560.458,31348.19,94,99.886,99.66,1.34,67.507
ITA,Italy,2005,4.5,2669.728,32062.724,95,99.886,99.686,1.33,67.59
ITA,Italy,2006,4.3,2821.774,33537.129,96,99.886,99.711,1.37,67.681
ITA,Italy,2007,4.2,3077.414,37826.175,97,99.886,99.737,1.39,67.786
ITA,Italy,2008,4.1,3483.391,40828.58,96,99.886,99.763,1.44,67.907
ITA,Italy,2009,4.1,3314.158,37099.613,96,99.886,99.788,1.44,68.049
ITA,Italy,2010,4,3190.72,35856.863,96,99.886,99.814,1.44,68.216
ITA,Italy,2011,3.9,3358.957,38432.374,96,99.886,99.84,1.42,68.402
ITA,Italy,2012,3.8,3071.0,34854.395,97,99.886,99.866,1.42,68.761
ITA,Italy,2013,3.7,3139.879,35701.675,96,99.886,99.891,1.39,69.307
ITA,Italy,2014,3.6,3190.468,36028.349,95,99.886,99.917,1.38,69.581
ITA,Italy,2015,3.5,2707.433,30639.883,93,99.885,99.917,1.36,69.61
ITA,Italy,2016,3.4,2735.278,31391.569,94,99.885,99.917,1.36,69.597
ITA,Italy,2017,3.3,2851.287,32844.116,95,99.885,99.917,1.34,69.518
ITA,Italy,2018,3.2,3031.465,35062.336,95,99.885,99.917,1.31,69.48
ITA,Italy,2019,3.1,2908.832,33812.789,96,99.885,99.917,1.27,69.505
ITA,Italy,2020,3,3058.9,32091.487,94,99.885,99.917,1.24,69.519
ITA,Italy,2021,2.9,3414.573,36852.543,94,99.885,99.917,1.25,69.481
ITA,Italy,2022,2.8,3154.571,35653.904,95,99.885,99.917,1.24,69.484
ITA,Italy,2023,2.8,3283.472,39279.7,95,99.885,99.917,1.21,69.538
JAM,Jamaica,2000,20.5,206.45,3453.093,93,80.39,93.045,2.345,51.717
JAM,Jamaica,2001,20,180.661,3503.55,98,80.44,93.231,2.296,51.934
JAM,Jamaica,2002,19.6,205.355,3680.646,97,80.49,93.413,2.271,52.147
JAM,Jamaica,2003,19.3,177.215,3549.708,94,80.54,93.592,2.244,52.356
JAM,Jamaica,2004,19.1,222.273,3807.563,96,81.068,93.544,2.198,52.564
JAM,Jamaica,2005,19.1,243.578,4184.44,99,81.595,93.496,2.148,52.769
JAM,Jamaica,2006,19.1,243.387,4417.001,94,82.123,93.355,2.089,52.971
JAM,Jamaica,2007,19.1,292.002,4716.486,91,82.652,93.05,2.023,53.17
JAM,Jamaica,2008,19.1,334.75,5029.801,90,83.18,92.743,1.953,53.367
JAM,Jamaica,2009,19.1,282.097,4428.382,90,83.709,92.432,1.879,53.562
JAM,Jamaica,2010,19,309.868,4809.977,94,84.239,92.119,1.799,53.754
JAM,Jamaica,2011,19,341.335,5232.636,92,84.769,91.804,1.717,53.957
JAM,Jamaica,2012,18.9,330.385,5340.833,96,85.298,91.487,1.648,54.248
JAM,Jamaica,2013,18.9,322.033,5124.213,93,85.828,91.169,1.591,54.549
JAM,Jamaica,2014,18.8,312.772,4975.113,92,86.357,90.85,1.544,54.866
JAM,Jamaica,2015,18.7,334.899,5339.307,91,86.886,90.529,1.508,55.2
JAM,Jamaica,2016,18.7,330.155,5302.296,99,87.414,90.206,1.464,55.549
JAM,Jamaica,2017,18.7,367.351,5605.435,93,87.942,89.882,1.428,55.915
JAM,Jamaica,2018,18.7,381.478,5976.904,97,88.47,89.556,1.4,56.297
JAM,Jamaica,2019,18.8,390.794,6030.689,96,88.998,89.228,1.39,56.696
JAM,Jamaica,2020,18.7,364.765,5299.045,96,89.525,88.898,1.383,57.11
JAM,Jamaica,2021,18.6,413.362,5625.678,90,90.051,88.566,1.378,57.541
JAM,Jamaica,2022,18.4,521.12,6626.475,98,90.577,88.231,1.372,57.988
JAM,Jamaica,2023,18.1,520.157,7542.399,99,91.102,87.895,1.358,58.451
JOR,Jordan,2000,25.8,151.335,1570.61,91,99.0,98.375,3.864,78.285
JOR,Jordan,2001,25,161.339,1632.295,99,98.887,98.405,3.803,78.29
JOR,Jordan,2002,24.2,164.75,1706.267,95,98.768,98.434,3.805,78.297
JOR,Jordan,2003,23.5,161.878,1775.676,97,98.649,98.464,3.816,78.307
JOR,Jordan,2004,22.7,175.044,1940.086,95,98.529,98.493,3.729,78.319
JOR,Jordan,2005,22,185.03,2087.871,95,98.417,98.549,3.653,78.412
JOR,Jordan,2006,21.3,188.72,2342.635,98,98.308,98.612,3.711,78.756
JOR,Jordan,2007,20.7,208.036,2506.206,98,98.201,98.671,3.797,79.336
JOR,Jordan,2008,20.1,275.175,3669.83,97,98.095,98.727,3.876,80.129
JOR,Jordan,2009,19.5,316.922,3845.344,98,97.99,98.78,3.841,81.112
JOR,Jordan,2010,18.9,303.808,4139.043,98,97.886,98.829,3.78,82.26
JOR,Jordan,2011,18.4,321.591,4363.428,98,97.784,98.876,3.69,83.551
JOR,Jordan,2012,17.9,325.978,4593.836,98,97.682,98.92,3.568,84.959
JOR,Jordan,2013,17.4,308.943,4739.023,98,97.58,98.962,3.449,86.463
JOR,Jordan,2014,17,302.141,4610.605,98,97.479,99.002,3.302,88.037
JOR,Jordan,2015,16.5,301.631,4441.619,99,97.372,99.029,3.141,89.888
JOR,Jordan,2016,16.1,278.134,4366.07,98,97.264,99.056,3.072,90.563
JOR,Jordan,2017,15.7,289.047,4449.346,99,97.157,99.083,2.994,90.876
JOR,Jordan,2018,15.3,289.471,4533.977,96,97.051,99.112,2.923,91.201
JOR,Jordan,2019,14.9,294.928,4557.793,89,96.944,99.142,2.855,91.516
JOR,Jordan,2020,14.5,303.482,4411.483,77,96.838,99.171,2.791,91.822
JOR,Jordan,2021,14.1,322.016,4581.72,85,96.732,99.2,2.735,92.118
JOR,Jordan,2022,13.7,334.387,4754.414,92,96.626,99.229,2.679,92.405
JOR,Jordan,2023,13.3,342.104,4906.235,96,96.52,99.258,2.639,92.682
JPN,Japan,2000,4.5,2751.385,39752.937,85,99.998,98.52,1.36,78.613
JPN,Japan,2001,4.3,2488.652,34910.166,95,99.995,98.52,1.33,79.158
JPN,Japan,2002,4.1,2412.351,33315.917,96,99.993,98.52,1.32,80.547
JPN,Japan,2003,4,2650.239,35808.682,97,99.991,98.52,1.29,82.421
JPN,Japan,2004,3.9,2884.674,38677.571,99,99.989,98.52,1.29,84.371
JPN,Japan,2005,3.7,2892.605,38158.676,98,99.986,98.555,1.26,85.957
JPN,Japan,2006,3.6,2763.533,36354.427,98,99.984,98.589,1.32,87.146
JPN,Japan,2007,3.5,2781.494,36129.954,98,99.982,98.624,1.34,88.27
JPN,Japan,2008,3.4,3223.291,40294.208,98,99.98,98.659,1.37,89.292
JPN,Japan,2009,3.4,3696.584,41678.178,97,99.977,98.694,1.37,90.113
JPN,Japan,2010,3.3,4071.802,45378.138,97,99.975,98.729,1.39,90.623
JPN,Japan,2011,3.3,5103.343,49122.078,97,99.973,98.764,1.39,90.863
JPN,Japan,2012,3.1,5232.363,49626.683,97,99.971,98.799,1.41,91.027
JPN,Japan,2013,3,4356.155,41369.195,96,99.968,98.834,1.43,91.152
JPN,Japan,2014,2.9,4121.211,39172.847,96,99.966,98.869,1.42,91.255
JPN,Japan,2015,2.8,3754.181,35664.645,96,99.964,98.904,1.45,91.353
JPN,Japan,2016,2.7,4194.228,40214.969,99,99.961,98.939,1.44,91.454
JPN,Japan,2017,2.6,4135.243,39679.864,99,99.959,98.974,1.43,91.55
JPN,Japan,2018,2.5,4265.779,40645.478,98,99.957,99.009,1.42,91.638
JPN,Japan,2019,2.5,4431.3,41424.866,98,99.955,99.043,1.36,91.716
JPN,Japan,2020,2.4,4581.61,41098.974,96,99.952,99.078,1.33,91.781
JPN,Japan,2021,2.4,4843.944,41580.739,99,99.95,99.113,1.3,91.874
JPN,Japan,2022,2.4,4201.792,35548.265,99,99.948,99.148,1.26,91.978
JPN,Japan,2023,2.4,3638.193,35215.004,98,99.946,99.183,1.2,92.083
KAZ,Kazakhstan,2000,42.1,49.094,1180.044,97,96.846,90.031,1.898,56.024
KAZ,Kazakhstan,2001,39.6,49.367,1422.273,95,96.845,90.454,1.906,55.781
KAZ,Kazakhstan,2002,37.2,56.881,1573.552,95,96.898,90.82,1.956,55.505
KAZ,Kazakhstan,2003,35.1,72.904,1958.021,99,96.95,91.185,2.075,55.212
KAZ,Kazakhstan,2004,33,108.438,2722.474,82,97.002,91.549,2.201,54.92
KAZ,Kazakhstan,2005,31,139.579,3577.358,98,97.065,91.912,2.274,54.648
KAZ,Kazakhstan,2006,28.9,170.937,5030.135,99,97.127,92.274,2.38,54.414
KAZ,Kazakhstan,2007,26.8,174.338,6449.439,93,97.189,92.634,2.49,54.235
KAZ,Kazakhstan,2008,24.7,245.794,8123.547,99,97.251,92.994,2.616,54.129
KAZ,Kazakhstan,2009,22.5,240.996,6938.012,98,97.313,93.352,2.58,54.117
KAZ,Kazakhstan,2010,20.4,240.615,8793.076,99,97.375,93.709,2.61,54.205
KAZ,Kazakhstan,2011,18.3,293.733,11287.146,99,97.437,94.065,2.605,54.4
KAZ,Kazakhstan,2012,16.3,365.042,12018.797,99,97.498,94.42,2.64,54.692
KAZ,Kazakhstan,2013,14.5,358.913,13478.46,98,97.56,94.774,2.67,55.078
KAZ,Kazakhstan,2014,13,369.685,12427.709,95,97.621,95.127,2.76,55.552
KAZ,Kazakhstan,2015,11.9,310.014,10196.123,98,97.683,95.479,2.755,56.111
KAZ,Kazakhstan,2016,11,255.84,7475.567,83,97.744,95.747,2.795,56.748
KAZ,Kazakhstan,2017,10.5,272.983,8943.084,99,97.805,95.997,2.745,57.459
KAZ,Kazakhstan,2018,10.3,266.921,9472.485,98,97.855,96.306,2.845,58.239
KAZ,Kazakhstan,2019,10.2,263.613,9457.126,97,97.905,96.614,2.89,59.083
KAZ,Kazakhstan,2020,10.1,329.571,8781.508,88,97.946,96.922,3.13,59.987
KAZ,Kazakhstan,2021,10,391.815,9983.601,95,97.954,97.228,3.32,61.03
KAZ,Kazakhstan,2022,9.8,421.6,11255.34,99,97.953,97.531,3.05,61.444
KAZ,Kazakhstan,2023,9.6,489.715,12879.428,99,97.949,97.833,3.012,61.756
KEN,Kenya,2000,95.2,21.534,414.626,82,23.647,45.36,5.136,19.455
KEN,Kenya,2001,90.5,22.115,410.7,80,24.316,46.23,5.094,20.442
KEN,Kenya,2002,85.6,22.288,402.936,84,25.035,47.098,5.027,21.859
KEN,Kenya,2003,80.8,25.64,442.898,73,25.754,47.964,4.937,23.564
KEN,Kenya,2004,76.1,27.65,463.663,73,26.473,48.827,4.861,25.415
KEN,Kenya,2005,71.2,30.994,523.456,76,27.193,49.687,4.801,27.269
KEN,Kenya,2006,66.8,40.304,699.802,80,27.914,50.545,4.754,28.983
KEN,Kenya,2007,62.9,49.446,840.201,81,28.635,51.4,4.718,30.415
KEN,Kenya,2008,58,54.357,915.544,88,29.357,52.252,4.66,31.423
KEN,Kenya,2009,55.2,55.456,1047.968,88,30.078,53.101,4.567,31.86
KEN,Kenya,2010,53.1,58.816,1091.519,90,30.8,53.946,4.446,31.871
KEN,Kenya,2011,51.7,57.023,1096.145,96,31.523,54.791,4.284,31.867
KEN,Kenya,2012,50.7,64.482,1285.005,94,32.246,55.635,4.116,31.856
KEN,Kenya,2013,49.4,67.598,1370.879,87,32.968,56.477,3.955,31.832
KEN,Kenya,2014,48.3,72.846,1482.816,92,33.691,57.318,3.843,31.793
KEN,Kenya,2015,46.8,70.948,1489.12,89,34.413,58.156,3.766,31.734
KEN,Kenya,2016,45.5,73.888,1554.126,88,35.136,58.993,3.689,31.65
KEN,Kenya,2017,44.7,66.466,1667.484,81,35.857,59.828,3.609,31.538
KEN,Kenya,2018,43.7,75.277,1836.453,91,36.578,60.661,3.536,31.394
KEN,Kenya,2019,42.7,85.645,1960.408,93,37.299,61.491,3.433,31.19
KEN,Kenya,2020,42.1,86.592,1927.665,93,38.018,62.318,3.364,31.206
KEN,Kenya,2021,41.3,94.202,2061.356,95,38.737,63.143,3.312,31.288
KEN,Kenya,2022,40.5,91.184,2109.563,94,39.454,63.964,3.262,31.431
KEN,Kenya,2023,39.6,84.959,1942.588,93,40.17,64.782,3.208,31.633
KGZ,Kyrgyz Republic,2000,50.8,12.035,279.622,99,92.828,80.943,2.4,35.322
KGZ,Kyrgyz Republic,2001,48.1,12.878,308.411,99,92.828,80.942,2.4,35.316
KGZ,Kyrgyz Republic,2002,45.5,14.412,321.727,98,93.006,81.585,2.4,35.312
KGZ,Kyrgyz Republic,2003,43,21.69,380.506,98,93.183,82.227,2.5,35.309
KGZ,Kyrgyz Republic,2004,40.9,26.373,433.234,99,93.36,82.87,2.6,35.306
KGZ,Kyrgyz Republic,2005,39.2,34.937,476.548,98,93.656,83.477,2.5,35.303
KGZ,Kyrgyz Republic,2006,37.6,44.595,543.114,92,93.952,84.083,2.7,35.3
KGZ,Kyrgyz Republic,2007,35.9,49.61,721.772,94,94.249,84.689,2.7,35.295
KGZ,Kyrgyz Republic,2008,33.8,62.777,966.389,95,94.545,85.294,2.8,35.29
KGZ,Kyrgyz Republic,2009,31.6,59.94,870.199,95,94.842,85.898,2.9,35.282
KGZ,Kyrgyz Republic,2010,29.5,60.676,876.954,96,95.139,86.505,3.1,35.268
KGZ,Kyrgyz Republic,2011,27.6,78.736,1117.402,96,95.435,87.115,3.1,35.247
KGZ,Kyrgyz Republic,2012,26,98.67,1168.622,96,95.731,87.728,3.2,35.219
KGZ,Kyrgyz Republic,2013,24.7,103.592,1269.663,97,96.027,88.342,3.1,35.185
KGZ,Kyrgyz Republic,2014,23.5,93.158,1264.527,96,96.321,88.958,3.2,35.146
KGZ,Kyrgyz Republic,2015,22.3,79.549,1105.652,97,96.615,89.574,3.2,35.101
KGZ,Kyrgyz Republic,2016,21.1,71.522,1103.275,96,96.909,90.192,3.1,35.052
KGZ,Kyrgyz Republic,2017,20,76.605,1221.39,92,97.201,90.81,3,34.998
KGZ,Kyrgyz Republic,2018,19,65.346,1283.52,94,97.493,91.427,3.3,34.941
KGZ,Kyrgyz Republic,2019,18.3,61.397,1421.999,95,97.783,92.044,3.3,34.881
KGZ,Kyrgyz Republic,2020,17.8,61.253,1229.518,87,98.018,92.587,3.1,34.817
KGZ,Kyrgyz Republic,2021,17.5,72.588,1349.997,89,98.148,93.25,2.89,34.752
KGZ,Kyrgyz Republic,2022,17.3,88.08,1739.72,90,98.278,93.777,2.8,34.7
KGZ,Kyrgyz Republic,2023,17,96.651,2138.222,86,98.409,94.3,2.7,34.706
KHM,Cambodia,2000,105.2,19.278,296.427,59,10.447,52.308,3.794,18.624
KHM,Cambodia,2001,96,22.183,327.501,60,10.796,53.981,3.687,18.719
KHM,Cambodia,2002,86.2,24.259,350.147,54,13.521,55.511,3.57,18.804
KHM,Cambodia,2003,77.5,25.007,386.691,69,16.496,56.917,3.429,18.888
KHM,Cambodia,2004,70.4,28.808,444.199,85,19.489,58.306,3.307,18.981
KHM,Cambodia,2005,64.4,32.337,525.797,82,22.5,59.677,3.238,19.092
KHM,Cambodia,2006,59.3,32.844,612.253,80,25.528,61.029,3.175,19.23
KHM,Cambodia,2007,54.9,32.392,731.692,82,28.575,62.362,3.13,19.404
KHM,Cambodia,2008,50.8,48.624,866.284,91,31.657,63.688,3.048,19.657
KHM,Cambodia,2009,47,55.251,875.749,94,34.843,65.049,2.971,20.198
KHM,Cambodia,2010,43.5,53.586,952.275,90,38.04,66.389,2.859,21.123
KHM,Cambodia,2011,40.3,65.387,1088.982,91,41.247,67.708,2.782,22.382
KHM,Cambodia,2012,37.2,68.9,1192.803,90,44.464,69.006,2.751,23.941
KHM,Cambodia,2013,34.5,65.396,1305.66,86,47.689,70.283,2.742,25.764
KHM,Cambodia,2014,32,63.101,1431.564,90,50.924,71.539,2.734,27.818
KHM,Cambodia,2015,29.6,70.233,1547.32,91,54.167,72.775,2.729,30.067
KHM,Cambodia,2016,27.5,75.225,1675.196,91,57.417,73.99,2.725,32.477
KHM,Cambodia,2017,25.6,77.973,1826.354,90,60.674,75.184,2.719,35.013
KHM,Cambodia,2018,24.1,91.591,2036.674,89,63.94,76.358,2.724,37.64
KHM,Cambodia,2019,22.8,112.585,2225.877,88,67.212,77.513,2.725,39.583
KHM,Cambodia,2020,21.8,106.8,2081.739,86,70.491,78.648,2.699,39.833
KHM,Cambodia,2021,20.8,137.389,2167.403,86,73.775,79.764,2.664,40.109
KHM,Cambodia,2022,19.9,103.895,2325.031,84,77.064,80.86,2.616,40.375
KHM,Cambodia,2023,19.1,114.563,2429.749,84,80.357,81.889,2.579,40.629
KIR,Kiribati,2000,65.8,65.612,845.367,90,29.433,56.165,4.071,43.327
KIR,Kiribati,2001,64.1,85.888,718.834,85,30.494,57.325,3.957,43.478
KIR,Kiribati,2002,62.5,92.968,810.109,77,31.411,58.332,3.814,43.499
KIR,Kiribati,2003,61.4,102.437,1020.5,70,32.329,59.34,3.702,43.511
KIR,Kiribati,2004,60.7,132.29,1083.269,62,33.246,60.348,3.734,43.524
KIR,Kiribati,2005,60.1,131.886,1161.783,79,34.163,61.355,3.76,43.544
KIR,Kiribati,2006,59.7,126.861,1123.193,86,35.202,62.505,3.815,43.735
KIR,Kiribati,2007,59.2,148.059,1352.578,94,36.331,63.764,3.865,44.621
KIR,Kiribati,2008,58.7,190.339,1410.622,82,37.117,64.994,3.899,45.946
KIR,Kiribati,2009,58.2,167.972,1316.628,86,37.877,66.147,3.905,47.351
KIR,Kiribati,2010,57.7,133.159,1522.101,91,38.608,67.173,3.898,48.46
KIR,Kiribati,2011,57.5,141.514,1771.129,99,39.312,68.188,3.878,49.123
KIR,Kiribati,2012,57.4,146.619,1843.553,94,39.987,69.191,3.768,49.58
KIR,Kiribati,2013,57.7,154.343,1772.087,95,40.633,70.181,3.643,49.969
KIR,Kiribati,2014,58,155.387,1736.705,75,41.249,71.16,3.521,50.391
KIR,Kiribati,2015,58.6,118.335,1639.853,78,41.836,72.126,3.438,50.954
KIR,Kiribati,2016,59.1,157.729,1742.668,81,42.39,73.074,3.375,51.771
KIR,Kiribati,2017,59.6,179.579,1854.333,90,42.912,74.005,3.339,52.973
KIR,Kiribati,2018,59.6,208.738,1915.56,95,43.4,74.917,3.318,54.5
KIR,Kiribati,2019,59.1,177.93,1750.24,97,43.857,75.812,3.29,56.285
KIR,Kiribati,2020,58.3,239.244,1751.872,92,44.281,76.689,3.254,58.412
KIR,Kiribati,2021,57.2,263.096,2223.541,90,44.674,77.548,3.219,59.636
KIR,Kiribati,2022,55.9,217.683,2078.765,91,45.035,78.702,3.182,60.574
KIR,Kiribati,2023,54.5,238.127,2200.689,90,45.105,78.887,3.147,61.524
KNA,St. Kitts and Nevis,2000,23.9,446.667,9319.655,99,86.451,98.45,2.126,32.764
KNA,St. Kitts and Nevis,2001,22.9,440.216,10022.592,99,87.105,98.462,2.082,32.596
KNA,St. Kitts and Nevis,2002,22,465.077,10453.659,97,87.759,98.475,2.038,32.437
KNA,St. Kitts and Nevis,2003,21.1,482.871,10175.63,99,88.413,98.487,2.004,32.281
KNA,St. Kitts and Nevis,2004,20.3,491.625,10944.618,96,89.067,98.5,1.964,32.129
KNA,St. Kitts and Nevis,2005,19.7,556.972,11783.787,99,89.721,98.512,1.931,31.98
KNA,St. Kitts and Nevis,2006,19.2,689.445,13837.85,99,90.375,98.525,1.902,31.836
KNA,St. Kitts and Nevis,2007,18.9,707.97,14757.958,99,91.029,98.537,1.871,31.697
KNA,St. Kitts and Nevis,2008,18.8,881.098,16604.945,99,91.683,98.55,1.833,31.562
KNA,St. Kitts and Nevis,2009,18.7,872.675,16503.412,98,92.337,98.562,1.8,31.431
KNA,St. Kitts and Nevis,2010,18.8,867.445,16622.946,96,92.991,98.574,1.762,31.306
KNA,St. Kitts and Nevis,2011,18.9,922.206,17832.457,98,93.645,98.587,1.74,31.2
KNA,St. Kitts and Nevis,2012,19.1,880.911,17532.056,98,94.3,98.599,1.713,31.204
KNA,St. Kitts and Nevis,2013,19.3,938.895,18580.13,97,94.954,98.612,1.682,31.213
KNA,St. Kitts and Nevis,2014,19.4,962.255,20219.395,98,94.954,98.612,1.665,31.229
KNA,St. Kitts and Nevis,2015,19.4,1042.151,20328.8,94,94.954,98.612,1.643,31.251
KNA,St. Kitts and Nevis,2016,19.3,1161.871,21387.542,98,94.954,98.612,1.633,31.281
KNA,St. Kitts and Nevis,2017,19,1186.427,22464.99,98,94.954,98.612,1.61,31.317
KOR,"Korea, Rep.",2002,6.8,536.917,13642.942,97,100,98.766,1.178,80.277
KOR,"Korea, Rep.",2003,6.4,684.798,15211.548,97,100,98.766,1.191,80.708
KOR,"Korea, Rep.",2004,6,764.494,17121.63,88,100,98.766,1.164,81.104
KOR,"Korea, Rep.",2005,5.6,944.551,20167.047,96,100,98.766,1.085,81.39
KOR,"Korea, Rep.",2006,5.2,1130.538,22609.706,98,100,98.766,1.132,81.566
KOR,"Korea, Rep.",2007,4.8,1256.364,25078.485,91,100,98.837,1.259,81.712
KOR,"Korea, Rep.",2008,4.5,1186.375,22252.313,94,99.991,98.908,1.192,81.835
KOR,"Korea, Rep.",2009,4.3,1150.973,19937.303,94,99.975,98.98,1.149,81.925
KOR,"Korea, Rep.",2010,4.1,1417.109,24071.262,94,99.959,99.051,1.226,81.969
KOR,"Korea, Rep.",2011,4,1570.549,26175.24,99,99.942,99.123,1.244,81.962
KOR,"Korea, Rep.",2012,3.8,1603.934,26600.548,99,99.926,99.194,1.297,81.909
KOR,"Korea, Rep.",2013,3.7,1738.808,28449.359,99,99.909,99.266,1.187,81.827
KOR,"Korea, Rep.",2014,3.6,1922.988,30667.091,99,99.893,99.337,1.205,81.732
KOR,"Korea, Rep.",2015,3.5,1950.896,30171.791,98,99.877,99.409,1.239,81.639
KOR,"Korea, Rep.",2016,3.4,2042.729,30832.063,98,99.86,99.48,1.172,81.556
KOR,"Korea, Rep.",2017,3.3,2258.153,33296.985,97,99.844,99.551,1.052,81.471
KOR,"Korea, Rep.",2018,3.2,2523.04,35363.951,98,99.828,99.623,0.977,81.382
KOR,"Korea, Rep.",2019,3.1,2602.483,33826.944,98,99.811,99.694,0.918,81.29
KOR,"Korea, Rep.",2020,3.1,2699.664,33645.772,98,99.795,99.766,0.837,81.176
KOR,"Korea, Rep.",2021,3,3125.827,37518.464,98,99.778,99.837,0.808,81.162
KOR,"Korea, Rep.",2022,2.9,3078.552,34822.405,98,99.762,99.909,0.778,81.162
KOR,"Korea, Rep.",2023,2.9,3043.873,35674.096,98,99.746,99.98,0.721,81.165
KWT,Kuwait,2000,12.7,425.21,19296.347,98,100,100,2.887,99
KWT,Kuwait,2001,12.5,553.751,17374.232,99,100,100,2.839,99.235
KWT,Kuwait,2002,12.3,578.415,18512.752,99,100,100,2.795,99.509
KWT,Kuwait,2003,12.2,626.351,22690.655,99,100,100,2.771,99.766
KWT,Kuwait,2004,12,649.425,27552.283,98,100,100,2.762,99.947
KWT,Kuwait,2005,11.8,727.254,36122.614,99,100,100,2.731,100
KWT,Kuwait,2006,11.6,782.204,42946.637,99,100,100,2.589,100
KWT,Kuwait,2007,11.4,880.711,45709.413,99,100,100,2.412,100
KWT,Kuwait,2008,11.2,1069.465,55585.189,99,100,100,2.266,100
KWT,Kuwait,2009,11,1025.905,37907.1,99,100,100,2.155,100
KWT,Kuwait,2010,10.7,1050.416,39212.252,98,100,100,2.044,100
KWT,Kuwait,2011,10.3,1147.155,49169.606,99,100,100,1.956,100
KWT,Kuwait,2012,10,1216.868,52155.223,98,100,100,1.99,100
KWT,Kuwait,2013,9.6,1235.293,49651.044,99,100,100,1.968,100
KWT,Kuwait,2014,9.3,1293.833,44368.781,95,100,100,2.06,100
KWT,Kuwait,2015,9.1,1259.558,29882.213,99,100,100,2.03,100
KWT,Kuwait,2016,9,1292.72,27323.689,99,100,100,2.061,100
KWT,Kuwait,2017,8.9,1351.724,29047.654,99,100,100,2.16,100
KWT,Kuwait,2018,8.9,1658.604,32067.962,91,100,100,2.118,100
KWT,Kuwait,2019,8.9,1643.165,31707.874,92,100,100,2.082,100
KWT,Kuwait,2020,8.8,1542.721,25236.076,93,100,100,2.033,100
KWT,Kuwait,2021,8.7,1829.131,34018.634,94,100,100,2.148,100
KWT,Kuwait,2022,8.6,1683.399,39981.769,96,100,100,1.546,100
KWT,Kuwait,2023,8.4,1679.124,34091.971,99,100,100,1.524,100
LAO,Lao PDR,2000,100.1,14.103,318.75,51,28.579,48.341,4.429,22.184
LAO,Lao PDR,2001,95.6,14.467,320.316,52,31.51,50.535,4.29,23.373
LAO,Lao PDR,2002,91.1,12.905,313.351,53,34.427,52.711,4.132,24.525
LAO,Lao PDR,2003,86.6,17.591,355.097,49,37.326,54.865,4.024,25.595
LAO,Lao PDR,2004,82.1,16.233,409.296,45,40.207,56.999,3.898,26.537
LAO,Lao PDR,2005,77.7,17.331,466.062,49,43.007,59.043,3.685,27.322
LAO,Lao PDR,2006,73.5,19.227,579.392,57,45.618,60.933,3.559,28.038
LAO,Lao PDR,2007,69.5,24.567,697.323,50,48.216,62.806,3.438,28.734
LAO,Lao PDR,2008,65.5,26.749,885.747,61,50.801,64.662,3.331,29.403
LAO,Lao PDR,2009,61.8,35.715,935.032,67,53.372,66.5,3.229,30.042
LAO,Lao PDR,2010,58.4,34.525,1125.916,74,55.928,68.319,3.137,30.647
LAO,Lao PDR,2011,55.1,27.119,1361.547,76,58.471,70.121,3.049,31.215
LAO,Lao PDR,2012,52.1,32.465,1563.565,77,61.001,71.905,2.953,31.742
LAO,Lao PDR,2013,49.4,43.498,1812.518,83,63.515,73.671,2.872,32.226
LAO,Lao PDR,2014,46.8,45.533,1981.039,83,66.015,75.418,2.802,32.664
LAO,Lao PDR,2015,44.4,52.042,2121.013,82,68.5,77.147,2.796,33.124
LAO,Lao PDR,2016,42.2,54.376,2303.222,82,70.971,78.858,2.744,33.827
LAO,Lao PDR,2017,40.2,61.422,2432.431,78,73.427,80.55,2.691,34.512
LAO,Lao PDR,2018,38.3,57.171,2545.108,75,75.867,82.223,2.633,35.205
LAO,Lao PDR,2019,36.5,67.579,2589.321,66,78.293,83.878,2.589,35.907
LAO,Lao PDR,2020,34.8,51.966,2583.777,61,80.703,85.886,2.535,36.619
LAO,Lao PDR,2021,33.2,68.617,2526.051,65,83.098,87.524,2.494,37.339
LAO,Lao PDR,2022,31.8,41.348,2046.404,70,85.129,89.145,2.455,38.068
LAO,Lao PDR,2023,30.5,27.418,2066.95,74,86.996,92.626,2.421,38.807
LBN,Lebanon,2000,20,425.701,3986.835,83,76.924,84.317,2.6,86
LBN,Lebanon,2001,18.9,416.575,4009.559,80,76.924,84.775,2.576,86.145
LBN,Lebanon,2002,18,391.741,4290.853,77,76.924,85.233,2.523,86.294
LBN,Lebanon,2003,17,373.36,4437.716,74,78.233,85.691,2.457,86.448
LBN,Lebanon,2004,16.1,368.014,4600.684,75,79.542,86.149,2.378,86.605
LBN,Lebanon,2005,15.3,347.403,4602.198,77,80.851,86.607,2.291,86.767
LBN,Lebanon,2006,14.6,401.437,4635.251,78,82.16,87.066,2.244,86.932
LBN,Lebanon,2007,14.1,438.711,5125.258,80,83.47,87.524,2.201,87.102
LBN,Lebanon,2008,13.6,462.178,5912.045,81,84.779,87.982,2.172,87.277
LBN,Lebanon,2009,13.2,496.883,7090.855,81,86.088,88.44,2.191,87.456
LBN,Lebanon,2010,13,567.255,7625.811,82,87.397,88.898,2.256,87.639
LBN,Lebanon,2011,12.8,640.698,7834.963,82,88.706,89.356,2.32,87.827
LBN,Lebanon,2012,12.7,588.839,8406.984,83,90.016,89.814,2.345,88.02
LBN,Lebanon,2013,12.7,576.872,8162.379,83,91.325,90.272,2.361,88.217
LBN,Lebanon,2014,12.8,569.979,7577.641,83,92.634,90.73,2.375,88.418
LBN,Lebanon,2015,12.9,572.072,7714.11,83,93.943,91.188,2.382,88.625
LBN,Lebanon,2016,13.2,640.966,8089.012,83,95.252,91.646,2.39,88.836
LBN,Lebanon,2017,13.5,671.78,8608.211,83,96.561,92.104,2.372,89.052
LBN,Lebanon,2018,14,740.387,9174.537,83,97.871,92.465,2.347,89.273
LBN,Lebanon,2019,14.5,798.134,8905.88,83,99.067,92.6,2.327,89.499
LBN,Lebanon,2020,15.1,303.486,5561.192,71,99.2,92.6,2.308,89.729
LBN,Lebanon,2021,15.7,189.858,4045.374,67,99.2,92.6,2.283,89.965
LBN,Lebanon,2022,16.3,230.391,3654.358,67,99.2,92.6,2.263,90.206
LBN,Lebanon,2023,17,260.812,3477.725,53,99.2,92.6,2.239,90.452
LBR,Liberia,2000,194.9,7.935,298.485,48,12.173,61.028,5.875,43.771
LBR,Liberia,2001,181.7,6.463,300.464,44,12.468,61.92,5.774,44.151
LBR,Liberia,2002,168.6,6.596,299.536,39,12.765,62.808,5.653,44.567
LBR,Liberia,2003,156.2,5.764,239.78,35,13.065,63.692,5.547,45.0
LBR,Liberia,2004,144.8,16.779,284.14,31,13.368,64.571,5.506,45.434
LBR,Liberia,2005,134.9,19.146,287.487,60,13.673,65.447,5.519,45.851
LBR,Liberia,2006,126.5,18.344,320.558,60,14.116,66.203,5.53,46.232
LBR,Liberia,2007,119.6,15.857,374.211,65,14.564,66.953,5.462,46.61
LBR,Liberia,2008,114,26.301,451.714,75,15.018,67.695,5.328,47.108
LBR,Liberia,2009,109.5,40.22,448.386,81,15.48,68.432,5.174,47.625
LBR,Liberia,2010,105.7,40.874,492.253,70,15.95,69.165,5.058,48.141
LBR,Liberia,2011,102.4,47.585,568.088,77,16.428,69.893,4.97,48.658
LBR,Liberia,2012,99.5,46.672,638.369,80,16.914,70.616,4.881,49.177
LBR,Liberia,2013,97,48.729,710.745,80,17.407,71.334,4.749,49.698
LBR,Liberia,2014,97,54.824,706.714,63,17.909,72.046,4.622,50.22
LBR,Liberia,2015,93.2,68.898,692.59,65,18.418,72.752,4.523,50.743
LBR,Liberia,2016,91.5,67.68,714.613,73,18.935,73.453,4.461,51.269
LBR,Liberia,2017,90.3,67.879,699.269,80,19.459,74.148,4.396,51.796
LBR,Liberia,2018,89.4,68.883,692.203,81,19.991,74.836,4.336,52.325
LBR,Liberia,2019,88.7,51.193,658.164,71,20.531,75.518,4.257,52.855
LBR,Liberia,2020,88.3,76.11,616.788,66,21.077,76.194,4.174,53.388
LBR,Liberia,2021,88,88.549,667.966,67,21.631,76.863,4.089,53.922
LBR,Liberia,2022,87.8,100.496,744.617,79,22.192,77.525,4.016,54.459
LBR,Liberia,2023,87.3,103.941,799.194,83,22.76,78.18,3.95,54.998
LBY,Libya,2008,18.8,312.112,13906.141,98,90.209,93.079,2.599,88.147
LBY,Libya,2009,17.6,342.204,9551.054,98,90.103,93.079,2.556,88.135
LBY,Libya,2010,16.6,380.586,11600.907,98,89.996,93.079,2.603,88.118
LBY,Libya,2011,19.6,305.2,7593.839,98,89.889,93.079,2.646,88.097
LBY,Libya,2012,15,592.464,14975.89,98,89.782,93.079,2.68,88.073
LBY,Libya,2013,14.4,594.653,11951.713,96,89.675,93.352,2.716,88.045
LBY,Libya,2014,13.8,462.192,8926.421,94,89.568,93.625,2.754,88.014
LBY,Libya,2015,13.3,433.068,7458.489,97,89.461,93.898,2.711,87.816
LBY,Libya,2016,12.8,464.475,7525.803,97,89.354,94.171,2.673,87.816
LBY,Libya,2017,12.4,466.085,9965.832,97,89.247,94.444,2.626,87.817
LBY,Libya,2018,11.9,544.881,11196.585,73,89.14,94.717,2.581,87.818
LBY,Libya,2019,11.6,552.732,9963.195,73,89.034,94.99,2.539,87.822
LBY,Libya,2020,11.2,472.622,6650.338,73,88.927,95.263,2.507,87.828
LBY,Libya,2021,10.8,298.843,4935.828,73,88.82,95.536,2.462,87.837
LBY,Libya,2022,10.4,284.026,5986.637,73,88.713,95.809,2.402,87.849
LBY,Libya,2023,31.7,470.403,6026.515,73,88.606,96.082,2.355,87.865
LCA,St. Lucia,2000,18.5,285.843,5879.562,70,84.974,90.627,2.207,27.853
LCA,St. Lucia,2001,18.4,285.049,5570.452,99,84.98,90.611,2.125,27.516
LCA,St. Lucia,2002,18.4,299.8,5567.894,74,85.003,90.546,2.032,26.938
LCA,St. Lucia,2003,18.4,317.276,6058.606,90,85.024,90.857,1.939,26.012
LCA,St. Lucia,2004,18.5,309.422,6494.6,91,84.831,91.177,1.863,24.846
LCA,St. Lucia,2005,18.5,333.374,6863.436,95,84.638,91.505,1.807,23.542
LCA,St. Lucia,2006,18.6,389.946,7611.179,85,84.446,91.842,1.765,22.202
LCA,St. Lucia,2007,18.6,439.593,7964.382,99,84.256,92.186,1.7,20.927
LCA,St. Lucia,2008,18.7,430.231,8516.961,96,84.066,92.538,1.7,19.819
LCA,St. Lucia,2009,18.8,432.088,8250.522,95,83.879,92.897,1.735,18.981
LCA,St. Lucia,2010,18.8,438.239,8673.687,97,83.688,93.266,1.673,18.513
LCA,St. Lucia,2011,18.8,462.203,9128.994,99,83.455,93.662,1.5,18.474
LCA,St. Lucia,2012,18.8,456.064,9260.3,98,83.218,94.057,1.5,18.619
LCA,St. Lucia,2013,18.8,485.663,9577.217,99,82.974,94.453,1.5,18.926
LCA,St. Lucia,2014,18.8,470.481,10044.822,99,82.723,94.848,1.485,19.392
LCA,St. Lucia,2015,18.7,473.241,10334.986,99,82.914,95.244,1.473,20.02
LCA,St. Lucia,2016,18.6,479.874,10638.127,95,83.104,95.64,1.461,20.816
LCA,St. Lucia,2017,18.5,504.964,11333.112,80,83.257,96.035,1.448,21.784
LCA,St. Lucia,2018,18.4,497.486,11642.698,95,83.376,96.43,1.436,22.926
LCA,St. Lucia,2019,18.2,506.032,11764.394,92,83.372,96.825,1.424,24.248
LCA,St. Lucia,2020,18.1,589.637,8537.115,86,83.368,97.219,1.411,25.752
LCA,St. Lucia,2021,17.9,654.892,10481.123,80,83.363,97.613,1.399,27.444
LCA,St. Lucia,2022,17.7,622.072,12976.149,81,83.358,97.874,1.387,29.098
LKA,Sri Lanka,2000,16.3,42.549,860.2,99,76.807,83.675,2.213,14.62
LKA,Sri Lanka,2001,15.8,39.872,803.544,98,77.604,83.92,2.283,14.574
LKA,Sri Lanka,2002,15.5,41.24,834.936,98,78.404,84.198,2.31,14.611
LKA,Sri Lanka,2003,15.2,40.824,946.382,99,79.207,84.476,2.301,14.726
LKA,Sri Lanka,2004,29,49.148,1028.621,97,80.013,84.755,2.271,14.913
LKA,Sri Lanka,2005,14,55.4,1207.22,99,80.823,85.033,2.263,15.167
LKA,Sri Lanka,2006,13.3,63.289,1388.897,98,81.635,85.312,2.292,15.483
LKA,Sri Lanka,2007,12.6,71.388,1578.635,98,82.451,85.591,2.295,15.854
LKA,Sri Lanka,2008,12,90.001,1973.585,98,83.27,85.87,2.232,16.276
LKA,Sri Lanka,2009,21.5,97.263,2026.659,97,84.092,86.15,2.179,16.743
LKA,Sri Lanka,2010,11.2,105.074,2808.362,99,84.917,86.429,2.134,17.249
LKA,Sri Lanka,2011,10.8,115.516,3224.957,99,85.745,86.709,2.144,17.788
LKA,Sri Lanka,2012,10.3,110.036,3327.776,99,86.576,86.989,2.173,18.262
LKA,Sri Lanka,2013,9.8,133.16,3739.432,99,87.411,87.272,2.178,18.432
LKA,Sri Lanka,2014,9.2,132.822,3972.044,99,88.249,87.556,2.134,18.615
LKA,Sri Lanka,2015,8.7,144.291,4057.716,99,89.09,87.843,2.09,18.796
LKA,Sri Lanka,2016,8.3,145.325,4149.192,99,89.934,88.132,2.062,18.975
LKA,Sri Lanka,2017,7.9,142.325,4398.888,99,90.782,88.422,2.044,19.151
LKA,Sri Lanka,2018,7.6,154.646,4358.561,99,91.633,88.714,2.033,19.324
LKA,Sri Lanka,2019,7.2,147.012,4081.948,99,92.488,89.007,2.022,19.495
LKA,Sri Lanka,2020,6.9,159.714,3847.601,96,93.346,89.302,2.007,19.662
LKA,Sri Lanka,2021,6.6,202.755,3996.962,96,94.208,89.599,1.995,19.827
LKA,Sri Lanka,2022,6.3,130.093,3342.637,98,94.948,89.896,1.984,19.988
LKA,Sri Lanka,2023,6.1,134.237,3815.415,99,95.349,90.195,1.974,20.146
LSO,Lesotho,2000,108.3,23.711,442.78,84,13.911,64.406,3.605,19.327
LSO,Lesotho,2001,110.3,28.221,412.677,79,15.496,64.961,3.63,19.898
LSO,Lesotho,2002,112.1,23.2,388.923,85,17.072,65.52,3.682,20.493
LSO,Lesotho,2003,113.2,32.022,583.27,90,18.619,66.084,3.619,21.123
LSO,Lesotho,2004,113.9,41.189,766.686,90,20.152,66.652,3.508,21.799
LSO,Lesotho,2005,114.6,41.667,861.381,89,21.67,67.225,3.428,22.532
LSO,Lesotho,2006,114.7,49.678,925.467,89,23.174,67.802,3.414,23.333
LSO,Lesotho,2007,111.9,65.804,861.188,88,24.656,68.362,3.442,24.219
LSO,Lesotho,2008,111.6,69.067,898.483,88,26.124,68.927,3.392,25.197
LSO,Lesotho,2009,99.1,80.823,878.848,91,27.579,69.494,3.309,26.259
LSO,Lesotho,2010,90.9,85.879,1119.476,93,29.02,70.066,3.25,27.4
LSO,Lesotho,2011,85.2,117.67,1280.734,96,30.449,70.642,3.343,28.615
LSO,Lesotho,2012,81.4,125.378,1217.931,95,31.859,71.193,3.296,29.897
LSO,Lesotho,2013,79.3,131.356,1151.037,93,33.257,71.747,3.283,31.241
LSO,Lesotho,2014,77.6,121.215,1173.538,88,34.644,72.304,3.239,32.64
LSO,Lesotho,2015,75.1,104.6,1121.199,83,36.019,72.864,3.217,34.09
LSO,Lesotho,2016,71.4,91.013,992.492,87,37.384,73.427,3.18,35.508
LSO,Lesotho,2017,70.1,115.433,1069.367,89,38.737,73.993,3.105,36.528
LSO,Lesotho,2018,68.8,130.936,1170.656,90,40.079,74.563,3.016,37.569
LSO,Lesotho,2019,68.1,235.944,1082.057,92,41.409,75.138,2.924,38.604
LSO,Lesotho,2020,66.3,96.845,918.583,93,42.728,75.717,2.846,39.633
LSO,Lesotho,2021,64,115.814,1066.586,95,44.036,76.3,2.769,40.655
LSO,Lesotho,2022,62,133.326,1030.126,92,45.333,76.889,2.716,41.67
LSO,Lesotho,2023,61.3,122.64,921.435,90,46.618,77.481,2.694,42.678
LTU,Lithuania,2000,10.7,217.176,3300.636,94,84.263,89.646,1.39,66.977
LTU,Lithuania,2001,10.3,218.818,3532.528,95,84.731,90.098,1.29,66.929
LTU,Lithuania,2002,9.9,254.367,4148.131,95,85.195,90.546,1.23,66.889
LTU,Lithuania,2003,9.6,338.863,5507.474,94,85.66,90.996,1.26,66.76
LTU,Lithuania,2004,9.3,366.96,6734.575,94,86.127,91.448,1.27,66.602
LTU,Lithuania,2005,9,438.933,7857.031,94,86.614,91.915,1.29,66.578
LTU,Lithuania,2006,8.6,536.057,9210.101,94,87.12,92.396,1.33,66.638
LTU,Lithuania,2007,8,704.293,12295.121,95,87.625,92.875,1.36,66.718
LTU,Lithuania,2008,7.3,936.509,14955.535,96,88.128,93.353,1.45,66.753
LTU,Lithuania,2009,6.7,864.736,11854.371,98,88.668,93.819,1.5,66.782
LTU,Lithuania,2010,6.1,805.224,11829.123,95,89.194,94.276,1.5,66.771
LTU,Lithuania,2011,5.6,925.472,14261.843,92,89.735,94.742,1.55,66.752
LTU,Lithuania,2012,5.3,896.937,14288.185,93,90.301,95.223,1.6,66.854
LTU,Lithuania,2013,5.1,958.047,15636.525,93,90.865,95.702,1.59,67.009
LTU,Lithuania,2014,5.1,1019.712,16446.165,93,91.427,96.179,1.57,67.151
LTU,Lithuania,2015,5,918.508,14269.804,93,91.988,96.654,1.63,67.228
LTU,Lithuania,2016,4.8,986.133,14934.27,94,92.549,97.128,1.63,67.189
LTU,Lithuania,2017,4.5,1073.958,16800.151,94,93.11,97.6,1.57,67.101
LTU,Lithuania,2018,4.2,1241.386,19247.232,92,93.67,98.07,1.53,67.146
LTU,Lithuania,2019,3.9,1361.203,19608.794,92,94.229,98.537,1.43,67.246
LTU,Lithuania,2020,3.7,1511.796,20428.648,91,94.786,98.892,1.36,67.425
LTU,Lithuania,2021,3.6,1844.332,23882.867,90,95.341,99.238,1.36,68.191
LTU,Lithuania,2022,3.5,1831.277,24946.572,90,95.894,99.58,1.27,68.287
LTU,Lithuania,2023,3.4,2044.184,27983.366,90,96.385,99.918,1.18,68.575
LUX,Luxembourg,2000,4.7,2901.2,48659.639,99,97.69,100.0,1.76,84.418
LUX,Luxembourg,2001,4.4,3109.201,48440.181,99,97.683,100,1.66,84.817
LUX,Luxembourg,2002,4.2,3600.867,53005.732,99,97.678,100,1.63,85.203
LUX,Luxembourg,2003,3.9,4607.403,65689.321,98,97.673,100.0,1.62,85.591
LUX,Luxembourg,2004,3.7,5610.354,76544.917,99,97.669,100,1.66,85.98
LUX,Luxembourg,2005,3.5,5818.146,80988.204,99,97.664,100.0,1.63,86.374
LUX,Luxembourg,2006,3.3,6070.736,90788.816,99,97.66,100.0,1.65,86.774
LUX,Luxembourg,2007,3.1,6671.265,107475.32,99,97.655,100,1.61,87.183
LUX,Luxembourg,2008,3,7578.75,120422.138,99,97.651,100.0,1.61,87.604
LUX,Luxembourg,2009,2.9,7670.594,109419.747,99,97.647,100,1.59,88.038
LUX,Luxembourg,2010,2.8,7459.835,110885.991,99,97.643,100,1.63,88.488
LUX,Luxembourg,2011,2.7,7174.739,119025.057,99,97.639,100,1.52,88.956
LUX,Luxembourg,2012,2.7,6029.475,112584.676,99,97.635,100.0,1.57,89.441
LUX,Luxembourg,2013,2.6,6356.645,120000.141,99,97.631,100.0,1.55,89.941
LUX,Luxembourg,2014,2.6,6547.035,123678.707,99,97.628,100,1.5,90.458
LUX,Luxembourg,2015,2.5,5421.932,105462.013,99,97.624,100.0,1.47,90.989
LUX,Luxembourg,2016,2.5,5475.14,106899.294,99,97.621,100.0,1.41,91.536
LUX,Luxembourg,2017,2.5,5713.119,110193.214,99,97.618,100.0,1.39,92.096
LUX,Luxembourg,2018,2.4,6227.084,116926.76,99,97.615,100.0,1.38,92.671
LUX,Luxembourg,2019,2.4,6221.739,112696.649,99,97.613,100,1.34,93.259
LUX,Luxembourg,2020,2.4,6785.862,116860.028,99,97.61,100,1.36,93.86
LUX,Luxembourg,2021,2.3,7632.573,134965.815,99,97.608,100,1.38,94.586
LUX,Luxembourg,2022,2.3,7022.627,123719.659,99,97.605,100.0,1.31,94.761
LUX,Luxembourg,2023,2.2,7510.994,133230.619,99,97.603,100.0,1.25,94.802
LVA,Latvia,2000,14.3,181.571,3278.179,96,89.182,97.957,1.25,68.052
LVA,Latvia,2001,13.4,205.02,3504.618,97,89.158,97.954,1.22,68.016
LVA,Latvia,2002,12.6,237.295,4003.609,97,89.386,97.988,1.26,67.981
LVA,Latvia,2003,11.9,280.509,4914.58,98,89.526,98.022,1.32,67.949
LVA,Latvia,2004,11.1,393.298,6109.733,99,89.613,98.06,1.29,67.921
LVA,Latvia,2005,10.5,440.81,7283.787,99,89.698,98.097,1.39,67.895
LVA,Latvia,2006,9.9,552.302,9211.737,96,89.757,98.132,1.46,67.874
LVA,Latvia,2007,9.3,775.191,13370.979,94,89.809,98.166,1.54,67.856
LVA,Latvia,2008,8.8,913.521,15677.608,94,89.861,98.2,1.58,67.842
LVA,Latvia,2009,8.3,744.662,11996.032,94,89.921,98.236,1.46,67.832
LVA,Latvia,2010,7.7,689.077,11188.419,92,89.988,98.272,1.36,67.827
LVA,Latvia,2011,7.2,764.592,12902.574,92,90.054,98.308,1.33,67.827
LVA,Latvia,2012,6.6,745.517,13329.35,91,90.119,98.344,1.44,67.833
LVA,Latvia,2013,6.1,807.13,14484.472,94,90.183,98.38,1.52,67.847
LVA,Latvia,2014,5.6,856.767,15185.815,92,90.245,98.415,1.65,67.869
LVA,Latvia,2015,5.1,775.864,13321.975,94,90.493,98.451,1.7,67.897
LVA,Latvia,2016,4.8,874.798,13838.527,98,90.742,98.487,1.74,67.931
LVA,Latvia,2017,4.5,932.502,15132.496,98,90.993,98.523,1.69,67.971
LVA,Latvia,2018,4.2,1101.492,17252.171,96,91.245,98.559,1.6,68.016
LVA,Latvia,2019,3.9,1183.115,17294.975,99,91.498,98.595,1.61,68.066
LVA,Latvia,2020,3.6,1313.354,17564.232,99,91.752,98.631,1.55,68.121
LVA,Latvia,2021,3.3,1897.953,20261.889,94,92.007,98.666,1.57,68.181
LVA,Latvia,2022,3,1642.471,20221.104,95,92.263,98.702,1.47,68.257
LVA,Latvia,2023,2.8,1645.415,22710.264,98,92.519,98.737,1.36,68.359
MAR,Morocco,2000,52.4,54.64,1499.107,95,68.217,62.144,2.774,53.587
MAR,Morocco,2001,50.2,56.554,1506.245,96,68.998,63.457,2.686,53.897
MAR,Morocco,2002,48,63.58,1596.021,94,70.196,64.764,2.617,54.223
MAR,Morocco,2003,45.8,77.746,1941.873,91,71.361,66.063,2.606,54.578
MAR,Morocco,2004,43.6,91.173,2183.555,97,72.238,67.355,2.611,54.979
MAR,Morocco,2005,41.4,97.197,2242.988,98,73.177,68.755,2.613,55.44
MAR,Morocco,2006,39.2,110.224,2438.126,97,74.129,70.163,2.611,55.963
MAR,Morocco,2007,36.9,131.864,2755.586,95,75.079,71.554,2.618,56.53
MAR,Morocco,2008,34.8,153.237,3183.2,99,76.027,72.926,2.612,57.125
MAR,Morocco,2009,32.8,165.507,3119.589,99,76.973,74.279,2.624,57.731
MAR,Morocco,2010,30.9,168.366,3067.985,99,77.919,75.614,2.629,58.329
MAR,Morocco,2011,29.2,179.0,3301.989,99,78.862,76.93,2.595,58.903
MAR,Morocco,2012,27.5,172.044,3164.177,99,79.803,78.228,2.543,59.435
MAR,Morocco,2013,26,179.82,3379.743,99,80.742,79.506,2.478,59.908
MAR,Morocco,2014,24.5,188.642,3435.407,99,81.679,80.765,2.425,60.303
MAR,Morocco,2015,23.1,162.852,3146.248,99,82.613,82.006,2.406,60.642
MAR,Morocco,2016,21.9,162.215,3140.855,99,83.546,83.227,2.396,60.966
MAR,Morocco,2017,20.8,166.85,3296.527,99,84.476,84.429,2.375,61.276
MAR,Morocco,2018,19.9,175.705,3501.698,99,85.403,85.611,2.354,61.57
MAR,Morocco,2019,19.1,178.739,3508.098,99,86.328,86.774,2.342,61.843
MAR,Morocco,2020,18.3,192.04,3268.03,99,87.25,87.918,2.32,62.093
MAR,Morocco,2021,17.6,209.573,3785.936,98,87.384,89.041,2.288,62.317
MAR,Morocco,2022,17,201.811,3463.138,98,87.516,90.146,2.256,62.512
MAR,Morocco,2023,16.3,232.248,3813.726,97,87.648,91.231,2.23,62.674
MCO,Monaco,2000,5.2,2975.823,81789.015,99,100,100,2.082,100
MCO,Monaco,2001,5,3050.577,82402.775,99,100,100,2.176,100
MCO,Monaco,2002,4.8,3375.89,90051.446,99,100,100,2.006,100
MCO,Monaco,2003,4.7,4833.087,111110.46,99,100,100,1.914,100
MCO,Monaco,2004,4.6,5681.512,125160.283,99,100,100,1.994,100
MCO,Monaco,2005,4.5,5878.007,130538.711,99,100,100,2.006,100
MCO,Monaco,2006,4.4,6146.877,143083.509,99,100,100,2.101,100
MCO,Monaco,2007,4.3,7035.945,184558.455,99,100,100,2.206,100
MCO,Monaco,2008,4.2,8342.875,204263.893,99,100,100,2.384,100
MCO,Monaco,2009,4.1,8190.712,169150.338,99,100,100,2.397,100
MCO,Monaco,2010,4,8025.159,161853.923,99,100,100,2.385,100
MCO,Monaco,2011,3.9,8314.46,179364.01,99,100,100,2.22,100
MCO,Monaco,2012,3.8,7869.895,165444.626,99,100,100,2.294,100
MCO,Monaco,2013,3.7,8459.113,184940.634,99,100,100,2.313,100
MCO,Monaco,2014,3.6,8691.695,195693.52,99,100,100,2.485,100
MCO,Monaco,2015,3.5,7354.132,170437.021,99,100,100,2.503,100
MCO,Monaco,2016,3.4,7157.926,173604.67,99,100,100,2.578,100
MCO,Monaco,2017,3.3,7101.641,170663.47,99,100,100,2.418,100
MCO,Monaco,2018,3.2,7621.97,188298.39,99,100,100,2.485,100
MCO,Monaco,2019,3.1,7517.253,193746.73,99,100,100,2.403,100
MCO,Monaco,2020,3,7582.416,176891.806,99,100,100,2.38,100
MCO,Monaco,2021,2.9,8225.388,223823.327,99,100,100,2.122,100
MCO,Monaco,2022,2.8,7674.098,226052.061,99,100,100,2.114,100
MCO,Monaco,2023,2.7,8004.168,256799.911,99,100,100,2.11,100
MDA,Moldova,2000,31.4,21.38,440.539,95,71.251,83.0,1.496,40.419
MDA,Moldova,2001,28.5,25.399,507.404,97,71.657,83.323,1.471,39.674
MDA,Moldova,2002,25.8,33.924,570.8,97,72.068,83.651,1.448,39.621
MDA,Moldova,2003,23.4,38.438,682.319,98,72.485,83.983,1.479,39.595
MDA,Moldova,2004,21.5,64.607,897.178,98,73.059,84.32,1.543,39.446
MDA,Moldova,2005,20.1,79.332,1034.392,98,73.688,84.697,1.528,39.37
MDA,Moldova,2006,19,100.108,1183.025,97,74.369,85.111,1.537,39.218
MDA,Moldova,2007,18.2,135.444,1531.216,92,75.053,85.524,1.575,39.432
MDA,Moldova,2008,17.7,185.561,2110.553,90,75.742,85.939,1.638,39.371
MDA,Moldova,2009,17.2,208.53,1898.44,85,76.436,86.354,1.719,39.326
MDA,Moldova,2010,16.8,198.289,2436.799,90,77.133,86.769,1.703,39.28
MDA,Moldova,2011,16.5,214.982,2941.362,93,77.835,87.185,1.65,39.347
MDA,Moldova,2012,16.2,223.619,3044.808,92,78.542,87.602,1.661,39.361
MDA,Moldova,2013,16,231.662,3321.044,90,79.252,88.019,1.622,39.428
MDA,Moldova,2014,15.8,230.77,3289.958,90,79.967,88.436,1.82,39.63
MDA,Moldova,2015,15.6,186.436,2749.551,87,80.69,88.852,1.87,39.695
MDA,Moldova,2016,15.5,171.185,2847.088,89,81.421,89.272,1.89,39.737
MDA,Moldova,2017,15.4,243.945,3453.267,88,82.158,89.695,1.81,39.974
MDA,Moldova,2018,15.4,276.47,4156.45,93,82.902,90.121,1.81,40.326
MDA,Moldova,2019,15.5,283.984,4405.334,91,83.65,90.548,1.78,40.772
MDA,Moldova,2020,15.6,305.489,4375.779,86,84.403,90.978,1.77,41.337
MDA,Moldova,2021,15.8,403.878,5274.606,87,85.16,91.409,1.751,41.812
MDA,Moldova,2022,16,394.424,5744.296,88,85.735,91.842,1.694,42.405
MDA,Moldova,2023,16.2,451.73,6799.586,87,86.309,92.275,1.731,43.001
MDG,Madagascar,2000,104.4,11.188,280.283,57,3.825,36.443,5.665,25.01
MDG,Madagascar,2001,99.8,13.139,319.283,60,4.276,37.137,5.528,25.308
MDG,Madagascar,2002,95.6,15.03,304.942,62,4.729,37.829,5.412,25.604
MDG,Madagascar,2003,91.6,17.641,352.62,66,5.183,38.518,5.329,25.897
MDG,Madagascar,2004,87.8,14.293,272.201,78,5.639,39.206,5.264,26.187
MDG,Madagascar,2005,84.1,15.95,305.812,85,6.121,40.043,5.195,26.474
MDG,Madagascar,2006,80.8,16.441,324.147,85,6.606,40.878,5.133,26.759
MDG,Madagascar,2007,77.6,19.336,419.548,84,7.094,41.711,5.083,27.04
MDG,Madagascar,2008,74.8,20.919,512.58,77,7.585,42.542,5.043,27.318
MDG,Madagascar,2009,72.4,19.57,446.315,77,8.078,43.37,5.003,27.593
MDG,Madagascar,2010,70.3,21.14,450.009,70,8.574,44.195,4.896,27.865
MDG,Madagascar,2011,68.6,22.887,506.164,73,9.073,45.015,4.737,28.134
MDG,Madagascar,2012,67.3,19.302,493.511,68,9.575,45.832,4.613,28.399
MDG,Madagascar,2013,66.4,19.332,515.302,70,10.08,46.645,4.527,28.66
MDG,Madagascar,2014,65.7,22.566,505.685,68,10.587,47.454,4.421,28.919
MDG,Madagascar,2015,65.3,22.294,445.32,62,11.098,48.258,4.335,29.173
MDG,Madagascar,2016,64.9,24.208,453.971,68,11.611,49.058,4.285,29.424
MDG,Madagascar,2017,64.9,23.621,491.867,65,12.128,49.852,4.259,29.671
MDG,Madagascar,2018,64.9,21.127,500.457,74,12.647,50.641,4.246,29.918
MDG,Madagascar,2019,65,15.501,499.819,69,13.169,51.424,4.221,30.305
MDG,Madagascar,2020,65.1,16.783,450.772,67,13.695,52.202,4.17,30.702
MDG,Madagascar,2021,65,17.179,483.469,55,14.223,52.973,4.104,31.114
MDG,Madagascar,2022,64.5,15.858,504.059,57,14.754,53.739,4.036,31.54
MDG,Madagascar,2023,63.6,17.44,514.064,65,15.288,54.497,3.972,31.98
MDV,Maldives,2000,39.5,219.859,2213.812,98,76.12,93.975,2.691,27.604
MDV,Maldives,2001,35.1,229.8,3033.932,98,77.314,94.33,2.532,28.55
MDV,Maldives,2002,31.1,249.481,3076.07,98,78.491,94.679,2.425,29.888
MDV,Maldives,2003,27.4,240.54,3548.577,98,79.65,95.021,2.342,31.391
MDV,Maldives,2004,27.2,304.593,4070.261,96,80.791,95.357,2.262,32.854
MDV,Maldives,2005,21.6,335.138,3796.515,98,81.911,95.685,2.199,34.072
MDV,Maldives,2006,19.4,403.943,5018.943,98,82.968,95.999,2.204,34.868
MDV,Maldives,2007,17.6,478.243,5758.103,98,83.898,96.287,2.293,35.434
MDV,Maldives,2008,16.1,775.146,6757.433,98,84.963,96.591,2.371,35.934
MDV,Maldives,2009,14.9,679.663,6734.032,98,86.023,96.892,2.39,36.372
MDV,Maldives,2010,13.8,608.872,7173.596,96,87.078,97.191,2.349,36.765
MDV,Maldives,2011,12.9,588.208,7424.52,96,88.129,97.488,2.307,37.127
MDV,Maldives,2012,12.1,647.116,7461.297,99,89.175,97.781,2.254,37.476
MDV,Maldives,2013,11.3,671.653,8236.082,99,90.215,98.072,2.174,37.826
MDV,Maldives,2014,10.6,707.392,8939.074,99,91.251,98.361,2.089,38.194
MDV,Maldives,2015,9.9,837.473,9644.907,99,92.282,98.647,2.004,38.577
MDV,Maldives,2016,9.2,1017.999,9947.807,98,93.307,98.93,1.903,38.956
MDV,Maldives,2017,8.6,961.574,10509.629,98,94.327,99.211,1.798,39.328
MDV,Maldives,2018,8,833.216,11423.284,98,95.341,99.484,1.71,39.692
MDV,Maldives,2019,7.4,880.8,11740.272,98,96.351,99.623,1.64,40.049
MDV,Maldives,2020,6.9,845.824,7393.889,98,97.121,99.649,1.613,40.399
MDV,Maldives,2021,6.4,901.092,10176.144,95,97.864,99.675,1.599,40.74
MDV,Maldives,2022,6,883.915,11786.019,98,98.596,99.703,1.583,41.064
MDV,Maldives,2023,5.7,1159.028,12587.613,98,99.318,99.73,1.575,41.51
MEX,Mexico,2000,27.4,319.347,7524.027,97,79.205,91.562,2.714,74.92
MEX,Mexico,2001,26.2,364.397,7952.765,97,79.911,92.045,2.671,75.291
MEX,Mexico,2002,25,385.615,7983.034,97,80.606,92.523,2.633,75.684
MEX,Mexico,2003,23.9,411.832,7434.075,98,81.292,92.996,2.579,76.046
MEX,Mexico,2004,23,446.136,7849.668,98,81.968,93.465,2.536,76.327
MEX,Mexico,2005,22.1,483.98,8671.759,98,82.634,93.93,2.495,76.475
MEX,Mexico,2006,21.3,514.299,9512.636,98,83.291,94.39,2.456,76.498
MEX,Mexico,2007,20.7,558.065,10134.333,98,83.939,94.845,2.421,76.505
MEX,Mexico,2008,20,573.111,10523.769,96,84.578,95.279,2.391,76.509
MEX,Mexico,2009,19.5,492.599,8423.569,95,85.208,95.585,2.364,76.514
MEX,Mexico,2010,18.9,534.085,9728.801,95,85.829,95.887,2.34,76.524
MEX,Mexico,2011,18.4,565.317,10664.494,97,86.443,96.187,2.317,76.567
MEX,Mexico,2012,17.9,582.483,10744.134,99,87.048,96.483,2.294,76.659
MEX,Mexico,2013,17.5,625.598,11216.801,83,87.646,96.776,2.269,76.796
MEX,Mexico,2014,17,609.822,11391.377,87,88.236,97.066,2.211,76.974
MEX,Mexico,2015,16.6,553.913,10021.239,87,88.818,97.353,2.137,77.19
MEX,Mexico,2016,16.2,489.922,9097.924,93,89.392,97.637,2.086,77.441
MEX,Mexico,2017,15.8,512.55,9649.278,85,89.959,97.918,2.041,77.721
MEX,Mexico,2018,15.4,528.263,10084.794,88,90.519,98.195,2.03,78.027
MEX,Mexico,2019,15,549.726,10369.555,82,91.071,98.469,2.02,78.356
MEX,Mexico,2020,14.6,535.117,8841.271,72,91.615,98.741,1.99,78.678
MEX,Mexico,2021,14.2,606.134,10314.051,78,92.153,99.009,1.97,78.932
MEX,Mexico,2022,13.8,650.971,11405.794,83,92.661,99.274,1.94,79.2
MEX,Mexico,2023,13.4,760.988,13830.844,85,92.978,99.41,1.91,79.473
MHL,Marshall Islands,2000,42.7,306.733,2264.791,39,74.728,88.779,4.695,68.276
MHL,Marshall Islands,2001,42.7,269.221,2394.345,48,74.898,88.736,4.583,68.617
MHL,Marshall Islands,2002,42.5,309.727,2566.067,80,75.068,88.694,4.488,69.038
MHL,Marshall Islands,2003,42.2,338.226,2539.331,68,75.236,88.652,4.418,69.523
MHL,Marshall Islands,2004,41.8,363.403,2566.083,64,75.402,88.611,4.34,70.057
MHL,Marshall Islands,2005,41.3,490.599,2658.652,77,75.783,88.546,4.276,70.623
MHL,Marshall Islands,2006,40.9,613.299,2754.27,74,76.045,88.48,4.197,71.208
MHL,Marshall Islands,2007,40.4,485.017,2892.284,93,76.296,88.416,4.09,71.794
MHL,Marshall Islands,2008,40,536.23,2817.605,95,76.537,88.351,3.967,72.367
MHL,Marshall Islands,2009,39.5,543.676,2906.63,96,76.767,88.288,3.83,72.912
MHL,Marshall Islands,2010,39,548.599,3095.458,94,76.987,88.224,3.673,73.412
MHL,Marshall Islands,2011,38.4,376.392,3319.398,87,77.197,88.162,3.527,73.855
MHL,Marshall Islands,2012,37.8,410.498,3514.265,80,77.395,88.099,3.382,74.271
MHL,Marshall Islands,2013,37,445.424,3677.907,79,77.582,88.038,3.247,74.679
MHL,Marshall Islands,2014,36.1,449.906,3735.24,78,77.759,87.978,3.18,75.079
MHL,Marshall Islands,2015,35.2,557.352,3764.344,85,77.924,87.919,3.131,75.47
MHL,Marshall Islands,2016,34.2,619.357,4229.81,71,78.08,87.86,3.091,75.852
MHL,Marshall Islands,2017,33.2,553.063,4592.835,80,78.226,87.802,3.064,76.225
MHL,Marshall Islands,2018,32.2,702.836,4858.121,81,78.362,87.745,3.038,76.589
MHL,Marshall Islands,2019,31.2,793.669,5292.34,79,78.489,87.689,3.012,76.942
MHL,Marshall Islands,2020,30.3,687.024,5661.968,82,78.607,87.634,2.989,77.286
MHL,Marshall Islands,2021,29.4,782.164,6315.312,86,78.716,87.579,2.964,77.616
MHL,Marshall Islands,2022,28.5,859.05,6455.66,86,78.817,87.526,2.936,77.986
MHL,Marshall Islands,2023,27.6,894.215,6799.392,85,78.909,87.473,2.919,78.359
MKD,North Macedonia,2000,16,162.68,1861.899,95,88.65,96.761,1.863,58.492
MKD,North Macedonia,2001,15.1,150.431,1823.023,91,88.625,96.765,1.729,58.094
MKD,North Macedonia,2002,14.5,172.88,1989.135,96,88.6,96.769,1.786,57.873
MKD,North Macedonia,2003,14.2,214.296,2445.363,96,88.576,96.772,1.745,57.85
MKD,North Macedonia,2004,14,230.68,2818.581,94,88.551,96.776,1.524,57.853
MKD,North Macedonia,2005,13.7,229.812,3120.984,97,89.144,96.859,1.5,57.861
MKD,North Macedonia,2006,13.1,242.601,3440.441,93,89.745,96.94,1.46,57.88
MKD,North Macedonia,2007,12.3,263.254,4204.113,95,90.353,97.021,1.46,57.911
MKD,North Macedonia,2008,11.5,313.611,5026.42,95,90.967,97.102,1.47,57.959
MKD,North Macedonia,2009,10.8,297.881,4799.787,96,91.588,97.181,1.5,58.028
MKD,North Macedonia,2010,10.4,308.094,4833.366,95,92.214,97.26,1.6,58.121
MKD,North Macedonia,2011,10.2,335.132,5416.867,96,92.845,97.339,1.46,58.241
MKD,North Macedonia,2012,10.4,317.978,5049.827,95,93.482,97.418,1.5,58.392
MKD,North Macedonia,2013,10.7,361.132,5626.261,98,94.122,97.496,1.5,58.579
MKD,North Macedonia,2014,11.1,357.639,5925.386,95,94.767,97.575,1.5,58.803
MKD,North Macedonia,2015,11.1,322.252,5262.687,91,95.414,97.653,1.49,59.07
MKD,North Macedonia,2016,10.6,347.443,5598.486,95,96.065,97.732,1.5,59.382
MKD,North Macedonia,2017,9.6,375.33,5955.297,91,96.717,97.81,1.43,59.744
MKD,North Macedonia,2018,8.4,426.573,6713.989,93,97.33,97.89,1.42,60.158
MKD,North Macedonia,2019,7.1,469.473,6718.858,92,97.879,97.969,1.34,60.629
MKD,North Macedonia,2020,6,510.81,6659.597,84,98.428,98.05,1.31,61.159
MKD,North Macedonia,2021,5.1,636.654,7620.803,81,98.975,98.131,1.6,61.684
MKD,North Macedonia,2022,4.2,561.693,7606.238,84,98.982,98.159,1.6,61.953
MKD,North Macedonia,2023,3.4,639.417,8674.358,86,98.989,98.187,1.5,62.252
MLI,Mali,2000,189.9,14.005,304.653,43,17.334,49.407,6.886,18.978
MLI,Mali,2001,183.9,13.159,346.225,49,18.537,51.004,6.852,19.318
MLI,Mali,2002,177.7,15.895,378.192,61,19.748,52.665,6.819,19.679
MLI,Mali,2003,171.7,18.769,441.91,63,20.967,54.32,6.783,20.059
MLI,Mali,2004,165.8,21.72,495.006,69,22.193,55.969,6.741,20.457
MLI,Mali,2005,160.1,23.974,548.73,77,23.426,57.61,6.708,20.871
MLI,Mali,2006,154.6,26.932,586.985,78,24.667,59.243,6.677,21.299
MLI,Mali,2007,149.2,29.635,670.853,74,25.914,60.868,6.647,21.74
MLI,Mali,2008,144,33.214,767.195,74,27.169,62.484,6.624,22.192
MLI,Mali,2009,138.9,34.647,787.483,73,28.429,64.089,6.592,22.656
MLI,Mali,2010,133.8,31.364,797.152,73,29.693,65.683,6.579,23.136
MLI,Mali,2011,128.8,31.68,938.293,66,30.962,67.263,6.545,23.638
MLI,Mali,2012,123.9,27.531,872.506,65,32.235,68.829,6.523,24.161
MLI,Mali,2013,119.1,30.067,901.921,64,33.512,70.382,6.491,24.703
MLI,Mali,2014,114.4,35.726,947.915,66,34.792,71.921,6.441,25.266
MLI,Mali,2015,109.7,28.978,838.12,70,36.076,73.444,6.385,25.847
MLI,Mali,2016,105.1,27.581,872.469,76,37.363,74.953,6.319,26.447
MLI,Mali,2017,100.6,28.495,924.058,77,38.653,76.447,6.251,27.065
MLI,Mali,2018,96.2,31.17,996.379,76,39.946,77.925,6.118,27.7
MLI,Mali,2019,91.9,31.409,971.949,77,41.242,79.388,5.892,28.352
MLI,Mali,2020,87.6,28.202,953.243,70,42.54,80.834,5.85,29.021
MLI,Mali,2021,83.6,30.559,1027.273,77,43.84,82.265,5.779,29.705
MLI,Mali,2022,79.7,31.095,976.914,75,45.143,83.68,5.692,30.402
MLI,Mali,2023,76.2,33.98,1042.442,75,46.449,85.079,5.614,31.003
MLT,Malta,2000,7.6,647.102,10348.486,94,99.949,100,1.68,93.278
MLT,Malta,2001,7.4,685.984,10357.703,95,99.949,100.0,1.48,93.362
MLT,Malta,2002,7.2,830.646,11251.202,95,99.949,100.0,1.45,93.443
MLT,Malta,2003,7.1,1082.751,13593.979,94,99.949,100,1.48,93.524
MLT,Malta,2004,7,1227.289,15212.131,89,99.949,100.0,1.4,93.608
MLT,Malta,2005,6.9,1378.239,15831.344,92,99.948,100,1.38,93.699
MLT,Malta,2006,6.9,1480.113,16653.604,85,99.948,100.0,1.36,93.799
MLT,Malta,2007,6.9,1606.221,19444.174,74,99.948,100,1.35,93.912
MLT,Malta,2008,6.9,1759.863,22405.643,72,99.948,100.0,1.43,94.029
MLT,Malta,2009,6.9,1683.544,21261.543,73,99.948,100,1.42,94.142
MLT,Malta,2010,6.9,1735.487,21946.607,76,99.948,100.0,1.36,94.241
MLT,Malta,2011,6.8,1962.206,23516.972,96,99.953,100,1.45,94.316
MLT,Malta,2012,6.8,1898.509,22878.31,99,99.958,100,1.42,94.363
MLT,Malta,2013,6.7,2127.061,25415.553,99,99.962,100.0,1.36,94.391
MLT,Malta,2014,6.7,2466.891,27424.569,99,99.967,100.0,1.38,94.413
MLT,Malta,2015,6.6,2249.005,25529.669,97,99.972,100.0,1.37,94.439
MLT,Malta,2016,6.5,2326.67,26459.064,97,99.976,100.0,1.37,94.48
MLT,Malta,2017,6.4,2562.886,30317.261,98,99.981,100.0,1.26,94.569
MLT,Malta,2018,6.3,2759.912,33382.281,97,99.986,100.0,1.23,94.724
MLT,Malta,2019,6.1,2947.24,32421.909,98,99.991,100,1.14,94.933
MLT,Malta,2020,6,3140.77,31823.422,98,99.995,100,1.14,95.184
MLT,Malta,2021,5.8,3641.038,38078.006,99,100.0,100.0,1.13,95.515
MLT,Malta,2022,5.6,3362.424,35658.832,98,100.0,100.0,1.08,95.6
MLT,Malta,2023,5.5,3623.461,40932.524,98,100,100,1.06,95.627
MMR,Myanmar,2000,88.9,4.472,196.62,82,63.46,47.014,2.813,27.535
MMR,Myanmar,2001,86.5,4.627,141.526,73,64.014,48.607,2.793,27.711
MMR,Myanmar,2002,84.1,7.082,146.598,79,64.566,50.226,2.765,27.885
MMR,Myanmar,2003,81.6,6.575,224.293,78,65.116,51.87,2.68,28.057
MMR,Myanmar,2004,79.1,7.015,224.509,82,65.665,53.541,2.588,28.226
MMR,Myanmar,2005,76.3,7.653,252.685,73,66.212,55.237,2.515,28.391
MMR,Myanmar,2006,73.6,8.474,303.495,82,66.757,56.959,2.471,28.552
MMR,Myanmar,2007,70.8,9.914,419.376,86,67.3,58.706,2.447,28.708
MMR,Myanmar,2008,101.7,14.708,658.442,85,67.842,60.479,2.404,28.859
MMR,Myanmar,2009,65.1,18.703,758.443,90,68.337,62.276,2.369,29.003
MMR,Myanmar,2010,62.4,20.233,1010.534,90,68.83,64.099,2.335,29.142
MMR,Myanmar,2011,59.7,27.405,1213.629,84,69.32,65.946,2.306,29.272
MMR,Myanmar,2012,57,37.256,1202.666,84,69.808,67.818,2.276,29.396
MMR,Myanmar,2013,54.6,37.686,1199.096,75,70.292,69.715,2.264,29.51
MMR,Myanmar,2014,52.4,54.281,1293.0,88,70.775,71.636,2.252,29.616
MMR,Myanmar,2015,50.5,63.623,1166.733,89,71.256,73.584,2.266,29.717
MMR,Myanmar,2016,48.7,59.679,1229.197,90,71.736,75.559,2.27,29.813
MMR,Myanmar,2017,46.8,59.518,1272.822,89,72.214,77.561,2.252,29.905
MMR,Myanmar,2018,45.2,60.833,1298.213,91,72.691,79.589,2.228,29.994
MMR,Myanmar,2019,43.6,53.721,1425.99,90,73.165,81.642,2.206,30.078
MMR,Myanmar,2020,42.1,66.023,1490.217,84,73.637,83.695,2.179,30.159
MMR,Myanmar,2021,40.8,96.862,1242.721,37,74.105,85.531,2.158,30.237
MMR,Myanmar,2022,39.5,57.969,1158.05,71,74.13,85.58,2.131,30.311
MMR,Myanmar,2023,38.1,56.189,1233.197,71,74.156,85.632,2.115,30.382
MNE,Montenegro,2011,6.1,571.656,7265.518,95,93.343,96.59,1.65,64.421
MNE,Montenegro,2012,5.5,535.162,6552.48,94,93.89,96.872,1.72,64.524
MNE,Montenegro,2013,5,597.176,7102.778,94,94.439,97.153,1.73,64.625
MNE,Montenegro,2014,4.6,581.401,7342.171,91,94.99,97.435,1.75,64.723
MNE,Montenegro,2015,4.2,582.187,6421.0,89,95.543,97.715,1.7,64.818
MNE,Montenegro,2016,3.9,604.887,6968.012,89,96.099,97.984,1.8,64.91
MNE,Montenegro,2017,3.6,623.688,7674.286,87,96.657,98.228,1.8,64.999
MNE,Montenegro,2018,3.3,745.752,8673.595,86,97.214,98.879,1.8,65.085
MNE,Montenegro,2019,3.1,754.774,8749.256,87,97.502,99.082,1.8,65.169
MNE,Montenegro,2020,2.9,896.249,7555.487,84,97.772,99.284,1.75,65.249
MNE,Montenegro,2021,2.8,1024.257,9315.864,83,97.791,99.283,1.75,65.327
MNE,Montenegro,2022,2.6,1032.911,10038.185,80,97.81,99.282,1.8,65.401
MNE,Montenegro,2023,2.5,1147.698,12258.16,81,97.83,99.281,1.74,65.473
MNG,Mongolia,2000,62.5,28.136,476.028,94,43.351,62.415,2.2,56.731
MNG,Mongolia,2001,57.7,27.852,524.453,95,43.929,63.824,2.2,57.216
MNG,Mongolia,2002,52.9,30.678,570.249,98,44.499,65.21,2.1,58.131
MNG,Mongolia,2003,48.5,27.187,643.168,98,45.059,66.573,2,59.355
MNG,Mongolia,2004,44.3,33.702,794.155,99,46.566,67.912,2,60.783
MNG,Mongolia,2005,40.5,38.043,994.9,99,48.08,69.226,2,62.312
MNG,Mongolia,2006,37,49.528,1329.892,99,49.602,70.516,2.1,63.839
MNG,Mongolia,2007,33.8,66.176,1627.688,95,51.131,71.78,2.3,65.259
MNG,Mongolia,2008,31,97.268,2127.427,96,52.666,73.021,2.6,66.469
MNG,Mongolia,2009,28.5,76.7,1703.328,95,54.205,74.234,2.8,67.366
MNG,Mongolia,2010,26.3,99.509,2625.219,96,55.749,75.422,2.4,67.83
MNG,Mongolia,2011,24.4,135.987,3736.042,99,57.106,76.313,2.6,67.92
MNG,Mongolia,2012,22.8,169.652,4328.89,99,58.364,77.046,2.7,67.952
MNG,Mongolia,2013,21.5,180.415,4340.143,98,59.631,77.78,3,67.978
MNG,Mongolia,2014,20.4,176.697,4126.24,99,60.906,78.515,3.1,67.994
MNG,Mongolia,2015,19.4,165.193,3838.921,99,62.191,79.252,3,68.0
MNG,Mongolia,2016,18.4,168.414,3619.9,99,63.484,79.991,3,67.978
MNG,Mongolia,2017,17.4,160.489,3645.967,99,64.786,80.731,2.8,67.926
MNG,Mongolia,2018,16.4,188.641,4107.643,99,66.102,81.478,2.9,67.868
MNG,Mongolia,2019,15.6,197.571,4347.546,98,67.432,82.233,3,67.828
MNG,Mongolia,2020,14.8,188.775,4001.252,96,68.776,82.995,2.9,68.089
MNG,Mongolia,2021,14.3,330.038,4517.616,95,70.132,83.762,2.8,69.215
MNG,Mongolia,2022,13.9,448.242,4993.515,95,71.502,84.534,2.7,69.784
MNG,Mongolia,2023,13.6,359.61,5838.631,96,72.885,85.312,2.7,70.446
MOZ,Mozambique,2000,164.6,7.009,327.126,70,10.737,23.441,5.83,29.242
MOZ,Mozambique,2001,155.7,8.537,304.792,73,11.689,24.448,5.755,29.414
MOZ,Mozambique,2002,147.5,10.002,313.887,76,12.671,25.892,5.667,29.569
MOZ,Mozambique,2003,139.8,11.037,339.489,85,13.66,27.364,5.6,29.715
MOZ,Mozambique,2004,132.5,14.125,400.057,83,14.657,28.864,5.551,29.859
MOZ,Mozambique,2005,125.7,18.407,436.774,80,15.661,30.391,5.5,30.01
MOZ,Mozambique,2006,118.8,18.051,457.488,78,16.674,31.947,5.452,30.174
MOZ,Mozambique,2007,110.7,19.297,507.875,75,17.695,33.529,5.466,30.36
MOZ,Mozambique,2008,104.4,24.486,592.159,75,18.818,35.282,5.598,30.563
MOZ,Mozambique,2009,98.3,27.69,547.697,74,19.96,37.071,5.681,30.772
MOZ,Mozambique,2010,95.6,26.261,496.186,74,21.116,38.887,5.66,30.986
MOZ,Mozambique,2011,91.1,30.425,618.176,77,22.283,40.727,5.599,31.206
MOZ,Mozambique,2012,86.5,35.247,685.686,80,23.463,42.591,5.518,31.432
MOZ,Mozambique,2013,82.9,41.503,686.506,82,24.655,44.479,5.43,31.662
MOZ,Mozambique,2014,79.7,43.503,697.143,85,25.859,46.389,5.304,31.897
MOZ,Mozambique,2015,75.8,40.357,610.564,85,27.075,48.321,5.245,32.137
MOZ,Mozambique,2016,73.3,31.854,441.49,85,28.303,50.274,5.188,32.382
MOZ,Mozambique,2017,72,36.758,470.939,85,29.544,52.249,5.128,32.627
MOZ,Mozambique,2018,70.2,41.292,517.507,85,30.796,54.243,5.07,32.99
MOZ,Mozambique,2019,68.6,41.019,519.093,85,32.062,56.259,5.016,33.418
MOZ,Mozambique,2020,67.6,34.923,462.434,71,33.34,58.294,4.959,33.904
MOZ,Mozambique,2021,65.5,44.099,509.908,56,34.633,60.35,4.905,34.45
MOZ,Mozambique,2022,63.9,47.698,578.273,55,35.939,62.424,4.84,35.054
MOZ,Mozambique,2023,61.7,52.962,622.191,70,37.257,64.516,4.763,35.715
MRT,Mauritania,2000,98,23.003,680.911,51,18.153,41.413,5.456,38.056
MRT,Mauritania,2001,93.4,23.282,651.818,75,19.309,42.328,5.407,38.107
MRT,Mauritania,2002,88.2,25.97,648.88,89,20.576,43.823,5.373,38.39
MRT,Mauritania,2003,82.8,29.519,732.018,76,21.852,45.328,5.364,38.887
MRT,Mauritania,2004,77.5,31.473,823.554,70,23.137,46.842,5.374,39.569
MRT,Mauritania,2005,72.5,34.005,998.966,71,24.431,48.364,5.376,40.407
MRT,Mauritania,2006,68.1,35.149,1300.604,68,26.0,49.893,5.404,41.374
MRT,Mauritania,2007,64.3,40.418,1405.15,75,27.604,51.43,5.426,42.441
MRT,Mauritania,2008,61.3,49.286,1635.563,74,29.244,52.974,5.436,43.578
MRT,Mauritania,2009,58.8,44.647,1435.43,64,30.921,54.524,5.406,44.759
MRT,Mauritania,2010,56.8,43.76,1659.964,64,32.635,56.079,5.384,45.954
MRT,Mauritania,2011,55.1,47.775,1931.2,75,34.387,57.641,5.38,47.135
MRT,Mauritania,2012,53.5,49.252,1859.117,80,36.178,59.207,5.352,48.273
MRT,Mauritania,2013,52.1,55.474,1936.27,80,38.008,60.776,5.317,49.355
MRT,Mauritania,2014,50.6,59.394,1718.971,81,39.873,62.347,5.261,50.469
MRT,Mauritania,2015,49.1,57.123,1558.842,73,41.774,63.916,5.211,51.668
MRT,Mauritania,2016,47.7,49.901,1568.006,74,43.71,65.485,5.157,52.919
MRT,Mauritania,2017,46.2,55.224,1617.934,76,45.683,67.053,5.106,54.197
MRT,Mauritania,2018,44.7,49.683,1723.378,77,47.69,68.619,5.044,55.131
MRT,Mauritania,2019,43.4,54.634,1767.073,80,49.734,70.183,4.984,56.06
MRT,Mauritania,2020,42,53.9,1795.724,81,51.812,71.745,4.912,56.984
MRT,Mauritania,2021,40.7,73.631,1947.474,77,53.927,73.305,4.848,57.902
MRT,Mauritania,2022,39.4,91.541,1961.282,85,56.076,74.862,4.77,58.812
MRT,Mauritania,2023,38.1,92.114,2127.958,90,58.261,76.417,4.697,59.714
MUS,Mauritius,2000,18.8,115.898,3981.983,88,90.519,99.358,1.99,42.063
MUS,Mauritius,2001,17.5,116.361,3908.557,92,90.801,99.381,1.91,41.883
MUS,Mauritius,2002,16.6,132.386,4073.061,88,91.083,99.404,1.94,41.699
MUS,Mauritius,2003,16,157.684,4858.266,99,91.366,99.427,1.87,41.513
MUS,Mauritius,2004,15.7,184.743,5460.608,98,91.649,99.45,1.92,41.327
MUS,Mauritius,2005,15.6,192.139,5354.03,97,91.932,99.473,1.88,41.142
MUS,Mauritius,2006,15.4,203.242,5784.225,97,92.216,99.497,1.77,40.961
MUS,Mauritius,2007,15.2,229.231,6677.375,97,92.5,99.52,1.74,40.785
MUS,Mauritius,2008,15,312.885,8140.48,99,92.785,99.543,1.67,40.615
MUS,Mauritius,2009,14.9,301.673,7426.861,99,93.07,99.567,1.59,40.455
MUS,Mauritius,2010,14.8,357.174,8113.177,99,93.356,99.59,1.57,40.305
MUS,Mauritius,2011,14.9,385.762,9324.242,98,93.642,99.614,1.55,40.167
MUS,Mauritius,2012,15,387.103,9421.525,98,93.929,99.638,1.56,40.037
MUS,Mauritius,2013,14.9,440.003,9877.139,98,94.216,99.661,1.45,39.911
MUS,Mauritius,2014,14.7,544.441,10490.332,97,94.504,99.685,1.44,39.789
MUS,Mauritius,2015,14.5,515.722,9630.544,97,94.792,99.709,1.37,39.671
MUS,Mauritius,2016,14.6,540.392,10095.123,96,95.081,99.733,1.41,39.558
MUS,Mauritius,2017,15,594.861,10986.703,94,95.37,99.757,1.46,39.45
MUS,Mauritius,2018,15.4,640.622,11818.748,97,95.661,99.781,1.42,39.347
MUS,Mauritius,2019,15.7,639.183,11568.253,96,95.952,99.805,1.41,39.251
MUS,Mauritius,2020,15.8,541.952,9135.848,95,96.243,99.829,1.46,39.161
MUS,Mauritius,2021,15.7,593.779,9177.712,95,96.525,99.854,1.42,39.077
MUS,Mauritius,2022,15.5,590.915,10246.502,95,96.807,99.878,1.33,39.0
MUS,Mauritius,2023,15.4,616.207,11269.968,96,97.09,99.902,1.4,39.004
MWI,Malawi,2000,171,8.85,224.224,75,9.351,54.131,6.002,14.677
MWI,Malawi,2001,239,7.425,215.475,90,9.353,54.935,5.943,14.78
MWI,Malawi,2002,143.2,11.174,428.21,64,9.355,55.736,5.903,14.872
MWI,Malawi,2003,130,12.316,383.349,84,9.357,56.534,5.875,14.955
MWI,Malawi,2004,118.7,15.944,404.674,89,9.359,57.33,5.864,15.032
MWI,Malawi,2005,109.7,17.24,414.361,93,11.643,58.123,5.848,15.104
MWI,Malawi,2006,102.7,20.951,440.822,99,13.92,58.913,5.802,15.175
MWI,Malawi,2007,96.9,25.022,475.18,87,16.188,59.7,5.724,15.248
MWI,Malawi,2008,91,32.735,554.049,91,18.449,60.485,5.609,15.324
MWI,Malawi,2009,85.3,35.565,625.87,93,20.703,61.27,5.453,15.402
MWI,Malawi,2010,80.1,33.992,683.125,93,22.95,62.055,5.263,15.478
MWI,Malawi,2011,74,39.292,763.061,97,25.19,62.84,5.083,15.552
MWI,Malawi,2012,67.9,32.538,558.462,96,27.423,63.625,4.902,15.625
MWI,Malawi,2013,62.9,39.54,496.947,89,29.647,64.41,4.759,15.697
MWI,Malawi,2014,60,35.338,529.513,91,31.863,65.193,4.569,15.766
MWI,Malawi,2015,57.4,34.973,539.605,88,34.07,65.976,4.384,15.834
MWI,Malawi,2016,55.8,34.031,450.506,84,36.268,66.758,4.216,15.9
MWI,Malawi,2017,53.8,37.601,495.77,88,38.457,67.537,4.113,15.963
MWI,Malawi,2018,52,36.703,533.203,92,40.636,68.315,4.021,16.022
MWI,Malawi,2019,51.3,36.915,580.889,95,42.804,69.091,3.952,16.138
MWI,Malawi,2020,50.4,42.379,602.507,94,44.961,69.864,3.877,16.296
MWI,Malawi,2021,50,46.41,617.447,93,47.107,70.634,3.791,16.488
MWI,Malawi,2022,50.1,40.035,604.27,86,49.241,71.401,3.72,16.715
MWI,Malawi,2023,49.6,41.267,633.215,91,49.237,72.229,3.648,16.975
MYS,Malaysia,2000,9.9,111.838,4083.529,98,93.09,96.106,2.942,61.969
MYS,Malaysia,2001,9.3,114.917,3943.799,96,93.272,96.214,2.807,63.018
MYS,Malaysia,2002,8.8,121.614,4184.032,94,93.45,96.319,2.658,64.056
MYS,Malaysia,2003,8.6,142.212,4465.322,96,93.625,96.421,2.601,65.075
MYS,Malaysia,2004,8.4,153.863,4939.249,95,93.796,96.521,2.493,66.065
MYS,Malaysia,2005,8.3,162.177,5555.582,96,93.963,96.618,2.391,67.016
MYS,Malaysia,2006,8.3,200.548,6158.408,95,94.127,96.713,2.308,67.919
MYS,Malaysia,2007,8.3,230.56,7168.93,97,94.288,96.805,2.252,68.765
MYS,Malaysia,2008,8.2,263.678,8371.822,97,94.445,96.895,2.262,69.544
MYS,Malaysia,2009,8.2,245.644,7191.433,97,94.599,96.982,2.223,70.246
MYS,Malaysia,2010,8.1,285.643,8899.345,96,94.75,97.066,2.144,70.863
MYS,Malaysia,2011,8.1,343.459,10217.107,96,94.895,97.142,2.153,71.425
MYS,Malaysia,2012,8,371.76,10600.574,97,95.037,97.215,2.117,71.968
MYS,Malaysia,2013,8,381.692,10713.641,97,95.177,97.286,2.07,72.488
MYS,Malaysia,2014,8.1,414.439,11013.311,97,95.314,97.355,2.058,72.98
MYS,Malaysia,2015,8.2,368.773,9648.68,99,95.449,97.423,2.008,73.439
MYS,Malaysia,2016,8.2,350.712,9476.534,98,95.582,97.488,1.942,73.859
MYS,Malaysia,2017,8.2,366.366,9862.548,99,95.712,97.552,1.893,74.235
MYS,Malaysia,2018,8.2,409.847,10901.802,99,95.809,97.613,1.838,74.563
MYS,Malaysia,2019,8.2,419.326,10920.192,98,95.936,97.673,1.777,74.838
MYS,Malaysia,2020,8.2,406.52,9957.526,98,95.997,97.73,1.68,75.051
MYS,Malaysia,2021,8.2,476.944,10903.104,95,96.017,97.786,1.555,75.509
MYS,Malaysia,2022,8.2,458.22,11754.568,97,96.018,97.84,1.55,75.974
MYS,Malaysia,2023,8.3,450.339,11386.04,95,96.019,97.892,1.55,76.443
NAM,Namibia,2000,78.2,217.55,2156.676,79,27.149,76.236,3.991,32.117
NAM,Namibia,2001,77.6,201.469,1915.589,78,27.6,76.607,3.827,32.858
NAM,Namibia,2002,76.6,187.864,1772.076,77,28.197,77.081,3.693,33.646
NAM,Namibia,2003,75.6,278.702,2569.247,79,28.812,77.57,3.58,34.546
NAM,Namibia,2004,74.4,373.464,3403.155,81,29.418,78.054,3.545,35.536
NAM,Namibia,2005,71,402.201,3685.773,86,30.011,78.532,3.571,36.587
NAM,Namibia,2006,66,437.562,4017.183,86,30.593,79.005,3.601,37.672
NAM,Namibia,2007,62,493.604,4379.043,86,31.162,79.471,3.608,38.763
NAM,Namibia,2008,57.5,443.171,4204.786,83,31.719,79.931,3.616,39.833
NAM,Namibia,2009,53.2,420.749,4302.914,83,32.26,80.383,3.633,40.852
NAM,Namibia,2010,50.3,567.35,5418.216,83,32.789,80.829,3.657,41.795
NAM,Namibia,2011,50,624.598,5834.792,82,33.303,81.268,3.658,42.628
NAM,Namibia,2012,52.6,606.366,5942.647,84,33.812,81.706,3.676,43.38
NAM,Namibia,2013,50.8,539.413,5346.621,89,34.305,82.136,3.653,44.111
NAM,Namibia,2014,50,452.259,5378.323,88,34.783,82.558,3.635,44.821
NAM,Namibia,2015,51.8,476.508,4774.107,92,35.244,82.971,3.604,45.51
NAM,Namibia,2016,51.4,409.781,4395.688,85,35.682,83.371,3.574,46.175
NAM,Namibia,2017,49.8,447.952,5143.961,88,36.097,83.757,3.511,46.814
NAM,Namibia,2018,48.5,457.681,5308.608,89,36.489,84.129,3.462,47.423
NAM,Namibia,2019,46.6,419.148,4731.921,87,36.912,84.555,3.404,48.002
NAM,Namibia,2020,44.8,370.816,3878.59,93,37.315,84.969,3.349,48.547
NAM,Namibia,2021,43.2,449.952,4412.836,94,37.697,85.371,3.303,49.057
NAM,Namibia,2022,41.6,418.537,4349.799,84,38.059,85.762,3.248,49.529
NAM,Namibia,2023,41.1,397.091,4225.991,83,38.401,86.141,3.212,49.955
NER,Niger,2000,227.9,9.045,194.772,34,6.491,36.548,7.829,16.131
NER,Niger,2001,217.4,9.681,205.418,36,6.909,37.359,7.81,16.269
NER,Niger,2002,205.9,10.844,225.294,39,7.31,38.112,7.797,16.269
NER,Niger,2003,194.1,12.55,265.225,41,7.71,38.858,7.789,16.269
NER,Niger,2004,182.4,14.064,283.468,43,8.111,39.598,7.777,16.269
NER,Niger,2005,171.4,18.671,318.643,45,8.512,40.331,7.769,16.269
NER,Niger,2006,161.6,19.921,333.345,52,8.912,41.058,7.744,16.268
NER,Niger,2007,153.1,20.97,387.168,58,9.311,41.777,7.726,16.264
NER,Niger,2008,146,24.861,475.045,67,9.708,42.49,7.702,16.259
NER,Niger,2009,140.3,24.549,461.132,71,10.103,43.197,7.679,16.251
NER,Niger,2010,136,23.477,474.426,70,10.497,43.896,7.64,16.242
NER,Niger,2011,132.7,24.841,510.76,75,10.89,44.589,7.592,16.23
NER,Niger,2012,130.3,22.715,528.51,73,11.281,45.276,7.527,16.214
NER,Niger,2013,128.3,24.613,552.103,75,11.671,45.955,7.445,16.216
NER,Niger,2014,126.8,25.095,565.31,82,12.064,46.636,7.342,16.245
NER,Niger,2015,125.4,25.969,485.663,84,12.463,47.318,7.215,16.304
NER,Niger,2016,124.3,22.685,499.911,80,12.866,48.0,7.043,16.39
NER,Niger,2017,123.1,29.096,529.929,85,13.274,48.683,6.874,16.504
NER,Niger,2018,121.9,30.614,576.928,79,13.689,49.364,6.706,16.645
NER,Niger,2019,120.8,31.894,541.266,81,14.11,50.045,6.537,16.813
NER,Niger,2020,119.5,35.755,575.451,81,14.538,50.725,6.369,17.008
NER,Niger,2021,118,35.394,609.586,82,14.974,51.404,6.2,17.23
NER,Niger,2022,116,26.507,613.615,84,15.419,52.081,6.135,17.477
NER,Niger,2023,113.5,26.013,647.93,85,15.872,52.755,6.061,17.751
NGA,Nigeria,2000,177.3,17.159,547.318,29,27.995,44.48,6.124,43.279
NGA,Nigeria,2001,170.5,17.961,566.428,27,28.034,45.765,6.128,44.126
NGA,Nigeria,2002,163.9,17.538,712.165,25,28.686,47.324,6.116,44.979
NGA,Nigeria,2003,157.4,37.914,763.389,29,29.359,48.89,6.1,45.837
NGA,Nigeria,2004,151.4,42.818,962.481,33,30.053,50.464,6.09,46.699
NGA,Nigeria,2005,145.8,52.243,1211.377,36,30.769,52.044,6.063,47.566
NGA,Nigeria,2006,140.9,63.631,1599.539,40,31.507,53.631,6.053,48.424
NGA,Nigeria,2007,136.5,66.907,1815.527,42,32.268,55.225,6.027,49.236
NGA,Nigeria,2008,132.5,77.451,2154.105,53,33.052,56.825,6.024,50.051
NGA,Nigeria,2009,129.2,65.718,1820.486,63,33.86,58.431,5.993,50.865
NGA,Nigeria,2010,126.3,73.008,2202.257,56,34.693,60.042,5.948,51.678
NGA,Nigeria,2011,123.8,80.238,2418.413,53,35.55,61.655,5.893,52.49
NGA,Nigeria,2012,121.6,87.895,2633.197,36,36.431,63.27,5.797,53.302
NGA,Nigeria,2013,119.9,97.296,2872.791,39,37.336,64.886,5.694,54.113
NGA,Nigeria,2014,118.7,102.399,3088.721,43,38.266,66.504,5.622,54.923
NGA,Nigeria,2015,117.8,92.912,2585.734,42,39.219,68.122,5.503,55.733
NGA,Nigeria,2016,117.4,75.523,2070.413,53,40.197,69.741,5.343,56.541
NGA,Nigeria,2017,117.2,70.318,1876.34,55,41.2,71.36,5.182,57.349
NGA,Nigeria,2018,117.2,63.602,2057.879,61,42.226,72.98,5.021,58.155
NGA,Nigeria,2019,117.4,67.625,3189.813,66,43.277,74.599,4.861,58.961
NGA,Nigeria,2020,117.4,67.914,2797.185,62,44.351,76.219,4.7,59.766
NGA,Nigeria,2021,117.6,81.873,2787.488,61,45.449,77.839,4.636,60.57
NGA,Nigeria,2022,117.5,89.63,2899.16,59,46.571,79.458,4.552,61.373
NGA,Nigeria,2023,116.8,66.82,2138.764,67,47.716,81.077,4.482,62.175
NLD,Netherlands,2000,6.2,2028.181,26225.17,97,98.056,100,1.72,78.483
NLD,Netherlands,2001,6,2175.73,26955.713,97,98.032,100.0,1.71,80.184
NLD,Netherlands,2002,5.9,2544.813,29446.533,97,98.001,100,1.73,80.809
NLD,Netherlands,2003,5.7,3244.356,35896.75,98,97.971,100,1.75,81.301
NLD,Netherlands,2004,5.5,3689.464,40611.341,98,97.943,100.0,1.72,82.251
NLD,Netherlands,2005,5.3,3823.481,42165.396,96,97.916,100.0,1.71,83.505
NLD,Netherlands,2006,5.1,4080.22,45123.543,96,97.892,100,1.72,84.653
NLD,Netherlands,2007,4.9,4696.142,52100.8,97,97.87,100,1.72,85.409
NLD,Netherlands,2008,4.7,5382.446,58246.703,97,97.85,100,1.77,85.615
NLD,Netherlands,2009,4.6,5282.743,53172.026,97,97.828,100.0,1.79,86.222
NLD,Netherlands,2010,4.4,5191.694,51305.734,97,97.808,100.0,1.79,87.35
NLD,Netherlands,2011,4.3,5562.121,54701.773,97,97.79,100,1.76,88.006
NLD,Netherlands,2012,4.2,5284.65,50473.944,97,97.773,100,1.72,88.534
NLD,Netherlands,2013,4.2,5532.726,52602.286,97,97.759,100,1.68,89.175
NLD,Netherlands,2014,4.1,5601.886,53457.223,96,97.747,100,1.71,89.836
NLD,Netherlands,2015,4.1,4676.562,45793.814,95,97.735,100.0,1.66,90.279
NLD,Netherlands,2016,4.1,4644.021,46808.529,95,97.724,100.0,1.66,90.58
NLD,Netherlands,2017,4,4934.575,49513.682,94,97.714,100.0,1.62,91.122
NLD,Netherlands,2018,4,5330.66,53955.077,93,97.704,100,1.59,92.606
NLD,Netherlands,2019,4,5340.613,53554.901,94,97.694,100.0,1.57,93.89
NLD,Netherlands,2020,4,5865.905,53467.928,94,97.686,100.0,1.54,94.253
NLD,Netherlands,2021,4,6718.89,60141.988,95,97.678,100.0,1.62,94.629
NLD,Netherlands,2022,4,5967.904,59123.319,93,97.67,100,1.49,94.986
NLD,Netherlands,2023,3.9,6371.856,63515.603,92,97.663,100,1.43,95.322
NOR,Norway,2000,4.9,2948.932,37991.891,90,98.072,100,1.85,76.134
NOR,Norway,2001,4.7,3099.003,38458.253,91,98.071,100.0,1.78,76.396
NOR,Norway,2002,4.6,3889.959,43048.289,93,98.07,100,1.75,76.796
NOR,Norway,2003,4.4,4632.568,50208.096,92,98.069,100.0,1.8,77.26
NOR,Norway,2004,4.2,5097.344,57854.57,92,98.068,100,1.83,77.568
NOR,Norway,2005,4.1,5584.689,67358.362,91,98.067,100,1.84,77.826
NOR,Norway,2006,3.9,5892.987,75047.742,94,98.066,100,1.9,78.088
NOR,Norway,2007,3.7,6895.56,86600.239,93,98.065,100,1.9,78.407
NOR,Norway,2008,3.6,7768.05,99001.53,94,98.064,100.0,1.96,78.754
NOR,Norway,2009,3.4,7301.96,81939.727,94,98.064,100.0,1.98,79.057
NOR,Norway,2010,3.3,7859.516,90020.342,93,98.063,100.0,1.95,79.245
NOR,Norway,2011,3.1,8900.372,103545.219,94,98.062,100.0,1.88,79.312
NOR,Norway,2012,3,8970.119,104627.937,95,98.06,100,1.85,79.491
NOR,Norway,2013,2.9,9241.266,106333.138,94,98.059,100.0,1.78,79.972
NOR,Norway,2014,2.8,9116.378,100410.02,93,98.058,100,1.75,80.612
NOR,Norway,2015,2.7,7566.562,77220.952,95,98.057,100.0,1.72,81.238
NOR,Norway,2016,2.6,7492.077,73222.401,96,98.056,100.0,1.71,81.68
NOR,Norway,2017,2.5,7815.787,78771.215,96,98.054,100,1.62,81.97
NOR,Norway,2018,2.5,8271.859,85579.078,96,98.053,100,1.56,82.245
NOR,Norway,2019,2.4,8007.355,79329.308,97,98.052,100.0,1.53,82.494
NOR,Norway,2020,2.4,7824.577,71057.588,97,98.051,100,1.48,82.703
NOR,Norway,2021,2.4,9163.139,96442.555,97,98.05,100.0,1.55,82.861
NOR,Norway,2022,2.4,8692.576,113122.131,97,98.049,100.0,1.41,82.956
NOR,Norway,2023,2.4,8296.355,90984.409,96,98.048,100.0,1.4,83.072
NPL,Nepal,2000,78.7,8.342,223.83,74,14.895,79.488,3.984,31.099
NPL,Nepal,2001,74.3,10.269,240.795,72,17.396,80.167,3.793,32.809
NPL,Nepal,2002,70.2,10.464,238.891,72,19.889,80.807,3.604,35.036
NPL,Nepal,2003,66.5,11.069,246.43,78,22.429,81.442,3.439,38.045
NPL,Nepal,2004,63.1,12.925,279.588,80,25.016,82.073,3.279,41.611
NPL,Nepal,2005,60,14.147,309.024,75,27.65,82.699,3.115,45.507
NPL,Nepal,2006,57.3,13.68,340.432,89,30.33,83.321,2.967,49.506
NPL,Nepal,2007,54.7,17.139,385.45,82,33.056,83.938,2.857,53.383
NPL,Nepal,2008,52.4,18.864,464.817,82,35.827,84.551,2.737,56.911
NPL,Nepal,2009,50.1,20.866,473.079,95,38.644,85.159,2.63,59.864
NPL,Nepal,2010,47.9,29.622,585.278,93,41.506,85.762,2.541,62.016
NPL,Nepal,2011,45.8,34.148,785.519,92,44.412,86.36,2.462,63.14
NPL,Nepal,2012,43.7,33.65,788.203,90,47.362,86.953,2.42,63.656
NPL,Nepal,2013,41.7,35.143,803.27,92,50.357,87.542,2.36,64.131
NPL,Nepal,2014,39.7,41.974,821.455,92,53.394,88.125,2.319,64.564
NPL,Nepal,2015,37.8,46.496,875.544,91,56.475,88.703,2.273,64.951
NPL,Nepal,2016,36,47.123,877.256,87,59.597,89.275,2.226,65.29
NPL,Nepal,2017,34.2,49.631,1034.284,90,62.762,89.842,2.173,65.577
NPL,Nepal,2018,32.6,51.165,1179.198,91,65.967,90.403,2.12,65.81
NPL,Nepal,2019,31,53.611,1203.143,93,69.213,90.958,2.08,65.987
NPL,Nepal,2020,29.6,59.079,1154.215,84,72.499,91.508,2.051,66.105
NPL,Nepal,2021,28.3,69.188,1252.751,91,75.823,92.051,2.025,66.144
NPL,Nepal,2022,27.1,87.342,1385.911,90,79.187,92.587,2.002,66.299
NPL,Nepal,2023,26.1,83.96,1382.383,94,82.588,93.117,1.984,66.543
NRU,Naoero,2000,41.1,463.777,2648.602,44,64.672,98.315,3.543,100
NRU,Naoero,2001,39.4,349.017,2232.309,95,64.67,98.319,3.461,100
NRU,Naoero,2002,37.9,298.913,2084.648,80,64.669,98.322,3.4,100
NRU,Naoero,2003,36.5,273.598,2463.283,80,64.667,98.325,3.388,100
NRU,Naoero,2004,35.2,216.237,3040.513,80,64.666,98.329,3.378,100
NRU,Naoero,2005,34,328.928,2992.404,80,64.665,98.332,3.377,100
NRU,Naoero,2006,32.7,363.464,2910.141,72,65.015,98.335,3.4,100
NRU,Naoero,2007,31.4,586.816,2272.153,99,65.366,98.339,3.504,100
NRU,Naoero,2008,29.8,809.656,3756.845,99,65.716,98.309,3.665,100
NRU,Naoero,2009,28.2,575.395,4410.568,99,66.066,98.28,3.847,100
NRU,Naoero,2010,26.4,626.211,4735.92,99,66.417,98.251,4.019,100
NRU,Naoero,2011,24.6,672.276,6444.036,99,66.767,98.222,4.117,100
NRU,Naoero,2012,22.7,873.817,9842.77,79,67.118,98.193,4.115,100
NRU,Naoero,2013,20.9,808.106,8974.519,87,67.468,98.164,4.098,100
NRU,Naoero,2014,19.2,736.0,9230.054,95,67.818,98.135,4.085,100
NRU,Naoero,2015,17.5,973.309,7747.256,91,68.169,98.105,4.075,100
NRU,Naoero,2016,15.9,978.481,8748.156,97,68.519,98.076,4.027,100
NRU,Naoero,2017,14.4,1127.475,9656.98,87,68.869,98.047,3.879,100
NRU,Naoero,2018,13.1,1220.077,11413.746,90,69.22,98.018,3.683,100
NRU,Naoero,2019,12,1213.868,10801.771,96,69.57,97.989,3.531,100
NRU,Naoero,2020,10.9,1270.526,10709.069,95,69.92,97.96,3.466,100
NRU,Naoero,2021,10,1636.458,12748.17,98,70.27,97.93,3.425,100
NRU,Naoero,2022,9.3,2264.071,15309.835,99,70.621,97.901,3.379,100
NRU,Naoero,2023,8.7,2292.373,13602.637,99,70.971,97.872,3.331,100
NZL,New Zealand,2000,7.4,1054.281,13641.103,90,100.0,100.0,1.98,85.706
NZL,New Zealand,2001,7.2,1053.736,13882.857,90,100,100,1.97,85.755
NZL,New Zealand,2002,7,1250.126,16874.187,90,100,100,1.89,85.806
NZL,New Zealand,2003,6.9,1610.73,21913.708,90,100.0,100.0,1.93,85.858
NZL,New Zealand,2004,6.7,1981.972,25420.235,89,100.0,100.0,1.98,85.902
NZL,New Zealand,2005,6.6,2295.372,27751.065,89,100.0,100.0,1.97,85.93
NZL,New Zealand,2006,6.5,2304.065,26654.593,89,100,100,2.01,85.936
NZL,New Zealand,2007,6.4,2705.664,32479.982,88,100.0,100.0,2.18,85.929
NZL,New Zealand,2008,6.4,2708.656,31324.74,89,100,100,2.19,85.914
NZL,New Zealand,2009,6.3,2582.281,28276.726,92,100.0,100.0,2.13,85.892
NZL,New Zealand,2010,6.2,3072.736,33761.901,93,100,100,2.17,85.861
NZL,New Zealand,2011,6.1,3501.22,38425.83,95,100.0,100.0,2.09,85.823
NZL,New Zealand,2012,6,3682.942,40041.752,93,100.0,100.0,2.1,85.778
NZL,New Zealand,2013,5.9,3833.822,42984.957,92,100,100,2.01,85.708
NZL,New Zealand,2014,5.8,3997.432,44599.899,93,100,100,1.92,85.508
NZL,New Zealand,2015,5.6,3433.596,38648.73,92,100,100,1.99,85.152
NZL,New Zealand,2016,5.5,3516.935,40088.321,92,100.0,100.0,1.87,84.691
NZL,New Zealand,2017,5.4,3702.1,42912.154,94,100.0,100.0,1.81,84.17
NZL,New Zealand,2018,5.3,3706.803,43204.131,93,100.0,100.0,1.71,83.802
NZL,New Zealand,2019,5.2,3679.597,42872.268,92,100.0,100.0,1.72,83.805
NZL,New Zealand,2020,5.1,3887.713,42054.674,92,100,100,1.62,83.814
NZL,New Zealand,2021,5,4749.042,49902.154,90,100.0,100.0,1.65,83.83
NZL,New Zealand,2022,5,5138.338,49141.632,89,100,100,1.67,83.855
NZL,New Zealand,2023,4.9,4997.243,49302.342,88,100.0,100.0,1.57,83.89
OMN,Oman,2000,16.5,261.883,9753.848,99,89.156,85.638,3.852,71.54
OMN,Oman,2001,15.5,259.591,9611.964,99,89.153,85.634,3.662,71.518
OMN,Oman,2002,14.6,274.112,9869.131,99,89.912,85.629,3.51,71.501
OMN,Oman,2003,13.9,290.386,10463.543,99,90.671,85.625,3.371,71.493
OMN,Oman,2004,13.3,306.429,11800.851,99,91.472,85.694,3.2,71.543
OMN,Oman,2005,12.9,326.91,14434.858,99,92.294,86.06,3.029,71.858
OMN,Oman,2006,12.5,341.976,16930.857,98,93.103,86.424,2.879,72.392
OMN,Oman,2007,12.2,397.212,18792.654,99,93.9,86.783,2.761,73.068
OMN,Oman,2008,12,466.604,26576.779,99,94.685,87.139,2.762,73.808
OMN,Oman,2009,11.9,510.087,20655.918,98,95.457,87.492,2.829,74.534
OMN,Oman,2010,11.7,583.571,23570.18,99,96.217,87.84,2.973,75.158
OMN,Oman,2011,11.6,563.236,25188.007,99,96.99,88.285,2.955,75.659
OMN,Oman,2012,11.4,561.117,24642.298,98,97.753,88.799,2.928,76.088
OMN,Oman,2013,11.3,587.711,23458.023,98,98.486,89.294,2.954,76.491
OMN,Oman,2014,11.2,726.647,23160.65,99,99.045,89.774,2.97,76.889
OMN,Oman,2015,11.1,767.045,18808.308,99,99.319,90.238,2.965,77.303
OMN,Oman,2016,11,714.489,17110.19,99,99.319,90.687,2.949,77.752
OMN,Oman,2017,11,704.63,17820.066,99,99.32,91.115,2.923,78.314
OMN,Oman,2018,10.9,639.781,19901.762,99,99.32,91.523,2.81,78.966
OMN,Oman,2019,10.8,730.083,19180.186,99,99.32,91.888,2.696,79.578
OMN,Oman,2020,10.7,859.25,16784.863,99,99.32,92.168,2.638,80.018
OMN,Oman,2021,10.6,843.02,19403.46,99,99.32,92.31,2.588,80.124
OMN,Oman,2022,10.5,712.061,23223.583,99,99.321,92.44,2.449,80.012
OMN,Oman,2023,10.4,732.041,21027.738,99,99.321,92.56,2.525,79.57
PAK,Pakistan,2000,107.9,15.368,642.338,59,36.382,87.344,5.352,33.005
PAK,Pakistan,2001,105.1,13.416,609.94,61,36.47,87.586,5.182,33.199
PAK,Pakistan,2002,102.5,14.983,599.937,63,36.56,87.825,5.012,33.386
PAK,Pakistan,2003,100.1,14.349,672.442,66,36.649,88.063,4.894,33.567
PAK,Pakistan,2004,98,15.535,771.902,68,38.353,88.299,4.685,33.744
PAK,Pakistan,2005,96,19.59,827.62,63,40.052,87.986,4.595,33.919
PAK,Pakistan,2006,94.2,24.436,900.874,59,41.871,88.142,4.589,34.093
PAK,Pakistan,2007,92.3,26.142,998.09,54,43.697,88.313,4.554,34.268
PAK,Pakistan,2008,90.5,24.343,1067.043,53,45.528,88.482,4.515,34.446
PAK,Pakistan,2009,88.5,23.146,963.788,52,47.364,88.649,4.465,34.628
PAK,Pakistan,2010,86.5,23.628,987.305,52,49.207,88.815,4.398,34.816
PAK,Pakistan,2011,84.3,25.025,1131.735,63,51.055,88.979,4.305,35.011
PAK,Pakistan,2012,82,25.597,1204.365,64,52.909,89.141,4.204,35.216
PAK,Pakistan,2013,79.6,28.21,1225.434,65,54.767,89.301,4.125,35.432
PAK,Pakistan,2014,77.2,32.118,1266.613,69,56.631,89.459,4.055,35.66
PAK,Pakistan,2015,74.8,33.994,1380.47,72,58.501,89.616,3.988,35.902
PAK,Pakistan,2016,72.4,36.469,1424.692,75,60.376,89.771,3.902,36.16
PAK,Pakistan,2017,70.1,42.072,1519.235,75,62.255,89.924,3.9,36.435
PAK,Pakistan,2018,67.9,40.096,1569.338,80,64.144,90.076,3.855,36.748
PAK,Pakistan,2019,65.8,36.014,1390.417,84,66.04,90.227,3.81,37.109
PAK,Pakistan,2020,63.7,36.909,1278.397,80,67.943,90.376,3.765,37.508
PAK,Pakistan,2021,61.7,42.796,1455.319,83,69.853,90.524,3.72,37.933
PAK,Pakistan,2022,59.7,38.766,1538.323,85,71.769,90.67,3.662,38.374
PAK,Pakistan,2023,57.8,30.486,1360.324,86,71.824,90.682,3.605,38.819
PAN,Panama,2000,25.7,300.661,3975.093,98,62.561,89.62,2.744,62.217
PAN,Panama,2001,25,296.751,3991.777,99,63.3,89.976,2.72,62.634
PAN,Panama,2002,24.2,308.587,4090.586,99,64.359,90.329,2.698,63.033
PAN,Panama,2003,23.4,303.458,4264.664,98,65.423,90.658,2.679,63.408
PAN,Panama,2004,22.6,344.408,4644.566,95,66.491,90.866,2.68,63.755
PAN,Panama,2005,21.9,323.051,5017.741,92,67.565,91.063,2.643,64.072
PAN,Panama,2006,21.2,370.63,5528.767,88,68.642,91.256,2.62,64.355
PAN,Panama,2007,20.5,472.087,6317.817,85,69.725,91.446,2.612,64.602
PAN,Panama,2008,19.8,506.785,7347.591,86,70.812,91.633,2.608,64.809
PAN,Panama,2009,19.2,550.808,7796.926,85,71.904,91.816,2.593,64.973
PAN,Panama,2010,18.7,607.422,8331.464,94,73.001,91.997,2.587,65.093
PAN,Panama,2011,18.3,664.976,9662.296,87,74.104,92.175,2.604,65.19
PAN,Panama,2012,17.9,725.015,11064.806,85,75.215,92.351,2.591,65.283
PAN,Panama,2013,17.5,805.79,12273.323,80,76.332,92.526,2.569,65.371
PAN,Panama,2014,17.3,919.295,13213.199,80,77.457,92.698,2.552,65.453
PAN,Panama,2015,17.1,982.065,14082.655,73,78.588,92.869,2.53,65.529
PAN,Panama,2016,17,1056.685,14832.361,86,79.725,93.189,2.502,65.597
PAN,Panama,2017,16.7,1126.962,15694.63,81,80.869,93.507,2.462,65.658
PAN,Panama,2018,16.3,1227.306,16151.327,88,82.02,93.824,2.402,65.71
PAN,Panama,2019,15.9,1339.452,16477.907,88,83.177,94.139,2.288,65.753
PAN,Panama,2020,15.5,1358.45,13290.561,74,84.34,94.431,2.184,65.786
PAN,Panama,2021,15.2,1417.154,15509.807,87,85.51,94.644,2.152,65.809
PAN,Panama,2022,15.1,1572.93,17378.607,82,86.685,94.853,2.139,65.821
PAN,Panama,2023,15.1,1557.813,18797.193,71,87.867,95.06,2.119,65.86
PER,Peru,2000,38.3,83.638,1945.413,98,64.69,80.408,2.845,72.772
PER,Peru,2001,35.3,89.366,1929.573,90,65.407,81.165,2.744,73.157
PER,Peru,2002,32.7,97.661,2007.37,95,66.113,81.912,2.693,73.55
PER,Peru,2003,30.4,97.352,2129.441,94,66.81,82.649,2.661,73.956
PER,Peru,2004,28.4,105.166,2397.251,86,67.497,83.375,2.673,74.377
PER,Peru,2005,26.6,123.254,2706.669,77,68.174,84.091,2.643,74.816
PER,Peru,2006,25,136.143,3129.56,94,68.841,84.797,2.619,75.277
PER,Peru,2007,23.6,158.551,3581.089,93,69.498,85.493,2.583,75.762
PER,Peru,2008,22.3,191.426,4197.584,93,70.098,86.139,2.528,76.274
PER,Peru,2009,21.2,209.197,4181.188,93,70.671,86.762,2.48,76.822
PER,Peru,2010,20.2,241.433,5072.115,93,71.24,87.382,2.421,77.402
PER,Peru,2011,19.3,264.465,5861.358,91,71.804,87.996,2.413,78.012
PER,Peru,2012,18.5,309.314,6519.379,95,72.364,88.607,2.356,78.649
PER,Peru,2013,17.8,320.965,6746.8,88,72.918,89.214,2.317,79.311
PER,Peru,2014,17.2,332.188,6667.134,88,73.469,89.816,2.271,79.995
PER,Peru,2015,16.6,310.61,6231.712,90,74.015,90.415,2.229,80.698
PER,Peru,2016,16.1,311.335,6217.036,90,74.556,91.009,2.189,81.419
PER,Peru,2017,15.7,332.543,6736.167,89,75.093,91.599,2.152,82.193
PER,Peru,2018,15.3,362.76,6978.491,89,75.627,92.186,2.118,82.685
PER,Peru,2019,14.9,367.987,7037.008,88,76.159,92.77,2.086,83.103
PER,Peru,2020,14.5,399.138,6133.326,72,76.688,93.351,2.056,83.527
PER,Peru,2021,14.1,455.356,6828.534,82,77.214,93.929,2.029,83.948
PER,Peru,2022,13.7,445.105,7353.746,82,77.737,94.502,2.004,84.366
PER,Peru,2023,13.3,445.527,7919.046,84,78.257,95.072,1.98,84.781
PHL,Philippines,2000,36.8,32.103,1050.793,78,64.578,86.515,3.754,39.138
PHL,Philippines,2001,36,27.61,969.531,79,65.01,86.867,3.719,39.538
PHL,Philippines,2002,35.2,26.77,1014.909,79,65.443,87.241,3.651,39.955
PHL,Philippines,2003,34.4,31.604,1027.23,84,65.877,87.616,3.591,40.393
PHL,Philippines,2004,33.6,33.504,1099.63,88,66.311,87.992,3.524,40.851
PHL,Philippines,2005,32.8,45.676,1220.46,89,66.747,88.368,3.448,41.33
PHL,Philippines,2006,32,53.875,1426.146,88,67.183,88.745,3.466,41.831
PHL,Philippines,2007,31.3,64.279,1712.655,87,68.206,89.122,3.403,42.347
PHL,Philippines,2008,30.7,75.691,1959.292,87,69.24,89.501,3.401,43.155
PHL,Philippines,2009,30.1,77.645,1864.45,88,70.284,89.88,3.376,44.336
PHL,Philippines,2010,29.5,89.352,2162.914,88,71.342,90.264,3.315,45.521
PHL,Philippines,2011,29,95.957,2383.919,89,72.433,90.67,3.236,46.683
PHL,Philippines,2012,28.6,109.215,2614.616,89,73.53,91.075,3.143,47.918
PHL,Philippines,2013,28.3,118.874,2781.28,85,74.634,91.478,3.042,49.131
PHL,Philippines,2014,28,106.163,2866.838,80,75.743,91.881,2.894,50.239
PHL,Philippines,2015,27.9,113.434,2909.858,76,76.858,92.282,2.829,51.155
PHL,Philippines,2016,27.8,118.06,2985.196,84,77.98,92.681,2.679,51.911
PHL,Philippines,2017,27.8,120.323,3038.121,84,79.108,93.081,2.525,52.601
PHL,Philippines,2018,27.9,125.277,3168.51,84,80.242,93.48,2.378,53.209
PHL,Philippines,2019,28,141.693,3400.789,84,81.383,93.879,2.215,53.716
PHL,Philippines,2020,28,166.612,3227.579,83,82.528,94.277,2.075,54.108
PHL,Philippines,2021,27.9,208.192,3484.386,69,83.678,94.674,1.95,54.45
PHL,Philippines,2022,27.5,182.934,3548.069,84,84.833,95.07,1.929,54.79
PHL,Philippines,2023,27,194.055,3804.083,89,85.991,95.466,1.916,55.124
PLW,Palau,2000,26.5,675.545,7798.075,96,92.306,99.341,1.819,69.588
PLW,Palau,2001,25.5,640.584,8239.264,98,92.573,99.344,1.87,70.534
PLW,Palau,2002,24.6,609.033,8340.19,99,92.844,99.348,1.923,72.382
PLW,Palau,2003,23.7,638.307,7862.393,99,93.117,99.351,1.962,74.544
PLW,Palau,2004,22.9,765.055,8393.73,98,93.516,99.364,1.989,76.445
PLW,Palau,2005,22.1,810.104,9367.686,98,93.904,99.377,2.017,77.574
PLW,Palau,2006,21.3,852.008,9737.019,98,94.28,99.389,1.996,78.307
PLW,Palau,2007,20.6,897.353,10155.047,94,94.646,99.401,1.968,79.02
PLW,Palau,2008,20.1,880.839,10471.151,92,95.002,99.412,1.947,79.664
PLW,Palau,2009,19.7,947.126,9837.499,49,95.348,99.423,1.935,80.219
PLW,Palau,2010,19.5,1093.308,10018.065,69,95.683,99.434,1.937,80.663
PLW,Palau,2011,19.5,1072.563,10795.64,84,96.009,99.444,1.965,80.975
PLW,Palau,2012,19.7,1239.993,12098.412,89,96.326,99.454,2.006,81.129
PLW,Palau,2013,20.1,1399.299,12820.593,99,96.633,99.463,2.054,81.076
PLW,Palau,2014,20.6,1481.357,13854.73,95,96.931,99.472,2.032,80.734
PLW,Palau,2015,21.3,1554.912,15938.365,90,97.22,99.48,2.002,80.388
PLW,Palau,2016,21.9,1704.623,17043.666,98,97.501,99.488,2.055,80.109
PLW,Palau,2017,22.5,1775.328,16280.241,97,97.772,99.496,2.019,79.828
PLW,Palau,2018,22.9,1809.221,16179.878,95,98.036,99.503,1.97,79.552
PLW,Palau,2019,23,1928.916,15841.892,97,98.292,99.51,1.984,79.28
PLW,Palau,2020,22.9,1938.338,14556.31,96,98.541,99.516,1.972,79.08
PLW,Palau,2021,22.7,1931.312,13267.488,95,98.783,99.522,1.95,79.089
PLW,Palau,2022,22.4,2077.734,13934.952,94,99.019,99.528,1.927,79.113
PLW,Palau,2023,21.9,1683.846,15578.35,97,99.022,99.53,1.907,79.153
PNG,Papua New Guinea,2000,72,18.841,635.958,59,16.216,29.772,4.525,13.223
PNG,Papua New Guinea,2001,70.8,18.198,537.847,55,16.206,29.759,4.469,13.186
PNG,Papua New Guinea,2002,69.6,20.553,506.332,61,16.198,29.747,4.419,13.153
PNG,Papua New Guinea,2003,68.4,21.986,577.468,68,16.19,29.736,4.362,13.123
PNG,Papua New Guinea,2004,67.2,25.736,620.596,62,16.181,29.724,4.283,13.095
PNG,Papua New Guinea,2005,65.9,27.497,744.486,72,16.606,31.198,4.22,13.071
PNG,Papua New Guinea,2006,64.6,30.039,1238.183,70,17.031,32.672,4.148,13.05
PNG,Papua New Guinea,2007,63.2,33.186,1370.753,66,17.457,34.146,4.076,13.032
PNG,Papua New Guinea,2008,61.8,34.693,1624.793,56,17.883,35.621,4.015,13.019
PNG,Papua New Guinea,2009,60.3,36.544,1568.832,64,18.249,36.87,3.941,13.008
PNG,Papua New Guinea,2010,58.9,39.345,1866.869,55,18.61,38.097,3.883,13.002
PNG,Papua New Guinea,2011,57.5,52.495,2288.376,58,18.967,39.301,3.816,13.0
PNG,Papua New Guinea,2012,56.1,70.277,2635.087,57,19.321,40.483,3.746,13.014
PNG,Papua New Guinea,2013,54.7,76.753,2560.775,60,19.676,41.649,3.684,13.058
PNG,Papua New Guinea,2014,53.3,89.081,2723.175,52,20.032,42.799,3.625,13.132
PNG,Papua New Guinea,2015,57.3,45.19,2484.596,49,20.388,43.932,3.558,13.234
PNG,Papua New Guinea,2016,50.4,53.986,2316.395,46,20.745,45.047,3.495,13.365
PNG,Papua New Guinea,2017,48.9,55.247,2477.765,36,21.102,46.145,3.432,13.525
PNG,Papua New Guinea,2018,47.5,59.04,2566.368,35,21.459,47.225,3.382,13.713
PNG,Papua New Guinea,2019,46.1,59.896,2575.773,35,21.814,48.286,3.322,13.928
PNG,Papua New Guinea,2020,44.7,55.928,2429.611,40,22.169,49.327,3.274,14.17
PNG,Papua New Guinea,2021,43.2,61.025,2607.978,32,22.523,50.35,3.215,14.44
PNG,Papua New Guinea,2022,41.9,81.114,3102.294,37,22.875,51.353,3.165,14.736
PNG,Papua New Guinea,2023,40.6,85.15,2966.065,35,23.226,52.336,3.099,15.058
POL,Poland,2005,7.6,465.7,8043.923,99,90.92,98.239,1.24,61.55
POL,Poland,2006,7.3,524.097,9068.855,99,91.587,98.236,1.27,61.42
POL,Poland,2007,7,660.925,11272.529,99,92.256,98.233,1.31,61.276
POL,Poland,2008,6.7,892.597,14048.56,99,92.927,98.229,1.39,61.126
POL,Poland,2009,6.3,759.606,11556.303,99,93.6,98.226,1.4,60.98
POL,Poland,2010,6,809.199,12567.732,99,94.276,97.688,1.41,60.847
POL,Poland,2011,5.7,866.095,13867.667,99,94.955,97.148,1.33,60.736
POL,Poland,2012,5.4,815.142,13087.421,99,95.635,96.606,1.33,60.634
POL,Poland,2013,5.2,878.088,13621.902,99,96.318,96.063,1.29,60.533
POL,Poland,2014,5,911.298,14262.284,98,97.004,95.517,1.32,60.434
POL,Poland,2015,4.9,803.96,12637.522,98,97.692,94.97,1.32,60.336
POL,Poland,2016,4.8,816.086,12464.012,98,98.383,94.422,1.39,60.24
POL,Poland,2017,4.6,909.578,13913.342,96,98.797,93.876,1.48,60.146
POL,Poland,2018,4.5,978.736,15658.211,95,98.955,93.331,1.46,60.053
POL,Poland,2019,4.5,1014.038,15874.522,95,98.958,92.788,1.44,59.963
POL,Poland,2020,4.4,1025.985,16150.93,94,98.958,92.248,1.39,59.874
POL,Poland,2021,4.4,1183.302,18635.51,94,98.957,91.711,1.33,59.81
POL,Poland,2022,4.3,1219.291,18891.212,94,98.957,91.178,1.29,59.832
POL,Poland,2023,4.3,1577.982,22145.266,95,98.957,90.648,1.2,59.886
PRT,Portugal,2000,7.2,995.342,11526.372,96,97.651,99.23,1.55,54.405
PRT,Portugal,2001,6.6,1015.55,11734.765,97,97.768,99.216,1.45,55.068
PRT,Portugal,2002,6,1139.403,12936.693,98,97.883,99.205,1.46,55.789
PRT,Portugal,2003,5.5,1443.378,15797.782,99,97.997,99.194,1.44,56.587
PRT,Portugal,2004,5,1723.744,18064.158,95,98.11,99.186,1.4,57.417
PRT,Portugal,2005,4.7,1814.354,18780.128,93,98.221,99.178,1.41,58.245
PRT,Portugal,2006,4.4,1857.645,19839.454,97,98.33,99.172,1.37,59.034
PRT,Portugal,2007,4.2,2112.529,22811.056,97,98.438,99.168,1.35,59.748
PRT,Portugal,2008,4,2391.981,24949.041,97,98.544,99.165,1.39,60.351
PRT,Portugal,2009,3.9,2346.542,23151.215,96,98.649,99.163,1.34,60.807
PRT,Portugal,2010,3.8,2259.304,22551.935,98,98.753,99.163,1.39,61.079
PRT,Portugal,2011,3.7,2255.969,23246.543,97,98.855,99.164,1.35,61.141
PRT,Portugal,2012,3.7,1976.915,20593.427,98,98.956,99.166,1.28,61.141
PRT,Portugal,2013,3.6,2027.421,21676.486,98,99.055,99.17,1.21,61.141
PRT,Portugal,2014,3.6,2056.615,22120.685,98,99.153,99.175,1.24,61.139
PRT,Portugal,2015,3.6,1787.038,19215.781,98,99.249,99.182,1.31,61.137
PRT,Portugal,2016,3.6,1870.318,19980.281,98,99.344,99.189,1.37,61.134
PRT,Portugal,2017,3.6,1991.323,21442.384,98,99.438,99.198,1.38,61.13
PRT,Portugal,2018,3.5,2206.712,23541.14,99,99.531,99.208,1.42,61.123
PRT,Portugal,2019,3.5,2209.502,23343.363,99,99.62,99.22,1.44,61.115
PRT,Portugal,2020,3.4,2328.356,22299.404,99,99.653,99.232,1.42,61.104
PRT,Portugal,2021,3.3,2764.043,24711.451,99,99.662,99.246,1.35,61.095
PRT,Portugal,2022,3.3,2600.567,24620.52,99,99.661,99.26,1.43,61.126
PRT,Portugal,2023,3.2,2762.263,27634.618,99,99.66,99.276,1.45,61.205
PRY,Paraguay,2000,33.6,104.491,1736.117,86,70.767,76.391,3.508,57.514
PRY,Paraguay,2001,32.8,91.844,1637.686,89,72.05,77.773,3.361,57.969
PRY,Paraguay,2002,32,65.074,1367.765,87,73.306,79.118,3.233,58.309
PRY,Paraguay,2003,31.3,70.858,1443.999,86,74.467,80.355,3.123,58.552
PRY,Paraguay,2004,30.5,88.101,1786.215,92,75.603,81.558,3.053,58.742
PRY,Paraguay,2005,29.7,95.181,1970.872,96,76.729,82.747,2.973,58.894
PRY,Paraguay,2006,28.9,122.451,2439.431,98,77.844,83.923,2.889,59.02
PRY,Paraguay,2007,28.2,161.253,3211.936,95,78.949,85.085,2.823,59.133
PRY,Paraguay,2008,27.3,220.904,4384.955,89,80.043,86.234,2.792,59.244
PRY,Paraguay,2009,26.5,217.786,3941.848,86,81.128,87.37,2.757,59.367
PRY,Paraguay,2010,25.7,258.431,4750.963,91,82.202,88.493,2.695,59.512
PRY,Paraguay,2011,24.9,337.813,5805.402,92,83.266,89.602,2.667,59.693
PRY,Paraguay,2012,24.2,368.787,5642.17,91,84.32,90.698,2.658,59.921
PRY,Paraguay,2013,23.4,391.801,6435.683,91,85.359,91.777,2.636,60.238
PRY,Paraguay,2014,22.7,440.858,6652.255,93,86.387,92.842,2.646,60.71
PRY,Paraguay,2015,21.9,393.424,5879.338,92,87.407,93.896,2.645,61.33
PRY,Paraguay,2016,21.2,385.523,5775.16,92,88.418,94.939,2.624,62.083
PRY,Paraguay,2017,20.5,406.605,6152.267,91,89.42,95.971,2.591,62.953
PRY,Paraguay,2018,19.9,422.131,6258.45,88,90.415,96.992,2.561,63.925
PRY,Paraguay,2019,19.2,416.844,5821.182,86,91.415,98.025,2.525,64.985
PRY,Paraguay,2020,18.6,411.818,5365.472,79,92.408,99.046,2.497,66.117
PRY,Paraguay,2021,18,480.113,5974.906,70,93.392,99.331,2.469,67.306
PRY,Paraguay,2022,17.5,480.029,6189.102,69,94.243,99.518,2.444,68.64
PRY,Paraguay,2023,16.9,526.51,6303.265,71,95.249,99.601,2.422,69.347
PSE,West Bank and Gaza,2000,30.3,129.545,1476.172,93,90.284,92.393,5.457,72.069
PSE,West Bank and Gaza,2001,29.4,127.379,1335.553,97,90.34,92.883,5.342,73.726
PSE,West Bank and Gaza,2002,28.5,118.229,1156.217,97,90.395,93.371,5.216,75.498
PSE,West Bank and Gaza,2003,27.7,111.622,1257.699,98,90.45,93.858,5.062,77.287
PSE,West Bank and Gaza,2004,26.8,150.726,1422.191,96,90.935,94.344,4.971,78.993
PSE,West Bank and Gaza,2005,26,158.43,1543.701,96,91.42,94.828,4.867,80.517
PSE,West Bank and Gaza,2006,25.1,154.097,1570.104,96,91.905,95.311,4.739,81.761
PSE,West Bank and Gaza,2007,24.3,149.223,1664.246,99,92.388,95.792,4.627,82.596
PSE,West Bank and Gaza,2008,23.5,200.964,2035.202,96,92.872,96.272,4.509,83.098
PSE,West Bank and Gaza,2009,22.7,221.97,2191.782,97,93.354,96.752,4.44,83.505
PSE,West Bank and Gaza,2010,21.9,219.447,2557.076,99,93.837,97.23,4.434,83.885
PSE,West Bank and Gaza,2011,21.1,308.365,2880.798,99,94.319,97.707,4.305,84.234
PSE,West Bank and Gaza,2012,20.3,298.341,3067.439,97,94.801,98.182,4.154,84.547
PSE,West Bank and Gaza,2013,19.6,327.257,3315.298,99,95.282,98.579,4.049,84.818
PSE,West Bank and Gaza,2014,21.9,314.275,3352.113,99,95.763,98.968,3.995,85.043
PSE,West Bank and Gaza,2015,18.2,286.914,3272.154,99,96.243,99.204,3.977,85.218
PSE,West Bank and Gaza,2016,17.5,299.413,3527.614,99,96.722,99.309,3.887,85.338
PSE,West Bank and Gaza,2017,16.9,310.211,3620.36,99,97.201,99.224,3.771,85.378
PSE,West Bank and Gaza,2018,16.3,324.022,3562.331,99,97.679,99.137,3.674,85.535
PSE,West Bank and Gaza,2019,15.7,317.45,3656.858,99,98.156,99.049,3.591,85.814
PSE,West Bank and Gaza,2020,15.2,314.823,3233.569,98,98.622,98.958,3.511,86.074
PSE,West Bank and Gaza,2021,14.6,364.417,3678.636,95,99.062,98.866,3.442,86.335
PSE,West Bank and Gaza,2022,14.1,350.638,3799.955,98,99.377,98.781,3.375,86.596
PSE,West Bank and Gaza,2023,41.9,345.68,3607.416,88,99.393,98.776,3.311,86.858
QAT,Qatar,2000,12.5,553.086,27535.183,80,99.937,99.903,3.073,96.294
QAT,Qatar,2001,12,598.736,25870.799,93,99.937,99.903,3.08,96.467
QAT,Qatar,2002,11.6,668.86,27226.659,96,99.937,99.903,3.011,96.642
QAT,Qatar,2003,11.2,1115.453,31602.471,92,99.937,99.903,2.925,96.831
QAT,Qatar,2004,10.8,1261.62,41035.501,96,99.937,99.903,2.794,97.047
QAT,Qatar,2005,10.4,1386.016,53949.676,97,99.937,99.903,2.635,97.302
QAT,Qatar,2006,10.1,1378.93,62582.445,96,99.937,99.903,2.509,97.583
QAT,Qatar,2007,9.8,1301.497,65954.115,94,99.937,99.903,2.438,97.866
QAT,Qatar,2008,9.6,1292.6,80781.211,97,99.937,99.903,2.369,98.13
QAT,Qatar,2009,9.3,1325.43,60785.735,99,99.937,99.909,2.254,98.349
QAT,Qatar,2010,9.1,1309.793,77387.294,97,99.937,99.915,2.137,98.507
QAT,Qatar,2011,8.9,1482.283,103261.51,93,99.937,99.921,2.07,98.63
QAT,Qatar,2012,8.7,1712.671,108470.379,92,99.937,99.928,2.04,98.743
QAT,Qatar,2013,8.4,2029.866,103697.008,97,99.937,99.934,2.032,98.836
QAT,Qatar,2014,8.1,2252.414,95840.631,89,99.937,99.94,2.03,98.902
QAT,Qatar,2015,7.8,2422.645,68985.295,99,99.937,99.946,1.976,98.938
QAT,Qatar,2016,7.5,2072.061,61253.638,98,99.937,99.952,1.856,98.986
QAT,Qatar,2017,7.1,1911.954,63279.856,97,99.937,99.958,1.834,99.031
QAT,Qatar,2018,6.8,1966.557,71039.849,98,99.937,99.964,1.756,99.076
QAT,Qatar,2019,6.6,2007.515,66841.301,98,99.937,99.971,1.731,99.119
QAT,Qatar,2020,6.3,1967.152,51683.505,89,99.937,99.977,1.675,99.162
QAT,Qatar,2021,6.2,1847.002,71751.883,98,99.937,99.983,1.605,99.203
QAT,Qatar,2022,6.1,1781.504,88701.463,98,99.937,99.989,1.739,99.244
QAT,Qatar,2023,6,1804.354,80195.875,95,99.937,99.989,1.729,99.284
ROU,Romania,2001,20.6,78.818,1825.193,99,74.122,100.0,1.27,52.765
ROU,Romania,2002,20.2,96.577,2119.855,98,74.095,100,1.27,52.747
ROU,Romania,2003,19.9,143.546,2679.406,97,74.145,100,1.3,52.802
ROU,Romania,2004,19.3,190.795,3494.991,97,74.196,100,1.33,52.918
ROU,Romania,2005,18.2,254.53,4618.004,97,74.246,100.0,1.4,53.075
ROU,Romania,2006,16.7,291.004,5757.531,97,75.184,100.0,1.42,53.257
ROU,Romania,2007,15.2,415.068,8360.338,96,76.118,100.0,1.45,53.447
ROU,Romania,2008,13.9,521.316,10435.156,96,77.05,100,1.6,53.63
ROU,Romania,2009,13,449.377,8548.454,95,77.978,100.0,1.66,53.788
ROU,Romania,2010,12.4,472.208,8399.537,94,78.904,100.0,1.59,53.904
ROU,Romania,2011,11.8,426.6,9560.676,89,79.826,100,1.47,53.961
ROU,Romania,2012,11.2,401.671,8929.954,91,80.71,100,1.52,53.956
ROU,Romania,2013,10.6,495.236,9497.674,92,81.579,100.0,1.46,53.91
ROU,Romania,2014,9.9,503.348,10031.771,94,82.449,100,1.56,53.827
ROU,Romania,2015,9.2,442.24,8977.017,89,83.326,100.0,1.62,53.707
ROU,Romania,2016,8.5,476.245,9404.54,89,84.209,100.0,1.69,53.553
ROU,Romania,2017,7.9,555.113,10727.982,82,85.099,100.0,1.78,53.365
ROU,Romania,2018,7.3,687.154,12416.134,86,85.993,100,1.76,53.145
ROU,Romania,2019,6.8,738.558,12909.61,88,86.891,100.0,1.77,52.893
ROU,Romania,2020,6.5,809.589,13009.153,87,87.792,100.0,1.8,52.612
ROU,Romania,2021,6.4,963.013,14908.041,86,88.696,100,1.81,52.232
ROU,Romania,2022,6.6,902.268,15503.469,85,89.6,100,1.71,52.163
ROU,Romania,2023,6.9,1050.998,18244.419,79,90.506,100.0,1.54,52.165
RUS,Russian Federation,2002,17.3,140.057,2377.53,97,81.661,96.424,1.286,73.293
RUS,Russian Federation,2003,16.1,163.311,2975.123,96,81.666,96.439,1.319,73.406
RUS,Russian Federation,2004,15,207.613,4102.365,97,81.672,96.455,1.344,73.307
RUS,Russian Federation,2005,13.9,270.144,5323.455,98,81.679,96.472,1.294,73.161
RUS,Russian Federation,2006,12.8,350.84,6920.2,98,81.686,96.488,1.305,73.244
RUS,Russian Federation,2007,12,459.603,9101.239,98,82.245,96.504,1.416,73.386
RUS,Russian Federation,2008,11.3,606.775,11635.284,98,82.806,96.521,1.502,73.482
RUS,Russian Federation,2009,10.7,513.91,8562.824,98,83.366,96.537,1.542,73.529
RUS,Russian Federation,2010,10.4,564.301,10674.99,97,83.928,96.554,1.567,73.67
RUS,Russian Federation,2011,10.2,681.043,14305.332,97,84.49,96.57,1.582,73.853
RUS,Russian Federation,2012,9.9,755.486,15401.852,97,85.056,96.588,1.691,73.973
RUS,Russian Federation,2013,9.5,805.521,15941.448,97,85.625,96.607,1.707,74.076
RUS,Russian Federation,2014,8.9,736.322,14055.473,97,86.199,96.627,1.75,74.178
RUS,Russian Federation,2015,8.2,496.95,9277.714,97,86.777,96.649,1.777,74.276
RUS,Russian Federation,2016,7.5,463.293,8663.158,97,87.359,96.672,1.762,74.37
RUS,Russian Federation,2017,6.9,577.068,10658.913,97,87.947,96.696,1.621,74.46
RUS,Russian Federation,2018,6.4,606.114,11211.888,97,88.539,96.721,1.579,74.544
RUS,Russian Federation,2019,6,650.471,11447.701,97,89.137,96.747,1.504,74.622
RUS,Russian Federation,2020,5.7,814.945,10108.327,97,89.741,96.775,1.505,74.693
RUS,Russian Federation,2021,5.5,881.744,12425.029,97,90.351,96.805,1.505,74.752
RUS,Russian Federation,2022,5.4,1082.821,15625.633,97,90.966,96.835,1.416,74.854
RUS,Russian Federation,2023,5.3,1003.332,13986.995,97,91.589,96.867,1.41,74.981
RWA,Rwanda,2000,184.2,9.004,251.869,90,43.888,47.571,5.967,15.78
RWA,Rwanda,2001,166.5,7.867,237.309,77,45.69,48.37,5.893,16.549
RWA,Rwanda,2002,149.1,7.324,234.043,88,47.461,49.186,5.816,16.878
RWA,Rwanda,2003,132.7,17.259,249.012,96,49.083,49.756,5.737,16.895
RWA,Rwanda,2004,117.5,20.234,269.54,89,50.683,50.29,5.64,16.902
RWA,Rwanda,2005,104.5,25.021,324.017,95,52.281,50.825,5.5,16.907
RWA,Rwanda,2006,93.4,27.156,352.094,99,53.876,51.36,5.335,16.911
RWA,Rwanda,2007,84.1,33.507,420.734,97,55.469,51.896,5.141,16.914
RWA,Rwanda,2008,76,39.946,522.288,97,57.059,52.432,4.922,16.917
RWA,Rwanda,2009,69.1,43.996,556.974,97,58.646,52.969,4.707,16.921
RWA,Rwanda,2010,63.3,47.969,586.6,97,60.232,53.506,4.522,16.926
RWA,Rwanda,2011,58.1,51.649,643.356,97,61.814,54.044,4.332,16.932
RWA,Rwanda,2012,54.2,57.264,697.76,98,63.394,54.582,4.201,16.941
RWA,Rwanda,2013,51.4,47.754,695.397,98,64.972,55.121,4.136,17.074
RWA,Rwanda,2014,49.2,50.638,715.368,98,66.545,55.665,4.117,17.502
RWA,Rwanda,2015,47.3,48.813,725.691,98,68.113,56.215,4.108,18.195
RWA,Rwanda,2016,45.8,43.542,721.259,98,69.676,56.771,4.106,19.121
RWA,Rwanda,2017,44.7,40.767,751.049,98,71.231,57.332,4.084,20.248
RWA,Rwanda,2018,43.7,42.117,772.755,97,72.778,57.9,4.047,21.542
RWA,Rwanda,2019,42.7,39.813,823.355,98,74.315,58.473,3.985,22.971
RWA,Rwanda,2020,41.6,45.153,802.639,91,75.842,59.052,3.913,24.503
RWA,Rwanda,2021,40.6,51.647,842.581,88,77.357,59.638,3.841,26.105
RWA,Rwanda,2022,39.7,57.831,1007.06,98,78.859,60.23,3.778,27.781
RWA,Rwanda,2023,38.8,52.656,1061.058,94,80.348,60.829,3.698,28.856
SAU,Saudi Arabia,2013,10.1,1189.679,27865.466,98,97.552,99.058,2.67,82.607
SAU,Saudi Arabia,2014,9.6,1363.592,27805.485,98,97.557,99.057,2.68,82.782
SAU,Saudi Arabia,2015,9,1309.271,23256.155,98,97.562,99.055,2.63,82.956
SAU,Saudi Arabia,2016,8.5,1353.218,22267.722,98,97.567,99.053,2.65,83.129
SAU,Saudi Arabia,2017,8,1400.904,23929.291,98,97.572,99.052,2.67,83.301
SAU,Saudi Arabia,2018,7.6,1488.975,29360.066,96,97.577,99.05,2.67,83.471
SAU,Saudi Arabia,2019,7.2,1504.552,29566.793,96,97.582,99.049,2.49,83.639
SAU,Saudi Arabia,2020,6.9,1574.701,24338.831,95,97.587,99.047,2.27,83.806
SAU,Saudi Arabia,2021,6.7,1654.744,31920.765,97,97.592,99.046,2.17,83.972
SAU,Saudi Arabia,2022,6.4,1830.891,38510.228,98,97.597,99.044,2.14,84.135
SAU,Saudi Arabia,2023,6.2,1825.255,36156.856,97,97.602,99.042,2.28,84.296
SDN,Sudan,2000,102,13.994,362.117,62,17.358,45.743,5.596,32.344
SDN,Sudan,2001,98.6,15.184,451.293,66,17.375,45.757,5.562,32.376
SDN,Sudan,2002,95.2,16.707,506.263,60,17.392,45.77,5.531,32.404
SDN,Sudan,2003,91.9,22.585,580.32,69,17.409,45.784,5.489,32.427
SDN,Sudan,2004,101.1,29.304,705.113,74,17.426,45.798,5.455,32.446
SDN,Sudan,2005,98.8,37.075,905.544,78,19.137,46.74,5.397,32.46
SDN,Sudan,2006,83,55.327,1132.475,78,20.847,47.682,5.332,32.47
SDN,Sudan,2007,80.4,81.79,1444.372,84,22.836,48.624,5.27,32.476
SDN,Sudan,2008,77.9,82.843,1527.582,86,24.88,49.565,5.212,32.482
SDN,Sudan,2009,75.5,80.004,1178.222,81,26.985,50.51,5.173,32.577
SDN,Sudan,2010,73.4,73.604,1305.636,90,29.152,51.459,5.141,32.717
SDN,Sudan,2011,71.3,80.372,1332.657,93,31.38,52.412,5.087,32.906
SDN,Sudan,2012,69.3,75.408,1019.222,92,33.668,53.368,5.031,33.143
SDN,Sudan,2013,67.3,97.493,1138.628,93,36.018,54.327,4.965,33.426
SDN,Sudan,2014,65.4,88.785,1275.438,94,38.427,55.288,4.912,33.762
SDN,Sudan,2015,63.5,93.697,1292.38,93,40.896,56.252,4.898,34.091
SDN,Sudan,2016,61.6,89.396,1033.216,93,43.425,57.218,4.829,34.188
SDN,Sudan,2017,59.7,67.755,966.506,95,46.012,58.185,4.761,34.287
SDN,Sudan,2018,57.8,33.884,731.027,93,48.657,59.153,4.681,34.382
SDN,Sudan,2019,56.1,31.794,709.975,93,51.36,60.123,4.617,34.473
SDN,Sudan,2020,54.3,22.919,577.795,90,54.12,61.093,4.542,34.559
SDN,Sudan,2021,52.7,21.691,712.122,84,56.935,62.063,4.457,34.642
SDN,Sudan,2022,51,25.751,1046.241,84,59.806,63.032,4.384,34.721
SDN,Sudan,2023,63.1,21.083,797.283,51,62.731,64.002,4.323,34.796
SEN,Senegal,2000,128.9,21.416,603.233,52,36.64,59.8,5.498,40.667
SEN,Senegal,2001,121.7,23.459,637.214,52,37.623,60.907,5.397,40.876
SEN,Senegal,2002,113.2,26.462,669.43,60,38.634,62.016,5.301,41.108
SEN,Senegal,2003,104.2,35.145,817.888,73,39.704,63.194,5.246,41.359
SEN,Senegal,2004,95.5,41.944,918.102,87,40.816,64.422,5.192,41.625
SEN,Senegal,2005,87.6,36.006,979.846,84,41.926,65.645,5.133,41.906
SEN,Senegal,2006,80.8,38.281,1017.202,89,43.034,66.866,5.064,42.205
SEN,Senegal,2007,75,40.602,1188.939,94,44.14,68.082,5.018,42.524
SEN,Senegal,2008,70.1,49.054,1398.792,88,45.243,69.294,5.024,42.868
SEN,Senegal,2009,66.1,50.274,1308.694,86,46.344,70.501,5.025,43.238
SEN,Senegal,2010,62.8,51.388,1275.884,89,47.442,71.705,5.055,43.637
SEN,Senegal,2011,60,57.931,1374.676,92,48.538,72.903,5.099,44.069
SEN,Senegal,2012,57.6,56.615,1326.838,91,49.63,74.097,5.129,44.536
SEN,Senegal,2013,55.5,60.516,1379.832,92,50.719,75.286,5.049,45.04
SEN,Senegal,2014,53.7,61.406,1398.891,89,51.805,76.469,4.884,45.602
SEN,Senegal,2015,52.2,53.323,1218.006,89,52.889,77.649,4.751,46.275
SEN,Senegal,2016,50.8,53.901,1266.44,93,53.971,78.826,4.648,47.055
SEN,Senegal,2017,49.4,56.492,1354.77,93,55.052,79.998,4.489,47.934
SEN,Senegal,2018,47.9,64.375,1452.556,92,56.13,81.166,4.294,48.9
SEN,Senegal,2019,46.2,64.337,1431.181,91,57.205,82.329,4.1,49.944
SEN,Senegal,2020,44.2,75.165,1461.087,83,58.276,83.486,4.003,51.056
SEN,Senegal,2021,42.2,71.122,1598.107,85,59.344,84.636,3.936,52.226
SEN,Senegal,2022,40.1,63.448,1574.028,93,60.408,85.78,3.864,53.444
SEN,Senegal,2023,38.2,73.227,1698.034,92,61.466,86.916,3.818,54.699
SGP,Singapore,2000,3.9,796.031,23852.839,98,100,100,1.6,100
SGP,Singapore,2001,3.6,690.013,21699.741,96,100,100,1.41,100
SGP,Singapore,2002,3.4,749.444,22159.837,94,100,100,1.37,100
SGP,Singapore,2003,3.2,851.11,23730.384,96,100,100,1.27,100
SGP,Singapore,2004,3.1,868.437,27608.08,95,100,100,1.26,100
SGP,Singapore,2005,3,908.376,29961.317,96,100,100,1.26,100
SGP,Singapore,2006,2.9,989.739,33768.453,95,100,100,1.28,100
SGP,Singapore,2007,2.9,1116.979,39432.886,97,100,100,1.29,100
SGP,Singapore,2008,2.8,1286.913,40008.572,97,100,100,1.28,100
SGP,Singapore,2009,2.8,1326.117,38926.805,97,100,100,1.22,100
SGP,Singapore,2010,2.8,1510.668,47236.683,96,100,100,1.15,100
SGP,Singapore,2011,2.8,1700.169,53891.457,96,100,100,1.2,100
SGP,Singapore,2012,2.8,1853.024,55547.555,97,100,100,1.29,100
SGP,Singapore,2013,2.8,2102.97,56967.426,97,100,100,1.19,100
SGP,Singapore,2014,2.7,2233.35,57564.802,96,100,100,1.25,100
SGP,Singapore,2015,2.7,2330.396,55645.607,96,100,100,1.24,100
SGP,Singapore,2016,2.6,2509.922,57204.034,97,100,100,1.2,100
SGP,Singapore,2017,2.6,2673.662,61436.133,96,100,100,1.16,100
SGP,Singapore,2018,2.5,2726.007,67032.823,97,100,100,1.14,100
SGP,Singapore,2019,2.5,2924.247,66068.7,97,100,100,1.14,100
SGP,Singapore,2020,2.4,3541.365,61772.504,98,100,100,1.1,100
SGP,Singapore,2021,2.4,4050.811,80884.857,98,100,100,1.12,100
SGP,Singapore,2022,2.5,3902.144,91227.697,97,100,100,1.04,100
SGP,Singapore,2023,2.6,3921.603,86382.59,98,100,100,0.97,100
SLB,Solomon Islands,2000,30.5,46.027,953.172,86,21.819,76.748,4.757,15.752
SLB,Solomon Islands,2001,30.2,60.233,911.792,84,22.02,76.807,4.673,16.062
SLB,Solomon Islands,2002,29.8,76.499,756.89,78,22.225,76.867,4.602,16.403
SLB,Solomon Islands,2003,29.6,53.52,895.984,84,22.435,76.928,4.539,16.773
SLB,Solomon Islands,2004,29.3,64.721,986.071,90,22.649,76.991,4.466,17.173
SLB,Solomon Islands,2005,29.1,89.026,1144.492,89,23.281,76.715,4.411,17.6
SLB,Solomon Islands,2006,28.8,87.749,1255.624,99,23.918,76.278,4.39,18.054
SLB,Solomon Islands,2007,28.4,89.11,1390.149,88,24.562,75.851,4.372,18.533
SLB,Solomon Islands,2008,28,75.669,1525.847,85,25.211,75.433,4.358,19.037
SLB,Solomon Islands,2009,27.6,93.88,1554.707,86,25.866,75.026,4.349,19.563
SLB,Solomon Islands,2010,27.2,74.177,1685.145,83,26.526,74.628,4.341,20.119
SLB,Solomon Islands,2011,26.7,95.514,1924.058,91,27.188,74.239,4.335,20.728
SLB,Solomon Islands,2012,26.2,100.848,2066.257,92,27.853,73.858,4.332,21.391
SLB,Solomon Islands,2013,25.8,99.0,2161.386,83,28.52,73.487,4.325,22.103
SLB,Solomon Islands,2014,25.4,105.854,2164.953,77,29.189,73.124,4.36,22.861
SLB,Solomon Islands,2015,25,91.09,2045.477,87,29.859,72.77,4.291,23.663
SLB,Solomon Islands,2016,24.6,94.33,2082.624,94,30.531,72.424,4.2,24.505
SLB,Solomon Islands,2017,24.1,89.294,2143.577,83,31.204,72.086,4.06,25.383
SLB,Solomon Islands,2018,23.6,88.039,2278.199,85,31.878,71.762,3.93,26.295
SLB,Solomon Islands,2019,23.1,98.67,2223.659,94,32.553,71.585,3.8,27.275
SLB,Solomon Islands,2020,22.5,100.996,2063.328,94,33.229,71.413,3.749,28.033
SLB,Solomon Islands,2021,21.9,98.803,2043.444,87,33.906,71.245,3.694,28.689
SLB,Solomon Islands,2022,21.3,96.749,1877.781,89,34.155,71.367,3.62,29.351
SLB,Solomon Islands,2023,20.6,111.355,1882.644,84,34.403,71.488,3.557,30.009
SLE,Sierra Leone,2000,222.8,17.668,143.744,44,7.695,40.883,6.355,35.533
SLE,Sierra Leone,2001,217.3,19.32,358.316,38,7.926,41.224,6.305,35.764
SLE,Sierra Leone,2002,211.6,22.294,388.995,53,8.158,42.356,6.23,36.008
SLE,Sierra Leone,2003,205.7,21.78,413.818,73,8.391,43.49,6.087,36.269
SLE,Sierra Leone,2004,199.6,23.035,417.75,65,8.95,44.623,5.919,36.549
SLE,Sierra Leone,2005,193.2,26.049,462.633,65,9.539,45.787,5.807,36.849
SLE,Sierra Leone,2006,186.5,29.633,580.268,64,10.157,46.972,5.737,37.17
SLE,Sierra Leone,2007,179.6,31.908,631.89,64,10.796,48.156,5.643,37.512
SLE,Sierra Leone,2008,172.4,37.234,705.359,77,11.456,49.339,5.563,37.873
SLE,Sierra Leone,2009,165.2,39.3,652.846,84,12.136,50.52,5.448,38.25
SLE,Sierra Leone,2010,157.9,37.845,685.04,86,12.838,51.699,5.327,38.642
SLE,Sierra Leone,2011,150.8,49.634,761.146,89,13.56,52.877,5.209,39.047
SLE,Sierra Leone,2012,144.1,51.991,937.504,91,14.304,54.053,5.064,39.464
SLE,Sierra Leone,2013,137.9,84.938,1117.472,92,15.068,55.227,4.873,39.892
SLE,Sierra Leone,2014,135.9,143.606,1117.759,83,15.853,56.399,4.703,40.327
SLE,Sierra Leone,2015,136.8,118.66,964.576,86,16.658,57.569,4.548,40.767
SLE,Sierra Leone,2016,121.8,84.223,844.416,84,17.485,58.737,4.466,41.229
SLE,Sierra Leone,2017,117,47.377,779.186,90,18.334,59.906,4.389,41.711
SLE,Sierra Leone,2018,112.4,44.827,845.915,93,19.205,61.075,4.294,42.201
SLE,Sierra Leone,2019,108.3,48.136,843.713,95,20.1,62.244,4.192,42.702
SLE,Sierra Leone,2020,104.4,47.886,845.278,91,21.017,63.412,4.08,43.213
SLE,Sierra Leone,2021,100.6,44.9,885.396,92,21.956,64.58,3.978,43.735
SLE,Sierra Leone,2022,97.1,41.319,860.371,91,22.919,65.748,3.876,44.267
SLE,Sierra Leone,2023,93.8,35.762,758.329,91,23.905,66.914,3.791,44.809
SLV,El Salvador,2000,32.2,155.526,1982.871,99,80.604,85.743,3.076,56.564
SLV,El Salvador,2001,30.3,162.305,2058.045,92,80.692,85.888,2.93,57.453
SLV,El Salvador,2002,28.6,166.812,2115.412,81,80.78,86.638,2.775,58.349
SLV,El Salvador,2003,26.9,171.59,2207.831,94,81.132,87.375,2.636,59.247
SLV,El Salvador,2004,25.4,185.834,2285.689,90,81.479,87.857,2.516,60.143
SLV,El Salvador,2005,24,225.174,2447.391,89,81.822,87.486,2.44,61.031
SLV,El Salvador,2006,22.7,231.734,2665.618,96,82.161,87.096,2.395,61.907
SLV,El Salvador,2007,21.5,239.997,2830.657,99,82.503,84.841,2.354,62.768
SLV,El Salvador,2008,20.4,253.454,2983.248,98,82.89,82.712,2.291,63.637
SLV,El Salvador,2009,19.4,257.193,2910.187,91,83.27,82.392,2.261,64.53
SLV,El Salvador,2010,18.4,270.694,3040.073,89,83.646,82.264,2.239,65.433
SLV,El Salvador,2011,17.6,295.642,3330.6,89,84.016,83.13,2.224,66.334
SLV,El Salvador,2012,16.7,301.037,3497.913,93,84.381,83.978,2.187,67.223
SLV,El Salvador,2013,16,324.28,3582.267,92,84.74,84.806,2.154,68.088
SLV,El Salvador,2014,15.3,315.232,3666.012,94,85.095,85.615,2.126,68.917
SLV,El Salvador,2015,14.6,331.967,3790.341,94,85.445,86.405,2.067,69.698
SLV,El Salvador,2016,13.9,339.979,3901.34,98,85.789,87.173,1.965,70.399
SLV,El Salvador,2017,13.3,338.607,4020.127,92,86.126,87.92,1.896,71.086
SLV,El Salvador,2018,12.7,348.188,4183.546,89,86.457,88.646,1.849,71.758
SLV,El Salvador,2019,12.2,380.534,4320.117,96,86.736,89.353,1.838,72.415
SLV,El Salvador,2020,11.7,357.788,3997.193,89,87.01,89.992,1.819,73.057
SLV,El Salvador,2021,11.2,470.14,4642.607,97,87.277,90.421,1.803,73.684
SLV,El Salvador,2022,10.8,500.203,5074.601,95,87.537,90.795,1.785,74.147
SLV,El Salvador,2023,10.4,500.695,5319.72,96,87.792,91.155,1.775,74.608
SMR,San Marino,2000,5.2,2176.208,37600.705,98,100,100,1.404,93.771
SMR,San Marino,2001,4.8,2202.078,39035.1,97,100,100.0,1.519,93.9
SMR,San Marino,2002,4.5,2253.219,41790.843,96,100,100.0,1.432,93.949
SMR,San Marino,2003,4.1,2506.683,52529.914,96,100,100,1.296,94
SMR,San Marino,2004,3.8,2958.88,58232.043,95,100,100.0,1.298,94.214
SMR,San Marino,2005,3.6,3055.632,59877.786,96,100,100,1.198,94.645
SMR,San Marino,2006,3.3,3242.243,63270.799,92,100,100,1.242,95.208
SMR,San Marino,2007,3.1,3804.506,70124.425,91,100,100,1.257,95.818
SMR,San Marino,2008,2.9,4378.249,75902.168,91,100,100,1.521,96.39
SMR,San Marino,2009,2.7,4242.503,62429.02,90,100,100.0,1.358,96.839
SMR,San Marino,2010,2.6,3813.884,56543.191,90,100,100.0,1.459,97.075
SMR,San Marino,2011,2.4,4550.351,55601.401,92,100,100,1.456,97.1
SMR,San Marino,2012,2.3,4310.1,47945.892,89,100,100.0,1.289,97.1
SMR,San Marino,2013,2.1,4113.467,50807.821,86,100,100.0,1.483,97.1
SMR,San Marino,2014,2,4120.027,51260.48,84,100,100.0,1.259,97.1
SMR,San Marino,2015,1.9,3530.046,43146.804,85,100,100,1.196,97.1
SMR,San Marino,2016,1.8,3621.233,44359.457,86,100,100,1.127,97.1
SMR,San Marino,2017,1.7,3672.303,45192.053,88,100,100.0,1.054,97.1
SMR,San Marino,2018,1.6,3969.365,47950.708,90,100,100,1.077,97.1
SMR,San Marino,2019,1.5,3801.21,46627.0,88,100,100.0,1.096,97.1
SMR,San Marino,2020,1.5,3758.609,44426.626,89,100,100,1.113,97.1
SMR,San Marino,2021,1.4,4033.103,54168.974,90,100,100,1.125,97.104
SMR,San Marino,2022,1.4,3874.985,54264.584,92,100,100,1.136,97.114
SMR,San Marino,2023,1.3,3923.523,59871.329,91,100,100.0,1.149,97.132
SOM,"Somalia, Fed. Rep.",2013,143.2,12.882,393.399,44,33.058,49.713,7.14,41.259
SOM,"Somalia, Fed. Rep.",2014,138.6,13.151,429.432,46,34.075,51.864,7.061,42.352
SOM,"Somalia, Fed. Rep.",2015,134.3,14.116,445.583,48,35.097,54.055,6.975,43.862
SOM,"Somalia, Fed. Rep.",2016,130.2,11.766,460.928,49,36.125,56.285,6.878,45.943
SOM,"Somalia, Fed. Rep.",2017,156.4,13.518,510.94,51,37.157,58.552,6.766,48.364
SOM,"Somalia, Fed. Rep.",2018,136.4,12.782,509.497,53,38.194,60.855,6.662,50.951
SOM,"Somalia, Fed. Rep.",2019,118.4,12.991,539.955,57,39.233,63.191,6.56,51.642
SOM,"Somalia, Fed. Rep.",2020,114.7,12.799,518.161,55,40.276,65.558,6.453,52.286
SOM,"Somalia, Fed. Rep.",2021,111,15.019,549.057,62,41.32,67.954,6.353,52.906
SOM,"Somalia, Fed. Rep.",2022,143.1,16.317,573.141,71,42.365,70.376,6.255,53.501
SOM,"Somalia, Fed. Rep.",2023,104.3,22.371,596.886,69,43.411,72.824,6.132,54.071
SRB,Serbia,2000,12.7,56.522,974.725,95,95.504,89.419,1.48,55.592
SRB,Serbia,2001,12.1,112.198,1812.421,93,95.502,89.395,1.58,56.048
SRB,Serbia,2002,11.4,173.249,2390.735,95,95.501,89.372,1.57,56.463
SRB,Serbia,2003,10.6,230.089,3153.901,89,95.501,89.348,1.59,56.878
SRB,Serbia,2004,9.7,274.455,3597.088,88,95.5,89.325,1.57,57.314
SRB,Serbia,2005,9,307.547,3807.974,98,95.668,89.672,1.45,57.751
SRB,Serbia,2006,8.5,371.506,4492.714,92,95.836,90.021,1.43,58.171
SRB,Serbia,2007,8.1,547.227,6081.088,94,96.005,90.371,1.38,58.558
SRB,Serbia,2008,7.9,671.887,7376.735,95,96.174,90.722,1.4,58.894
SRB,Serbia,2009,7.8,575.262,6414.045,95,96.343,91.075,1.44,59.164
SRB,Serbia,2010,7.6,545.334,5970.927,91,96.512,91.43,1.4,59.351
SRB,Serbia,2011,7.4,618.894,7082.286,94,96.683,91.785,1.4,59.435
SRB,Serbia,2012,7.1,559.905,6263.041,91,96.85,92.145,1.45,59.347
SRB,Serbia,2013,6.8,627.533,7040.418,95,97.017,92.507,1.43,59.611
SRB,Serbia,2014,6.6,608.859,6886.678,93,97.185,92.869,1.46,59.878
SRB,Serbia,2015,6.3,491.252,5820.322,95,97.352,93.232,1.46,60.139
SRB,Serbia,2016,6.1,486.429,5982.37,93,97.52,93.596,1.46,60.385
SRB,Serbia,2017,5.9,515.846,6548.037,95,97.688,93.96,1.49,60.621
SRB,Serbia,2018,5.8,617.087,7559.862,97,97.858,94.325,1.49,60.843
SRB,Serbia,2019,5.6,641.048,7755.633,97,97.916,94.691,1.52,61.049
SRB,Serbia,2020,5.5,670.036,8098.71,92,97.919,95.058,1.48,61.223
SRB,Serbia,2021,5.4,889.098,9680.528,91,97.923,95.426,1.52,61.364
SRB,Serbia,2022,5.4,843.577,10024.819,92,97.928,95.416,1.59,61.901
SRB,Serbia,2023,5.4,983.694,12281.708,93,97.935,95.407,1.62,62.143
STP,Sao Tome and Principe,2000,82.2,49.636,529.089,82,20.79,69.189,5.157,52.966
STP,Sao Tome and Principe,2001,76.7,47.148,518.881,92,21.947,69.647,5.097,53.961
STP,Sao Tome and Principe,2002,71.1,50.611,568.103,92,23.139,70.123,5.062,55.088
STP,Sao Tome and Principe,2003,65.7,71.21,663.696,94,24.339,70.593,5.013,56.413
STP,Sao Tome and Principe,2004,60.5,71.056,726.561,96,25.54,71.052,4.962,57.877
STP,Sao Tome and Principe,2005,55.7,80.131,844.169,97,26.858,71.499,4.939,59.419
STP,Sao Tome and Principe,2006,51.1,57.204,861.971,97,28.184,71.935,4.933,60.973
STP,Sao Tome and Principe,2007,46.9,59.716,878.886,97,29.517,72.36,4.957,62.478
STP,Sao Tome and Principe,2008,43.1,64.588,1081.868,99,30.857,72.774,4.906,63.869
STP,Sao Tome and Principe,2009,39.5,64.906,1128.28,98,32.203,73.176,4.838,65.083
STP,Sao Tome and Principe,2010,36.2,60.948,1045.21,98,33.554,73.567,4.769,66.057
STP,Sao Tome and Principe,2011,33.2,69.46,1219.802,96,34.91,73.948,4.718,66.728
STP,Sao Tome and Principe,2012,30.4,86.29,1210.793,96,36.269,74.318,4.664,67.034
STP,Sao Tome and Principe,2013,27.9,124.592,1382.576,97,37.628,74.674,4.584,67.131
STP,Sao Tome and Principe,2014,25.5,118.71,1489.676,95,38.986,75.018,4.485,67.261
STP,Sao Tome and Principe,2015,23.3,85.378,1298.109,96,40.343,75.35,4.354,67.392
STP,Sao Tome and Principe,2016,21.3,109.731,1434.87,96,41.698,75.67,4.203,67.522
STP,Sao Tome and Principe,2017,19.6,117.078,1555.795,95,43.053,75.979,4.069,67.652
STP,Sao Tome and Principe,2018,18.2,108.876,1825.6,95,44.406,76.277,3.977,67.783
STP,Sao Tome and Principe,2019,17.1,106.869,1935.293,95,45.758,76.565,3.9,67.913
STP,Sao Tome and Principe,2020,16.1,159.844,2167.22,96,47.108,76.842,3.827,68.044
STP,Sao Tome and Principe,2021,15.3,187.065,2362.588,97,48.457,77.11,3.759,68.174
STP,Sao Tome and Principe,2022,14.7,139.028,2389.737,92,48.535,77.557,3.695,68.372
STP,Sao Tome and Principe,2023,14.1,171.052,2990.661,87,48.609,77.763,3.644,68.604
SUR,Suriname,2000,31,166.901,1988.222,71,78.026,89.062,3.046,66.702
SUR,Suriname,2001,30,91.738,1714.648,68,78.35,89.53,3.057,66.719
SUR,Suriname,2002,29,158.212,2202.341,73,78.672,89.996,2.956,66.732
SUR,Suriname,2003,28.1,166.887,2516.104,75,78.994,90.46,2.839,66.74
SUR,Suriname,2004,27.2,212.508,2887.772,85,79.313,90.922,2.738,66.744
SUR,Suriname,2005,26.5,241.684,3453.429,83,79.945,91.357,2.712,66.732
SUR,Suriname,2006,25.7,313.683,5002.658,84,80.579,91.791,2.727,66.697
SUR,Suriname,2007,25.1,309.176,5530.176,84,81.216,92.225,2.735,66.643
SUR,Suriname,2008,24.4,334.248,6576.085,85,81.857,92.661,2.727,66.578
SUR,Suriname,2009,23.8,380.04,7129.577,87,82.503,93.098,2.712,66.506
SUR,Suriname,2010,23.2,399.597,7943.605,94,83.154,93.536,2.688,66.434
SUR,Suriname,2011,22.7,375.35,7949.889,80,83.808,93.975,2.667,66.368
SUR,Suriname,2012,22.2,406.055,8851.241,76,84.467,94.416,2.669,66.313
SUR,Suriname,2013,21.6,434.503,9043.193,77,85.13,94.857,2.651,66.268
SUR,Suriname,2014,21.1,440.953,9108.189,71,85.801,95.301,2.62,66.225
SUR,Suriname,2015,20.6,511.912,8813.617,73,86.479,95.748,2.57,66.183
SUR,Suriname,2016,20.1,338.248,5644.206,77,87.163,96.195,2.5,66.143
SUR,Suriname,2017,19.5,322.004,6049.521,67,87.853,96.644,2.431,66.105
SUR,Suriname,2018,18.9,440.322,6665.742,81,88.549,97.093,2.381,66.069
SUR,Suriname,2019,18.4,588.838,6629.668,77,89.249,97.542,2.347,66.037
SUR,Suriname,2020,17.9,409.867,4755.392,51,89.954,97.99,2.314,66.008
SUR,Suriname,2021,17.4,270.378,5029.848,72,89.962,97.991,2.295,65.985
SUR,Suriname,2022,16.8,344.746,6084.439,77,89.972,97.993,2.274,65.899
SUR,Suriname,2023,16.3,297.046,5521.976,72,89.984,97.995,2.249,65.756
SVK,Slovak Republic,2000,9.6,203.506,3827.725,99,99.825,97.981,1.3,56.106
SVK,Slovak Republic,2001,9.3,212.222,3974.368,99,99.832,97.979,1.2,55.997
SVK,Slovak Republic,2002,9.1,254.128,4606.388,99,99.835,97.976,1.19,55.878
SVK,Slovak Republic,2003,8.8,344.473,6283.152,99,99.661,97.973,1.2,55.739
SVK,Slovak Republic,2004,8.6,511.53,7996.741,99,99.47,97.97,1.25,55.584
SVK,Slovak Republic,2005,8.3,601.313,9087.204,99,99.278,97.967,1.27,55.419
SVK,Slovak Republic,2006,8,729.013,10629.178,99,99.085,97.964,1.25,55.246
SVK,Slovak Republic,2007,7.7,1029.3,14330.206,99,98.892,97.96,1.27,55.071
SVK,Slovak Republic,2008,7.4,1251.677,17973.844,99,98.698,97.957,1.34,54.896
SVK,Slovak Republic,2009,7.1,1320.093,16586.753,99,98.504,98.252,1.44,54.726
SVK,Slovak Republic,2010,6.9,1296.543,16899.449,99,98.307,98.622,1.43,54.565
SVK,Slovak Republic,2011,6.7,1352.438,18469.435,99,98.108,98.998,1.45,54.417
SVK,Slovak Republic,2012,6.6,1319.438,17516.969,99,97.912,99.376,1.34,54.276
SVK,Slovak Republic,2013,6.4,1370.468,18312.781,98,97.714,99.52,1.34,54.138
SVK,Slovak Republic,2014,6.3,1289.349,18770.929,97,97.516,99.787,1.37,54.003
SVK,Slovak Republic,2015,6.2,1108.878,16442.076,96,97.521,99.787,1.4,53.87
SVK,Slovak Republic,2016,6.1,1175.627,16636.077,96,97.526,99.788,1.48,53.74
SVK,Slovak Republic,2017,6,1189.08,17645.53,96,97.532,99.788,1.52,53.613
SVK,Slovak Republic,2018,5.9,1299.911,19573.372,97,97.532,99.788,1.54,53.488
SVK,Slovak Republic,2019,5.9,1342.076,19406.059,97,97.532,99.788,1.57,53.367
SVK,Slovak Republic,2020,5.9,1393.624,19735.486,97,97.533,99.788,1.59,53.248
SVK,Slovak Republic,2021,6,1684.516,22123.334,97,97.534,99.787,1.63,53.19
SVK,Slovak Republic,2022,6.1,1642.392,21317.794,97,97.536,99.787,1.57,53.19
SVK,Slovak Republic,2023,6.2,1813.466,24614.873,96,97.539,99.787,1.49,53.191
SVN,Slovenia,2000,5.4,796.647,10135.722,91,99.112,99.689,1.26,50.698
SVN,Slovenia,2001,5.2,826.226,10375.626,92,99.112,99.684,1.21,50.76
SVN,Slovenia,2002,4.9,944.871,11639.13,93,99.112,99.679,1.21,50.774
SVN,Slovenia,2003,4.7,1203.064,14711.675,95,99.112,99.674,1.2,50.755
SVN,Slovenia,2004,4.4,1368.649,17103.83,94,99.112,99.669,1.25,50.712
SVN,Slovenia,2005,4.2,1449.189,17969.71,95,99.112,99.664,1.26,50.649
SVN,Slovenia,2006,4,1541.664,19563.005,97,99.112,99.659,1.31,50.567
SVN,Slovenia,2007,3.8,1795.95,23725.16,97,99.058,99.654,1.38,50.471
SVN,Slovenia,2008,3.6,2179.452,27461.976,97,99.005,99.649,1.53,50.362
SVN,Slovenia,2009,3.4,2125.057,24501.79,96,98.952,99.644,1.53,50.244
SVN,Slovenia,2010,3.2,2017.147,23329.842,96,98.898,99.639,1.57,50.119
SVN,Slovenia,2011,3.1,2147.805,24940.628,96,98.845,99.634,1.56,49.946
SVN,Slovenia,2012,2.9,1974.854,22442.142,96,98.791,99.629,1.58,49.762
SVN,Slovenia,2013,2.8,2055.381,23236.966,95,98.738,99.624,1.55,50.047
SVN,Slovenia,2014,2.7,2062.385,24013.068,95,98.685,99.619,1.58,50.983
SVN,Slovenia,2015,2.6,1775.861,20697.275,95,98.631,99.614,1.57,53.661
SVN,Slovenia,2016,2.5,1838.654,21447.838,94,98.578,99.609,1.58,53.647
SVN,Slovenia,2017,2.5,1925.035,23303.078,94,98.525,99.604,1.62,55.245
SVN,Slovenia,2018,2.4,2169.579,25888.048,93,98.471,99.6,1.6,55.191
SVN,Slovenia,2019,2.4,2219.098,25814.169,95,98.418,99.595,1.61,55.452
SVN,Slovenia,2020,2.4,2417.209,25392.065,95,98.365,99.59,1.59,55.384
SVN,Slovenia,2021,2.3,2779.566,29192.84,86,98.311,99.585,1.64,55.305
SVN,Slovenia,2022,2.3,2737.849,28360.304,89,98.311,99.58,1.55,55.338
SVN,Slovenia,2023,2.3,3037.764,32660.475,89,98.311,99.575,1.51,55.538
SWE,Sweden,2000,4.1,2173.194,29632.589,99,99.235,99.484,1.54,84.04
SWE,Sweden,2001,4,2154.634,27259.317,99,99.233,99.496,1.57,84.083
SWE,Sweden,2002,4,2456.701,29957.778,99,99.228,99.509,1.65,84.134
SWE,Sweden,2003,3.9,3107.489,37292.242,99,99.205,99.521,1.71,84.195
SWE,Sweden,2004,3.7,3488.658,42758.005,99,99.183,99.533,1.75,84.267
SWE,Sweden,2005,3.6,3546.787,43378.408,98,99.16,99.545,1.77,84.35
SWE,Sweden,2006,3.5,3755.675,46531.376,98,99.137,99.557,1.85,84.455
SWE,Sweden,2007,3.3,4295.552,53568.306,98,99.115,99.57,1.88,84.591
SWE,Sweden,2008,3.2,4609.918,55817.176,98,99.092,99.582,1.91,84.752
SWE,Sweden,2009,3.1,4118.417,46707.643,98,99.07,99.595,1.94,84.934
SWE,Sweden,2010,3.1,4391.117,52542.576,98,99.047,99.607,1.98,85.133
SWE,Sweden,2011,3,6363.615,60379.481,98,99.024,99.62,1.9,85.36
SWE,Sweden,2012,3,6280.825,57749.562,98,99.001,99.633,1.91,85.625
SWE,Sweden,2013,2.9,6716.215,60843.989,98,98.978,99.646,1.89,85.925
SWE,Sweden,2014,2.9,6632.237,59583.458,98,98.955,99.659,1.88,86.256
SWE,Sweden,2015,2.9,5626.048,51188.165,98,98.932,99.671,1.85,86.616
SWE,Sweden,2016,2.8,5719.46,51703.509,98,98.909,99.683,1.85,87
SWE,Sweden,2017,2.8,5871.523,53210.223,97,98.885,99.695,1.78,87.237
SWE,Sweden,2018,2.7,6042.135,54018.455,97,98.862,99.706,1.76,87.474
SWE,Sweden,2019,2.6,5688.045,51648.989,98,98.838,99.718,1.71,87.709
SWE,Sweden,2020,2.6,6030.533,52568.573,97,98.815,99.729,1.67,87.942
SWE,Sweden,2021,2.5,6894.202,60647.542,98,98.791,99.739,1.67,88.174
SWE,Sweden,2022,2.5,6022.393,54836.891,94,98.767,99.75,1.53,88.404
SWE,Sweden,2023,2.4,6206.23,54950.283,94,98.744,99.76,1.45,88.631
SWZ,Eswatini,2000,112.5,76.931,1629.67,84,50.252,52.383,4.03,22.841
SWZ,Eswatini,2001,115.7,75.413,1429.856,84,50.748,53.426,3.944,22.71
SWZ,Eswatini,2002,117,74.665,1315.736,85,51.278,54.475,3.854,22.569
SWZ,Eswatini,2003,117.9,131.41,2015.217,85,51.818,55.531,3.796,22.431
SWZ,Eswatini,2004,118,175.895,2525.564,86,52.369,56.592,3.76,22.308
SWZ,Eswatini,2005,117,217.261,2871.069,86,52.931,57.66,3.704,22.21
SWZ,Eswatini,2006,106.4,237.508,2964.959,87,53.503,58.734,3.632,22.151
SWZ,Eswatini,2007,100.3,252.243,3109.111,87,54.091,59.833,3.58,22.14
SWZ,Eswatini,2008,97.9,265.721,2946.861,88,54.711,61.051,3.567,22.169
SWZ,Eswatini,2009,92.4,279.682,3189.797,88,55.329,62.269,3.504,22.234
SWZ,Eswatini,2010,82.1,343.043,3922.74,89,55.946,63.488,3.375,22.333
SWZ,Eswatini,2011,67.6,365.253,4225.06,91,56.56,64.706,3.317,22.463
SWZ,Eswatini,2012,62.7,340.03,4224.548,95,57.172,65.9,3.266,22.624
SWZ,Eswatini,2013,59.7,303.404,3949.943,98,57.785,67.095,3.237,22.812
SWZ,Eswatini,2014,60,282.434,3771.072,98,58.398,68.29,3.181,23.027
SWZ,Eswatini,2015,57.5,250.715,3419.823,90,59.011,69.487,3.122,23.266
SWZ,Eswatini,2016,54.4,226.418,3238.176,90,59.624,70.687,3.068,23.528
SWZ,Eswatini,2017,53.6,265.502,3853.1,90,60.237,71.89,3.018,23.805
SWZ,Eswatini,2018,50.4,292.339,3972.655,90,60.848,73.095,2.971,24.058
SWZ,Eswatini,2019,51.5,320.051,3913.146,90,61.458,74.303,2.925,24.346
SWZ,Eswatini,2020,50.5,236.996,3466.569,83,62.065,75.514,2.888,24.665
SWZ,Eswatini,2021,47.9,297.722,3984.002,77,62.669,76.726,2.841,25.016
SWZ,Eswatini,2022,47.3,284.758,3894.162,97,63.27,77.941,2.801,25.397
SWZ,Eswatini,2023,46.2,296.046,3755.521,85,63.868,79.156,2.753,25.808
SYC,Seychelles,2000,13.8,340.237,8063.655,98,95.494,93.566,2.08,43.397
SYC,Seychelles,2001,13.8,334.483,8153.299,96,95.691,93.74,1.98,43.217
SYC,Seychelles,2002,13.7,340.823,8864.169,99,95.888,93.913,2.04,43.095
SYC,Seychelles,2003,13.8,394.097,9070.285,99,96.085,94.087,2.06,43.005
SYC,Seychelles,2004,13.8,444.248,10827.672,99,96.283,94.26,2.01,42.924
SYC,Seychelles,2005,13.8,457.771,11802.112,99,96.48,94.433,2.2,42.851
SYC,Seychelles,2006,13.8,487.18,12782.994,99,96.677,94.607,2.11,42.788
SYC,Seychelles,2007,13.9,428.617,12669.303,99,96.874,94.78,2.24,42.736
SYC,Seychelles,2008,13.9,367.365,11265.438,99,97.071,94.953,2.33,42.697
SYC,Seychelles,2009,14,310.963,9747.092,99,97.268,95.127,2.38,42.671
SYC,Seychelles,2010,14.1,449.524,10934.795,99,97.465,95.3,2.13,42.66
SYC,Seychelles,2011,14.2,457.164,12110.094,99,97.662,95.473,2.3,42.674
SYC,Seychelles,2012,14.3,562.999,12337.155,98,97.86,95.647,2.32,42.726
SYC,Seychelles,2013,14.4,545.249,14821.292,98,98.057,95.82,2.21,42.815
SYC,Seychelles,2014,14.5,588.183,15188.19,99,98.254,95.994,2.19,42.939
SYC,Seychelles,2015,14.6,566.967,15333.105,97,98.451,96.167,2.26,43.095
SYC,Seychelles,2016,14.7,673.196,16566.995,96,98.648,96.232,2.33,43.282
SYC,Seychelles,2017,14.7,667.095,17480.365,97,98.845,96.238,2.34,43.497
SYC,Seychelles,2018,14.8,685.108,18440.234,99,98.875,96.245,2.34,43.739
SYC,Seychelles,2019,14.8,675.478,19141.512,99,98.886,96.86,2.31,44.005
SYC,Seychelles,2020,14.8,670.887,14041.475,97,98.897,97.034,2.2,44.294
SYC,Seychelles,2021,14.7,629.86,14982.911,94,98.899,97.207,2.38,44.603
SYC,Seychelles,2022,14.5,707.344,16682.699,97,99.7,97.381,2.2,44.911
SYC,Seychelles,2023,14.3,766.288,18130.53,97,99.7,97.554,2.18,45.097
SYR,Syrian Arab Republic,2000,23.1,53.69,1138.187,86,88.436,91.616,4.068,51.877
SYR,Syrian Arab Republic,2001,22.2,57.71,1177.538,83,88.593,91.759,3.976,52.285
SYR,Syrian Arab Republic,2002,21.4,62.747,1189.981,86,88.749,91.9,3.865,52.696
SYR,Syrian Arab Republic,2003,20.8,59.87,1220.179,85,88.904,92.039,3.763,53.102
SYR,Syrian Arab Republic,2004,20.2,60.204,1368.113,84,89.057,92.177,3.679,53.5
SYR,Syrian Arab Republic,2005,19.8,62.293,1533.9,83,89.401,92.313,3.605,53.823
SYR,Syrian Arab Republic,2006,19.4,64.006,1718.785,82,89.744,92.447,3.562,54.06
SYR,Syrian Arab Republic,2007,19.1,72.105,1937.612,82,90.086,92.579,3.538,54.288
SYR,Syrian Arab Republic,2008,18.9,82.925,2429.125,81,90.426,92.71,3.481,54.586
SYR,Syrian Arab Republic,2009,18.8,88.007,2462.201,81,90.765,92.839,3.415,55.029
SYR,Syrian Arab Republic,2010,18.8,91.554,2730.615,81,91.103,92.966,3.355,55.696
SYR,Syrian Arab Republic,2011,21.6,78.288,2952.144,72,91.366,93.014,3.285,58.482
SYR,Syrian Arab Republic,2012,34.2,66.278,1897.661,58,91.635,93.067,3.221,65.09
SYR,Syrian Arab Republic,2013,36.9,47.072,985.893,54,91.909,93.124,3.165,73.062
SYR,Syrian Arab Republic,2014,35.5,48.915,1060.591,56,92.189,93.185,3.117,76
SYR,Syrian Arab Republic,2015,37.1,38.179,847.732,54,92.548,93.331,3.067,75.753
SYR,Syrian Arab Republic,2016,32.2,27.407,656.349,55,92.905,93.474,3.012,75.154
SYR,Syrian Arab Republic,2017,32.9,35.571,851.502,61,93.258,93.614,2.972,74.54
SYR,Syrian Arab Republic,2018,32.5,46.241,1098.067,60,93.608,93.751,2.932,74.061
SYR,Syrian Arab Republic,2019,24.6,55.221,1109.539,67,93.956,93.884,2.878,73.825
SYR,Syrian Arab Republic,2020,21.9,37.032,593.912,62,94.3,94.014,2.837,73.413
SYR,Syrian Arab Republic,2021,20.5,53.473,688.566,61,94.642,94.054,2.798,73.013
SYR,Syrian Arab Republic,2022,20.7,53.265,1056.783,59,94.98,94.078,2.746,72.612
TCD,Chad,2000,182.4,10.075,163.122,38,9.693,38.633,7.249,21.653
TCD,Chad,2001,179,11.64,194.323,26,9.775,39.214,7.231,21.678
TCD,Chad,2002,175.6,18.017,219.061,25,9.858,39.798,7.201,21.701
TCD,Chad,2003,172.3,18.02,289.088,23,9.941,40.384,7.179,21.721
TCD,Chad,2004,168.8,27.75,445.851,22,10.024,40.974,7.16,21.738
TCD,Chad,2005,165.4,31.276,838.092,26,10.108,41.566,7.134,21.752
TCD,Chad,2006,161.8,33.865,906.897,41,10.192,42.161,7.118,21.763
TCD,Chad,2007,158.1,34.042,980.484,29,10.277,42.759,7.092,21.771
TCD,Chad,2008,154.3,36.899,1166.369,19,10.362,43.36,7.063,21.776
TCD,Chad,2009,150.5,34.824,1035.637,26,10.484,43.963,7.021,21.778
TCD,Chad,2010,146.7,35.26,1141.801,40,10.614,44.576,6.99,21.847
TCD,Chad,2011,142.9,37.359,1308.142,33,10.755,45.199,6.948,21.956
TCD,Chad,2012,139.3,36.202,1354.343,40,10.905,45.831,6.905,22.106
TCD,Chad,2013,135.8,38.594,1304.887,39,11.066,46.473,6.839,22.298
TCD,Chad,2014,132.3,42.163,1278.79,36,11.238,47.123,6.781,22.529
TCD,Chad,2015,128.7,33.821,993.991,42,11.422,47.782,6.706,22.801
TCD,Chad,2016,125,31.96,861.832,41,11.619,48.45,6.623,23.112
TCD,Chad,2017,121.4,29.994,854.461,41,11.829,49.125,6.537,23.461
TCD,Chad,2018,117.6,31.204,948.657,47,12.054,49.808,6.464,23.849
TCD,Chad,2019,114,30.237,893.336,53,12.294,50.498,6.412,24.273
TCD,Chad,2020,110.6,37.731,866.948,55,12.55,51.195,6.346,24.734
TCD,Chad,2021,107.3,37.592,946.359,62,12.824,51.899,6.255,25.231
TCD,Chad,2022,103.9,40.17,966.036,66,12.922,51.995,6.215,25.764
TCD,Chad,2023,100.6,47.439,949.991,67,13.028,52.098,6.12,26.331
TGO,Togo,2000,119.2,13.054,440.42,64,8.034,45.84,5.165,33.099
TGO,Togo,2001,115.7,13.043,426.884,50,8.264,47.207,5.128,33.55
TGO,Togo,2002,112.2,14.651,479.438,59,8.496,48.549,5.092,34.001
TGO,Togo,2003,108.8,17.709,579.728,72,8.73,49.866,5.048,34.451
TGO,Togo,2004,105.5,18.63,604.311,71,8.965,51.002,4.995,34.901
TGO,Togo,2005,102.4,20.97,595.2,82,9.614,51.945,5.038,35.349
TGO,Togo,2006,99.3,22.745,596.249,84,10.293,52.853,5.076,35.795
TGO,Togo,2007,96.5,22.343,654.084,82,10.999,53.726,5.102,36.239
TGO,Togo,2008,93.7,26.894,771.351,81,11.733,54.565,5.1,36.681
TGO,Togo,2009,90.9,28.304,770.173,78,12.494,55.368,5.104,37.12
TGO,Togo,2010,88.3,30.546,750.323,83,13.282,56.136,5.087,37.555
TGO,Togo,2011,85.6,34.411,834.147,85,14.103,56.878,4.984,37.987
TGO,Togo,2012,82.9,35.403,813.612,84,14.953,57.589,4.854,38.419
TGO,Togo,2013,80.2,39.564,885.699,84,15.829,58.263,4.754,38.852
TGO,Togo,2014,77.7,41.964,921.54,84,16.732,58.902,4.702,39.284
TGO,Togo,2015,75.2,46.921,813.895,82,17.661,59.506,4.662,39.716
TGO,Togo,2016,72.8,50.878,843.114,82,18.616,60.075,4.634,40.149
TGO,Togo,2017,70.4,51.546,872.076,84,19.598,60.61,4.576,40.581
TGO,Togo,2018,68.1,52.436,942.481,82,20.606,61.111,4.513,41.013
TGO,Togo,2019,66,48.854,917.718,86,21.64,61.576,4.45,41.446
TGO,Togo,2020,63.9,52.752,961.22,85,22.699,62.008,4.386,41.878
TGO,Togo,2021,62,52.722,1076.295,87,23.784,62.404,4.324,42.311
TGO,Togo,2022,60,55.795,1071.615,86,24.893,62.766,4.253,42.733
TGO,Togo,2023,58.1,59.605,1182.33,90,25.03,63.782,4.192,43.25
THA,Thailand,2000,21.7,62.21,2005.977,97,92.175,93.777,1.734,31.463
THA,Thailand,2001,20.7,57.194,1889.934,96,92.427,94.141,1.711,32.743
THA,Thailand,2002,19.7,69.687,2089.752,96,92.683,94.5,1.688,34.073
THA,Thailand,2003,18.9,76.134,2347.54,98,92.942,94.854,1.673,35.427
THA,Thailand,2004,18,82.917,2641.563,98,93.205,95.204,1.665,36.786
THA,Thailand,2005,17.2,90.611,2867.704,98,93.473,95.539,1.644,38.13
THA,Thailand,2006,16.5,103.261,3331.32,98,93.744,95.868,1.631,39.442
THA,Thailand,2007,15.9,125.11,3918.528,98,94.02,96.192,1.616,40.704
THA,Thailand,2008,15.2,149.068,4309.135,99,94.3,96.509,1.587,41.895
THA,Thailand,2009,14.7,149.678,4135.44,99,94.585,96.82,1.565,42.999
THA,Thailand,2010,14.1,168.619,4973.863,99,94.875,97.124,1.562,44.002
THA,Thailand,2011,13.6,191.745,5373.623,99,95.176,97.408,1.571,44.805
THA,Thailand,2012,13.1,201.707,5725.528,99,95.483,97.686,1.563,45.374
THA,Thailand,2013,12.7,207.812,6018.082,99,95.791,97.959,1.526,45.832
THA,Thailand,2014,12.3,213.744,5801.198,99,96.103,98.229,1.484,46.314
THA,Thailand,2015,11.9,219.151,5688.853,99,96.418,98.495,1.451,46.952
THA,Thailand,2016,11.5,229.785,5833.577,99,96.735,98.756,1.4,47.88
THA,Thailand,2017,11.1,247.082,6413.092,99,97.056,99.014,1.363,49.231
THA,Thailand,2018,10.8,274.712,7099.777,97,97.379,99.245,1.323,54.584
THA,Thailand,2019,10.4,288.311,7605.697,97,97.705,99.429,1.285,55.927
THA,Thailand,2020,10.1,304.382,6983.034,97,98.034,99.488,1.259,57.236
THA,Thailand,2021,9.8,363.728,7055.188,92,98.366,99.951,1.234,58.509
THA,Thailand,2022,9.5,369.976,6910.01,92,98.701,100.0,1.221,59.742
THA,Thailand,2023,9.2,326.505,7210.541,92,99.039,100,1.212,60.934
TJK,Tajikistan,2000,78.4,5.906,136.926,83,91.57,55.473,3.49,26.536
TJK,Tajikistan,2001,71.8,7.566,168.676,85,91.809,56.948,3.49,26.535
TJK,Tajikistan,2002,65.6,8.22,186.952,85,92.048,58.431,3.47,26.534
TJK,Tajikistan,2003,59.8,10.975,233.581,85,92.287,59.921,3.42,26.533
TJK,Tajikistan,2004,54.6,14.651,305.745,86,92.525,61.418,3.507,26.533
TJK,Tajikistan,2005,50.3,17.385,333.927,84,92.763,62.922,3.398,26.532
TJK,Tajikistan,2006,46.6,20.045,401.018,83,93.001,64.434,3.341,26.532
TJK,Tajikistan,2007,43.6,28.59,516.997,86,93.238,65.954,3.367,26.532
TJK,Tajikistan,2008,41.2,41.351,703.327,86,93.476,67.48,3.388,26.531
TJK,Tajikistan,2009,39.3,38.919,664.796,93,93.712,69.014,3.43,26.529
TJK,Tajikistan,2010,37.6,42.286,737.339,93,93.949,70.556,3.457,26.527
TJK,Tajikistan,2011,36.2,48.843,833.602,96,94.185,72.104,3.456,26.479
TJK,Tajikistan,2012,35,56.971,952.453,94,94.421,73.666,3.421,26.41
TJK,Tajikistan,2013,34,67.624,1028.197,96,94.656,75.239,3.433,26.488
TJK,Tajikistan,2014,33,73.069,1081.544,97,94.89,76.824,3.459,26.563
TJK,Tajikistan,2015,32.2,62.758,956.916,96,95.123,78.417,3.459,26.479
TJK,Tajikistan,2016,31.5,54.921,788.71,96,95.354,80.019,3.384,26.372
TJK,Tajikistan,2017,31,56.851,829.457,97,95.584,81.628,3.29,26.273
TJK,Tajikistan,2018,30.7,58.515,834.288,96,95.811,83.243,3.294,26.234
TJK,Tajikistan,2019,30.4,60.516,871.022,97,95.971,84.862,3.281,26.13
TJK,Tajikistan,2020,30.1,74.173,834.312,97,95.98,86.296,3.211,26.193
TJK,Tajikistan,2021,29.8,75.103,896.748,97,95.988,87.725,3.17,26.199
TJK,Tajikistan,2022,29.4,78.613,1052.179,97,95.995,89.147,3.127,26.196
TJK,Tajikistan,2023,28.8,85.147,1178.48,96,95.986,89.168,3.072,26.189
TKM,Turkmenistan,2000,68.7,75.525,633.835,97,93.319,90.085,2.9,46.074
TKM,Turkmenistan,2001,65.4,120.846,756.035,95,93.31,90.447,2.814,46.372
TKM,Turkmenistan,2002,61.9,128.088,935.541,98,93.301,90.811,2.71,46.592
TKM,Turkmenistan,2003,58.6,199.93,1228.949,83,93.292,91.177,2.667,46.7
TKM,Turkmenistan,2004,55.4,302.858,1379.23,97,93.283,91.545,2.674,46.738
TKM,Turkmenistan,2005,52.6,324.812,1604.016,99,93.66,92.037,2.706,46.773
TKM,Turkmenistan,2006,50.1,349.684,1996.593,98,94.039,92.531,2.724,46.806
TKM,Turkmenistan,2007,48.1,261.833,2414.961,98,94.418,93.025,2.734,46.837
TKM,Turkmenistan,2008,46.4,235.915,3605.504,96,94.789,93.52,2.75,46.866
TKM,Turkmenistan,2009,45,178.446,3707.979,96,95.158,94.016,2.794,46.893
TKM,Turkmenistan,2010,44,202.779,4058.539,96,95.529,94.414,2.848,46.917
TKM,Turkmenistan,2011,43.4,251.858,5143.619,97,95.902,94.916,2.9,46.94
TKM,Turkmenistan,2012,42.9,289.13,6053.875,97,96.276,95.419,2.955,46.96
TKM,Turkmenistan,2013,42.8,339.923,6599.645,98,96.652,95.921,3.007,46.979
TKM,Turkmenistan,2014,42.9,393.868,7164.145,98,97.031,96.422,3.023,46.995
TKM,Turkmenistan,2015,43.2,362.729,5759.498,99,97.412,96.922,3.033,47.01
TKM,Turkmenistan,2016,43.5,376.656,5238.008,98,97.795,97.421,2.99,47.023
TKM,Turkmenistan,2017,43.8,410.811,5125.549,99,98.181,97.918,2.934,47.033
TKM,Turkmenistan,2018,43.8,411.326,3911.986,99,98.569,98.311,2.875,47.042
TKM,Turkmenistan,2019,43.5,432.781,4365.115,99,98.96,98.974,2.834,47.049
TKM,Turkmenistan,2020,42.9,420.008,3935.377,98,99.355,99.397,2.793,47.055
TKM,Turkmenistan,2021,42.1,471.863,3713.201,97,99.741,99.611,2.754,47.058
TKM,Turkmenistan,2022,41.1,579.155,5198.189,98,99.739,99.821,2.728,47.059
TKM,Turkmenistan,2023,40.2,581.382,5298.464,98,99.737,99.928,2.69,47.068
TLS,Timor-Leste,2003,96.8,15.188,534.901,55,21.266,51.311,5.846,25.261
TLS,Timor-Leste,2004,92.3,20.226,474.421,57,23.737,53.001,5.741,25.704
TLS,Timor-Leste,2005,88,25.725,487.465,55,26.185,54.675,5.611,26.31
TLS,Timor-Leste,2006,84,27.902,464.667,63,28.64,56.347,5.474,27.122
TLS,Timor-Leste,2007,80.4,30.519,540.155,70,31.097,58.016,5.333,28.001
TLS,Timor-Leste,2008,76.9,43.72,628.153,79,33.556,59.682,5.171,28.808
TLS,Timor-Leste,2009,73.9,50.189,686.579,72,36.018,61.438,4.994,29.401
TLS,Timor-Leste,2010,71,52.615,813.06,72,38.481,63.197,4.816,29.64
TLS,Timor-Leste,2011,68.4,64.436,939.045,67,40.945,64.957,4.614,29.633
TLS,Timor-Leste,2012,65.9,71.469,1022.619,83,43.411,66.72,4.404,29.614
TLS,Timor-Leste,2013,63.9,102.798,1204.568,82,45.876,68.484,4.208,29.584
TLS,Timor-Leste,2014,61.9,93.106,1224.75,77,48.342,70.249,3.999,29.546
TLS,Timor-Leste,2015,60.2,101.478,1319.593,76,50.808,72.016,3.779,29.504
TLS,Timor-Leste,2016,58.7,92.694,1335.544,79,53.274,73.784,3.582,29.446
TLS,Timor-Leste,2017,57.3,86.163,1266.178,83,55.738,75.553,3.399,29.36
TLS,Timor-Leste,2018,56,78.074,1219.466,83,58.202,77.323,3.244,29.249
TLS,Timor-Leste,2019,54.8,78.013,1562.365,83,60.664,79.094,3.116,29.115
TLS,Timor-Leste,2020,53.4,118.495,1630.869,83,63.124,80.866,3.011,28.962
TLS,Timor-Leste,2021,52,132.079,2684.927,83,65.581,82.639,2.892,28.793
TLS,Timor-Leste,2022,50.7,174.915,2343.25,83,68.036,84.411,2.801,28.586
TLS,Timor-Leste,2023,49.2,144.215,1502.411,83,70.488,85.941,2.707,28.595
TON,Tonga,2000,16.9,53.395,1995.077,95,89.192,98.541,4.159,23.025
TON,Tonga,2001,16.5,55.277,1753.517,94,89.195,98.541,4.127,23.049
TON,Tonga,2002,16,62.654,1759.481,90,89.198,98.54,4.138,23.071
TON,Tonga,2003,15.6,68.052,1936.041,98,89.201,98.54,4.175,23.094
TON,Tonga,2004,15.2,102.701,2195.449,99,89.204,98.54,4.186,23.119
TON,Tonga,2005,14.8,108.293,2477.726,99,89.655,98.586,4.195,23.147
TON,Tonga,2006,14.4,149.228,2750.348,99,90.106,98.631,4.141,23.18
TON,Tonga,2007,14,134.562,2797.066,99,90.558,98.677,4.086,23.224
TON,Tonga,2008,13.7,190.866,3218.453,99,91.011,98.723,4.012,23.289
TON,Tonga,2009,13.4,118.794,2914.238,99,91.463,98.768,3.946,23.361
TON,Tonga,2010,13.1,166.581,3416.084,99,91.915,98.814,3.879,23.424
TON,Tonga,2011,12.8,193.437,3849.994,99,92.092,98.81,3.829,23.461
TON,Tonga,2012,12.6,318.42,4384.171,95,92.262,98.806,3.768,23.459
TON,Tonga,2013,12.3,171.821,4219.247,99,92.426,98.802,3.696,23.417
TON,Tonga,2014,12.1,210.86,4136.59,98,92.587,98.798,3.619,23.343
TON,Tonga,2015,11.9,181.915,4123.903,96,92.746,98.794,3.54,23.243
TON,Tonga,2016,11.6,208.54,3987.986,96,92.902,98.789,3.463,23.128
TON,Tonga,2017,11.4,246.34,4365.929,99,93.055,98.784,3.388,22.971
TON,Tonga,2018,11.1,278.495,4675.048,99,93.207,98.78,3.326,22.702
TON,Tonga,2019,10.9,266.688,4788.834,99,93.357,98.775,3.274,22.329
TON,Tonga,2020,10.6,262.555,4792.359,99,93.504,98.77,3.234,21.877
TON,Tonga,2021,10.4,348.797,4922.802,99,93.649,98.765,3.198,21.258
TON,Tonga,2022,10.1,382.791,5298.019,99,93.792,98.811,3.171,21.147
TON,Tonga,2023,9.8,357.544,5651.594,99,93.932,98.858,3.129,21.148
TTO,Trinidad and Tobago,2005,26.9,530.352,12346.437,95,94.376,97.309,1.625,55.39
TTO,Trinidad and Tobago,2006,26.5,568.726,14152.661,92,94.381,97.31,1.624,55.178
TTO,Trinidad and Tobago,2007,26.1,667.353,16606.675,88,94.386,97.31,1.622,54.939
TTO,Trinidad and Tobago,2008,25.7,751.546,21298.995,90,94.39,97.31,1.617,54.676
TTO,Trinidad and Tobago,2009,25.3,776.622,14634.057,90,94.395,97.311,1.618,54.392
TTO,Trinidad and Tobago,2010,24.8,825.161,16815.425,90,94.385,97.44,1.614,54.09
TTO,Trinidad and Tobago,2011,24.4,872.964,19151.087,90,94.374,97.57,1.611,53.925
TTO,Trinidad and Tobago,2012,23.9,895.08,20332.139,92,94.361,97.699,1.609,53.925
TTO,Trinidad and Tobago,2013,23.5,970.902,21304.978,92,94.348,97.828,1.603,53.926
TTO,Trinidad and Tobago,2014,23.1,1010.828,21908.301,92,94.333,97.957,1.602,53.926
TTO,Trinidad and Tobago,2015,22.7,1061.587,19887.233,96,94.317,98.086,1.598,53.927
TTO,Trinidad and Tobago,2016,22.3,1064.418,17449.154,97,94.301,98.215,1.601,53.928
TTO,Trinidad and Tobago,2017,22,1083.376,17566.1,89,94.284,98.344,1.594,53.929
TTO,Trinidad and Tobago,2018,21.6,1080.454,17571.499,99,94.268,98.473,1.588,53.931
TTO,Trinidad and Tobago,2019,21.2,1097.206,17212.613,93,94.251,98.602,1.578,53.934
TTO,Trinidad and Tobago,2020,20.8,1059.726,15283.627,96,94.235,98.732,1.572,53.938
TTO,Trinidad and Tobago,2021,20.4,1170.939,17712.567,94,94.219,98.861,1.559,53.942
TTO,Trinidad and Tobago,2022,19.9,1266.288,20750.52,93,94.205,98.991,1.544,53.947
TTO,Trinidad and Tobago,2023,19.3,1276.339,18308.454,96,94.191,99.12,1.532,53.954
TUN,Tunisia,2000,29.2,111.014,2199.045,97,77.681,87.536,2.025,63.617
TUN,Tunisia,2001,27.2,114.005,2235.72,98,78.301,87.847,1.975,63.954
TUN,Tunisia,2002,25.5,124.646,2320.772,96,79.238,88.139,1.941,64.282
TUN,Tunisia,2003,24,148.934,2725.864,95,80.173,88.426,1.956,64.606
TUN,Tunisia,2004,22.7,167.276,3067.419,97,81.1,88.705,1.95,64.927
TUN,Tunisia,2005,21.6,169.846,3146.826,98,81.997,88.959,1.953,65.234
TUN,Tunisia,2006,20.7,178.826,3322.569,99,82.895,89.21,1.952,65.521
TUN,Tunisia,2007,20,202.32,3726.917,98,83.793,89.457,1.957,65.8
TUN,Tunisia,2008,19.4,230.502,4255.05,99,84.691,89.887,1.975,66.068
TUN,Tunisia,2009,19,231.359,4080.09,99,85.589,90.343,2.004,66.336
TUN,Tunisia,2010,18.7,240.754,4291.861,98,86.486,90.796,2.075,66.628
TUN,Tunisia,2011,18.5,270.675,4420.648,98,87.383,91.245,2.189,66.919
TUN,Tunisia,2012,18.4,270.291,4297.268,97,88.279,91.69,2.277,67.21
TUN,Tunisia,2013,18.3,284.645,4369.793,98,89.173,92.131,2.31,67.5
TUN,Tunisia,2014,18.3,287.61,4458.979,98,90.067,92.567,2.316,67.752
TUN,Tunisia,2015,18.2,249.464,4014.948,98,90.961,93.002,2.306,67.881
TUN,Tunisia,2016,18.1,240.403,3847.804,98,91.854,93.433,2.275,68.062
TUN,Tunisia,2017,17.9,223.859,3619.032,98,92.746,93.861,2.205,68.288
TUN,Tunisia,2018,17.5,215.418,3628.104,97,93.635,94.285,2.133,68.549
TUN,Tunisia,2019,16.9,212.6,3528.872,98,94.522,94.705,2.1,68.821
TUN,Tunisia,2020,16,250.401,3548.654,97,95.406,95.12,2,69.104
TUN,Tunisia,2021,15,285.252,3906.939,97,96.286,95.531,1.8,69.4
TUN,Tunisia,2022,13.9,276.464,3707.293,97,97.161,95.937,1.847,69.707
TUN,Tunisia,2023,12.9,317.71,3951.117,97,97.985,96.338,1.832,70.027
TUR,Turkiye,2000,37.2,192.834,4199.38,85,86.533,92.521,2.487,58.971
TUR,Turkiye,2001,34.5,148.862,3052.226,88,86.692,92.607,2.392,59.872
TUR,Turkiye,2002,32,181.391,3591.086,78,87.488,92.818,2.268,60.739
TUR,Turkiye,2003,29.6,232.556,4649.637,68,88.267,93.024,2.202,61.585
TUR,Turkiye,2004,27.4,292.653,5979.605,85,89.031,93.227,2.197,62.439
TUR,Turkiye,2005,25.3,357.402,7331.854,90,89.779,93.425,2.197,63.33
TUR,Turkiye,2006,23.5,409.259,7990.083,90,90.511,93.619,2.193,64.287
TUR,Turkiye,2007,21.8,504.376,9766.917,96,91.228,93.81,2.16,65.339
TUR,Turkiye,2008,20.3,561.735,10913.408,96,91.93,93.997,2.15,66.514
TUR,Turkiye,2009,18.9,492.3,9076.925,96,92.617,94.18,2.1,67.84
TUR,Turkiye,2010,17.6,531.829,10698.97,97,93.289,94.359,2.08,69.347
TUR,Turkiye,2011,16.6,525.891,11373.636,97,93.947,94.534,2.05,71.003
TUR,Turkiye,2012,15.6,520.443,11776.759,97,94.59,94.706,2.11,73.779
TUR,Turkiye,2013,14.7,547.955,12635.557,98,95.218,94.874,2.11,78.522
TUR,Turkiye,2014,14,520.408,12209.386,96,95.832,95.038,2.19,83.602
TUR,Turkiye,2015,13.3,444.708,11064.649,97,96.432,95.199,2.16,87.217
TUR,Turkiye,2016,12.7,456.366,10984.364,98,97.018,95.356,2.11,88.102
TUR,Turkiye,2017,12.2,432.138,10756.388,96,97.591,95.51,2.08,88.032
TUR,Turkiye,2018,11.7,380.278,9684.118,98,98.151,95.661,2,88.166
TUR,Turkiye,2019,11.3,388.675,9395.234,99,98.699,95.808,1.89,88.662
TUR,Turkiye,2020,10.9,386.259,8798.118,98,99.231,95.953,1.77,88.93
TUR,Turkiye,2021,10.6,431.34,9981.764,95,99.243,95.961,1.71,89.176
TUR,Turkiye,2022,10.2,385.88,10897.84,99,99.255,95.97,1.63,89.038
TUR,Turkiye,2023,13.8,547.815,13375.095,99,99.266,95.978,1.51,89.022
TUV,Tuvalu,2000,42.8,351.928,1559.221,82,78.936,98.949,3.841,45.512
TUV,Tuvalu,2001,41.8,261.71,1475.037,96,79.366,98.955,3.749,46.092
TUV,Tuvalu,2002,40.8,207.182,1729.17,98,79.792,98.96,3.637,46.744
TUV,Tuvalu,2003,40,274.993,2020.101,93,80.232,98.964,3.579,47.499
TUV,Tuvalu,2004,39.1,216.722,2330.774,98,80.673,98.966,3.553,48.401
TUV,Tuvalu,2005,38.1,232.033,2298.443,93,81.106,98.966,3.546,49.421
TUV,Tuvalu,2006,36.9,291.767,2413.978,97,81.602,98.965,3.525,50.523
TUV,Tuvalu,2007,35.6,292.23,2803.754,97,82.093,98.962,3.446,51.672
TUV,Tuvalu,2008,34.2,319.318,3062.001,99,82.578,98.959,3.415,52.834
TUV,Tuvalu,2009,32.8,349.202,2662.429,88,83.058,98.953,3.425,53.973
TUV,Tuvalu,2010,31.4,490.411,3054.962,89,83.533,98.947,3.442,55.054
TUV,Tuvalu,2011,30.2,536.105,3679.533,96,84.003,98.939,3.463,56.043
TUV,Tuvalu,2012,29,499.219,3558.897,97,84.467,98.929,3.47,56.896
TUV,Tuvalu,2013,28,484.59,3524.003,90,84.926,98.919,3.389,57.631
TUV,Tuvalu,2014,26.9,512.642,3518.132,89,85.379,98.907,3.33,58.3
TUV,Tuvalu,2015,26,451.353,3352.667,96,85.828,98.894,3.308,58.915
TUV,Tuvalu,2016,25.2,697.998,3779.153,94,86.271,98.88,3.297,59.474
TUV,Tuvalu,2017,24.3,1017.496,4166.792,96,86.71,98.865,3.301,59.953
TUV,Tuvalu,2018,23.5,819.412,4467.211,89,87.145,98.85,3.328,60.56
TUV,Tuvalu,2019,22.7,1138.826,5058.853,92,87.575,98.833,3.331,61.241
TUV,Tuvalu,2020,21.9,899.595,5029.572,95,88.002,98.816,3.309,61.921
TUV,Tuvalu,2021,21.2,1122.399,6042.52,94,88.425,98.798,3.277,62.61
TUV,Tuvalu,2022,20.5,1300.467,5414.746,91,88.844,98.78,3.244,63.307
TUV,Tuvalu,2023,19.8,1723.565,5143.84,94,89.261,98.761,3.208,64.012
TZA,Tanzania,2000,128,12.33,401.698,79,3.446,28.612,5.67,22.194
TZA,Tanzania,2001,120.3,15.174,396.639,87,4.733,29.868,5.617,22.596
TZA,Tanzania,2002,112.4,17.036,402.649,89,6.022,31.124,5.57,23.031
TZA,Tanzania,2003,105,20.394,422.184,95,7.342,32.476,5.578,23.52
TZA,Tanzania,2004,98.3,23.449,450.385,95,8.69,33.947,5.597,24.083
TZA,Tanzania,2005,92.2,27.714,483.335,90,10.041,35.428,5.579,24.706
TZA,Tanzania,2006,86.7,35.598,475.747,90,11.396,36.92,5.511,25.374
TZA,Tanzania,2007,81.3,36.236,543.198,83,12.755,38.42,5.403,26.072
TZA,Tanzania,2008,76.6,36.262,675.977,86,14.12,39.929,5.324,26.785
TZA,Tanzania,2009,72,33.999,693.824,85,15.49,41.445,5.26,27.498
TZA,Tanzania,2010,68.2,37.185,736.53,91,16.868,42.97,5.225,28.197
TZA,Tanzania,2011,64.6,37.752,775.393,90,18.253,44.501,5.141,28.866
TZA,Tanzania,2012,61.7,41.997,861.97,92,19.647,46.039,5.137,29.488
TZA,Tanzania,2013,59,43.469,963.057,91,21.05,47.582,5.156,30.073
TZA,Tanzania,2014,56.3,39.855,1022.748,97,22.462,49.128,5.122,30.644
TZA,Tanzania,2015,54.3,33.272,939.127,96,23.883,50.676,5.025,31.206
TZA,Tanzania,2016,52,36.653,953.011,92,25.315,52.226,5.006,31.758
TZA,Tanzania,2017,49.8,39.038,986.674,90,26.759,53.777,4.988,32.299
TZA,Tanzania,2018,47.6,41.272,1023.106,89,28.213,55.328,4.932,32.829
TZA,Tanzania,2019,45.6,39.978,1063.323,91,29.68,56.879,4.866,33.348
TZA,Tanzania,2020,43.8,31.704,1117.415,91,31.16,58.429,4.801,33.855
TZA,Tanzania,2021,41.7,37.531,1159.857,86,32.654,59.977,4.734,34.35
TZA,Tanzania,2022,40.1,35.933,1207.521,87,34.161,61.523,4.671,34.823
TZA,Tanzania,2023,38.5,36.256,1224.002,83,35.682,63.066,4.606,35.475
UGA,Uganda,2000,143.9,16.426,258.05,52,14.712,26.236,6.788,11.641
UGA,Uganda,2001,137.2,15.996,236.021,55,15.104,27.53,6.757,11.901
UGA,Uganda,2002,129.9,15.744,241.985,57,15.497,28.85,6.735,12.203
UGA,Uganda,2003,122.1,14.234,250.715,59,15.888,30.197,6.671,12.59
UGA,Uganda,2004,114.2,18.607,292.382,62,16.28,31.569,6.612,13.122
UGA,Uganda,2005,106.5,25.868,330.405,64,16.67,32.963,6.525,13.791
UGA,Uganda,2006,99.2,31.603,346.518,64,17.06,34.383,6.429,14.585
UGA,Uganda,2007,92.5,36.101,401.389,73,17.448,35.824,6.326,15.494
UGA,Uganda,2008,86.4,40.043,472.843,71,17.837,37.289,6.202,16.507
UGA,Uganda,2009,81.2,44.367,798.947,79,18.224,38.774,6.124,17.612
UGA,Uganda,2010,76,51.886,823.488,80,18.611,40.28,6.019,18.799
UGA,Uganda,2011,70.9,55.208,835.62,82,18.997,41.806,5.885,20.056
UGA,Uganda,2012,66.5,55.039,795.223,83,19.381,43.352,5.729,21.372
UGA,Uganda,2013,62.8,52.906,818.285,84,19.765,44.914,5.563,22.737
UGA,Uganda,2014,60.2,50.958,896.055,85,20.148,46.495,5.408,24.194
UGA,Uganda,2015,57.9,40.098,862.935,89,20.53,48.091,5.251,24.978
UGA,Uganda,2016,55.6,39.081,752.697,93,20.91,49.703,5.112,25.695
UGA,Uganda,2017,54,31.438,765.218,94,21.29,51.328,4.987,26.414
UGA,Uganda,2018,52.7,32.952,792.166,93,21.667,52.965,4.867,27.128
UGA,Uganda,2019,51.6,33.366,822.171,93,22.043,54.615,4.744,27.837
UGA,Uganda,2020,50.9,44.734,845.766,89,22.417,56.275,4.621,28.54
UGA,Uganda,2021,50.2,51.035,882.792,91,22.79,57.945,4.51,29.236
UGA,Uganda,2022,50,44.473,963.067,89,23.16,59.624,4.388,29.925
UGA,Uganda,2023,49.4,45.213,1002.309,91,23.529,61.312,4.283,30.606
UKR,Ukraine,2000,18.2,34.622,653.294,99,94.397,98.204,1.108,67.404
UKR,Ukraine,2001,17.4,44.143,800.491,99,94.518,98.247,1.092,67.275
UKR,Ukraine,2002,16.6,52.119,903.012,99,94.643,98.273,1.127,67.267
UKR,Ukraine,2003,15.8,67.87,1076.482,97,94.772,98.264,1.173,67.42
UKR,Ukraine,2004,15.1,83.239,1401.018,99,94.954,97.793,1.215,67.597
UKR,Ukraine,2005,14.5,114.633,1875.335,96,95.137,97.319,1.221,67.814
UKR,Ukraine,2006,14,146.274,2366.494,98,95.319,96.842,1.297,68.029
UKR,Ukraine,2007,13.4,183.182,3160.328,98,95.499,96.362,1.343,68.21
UKR,Ukraine,2008,12.9,212.753,4017.807,90,95.678,95.88,1.444,68.375
UKR,Ukraine,2009,12.3,165.985,2607.088,71,95.856,95.394,1.47,68.525
UKR,Ukraine,2010,11.7,199.496,3039.632,52,96.028,94.907,1.436,68.637
UKR,Ukraine,2011,11.2,240.177,3656.698,50,96.201,94.419,1.464,68.723
UKR,Ukraine,2012,10.7,270.762,3951.342,76,96.373,93.93,1.528,68.824
UKR,Ukraine,2013,10.2,275.941,4129.897,76,96.544,93.758,1.515,68.933
UKR,Ukraine,2014,9.8,208.944,3054.908,23,96.716,93.286,1.466,69.055
UKR,Ukraine,2015,9.5,154.755,2094.474,23,96.834,93.319,1.387,69.159
UKR,Ukraine,2016,9.1,154.555,2158.461,19,96.952,93.351,1.391,69.21
UKR,Ukraine,2017,8.9,183.695,2604.288,50,97.07,93.384,1.3,69.263
UKR,Ukraine,2018,8.7,217.738,3059.052,69,97.188,93.415,1.233,69.316
UKR,Ukraine,2019,8.5,242.814,3619.862,80,97.305,93.444,1.218,69.353
UKR,Ukraine,2020,8.4,265.078,3709.769,81,97.395,93.471,1.208,69.384
UKR,Ukraine,2021,8.2,369.905,4775.946,78,97.479,93.497,1.148,69.403
URY,Uruguay,2000,17,699.205,6987.701,90,93.468,97.062,2.196,91.277
URY,Uruguay,2001,16.6,679.423,6382.761,94,93.489,97.124,2.161,91.376
URY,Uruguay,2002,16.2,436.44,4149.761,95,93.51,97.196,2.16,91.489
URY,Uruguay,2003,15.7,383.556,3671.123,91,93.531,97.267,2.116,91.626
URY,Uruguay,2004,15.2,375.939,4168.661,94,93.55,97.335,2.093,91.801
URY,Uruguay,2005,14.4,445.282,5284.257,96,93.684,97.533,2.097,92.081
URY,Uruguay,2006,13.6,500.655,6001.333,95,93.99,97.723,2.07,92.485
URY,Uruguay,2007,12.7,578.345,7222.054,94,94.293,97.906,2.048,92.96
URY,Uruguay,2008,11.9,811.702,9423.966,94,94.594,98.081,2.03,93.46
URY,Uruguay,2009,11.3,826.057,9881.396,95,94.893,98.25,2.018,93.934
URY,Uruguay,2010,10.8,1043.26,12641.058,95,95.19,98.413,2.011,94.333
URY,Uruguay,2011,10.4,1244.939,15132.268,95,95.485,98.569,1.987,94.604
URY,Uruguay,2012,10,1347.029,16259.594,95,95.775,98.711,2.012,94.761
URY,Uruguay,2013,9.7,1516.807,18335.259,95,96.064,98.848,2.034,94.884
URY,Uruguay,2014,9.3,1495.598,18322.428,95,96.352,98.981,2.026,94.99
URY,Uruguay,2015,8.9,1424.894,17125.902,95,96.64,99.112,2.041,95.08
URY,Uruguay,2016,8.4,1469.39,17009.758,95,96.927,99.24,1.966,95.159
URY,Uruguay,2017,8,1672.331,19184.663,93,97.214,99.366,1.824,95.229
URY,Uruguay,2018,7.7,1713.266,19249.94,91,97.499,99.489,1.681,95.294
URY,Uruguay,2019,7.5,1692.502,18315.735,94,97.785,99.555,1.567,95.348
URY,Uruguay,2020,7.3,1432.005,15757.534,92,98.069,99.57,1.497,95.4
URY,Uruguay,2021,7.3,1594.981,17881.812,91,98.354,99.586,1.446,95.45
URY,Uruguay,2022,7.3,1850.807,21009.288,94,98.637,99.602,1.425,95.498
URY,Uruguay,2023,7.4,2076.094,23378.64,95,98.893,99.617,1.409,95.544
USA,United States,2005,8,6428.602,44123.4,96,99.871,98.897,2.057,80.196
USA,United States,2006,7.9,6802.475,46301.988,96,99.871,98.904,2.108,80.371
USA,United States,2007,7.7,7153.731,48050.227,96,99.871,98.911,2.12,80.515
USA,United States,2008,7.6,7364.938,48570.059,96,99.871,98.917,2.072,80.622
USA,United States,2009,7.5,7614.824,47194.95,95,99.87,98.924,2.002,80.685
USA,United States,2010,7.3,7836.088,48642.631,95,99.871,99.011,1.931,80.7
USA,United States,2011,7.2,8015.781,50024.881,96,99.848,99.096,1.895,80.696
USA,United States,2012,7,8262.293,51708.394,94,99.826,99.181,1.881,80.684
USA,United States,2013,6.9,8412.252,53297.386,94,99.804,99.265,1.857,80.661
USA,United States,2014,6.8,8796.339,55153.394,95,99.783,99.348,1.863,80.624
USA,United States,2015,6.8,9200.932,56849.47,95,99.762,99.429,1.843,80.571
USA,United States,2016,6.7,9535.601,57976.628,95,99.742,99.51,1.821,80.498
USA,United States,2017,6.6,9822.606,60047.719,94,99.722,99.589,1.766,80.402
USA,United States,2018,6.5,10180.482,62875.666,94,99.703,99.668,1.73,80.28
USA,United States,2019,6.5,10550.221,65227.957,94,99.684,99.745,1.706,80.13
USA,United States,2020,6.5,11648.495,64465.297,93,99.666,99.82,1.641,79.997
USA,United States,2021,6.5,12080.073,71441.232,94,99.649,99.895,1.664,80.007
USA,United States,2022,6.5,12586.196,78008.69,94,99.632,99.964,1.657,80.032
USA,United States,2023,6.5,13473.193,82586.785,94,99.615,99.98,1.617,80.072
UZB,Uzbekistan,2000,60.7,35.721,555.149,99,93.377,87.313,2.696,47.673
UZB,Uzbekistan,2001,58,30.463,454.416,99,93.538,87.803,2.61,48.49
UZB,Uzbekistan,2002,55,24.507,381.409,99,93.696,88.29,2.575,49.257
UZB,Uzbekistan,2003,51.9,25.619,394.164,98,93.851,88.773,2.503,49.957
UZB,Uzbekistan,2004,48.6,28.024,462.171,99,94.002,89.25,2.496,50.57
UZB,Uzbekistan,2005,45.2,32.513,542.836,99,94.151,89.724,2.438,51.078
UZB,Uzbekistan,2006,41.9,37.973,649.118,96,94.296,90.192,2.461,51.464
UZB,Uzbekistan,2007,38.6,46.896,824.028,96,94.438,90.656,2.573,51.709
UZB,Uzbekistan,2008,35.5,61.292,1074.729,98,94.577,91.115,2.635,51.794
UZB,Uzbekistan,2009,32.6,71.958,1205.799,98,94.713,91.57,2.559,51.611
UZB,Uzbekistan,2010,29.8,92.875,1956.781,99,94.846,92.019,2.442,51.332
UZB,Uzbekistan,2011,27.3,109.862,2338.555,99,94.97,92.436,2.354,51.34
UZB,Uzbekistan,2012,25,127.942,2573.956,99,95.089,92.824,2.337,51.336
UZB,Uzbekistan,2013,23,140.71,2781.389,99,95.209,93.216,2.445,51.128
UZB,Uzbekistan,2014,21.3,118.443,3021.003,99,95.329,93.61,2.546,50.887
UZB,Uzbekistan,2015,19.7,132.606,3172.899,99,95.45,94.008,2.583,50.66
UZB,Uzbekistan,2016,18.4,129.822,3128.423,99,95.571,94.408,2.564,50.657
UZB,Uzbekistan,2017,17.3,93.415,2271.473,99,95.694,94.811,2.57,50.679
UZB,Uzbekistan,2018,16.4,82.53,1894.091,98,95.816,95.219,2.713,50.581
UZB,Uzbekistan,2019,15.7,98.624,2128.661,96,95.939,95.627,2.869,50.592
UZB,Uzbekistan,2020,15.1,120.29,2087.964,95,96.062,95.958,3.062,50.767
UZB,Uzbekistan,2021,14.6,156.448,2370.365,98,96.185,96.29,3.273,50.927
UZB,Uzbekistan,2022,14.1,170.641,2698.603,99,96.307,96.623,3.396,50.985
UZB,Uzbekistan,2023,13.7,192.119,3015.977,99,96.428,96.957,3.5,50.996
VCT,St. Vincent and the Grenadines,2000,22.6,149.923,3768.955,98,66.729,95.449,2.306,44.89
VCT,St. Vincent and the Grenadines,2001,22.6,162.934,4071.086,99,68.293,95.606,2.3,45.008
VCT,St. Vincent and the Grenadines,2002,22.6,175.48,4303.28,99,69.869,95.763,2.218,45.121
VCT,St. Vincent and the Grenadines,2003,22.6,178.137,4499.615,99,71.455,95.921,2.142,45.236
VCT,St. Vincent and the Grenadines,2004,22.7,188.436,4873.489,99,73.053,96.08,2.087,45.352
VCT,St. Vincent and the Grenadines,2005,22.8,197.632,5157.394,99,74.661,96.239,2.068,45.468
VCT,St. Vincent and the Grenadines,2006,22.8,209.836,5744.828,99,76.28,96.399,2.033,45.585
VCT,St. Vincent and the Grenadines,2007,22.7,244.329,6398.191,99,77.909,96.56,2.063,45.703
VCT,St. Vincent and the Grenadines,2008,22.4,256.14,6598.905,99,79.548,96.722,2.15,45.822
VCT,St. Vincent and the Grenadines,2009,22,264.616,6463.788,99,81.198,96.884,2.174,45.942
VCT,St. Vincent and the Grenadines,2010,21.4,281.919,6551.968,99,82.857,97.047,2.144,46.063
VCT,St. Vincent and the Grenadines,2011,20.7,276.157,6527.69,96,84.525,97.21,2.076,46.184
VCT,St. Vincent and the Grenadines,2012,19.9,298.781,6713.808,96,86.204,97.374,2.113,46.306
VCT,St. Vincent and the Grenadines,2013,19.1,300.02,7072.467,97,87.891,97.539,2.106,46.432
VCT,St. Vincent and the Grenadines,2014,18.2,299.331,7168.829,98,89.587,97.705,2.141,46.558
VCT,St. Vincent and the Grenadines,2015,17.4,302.584,7353.736,99,89.615,97.711,2.133,46.685
VCT,St. Vincent and the Grenadines,2016,16.6,313.662,7656.9,99,89.643,97.717,2.055,46.812
VCT,St. Vincent and the Grenadines,2017,15.8,337.896,7988.044,99,89.672,97.722,1.94,46.939
VCT,St. Vincent and the Grenadines,2018,15,358.534,8428.127,97,89.701,97.728,1.9,47.067
VEN,"Venezuela, RB",2018,24.2,164.682,3421.513,60,96.214,94.04,2.151,89.066
VEN,"Venezuela, RB",2019,24.2,112.73,2523.115,64,96.76,93.863,2.131,89.103
VEN,"Venezuela, RB",2020,24.2,153.217,1506.042,54,96.986,93.686,2.116,89.14
VEN,"Venezuela, RB",2021,24.2,162.44,2004.936,56,97.002,93.509,2.105,89.177
VEN,"Venezuela, RB",2022,24.2,208.667,3155.042,43,98.396,93.332,2.088,89.213
VEN,"Venezuela, RB",2023,24.2,185.991,3617.47,54,98.396,93.332,2.079,89.25
VNM,Viet Nam,2000,30.3,21.072,404.03,96,49.149,80.648,2.028,24.367
VNM,Viet Nam,2001,29,25.555,419.206,96,51.113,81.482,2.023,24.949
VNM,Viet Nam,2002,27.9,21.877,445.133,75,53.064,82.309,2.006,25.554
VNM,Viet Nam,2003,26.9,24.884,497.117,99,55.002,83.13,1.999,26.175
VNM,Viet Nam,2004,26.1,31.977,565.452,96,56.926,83.944,1.968,26.802
VNM,Viet Nam,2005,25.4,38.97,710.747,95,58.966,84.75,1.887,27.429
VNM,Viet Nam,2006,24.8,46.869,807.757,94,61.0,85.55,1.873,28.046
VNM,Viet Nam,2007,24.3,54.407,925.64,92,63.028,86.342,1.911,28.646
VNM,Viet Nam,2008,23.8,64.434,1163.832,93,65.048,87.127,1.933,29.22
VNM,Viet Nam,2009,23.4,69.827,1226.17,96,67.061,87.903,1.92,29.758
VNM,Viet Nam,2010,23.1,85.361,1683.162,93,69.07,88.673,1.906,30.25
VNM,Viet Nam,2011,22.8,97.052,1950.925,95,71.069,89.435,1.927,30.7
VNM,Viet Nam,2012,22.5,109.295,2185.118,97,73.059,90.188,1.967,31.122
VNM,Viet Nam,2013,22.3,104.11,2359.517,59,75.039,90.932,1.98,31.533
VNM,Viet Nam,2014,22,119.445,2546.385,95,77.008,91.666,2.09,31.948
VNM,Viet Nam,2015,21.6,121.44,2577.569,97,78.967,92.392,2.1,32.381
VNM,Viet Nam,2016,21.3,133.196,2735.06,96,80.914,93.108,2,32.848
VNM,Viet Nam,2017,20.9,147.514,2956.11,94,82.849,93.814,1.985,33.363
VNM,Viet Nam,2018,20.5,161.979,3222.31,75,84.77,94.833,1.88,33.941
VNM,Viet Nam,2019,20,171.153,3440.9,89,86.679,95.634,1.943,34.624
VNM,Viet Nam,2020,19.5,153.102,3534.04,94,88.574,96.294,1.957,35.571
VNM,Viet Nam,2021,18.9,168.094,3704.194,83,90.456,96.927,1.942,36.654
VNM,Viet Nam,2022,18.4,188.227,4147.698,91,92.324,97.549,1.927,37.548
VNM,Viet Nam,2023,17.8,197.192,4322.826,65,94.09,98.161,1.913,38.13
VUT,Vanuatu,2000,26.6,48.288,1460.238,71,54.711,85.332,4.537,21.657
VUT,Vanuatu,2001,26.1,45.735,1350.183,70,54.765,85.375,4.495,21.934
VUT,Vanuatu,2002,25.7,52.347,1340.715,70,54.819,85.418,4.382,22.201
VUT,Vanuatu,2003,25.3,54.936,1566.514,69,54.874,85.462,4.293,22.464
VUT,Vanuatu,2004,25,62.809,1774.319,69,54.93,85.506,4.214,22.729
VUT,Vanuatu,2005,24.5,61.934,1873.991,68,54.625,85.746,4.133,23.002
VUT,Vanuatu,2006,24.1,67.602,2034.793,68,54.316,85.847,4.1,23.289
VUT,Vanuatu,2007,23.5,72.528,2333.705,70,54.002,85.947,4.117,23.596
VUT,Vanuatu,2008,22.7,81.723,2603.609,73,53.683,86.046,4.159,23.928
VUT,Vanuatu,2009,21.9,82.804,2546.383,75,53.36,86.144,4.157,24.286
VUT,Vanuatu,2010,21.1,99.274,2815.188,77,53.014,86.223,4.126,24.743
VUT,Vanuatu,2011,20.3,113.802,3163.186,79,52.654,86.289,4.093,24.786
VUT,Vanuatu,2012,19.7,118.278,3004.784,82,52.292,86.355,4.059,24.818
VUT,Vanuatu,2013,19.2,130.885,3392.567,84,51.929,86.42,4.039,24.841
VUT,Vanuatu,2014,18.8,108.226,3378.364,86,51.563,86.484,3.999,24.855
VUT,Vanuatu,2015,18.6,118.715,3214.419,80,51.195,86.548,3.952,24.863
VUT,Vanuatu,2016,18.4,88.36,3339.834,81,50.826,86.61,3.915,24.865
VUT,Vanuatu,2017,18.3,91.041,3585.318,85,50.455,86.672,3.875,24.764
VUT,Vanuatu,2018,18.2,110.325,3626.189,85,50.083,86.735,3.834,24.273
VUT,Vanuatu,2019,18.1,112.137,3635.623,90,49.709,86.797,3.79,23.502
VUT,Vanuatu,2020,18.1,125.41,3404.304,78,49.334,86.861,3.738,22.419
VUT,Vanuatu,2021,18,142.567,3576.138,62,48.957,86.925,3.696,22.25
VUT,Vanuatu,2022,17.8,136.795,3679.535,68,48.578,86.99,3.647,22.254
VUT,Vanuatu,2023,17.5,143.438,3708.189,72,48.197,87.054,3.596,22.265
WSM,Samoa,2000,21,60.461,1424.752,98,91.958,87.243,4.523,21.953
WSM,Samoa,2001,20.3,56.097,1453.87,90,91.959,87.24,4.477,21.975
WSM,Samoa,2002,19.8,72.413,1527.558,92,91.957,87.244,4.444,21.943
WSM,Samoa,2003,19.4,81.96,1798.124,90,91.954,87.252,4.392,21.781
WSM,Samoa,2004,19.1,104.427,2189.26,63,91.951,87.26,4.343,21.528
WSM,Samoa,2005,19,121.242,2550.042,59,92.206,87.497,4.322,21.235
WSM,Samoa,2006,19,133.419,2663.291,50,92.461,87.733,4.322,20.957
WSM,Samoa,2007,19,147.848,3038.619,65,92.716,87.969,4.358,20.694
WSM,Samoa,2008,19,156.894,3373.606,39,92.973,88.204,4.417,20.404
WSM,Samoa,2009,25.3,172.453,3279.183,64,93.229,88.438,4.466,20.105
WSM,Samoa,2010,19.1,185.439,3524.248,78,93.486,88.671,4.52,19.83
WSM,Samoa,2011,19,211.887,3821.507,82,93.744,88.903,4.56,19.617
WSM,Samoa,2012,18.8,197.016,3934.603,82,94.002,89.136,4.545,19.479
WSM,Samoa,2013,18.7,247.411,4023.525,84,94.26,90.036,4.491,19.387
WSM,Samoa,2014,18.5,252.309,3982.681,78,94.519,90.938,4.423,19.313
WSM,Samoa,2015,18.3,232.505,4084.361,80,94.778,91.842,4.344,19.234
WSM,Samoa,2016,18.1,238.35,4147.071,74,95.037,92.747,4.262,19.126
WSM,Samoa,2017,17.8,220.823,4307.594,67,95.298,93.654,4.196,18.966
WSM,Samoa,2018,17.5,200.409,4231.814,44,95.559,94.563,4.136,18.724
WSM,Samoa,2019,20,242.911,4351.942,68,95.82,95.474,4.061,18.415
WSM,Samoa,2020,16.7,252.777,4099.597,89,96.082,96.386,4.002,18.052
WSM,Samoa,2021,16.2,285.654,4021.559,85,96.345,97.302,3.94,17.567
WSM,Samoa,2022,15.8,259.954,4132.447,76,96.599,98.185,3.883,17.501
WSM,Samoa,2023,15.3,292.811,4822.741,83,96.849,98.93,3.829,17.501
YEM,"Yemen, Rep.",2000,92.9,22.912,493.235,74,43.419,40.099,6.317,26.605
YEM,"Yemen, Rep.",2001,88.2,24.092,487.141,73,43.717,40.323,6.143,27.103
YEM,"Yemen, Rep.",2002,83.5,24.801,513.241,65,44.019,40.55,5.971,27.578
YEM,"Yemen, Rep.",2003,79,31.604,548.906,61,44.925,41.548,5.839,28.028
YEM,"Yemen, Rep.",2004,74.7,34.625,627.632,72,45.827,42.54,5.712,28.451
YEM,"Yemen, Rep.",2005,70.6,38.27,734.16,79,46.737,44.04,5.563,28.852
YEM,"Yemen, Rep.",2006,66.9,44.815,809.713,78,47.644,45.558,5.412,29.238
YEM,"Yemen, Rep.",2007,63.4,51.837,890.306,79,48.548,47.092,5.261,29.609
YEM,"Yemen, Rep.",2008,60.2,61.747,1071.636,78,49.448,48.642,5.113,29.965
YEM,"Yemen, Rep.",2009,57.5,58.021,969.244,76,50.344,50.208,5.004,30.303
YEM,"Yemen, Rep.",2010,55,59.601,1155.203,76,51.236,51.788,4.81,30.623
YEM,"Yemen, Rep.",2011,53.1,56.589,1186.475,69,52.123,53.382,4.63,30.924
YEM,"Yemen, Rep.",2012,51.6,64.678,1245.051,67,53.005,54.989,4.633,31.203
YEM,"Yemen, Rep.",2013,49.6,68.397,1378.75,71,53.882,56.609,4.623,31.443
YEM,"Yemen, Rep.",2014,48.7,83.489,1430.164,70,54.753,58.24,4.62,31.863
YEM,"Yemen, Rep.",2015,49.3,88.407,1362.174,63,55.618,59.882,4.617,32.388
YEM,"Yemen, Rep.",2016,47.9,75.225,975.359,63,56.477,61.535,4.613,32.951
YEM,"Yemen, Rep.",2017,47.5,87.3,811.166,59,57.33,63.197,4.61,33.559
YEM,"Yemen, Rep.",2018,47.3,143.687,633.887,54,58.175,64.868,4.607,34.211
ZAF,South Africa,2000,71.4,236.081,3217.847,73,60.497,85.956,2.413,56.259
ZAF,South Africa,2001,74.5,202.811,2847.152,71,61.276,86.462,2.373,57.001
ZAF,South Africa,2002,77,179.514,2688.237,70,62.062,86.976,2.324,57.672
ZAF,South Africa,2003,79.2,286.02,4062.218,69,62.847,87.486,2.358,58.372
ZAF,South Africa,2004,80.7,362.287,5221.463,74,63.623,87.986,2.436,59.098
ZAF,South Africa,2005,79.8,400.536,5836.877,81,64.392,88.478,2.512,59.824
ZAF,South Africa,2006,76.9,417.912,6077.383,84,65.153,88.959,2.548,60.528
ZAF,South Africa,2007,71.2,455.175,6591.855,85,65.906,89.432,2.545,61.184
ZAF,South Africa,2008,63.7,442.106,6184.755,82,66.651,89.896,2.679,61.769
ZAF,South Africa,2009,56.9,487.628,6374.706,81,67.388,90.35,2.501,62.259
ZAF,South Africa,2010,50.3,621.419,7973.472,77,68.116,90.795,2.445,62.63
ZAF,South Africa,2011,45.6,686.872,8646.056,75,68.836,91.231,2.436,62.851
ZAF,South Africa,2012,43.1,646.499,8076.977,71,69.547,91.658,2.447,62.962
ZAF,South Africa,2013,41.4,593.802,7331.655,81,70.25,92.075,2.428,63.052
ZAF,South Africa,2014,39.7,539.308,6856.731,85,70.944,92.484,2.424,63.135
ZAF,South Africa,2015,38.2,491.907,6112.274,85,71.628,92.277,2.359,63.21
ZAF,South Africa,2016,36.8,456.569,5651.206,85,72.305,92.063,2.261,63.275
ZAF,South Africa,2017,35.7,527.52,6618.335,84,72.972,91.845,2.283,63.331
ZAF,South Africa,2018,34.9,558.801,6914.178,82,73.629,91.621,2.27,63.377
ZAF,South Africa,2019,34.3,538.804,6533.711,85,74.278,91.392,2.264,63.413
ZAF,South Africa,2020,33.9,503.468,5580.604,84,74.918,91.16,2.257,63.437
ZAF,South Africa,2021,34,592.947,6828.756,86,75.548,90.923,2.248,63.45
ZAF,South Africa,2022,34.3,570.48,6534.249,85,76.17,90.683,2.227,63.477
ZAF,South Africa,2023,34.8,536.588,6034.272,79,76.782,90.439,2.216,63.582
ZMB,Zambia,2000,151.8,14.81,359.43,85,21.042,46.231,5.921,35.874
ZMB,Zambia,2001,143.2,18.95,396.549,85,21.679,47.329,5.848,35.885
ZMB,Zambia,2002,132.9,23.192,393.865,84,22.414,48.567,5.774,36.071
ZMB,Zambia,2003,122.1,26.758,446.29,83,23.144,49.795,5.71,36.386
ZMB,Zambia,2004,111.7,29.991,548.686,83,23.87,51.012,5.698,36.804
ZMB,Zambia,2005,102.7,44.996,710.982,82,24.59,52.219,5.697,37.297
ZMB,Zambia,2006,94.8,58.682,1051.717,81,25.304,53.416,5.679,37.839
ZMB,Zambia,2007,89.1,51.024,1118.732,80,26.012,54.603,5.613,38.403
ZMB,Zambia,2008,84.2,61.823,1375.502,87,26.714,55.779,5.53,38.963
ZMB,Zambia,2009,78.4,59.389,1136.242,94,27.408,56.944,5.453,39.491
ZMB,Zambia,2010,74.3,59.988,1451.106,83,28.094,58.099,5.359,39.956
ZMB,Zambia,2011,71.8,64.318,1624.868,81,28.773,59.243,5.256,40.368
ZMB,Zambia,2012,69.2,69.176,1710.051,78,29.445,60.379,5.136,40.77
ZMB,Zambia,2013,66,83.294,1820.719,79,30.109,61.507,5.014,41.168
ZMB,Zambia,2014,62.6,65.393,1707.486,86,30.764,62.625,4.89,41.563
ZMB,Zambia,2015,60.2,57.388,1295.878,90,31.411,63.735,4.775,41.956
ZMB,Zambia,2016,57.1,55.395,1239.085,95,32.048,64.835,4.669,42.344
ZMB,Zambia,2017,55.2,70.933,1483.466,94,32.674,65.926,4.567,42.73
ZMB,Zambia,2018,54.7,69.828,1463.9,90,33.29,67.007,4.492,43.111
ZMB,Zambia,2019,53.5,85.023,1258.986,88,33.895,68.079,4.418,43.49
ZMB,Zambia,2020,52.5,60.018,951.644,84,34.487,69.14,4.323,43.864
ZMB,Zambia,2021,50.4,74.838,1127.161,91,35.244,70.223,4.246,44.235
ZMB,Zambia,2022,49.5,75.401,1447.123,92,35.995,71.296,4.175,44.599
ZMB,Zambia,2023,49.1,79.556,1330.728,90,36.739,72.359,4.101,45.029
ZWE,Zimbabwe,2010,85.2,94.448,902.011,89,41.155,67.713,4.04,32.728
ZWE,Zimbabwe,2011,77.2,83.829,1037.776,93,40.541,67.633,4.126,32.757
ZWE,Zimbabwe,2012,68,85.692,1239.227,95,39.929,67.551,4.134,32.793
ZWE,Zimbabwe,2013,62.6,96.861,1362.995,95,39.32,67.468,4.111,32.902
ZWE,Zimbabwe,2014,59.8,111.612,1372.915,91,38.717,67.394,4.011,33.163
ZWE,Zimbabwe,2015,59.2,103.317,1387.126,87,38.121,67.332,3.911,33.561
ZWE,Zimbabwe,2016,57.5,102.159,1408.139,90,37.529,67.279,3.828,34.08
ZWE,Zimbabwe,2017,56.7,91.872,3445.449,89,36.942,67.236,3.768,34.701
ZWE,Zimbabwe,2018,56.3,114.768,2270.895,89,36.357,67.203,3.744,35.409
ZWE,Zimbabwe,2019,58.6,55.107,2184.522,90,35.774,67.18,3.748,36.184
ZWE,Zimbabwe,2020,61.7,51.143,2059.637,86,35.192,67.166,3.754,37.01
ZWE,Zimbabwe,2021,62.4,60.899,2613.617,88,34.61,67.163,3.765,37.869
ZWE,Zimbabwe,2022,64,68.907,2536.402,90,34.618,67.169,3.767,38.706
ZWE,Zimbabwe,2023,64.2,62.929,2195.225,90,34.628,67.185,3.724,39.292
