customer_id,customer_state
6e359a57a91f84095cc64e1b351aef8c,SP
df0aa5b8586495e0ddf6b601122e43a1,SP
df85b96ba2ce3e49bde101b1614f52ac,PR
3ccb27f9c7ee205656acef98c19fc061,RS
154e666b681104319714a99a3ab71e44,MG
ae8db0691449a44352e7d535ddf78c5e,SP
4d5110d0a2b5239cb983610da1d18774,SP
852947b57caab58c544343592f5e06d2,SP
1004c05877ddf8196ad1341ca602e628,SP
4b003ee1eabaffe8ff8e6d75394a9b42,BA
1681471e9172d7e12ba08e9ac9e8628b,RJ
71e31bd9c37b8a1cacc557b87b3e50cb,DF
d703cdda08125e2b263b92746af0f23c,SP
a4a00c41b5e3ed88bf0e0bb96576c2b2,RJ
d1d326edcb5fc3e9aadd6e86b7a57910,SP
620c2e659b5d119813362bfe4bbe8634,SP
e773252cc3222d0c3ae7694b271e2e32,SP
6e99b4a37b2d5aa40cb85bdfcf9dc0eb,SP
6ca7c0e971c24ce0931f148588ef23ce,MG
f3bb4ca2244dc44f761b7becf03acebb,SP
7d81b5f1ff0e0a22a9496943f1df6cbd,SP
48ed31e735f1c420ed6ca3637b7c744d,SP
41ce2a54c0b03bf3443c3d931a367089,GO
4cd274ce8ba240b1cff6480fa9911df1,SP
59114bde7ce6b9fd6ed88bb8dc422d46,RS
b8e0b0edff2de6181d492311d927769e,RJ
307329610b09cf8c45bec0d871eb1ec8,SP
7f4f07b97783e894fccff9d72e0988b3,SC
5ad934ace4646e3dad70148a823eb138,MG
4865bc634919f9ff8358eb16eadba34c,ES
2be831e199cd5308b6e3ab6f36718526,SP
33f382bbe8b6dd6a3b7f4f161b05e45e,SP
f4302056f0c58570522590f8181de2c7,PI
9aad6db5643769b3d802a87328ec31e2,RJ
edaa9852dc9c501799d0062442a05a52,SP
958f8d94c5c2d21ccf6a43d0e3d50308,SP
b68c905ab520e155e3e405bbf8dc1bb0,RJ
17ebae22126d3df35f5e1fa1efedab94,SP
a18e4956844fab232555e2bfd53eca5e,PA
591cb16ea1a6d8f7eebd0a349593bea2,MT
ba3f81b4928e851009ff39ebeddd520e,SP
b8106fd2ea14b1cb7d883bdbaafdc82a,SP
e2287d42212bea87fe363e728bd41e26,ES
b97527f774f4348a051175eefe8e7047,SP
ed0031841a4c57502d36d9460a7e23e2,MG
60582a6628af83a283474d8c94e3ff7a,MG
5e4c7fa1c287657de20c8e19c2f959a0,SC
254e327149dc394a4edc7ff695098547,SP
7f8c8b9c2ae27bf3300f670c3d478be8,BA
31eaac4f3ea617df8b8e5077436679d1,SP
569cf68214806a39acc0f39344aea67f,BA
bb07e71b9f9329b0b12519d519610049,SP
f277efbc37718499302b3e189bde8e35,BA
1efefe2921f93169b360de8c6830c48f,ES
ff4545a3148f5a22667f301e00cb5ad7,RS
033c0ab40161f39cabba89a415feffaa,PA
9d9fc80cdedb63de913387b502bee19b,SP
6821fda389d5e73f30e53114869e783a,SP
7b1189510beea7145ec61234465745ff,SC
7f34b35a198ead098d27d13705f084e2,BA
b03b8bf457533ef245fd5fa2681732d0,SP
a70394b12364e5ae44f4553c76076a6a,CE
2ef9aa87865d1090e352dcc1b116ac23,MS
8ca53db6e60cffad03828535d1fcc1a2,MG
299f7b5125c8fbe1761a1b320c34fc7d,RS
24fc6ae10363187c6761d4f8ad137cf7,BA
2aadb729e67afb7067245bc438cdde52,PR
0509cd76cbe3a75f898826c212bb3b83,SP
be9c2bbc3f4b220a693327fba72265d0,MG
d3e3b74c766bc6214e0c830b17ee2341,MG
e335e7e1fffa9b705d3453abb49890a7,RO
0f2ce860d58a0af36c83ac27a7b127fb,SP
26545a1a15e77138e98380c49a76053a,ES
20e9296ee6e31e906dd832d82eed92ba,RS
6f47b7699f8a027611922b02d6078f91,SP
b1b136ceac7fc54316f2280cd040ed6b,RS
d2b091571da224a1b36412c18bc3bbfe,SP
0dae7978fb6595f295dd3fd9ede02cda,MG
476a4abbe9551a54f5a9d06bccd2fca5,AL
473510bdc67d814c1feda19dc137023e,SP
8070cecab3f3dbd764a549623cfa6243,SP
0489975a325480c9e385e9f135bb13c3,SP
a3cce16d1def5991f7314b717b373ab4,SP
d9aa0fd51600102c2e7bdf3bf1649250,MG
4fea6b3a96c9c399aef5540b38c7025b,SP
fce5e90c12f6f040a4a77008ebeca230,SP
be188afbecaf3cabfe042bf53dfa2e19,SP
70adc37c97e196449a2b5dd84465c4b3,CE
3b6828a50ffe546942b7a473d70ac0fc,GO
25a742a013fa668dd2da9b49e7361a48,BA
f4d98068179c2289cd5f050f0ac67644,SP
7c029959cc691fbe5dba3ce8eee98d14,SP
9bd2f246e81c19f65c539ce426288ef5,SP
021e84751ba0ead75b6d314a6ead88d9,RJ
0b8d40b3e4564b081cddd81d7227344c,SP
dcd40f3746fb8ee4fa0fab8dc6c2d222,SP
54b307e9a6121f572faef4f220fbac3a,SP
1dcf37da2946cd5a450289683d39887b,SP
4c047a7a1169d69034904b2fb4abb348,SP
d44661372e501386cce8554861971115,SP
062184594d2f701642d78351528e8592,MG
1a5f9e24a9605dc54ffd4eec8835be86,RJ
f6cc975f9ed5f7d6d78d5f8ac711a7ac,MG
04c70b7e1a619d16dbd79757e543cc59,SP
4baaaf6362f7e72690d2c85b4f6f9eff,DF
42ebb2540882b272d9e0e452e2464e7e,SP
bf56aa6eb743bb7c169701ad0ee1bbc8,SC
6f203f614778c173ade2490e6684c399,MG
fe196aba95e52d084e7bb60dbd8a23f1,SC
df5c9e02596851fcbfc98804e4108bbd,MG
220e4b027f0294fd79d2869ef67e7db6,RS
5840ca4dabfc4e4eac43cdc7123390c5,SP
f81bed8a63f637b20ff67dccd843c2a5,RJ
2e22bee00067f79174a49def8fec481c,ES
aa1fd99d3fa9ef872384623522665eb2,SP
2cdced5335b76d6e563bfa3a40bcf7a4,PR
078bfceb258f6ee262174cbf251aa763,BA
faf620ef3ae77d18586f3d921d677e18,SP
5f8821579f7deebd8827b5dcc57bcb45,MG
fbea4ed949b70f597425d14164f82851,SC
060a46f3e1097e08371f2c8c7064156c,PR
00a6e2753fc2652cb87386ffbf5792b2,SP
e6ed40b69433d15314244f3ef50bcd29,SP
b59948a7b140d0a16d1683138820eed9,RS
fc849c5fbc7e2b0c7cfebc138886c693,RJ
5295c0f1f2053aa636bc034c2a85ab44,MG
59cf1a479d104e38587b9fe9d60febe3,RS
d241d89dc876ac8450f20fa9824eb416,SP
b18a495aae75db67b4f99a58d5e2f272,MG
5bbf0546c8ccf4dcfe02790cd73b6297,MG
4869c2c49b393e96bac32c0f844d9cd5,MG
78463bfeb649747e91ee9a424d0edc3c,MG
7bb3b0d45b4e1a13cd914e4a135e6bd9,SP
d71d5b39b7dfa38ca1beb3f5401ea668,PR
e78e95c694dc4c2aae6e6975bb58bd48,SP
64e37599865347bc3329d0d79faa8c4d,SP
55216cd56c9eaadec16f03d5aaf11d86,RS
18dd8dea5a8a50670bca1eed3164202b,SP
b25d246218db68891876e79b3476038f,PE
ba8a4209b5b60ac17ac458fdf1d34ddb,RS
cae5d18352d2eb7396bd594c706f3624,SP
caafbaf20864b4b9ce101b71a74677e7,SP
c421c11493ae12b2aa0d0e455f015299,SP
527b26bd8ea58b018efd96060cac5ccb,BA
95a001f306dfba60026ad846f37ab045,SP
c66b54f9bc3001f6550cec597c77f8fe,BA
6b419cdbd0dbc828c9fbd809cd6f983c,RJ
6cf4840b6dfe102270032fca98880fc2,RJ
0ff74aa01898256d6b270ca4fc4b9577,SP
c29b9637c3f255eb4b91e01a1f905f60,PR
4f3e1edfa3261b15f51c59030d12847f,SP
0df5896a6f325a7c16bbe6c4d80eb82f,MG
eab62436056c6ce3853a17dd6892951a,SP
bb7651b2df4512e6c29ff35a7b8cd754,SP
4945390b4dfdbf013ca3e9a5f312f247,SP
7f6409eecd4073f3002766034aa36e62,SP
6f33f93011237ac8e47e0652b5da71de,SC
750552a134fd72b2627d5dacba2d23aa,SP
b59240e14630c3dad40626dcdaf69b18,RS
3be5a877ceebea2954404c6ef8e70be2,MT
bc9340424036e7a409f72b4628d55973,MG
6f1b9db6eb561df558883985dbd941fc,RJ
f239edc4401c9043a2c8f37fe164b273,SP
148348ff65384b4249b762579532e248,PR
247d21dc380c7ca4269050fe3fc1a386,SP
4574518f4c6e0eef440e205139e125d6,SP
fac64b6875bc7840442069be52752e14,SP
3fd6777bbce08a352fddd04e4a7cc8f6,SP
51727f845a31b568a4a127475d6b5cc3,SP
88d808f3083f22381023e9dbb5e99751,SP
6ab85b3fac14f117ea275b5a35503073,ES
0148f71e97a15ed3cf071ea28250eb87,RS
a9f353609242c268174ec433f45f8440,SP
a956e20865cb062d7a3e7ae4c6ae756b,MG
3411e434834321dbc03ce82d340a0d78,RJ
6ad370043aedf67e3620fcdccd95bbf8,SP
33d0814c9eff200629eb49330ce5c6a3,AL
dd27328b5c29932ba47b1feba48d58b5,RJ
b1daab0190e21f1b1702791e68fcd940,MG
04c6e463d6568c157c2b96e5a4e34a23,SP
8a5881366c8a17270865c025f0636675,SP
21b4986e79d2c4215a20b1d560b9c51a,SP
9337ec2e1ef3abd571d0b65cd6054c65,GO
a2c0d0dea2025e9edfddd1952a437985,RS
aeb0c5aea1d62b3e494a86bad308f85e,PR
7d61bddcc4435ac5dd586d751ebca204,GO
db6505328f042b7f4fae7d80f3b0515f,SP
21f1477f3d02e7fd1ba28dc6c596dc17,MG
93d155119a2102bb21d426b8ccb8bdd9,SP
4a37008d0c29389ef1c8632e2c4d6ba5,RJ
3491062b95387d22e7378f83a9866e69,RJ
20e082bd38bebfc9f174eb2f74b6cd41,RJ
30d149ba8c3793107e4829a8aaa4406f,SP
94d33f0fa325a5e1a184a1806f98793e,SP
dfbfddf21e93f87163d8695b85506112,SP
ba682ab005cd6617c7d3384aabf4a45b,BA
e5d2e5d5a118426869969e7edf137611,SP
ed91cd9ea6e333288382a4adbefaffcf,SP
803996d0e510a99f243e939b6c6f705f,SP
4a9a0fbfec7f28adc3a7ab9ef3bdef08,SP
de4c2b462c44197b26b6e596865da44c,PB
4a2231202fbd4dfb5678c0241d7cf141,SP
eb1c0e1ca3e17eccaefb7f0d4dc659b1,RJ
020edf80d85585b9ccf1c48396ec32aa,ES
3cc640f13134a74f3bc34b9b0094d412,PE
3971ac136496b4368c1431bb5bce0929,MS
17ab7e50ec3908dbe699511e92f379b6,MG
4d8c75952e09254a602a3a059d0ac367,SP
6520161e793f944073a132d97e9af083,MG
5332220cc8eeb30685f818ac296ecb83,SP
594d026e19325c3e1a570e17b0cc0543,RS
0c5c8c5d9a4416010c6174ee6d8c59cb,SP
4cad7c4c5d12ac22f52c16a69d0663e6,CE
86ff82570097f39b2193254f540e4a69,MT
996595f66cb179af29159ee6c539dc10,RJ
94a67251f1d5468f05e0758a00cf070d,RJ
b9ba7233b3513f870b7ac3a5e0130234,MG
5964c075c70c23bd07753f8cd1503c55,SP
c2b0ea6dfda294a608886e885972199a,MG
884e5773f9ec5902aec38d330c7daa7f,DF
f90389504400442cf00ae1b04e8280a9,SP
26b32bdec947c658c37dcfca2859bdf0,SC
9849acf233e29a676126fe8d91c4cbff,RJ
7e7d2271d6f55b03b0bd4615c5f2de6e,SC
88ca1a52550c2c65c9b75121cc26b060,MA
d57a120a63ef1c58d8704dbf52553318,PB
71d824a92863847504035325c4865f7e,MG
2441a257e681c06ff2101ed765647ada,SP
eb4fea182012be623175b35ee37dfe50,RJ
536b1df32316c329518b521111cf5496,SP
25d2682aded06ed8da43cd4993ea3ec3,RJ
7b05d440176a2b2e195cc8957cbdfc8c,RJ
c5bbfe67cb7212c9e6390fcd598caf85,SP
ecbe0bf872587f3cb5633f2b5d9b9fcf,SP
3114d3d76bf813b06638b17da57a21cd,PA
6e8a9c87724e18b7e567193cdd3e4b45,AM
69ee62ecc8d2937fca0e1a3d4de5a2ce,RJ
2dbb87e382aba3b28963aaa6fcaf7132,SP
438843431aab8910d758e33a5b972f8e,MS
fec717a689c1907ac43d891a75cca92f,RJ
46dd1905ee29459b23f1fa504a77c6ec,RJ
d156b6d121b154d0eae17d8993d4dd40,SP
1204a88c6f98fdc14edcbc6dc6df434c,MG
08bdb18f09e1d64ab30eefcac034e265,MT
9ce954c266d631d96fca00f1eb740ef7,ES
f2b049ff24281feb3783cdc603ce75e8,SP
690515766f9073c82cc07cfa11c4fc11,SP
dddb49bfda245a56fa89d16181a90d32,SP
3ac33dfea62e0b085b5cfeb64bee5f21,RS
c903ba1283fbd5c51a9bad4ec9fd8d97,SP
293407b5065d8fd7fa7077179c1cca3b,BA
cefab390926b6fc3de3ca94c82ebb1ba,SP
2df6fa407bea6af2e165b3dc8355d382,MG
9801a1119c91032c99a15a846d4f5aa0,SP
301c043a32bc18bf8180bfa2e254180b,MG
0fc25a3451d81cfe409466e229afdbb0,SP
61bb85d582b5ccd1865eda014f0825c7,SP
00f73459a4d3be97ff307dc869da0aa9,SP
b494a22912f25bd9fd639019c32607ca,RS
b7aba705e32253c6d5159e0155ba4fac,BA
10c26a978ab664c211c871097f285a93,MG
5a99eaf5187e3741ee19a3b972befc14,SC
93c07a27854a22f74c7ad4f943585bce,DF
7fa774bf2be90197a2586c899c7e774d,SP
c21e32dc14bf1951f1cde9b3d149f35b,PE
426759c5e8f53301e8e8c644c4e73e75,SP
2da3c88ac9284b3bf9bea4cb79fd0e47,RJ
b3c3c1b58dad3d55671825fe3715321c,BA
6707fe92f6f05df40924ac311f930d8a,SP
4f28355e5c17a4a42d3ce2439a1d4501,RJ
3d467c5762bb6d35042b28517d723219,SC
f8975f0842ae1e4670a410a02b1b5053,SP
271f76c70ce217ee656713b99097eaef,RS
71b3c28ced6fa14321a92998ecd717e2,PR
9c2f403519bcb363683a7179f0f94bd4,SP
75fd3a6a9f3b2fc37cd7d26426b19bc3,SP
6dd7106231347cf1197b48cfac1db9a1,MG
6a3dbc73fd55e0c6ecbee56656482225,RS
84c705277cb95c7f347ada3ce5f1bbd9,RS
7acf55df0298e1d2c31200fb4f6fb93b,MG
05f1c2a8e913a4084727ac728bbdbec2,SP
cb153f91686e47164e735df3c91296d5,MG
d436bce514752338004b26a232f21008,MG
15f7712bb12fe27068e5353d14503653,RJ
dacb079d55ffb1d3955c5d923df3ebb7,PE
9f258623281e8e6c74463a67f640c4c5,SP
606ac72d2b2b2a89114d972d2e66a2a4,RJ
737d438cd631428265f911322d7e7f9d,MG
3ce8f9a70471f7eb4e9f4de10402dbec,SP
8a2fc75853530d4225f7fba2d836d387,SP
cac877e3b4e0495e13b2ad7c96aa5c11,RJ
7638f8b6a8a21e1256bfd5ceedc91a17,RS
cacade100f1ef4bb325438538d726a76,PR
ac13f7c32f187f3ee52677e5270e85e0,GO
6aee4197c58218b95b85a3da9d6b7c90,DF
ddbd5d378c4a0981ba1ef29fb8e40b8f,GO
4b7c71ee56a82b16431dbd5234c9c8f7,SP
325d0a903a3eb65f0b0c2bb61fd4a6ec,PB
750a271fdcccf222476369e4340d7274,RJ
f03c9c80de7a0a901cd92d8507717007,SP
2364ed5a865ac9d255eac0cac6366ea0,SP
369ec69ef76c47e51980b88a5740dc1b,BA
68c85132eb3b96fbe6cbddc09a568d24,SP
aa3d8c9eec8e52e90b117efe5e97a560,SP
d17ae8582d302dbd41b87e5028e8c0e2,SP
32df5b33f0b3abf4b75988b73732701a,MS
cb85fd1337a9b227e49fbcb893babd71,SP
6dfe3ddd436ac19e55962c1e03189bc4,MG
a7ad58f5e42ef88d447efe9d7b02f4df,SP
8805f5004091e5a6d6732b4b57c94e3e,SP
ab8844663ae049fda8baf15fc928f47f,SP
f1d8392057447bcc4dedf77c9a80edb1,SP
4990d6ec5b1b6ca2b76a73bba192a451,SP
7198d7088442e4ddfe553353d8ddc957,SP
5bfcaca2b18e3c038b1f2b33a0d1801e,SP
b0a44e6002f9ff27862759d0d1992f4e,SP
9dd475c34f4cc88c45bec1dc40f33fa4,SP
89d08063d07129349239d9584c768a9c,RJ
4229505b5f66e1c3cc7cacd14af16a8f,SP
1e12754604af85397680cb28482f73a6,SP
d2f3e714cdac1771b576fa1a70ed7c8e,SP
501c9cd7188003067cfbe04791e39d5b,SP
220367f3c3fb236001b6afb8d3c0e9aa,MG
15d268e1a1f123f6ed84dcb45b4df293,SP
fa71143c40df6a419c2656d2a05dd6b5,SP
0b6176d7c46eb2e5d839fbd9f6d1bce7,MG
59395768fbb6d0508eaf41eaf135ced0,BA
e7fdf001dc15351131c29af7d65ba701,PR
d3d5a2955341122b1b68164dcbbc948e,DF
5471b1f70a167766bc7eb4ed0f4d1b8d,RN
331252685d466953567f1972562ec167,RJ
dc0617ac29c280d79e4e2930274342ed,SP
bd08dfed0cf17e30968943b497ef14ec,SP
4860f134f8d652b3d93ee94e9d3aa185,RJ
38ccd077e65d89b8a720be73bfaa9c6f,RS
317fb4e6f110c2dfc11b19630875cccb,BA
218874412ede29f4f2cf826409ad90aa,RJ
8aac7e3ddd515089585bbab2b7d85aa8,BA
1b160c386763e9d5ef99a5afd66d61d9,MG
15bea20cd005ed59d34db54c6b32ec98,MG
48c83ab1910a8d95f8702dde180d658b,SP
65dd345a83fd68cf607c3df70deb40df,SP
c2ae100da1116b23a16e73c8decfd378,RS
2f1d78af6de0800385a0cc5cf4b7a794,SP
3187789bec990987628d7a9beb4dd6ac,SC
bd13582471af02ce718568d9cf8bbd93,SP
16474d0d0fb3c08f805bc4de00cea8c1,RJ
be687363317507b670445b40f548a747,RJ
2ec09b0312464955bea7d384332ba8bc,PA
81c19ba9169b16ec020f789b0e05b677,RJ
d5b301a2087b017c4a9ca9730a2b18cf,SP
935ceb581095e6dd41a24c74f2f0ca6c,SP
b9648176c3b792c649b44d811ae35b12,MG
3601d7ff340f497fa2bbe5a612e88844,SP
cb1e2bf26acb98ef66bb11447a218cc2,BA
bce1676dd0edb9474cba3d3aa9067024,CE
559f9d302aa523b2dd718e956f248db5,SP
a4a0c32813e4d6b4f6dd95dd11dc62f1,SP
e30b71f331d7484590d41e75507583fd,RJ
2e401a3a209079930afd5f9e57ec6bb3,RN
d25c28e2e418a2f688e8e17130b29b49,SP
e04f1a56c179e5072f239aa83ee0b5c7,PR
16fdfe3c4f948f802baee3f32d1f99fe,SP
bc2723356fa3f373b455c0a3112dc495,PE
df4058431c8103750dddc04b0b6583f2,RJ
1e46ef7cbf5b8032047691745edf0ded,SP
c9c7fe860d602373a9e93f8bfe9d877a,RJ
316540a76ab1fe860a9cddf7f2f6717a,SP
ef95061d7fabce59a19b991b10e9bfc5,MG
006fffc5b0accd275de3e3a4b6d0832d,PA
bf766ad0f00b31ea37a0cd27a0e2b64e,SP
fefe47950f42fddc66afdf7315a36dae,RS
c624328295d90847765ee77db086b58e,RJ
b4b7f7c1b2a1a968c55e72c5275e0c8e,MG
75c8bc2109f5fb856317aad61dca2dfe,PA
cd717f4d257d83f8fc1444f73167b8d6,MG
e413b51d04fdbe619c2cb28cda3046d6,PR
ad98dd84e944900f8cb73cc24e611d5a,SP
94df3c23c37dc051dbb2f1d03a3693de,RS
803ac05904124294f8767894d6da532b,MG
8628fac2267e8c8804525da99c10ed0e,PR
4183a12bf979a9f05ebaf0c45eef6120,PE
e05df6dee2d1b0a7782f771120b9e826,SP
0299a3ec7aac3a18ea88cfa6cf8a74f5,SP
855f0b8c477c57d9c5d0210c260459a5,MG
58b840c5c97a5749ba962d1e7a857d60,MG
97ad0d51c3ad245df8f37e747bbcb423,MG
e96b0fbad01c75bac4692b344f98d0b8,SP
fb713deec65d4832addaff1950dee895,MG
33a366be73843c5da3d68f3d3427afd6,RS
93dfd5dccfc590abda99d2e9f3960ea5,SP
3203358dce6a6dd1a5d190113a70b68a,SP
7c5f8c2e42af586aa1b1cc8d6bc40732,SP
46939ab7bca9dc469adc0c86acaa1082,SP
b7036379c8ca6db063c7e288cdea5094,SP
54b30cf929edf0b2c88698d991241574,SP
ed9a9009b3f1634f5aba2e8eaee8e494,SE
c7c5b46bed1f822b95dd5c188664e345,RJ
45cb012906505930fa83d7f85939a7e0,PR
99b27fd81ccca7419e44f9a0563af9e7,MG
e7679548f90781fac8359cdbe2e2c729,SP
e76048064c31c156e15c4a07c48a3b1c,RJ
f4f2d12420b95f9239bcda119491f2d4,SP
dc0c6d3b529e7df590a6a92ce5fb8343,BA
acb6cc6ec99086b8b53c858a0731c189,RJ
fdb50c069d85c482f1ecfde317595741,PR
94e4969b72d31602e59dbb8d2c7c1d09,SP
02ed2cff54eb047cdbe79dd0535945d4,SP
93f44a625d614fc2af27b2bd4ce2874f,SP
c39bde0d4030d5e31e654f0c20db9786,SP
5d4363d5a615f41111dd0cd8f0969780,RS
92f70647283582ec50ca1bb5794f6c90,PR
7e572970d84b6164550e059b22c1bca1,GO
661652a4ba9255d6a913c339ee78d5bc,SP
a9c9532060c9d245f06526c633d2dfba,RJ
d7d536ccde7b524ac5a42e24b000d982,MG
545b9a267af9ba134305649a5a51af74,SP
fc6408fa8083f3c01b1f287709714321,MG
0f9863eaf7169595f5a7699580ea5695,RJ
f9c5e7c93778d6fdb505bd69aae820b2,SP
98748c370ddce9072c32164a357de627,RJ
07730bcce8f619f15485de16f0793767,PR
26d51363d20344386df9fb922a155a26,MG
00b96a156e6827442e5ec7c620a39d24,MG
66f301b13bbabd16970b1f7a8f4e40ac,SP
bcd15e6f5399f2899de4482cf6783dae,MG
79990624398c7f07be8365fe30da10a1,RJ
4fa1cd166fa598be6de80fa84eaade43,SP
027efc2251512b9150aceb9a5e5b7f53,SC
bcc8d940cce330c07102f7857ae2da79,SP
7d428145472db20c245cfc1d7a6af615,PE
d68901955dc622165460ba6cb4ac49f3,SP
d6c81d2347ad5b090166bece40a93388,SP
49c38c2dbdb7f2357b97af94661d1956,RJ
571801f07099892d51d446575f25c857,MG
e0b36a2b88ead76489b6a2d913c997c3,PE
84ab0b89b5dbc8b53172eaa88f08681b,SC
45891ccdcbb2236785720594bf01624b,SP
b9e6ea4da5b6cd063dd46df2627bcd99,SP
02f0bc4b5ee293031637b7e8d75a5484,SP
9458c0a59d52908cec1b7ce6efe88c37,DF
e68e6423401e85c138229b23d4bf4761,SP
21e012f48ffe88ed1ff3c7584b1f0040,SP
64a254d30eed42cd0e6c36dddb88adf0,SC
42ec6e7b9d6b378c51d60ee3d0d65b30,PR
a0785cc747d7c90762ca245c1cad20f2,SP
156a795ddee88514dace920fe888c46e,SP
65acdabe561c40175647855bd9c61d07,SP
b169b69e3ad77c2ea0e63ae4710b863b,PE
c778263f217df8f1d3fa3aaf86a45a14,PA
38f1fb4bd44289ca591479b76905cdbf,SP
1fa8165134d1bc197e2bc4ebf659f35e,SP
a6468b1856e4a74b6c786117e626749f,CE
f3639d5ac79b87a62d0e0829e46928c4,SP
e86cb194c0a0517d578d5c412e2aaca6,SP
f94b42a1fbdacb6be65b3f64cd68ce5f,RS
cf96a08c56069584a82e7b49976a9598,MG
98cf5a598b51e6d8e0e169bb54bc807e,CE
07e37249529eedeca890d7a80979b91e,RO
da82d24c21654f951fedc813df8a5dc6,SC
cdfe21141f5df77ba0fb20bef6621a9f,SP
47cb699aff55772778a179d9a6b32bcb,SP
330ca6b207006779da875ef48faef608,SP
5ed8d20445c356efaf39b27949caa8c3,MG
bd82e5acdc4197ed672255f002b9cc45,RJ
0728f6d108255cb411a50fb646c3c7dc,BA
0e8ada3654b94e0d569b44233db3c9dc,DF
5193da38ee92ecd1078e8f1929b4ef53,SP
e957d597f76d275f40a848397fb6c7c3,SP
660e0dca520294ab5ff435d0298627f9,PA
df1669128bc89d6b100a5cb141157b97,ES
faee0cb7b3e2c9fd9f57ec04cb70d51a,SP
ccb92189b22e174f8813cce161768b3a,RJ
090ad6d0d50a83c661a31538f2642cdf,RJ
cf8ffeddf027932e51e4eae73b384059,SP
bab0c43a2325bbc9ea398b00f8db0717,SP
6b3d95268023f35b096811b8834a3d03,SP
ddcce6518b9590ef2f19603869eadcaf,MG
48558a50a7ba1aab61891936d2ca7681,MG
511b5a1256aa314a4c9480950b00f1d2,ES
b3519c0352b07bc3017acebea4ce6724,SP
e516dbd004a6367d636cf7f5bfbaefcc,SP
e13a5ed086aacc9b2b7466c78645b468,SP
dff35e4b5a960daa3287033b77b1c965,MG
872917a4ccc25ab1556c80a05a66e862,PR
c5c7f43ef235a5954eca2f6d585e75e6,SP
7f9a771719afa6802825b9f0793d980f,GO
18ad705482141f60ad05945506ef2b9e,MG
c9dc6fff8500f3735822d5356bcb0e1b,SP
7093250e1741ebbed41f0cc552025fd6,SP
376085f5d0619f4cc1ea6cc1eb6663d6,RS
6241793979a6c6169cce48dd999f3688,PR
839a0aca2e489a773724ca101f3f5c70,GO
0c7a95280b3f80eadd81c829e093dbec,MA
a0227ec32ff282dc027d2afd5982ba5a,MG
0258af3a8301a7331edc8ba02da35b7c,CE
74fd1de60f458a07ceaded11a698fbc3,SP
11185d8d8221dfe29861c0c27dfab584,RJ
752b19f57cd013e2bf4e3c62da5a29e5,RJ
2238c417bc745d8fa7d7389d8b22154b,RJ
812db10465ec8fed84262db66f615f87,MG
7a6f04bd77baa1ca5f68a99cb29f6f2c,SP
ddc305318969c71969b82bd97a1d1560,SP
33b0d5c2438d9cd6426c6568dfbb908d,SC
8541c0582891ea72a5d4ebf29ff85794,ES
1e3dbf396a2b6fdc1547c9efb69ce495,SP
c499f24d5aca03c90fa6ee05d32d0988,PR
d2352eb89c2f0a1e01fca14e007aeb87,PA
a83f8e4b9176a5b958f7301342e32e59,BA
ef2e2db30b8ddcc38f5106667b554b51,SP
5c4fbfda89ecf784397c5a99ec36601a,SP
eca08a2a142685e81a822aff8d3df37b,RJ
22569cf3f36b02da715a15f53101ed52,RJ
078a6dca7a00e66f3abf78d3ae96825a,SP
96d3fe655ac136a3575eec6f7bd4d698,SP
8960ce4eea38d38519114455d943d56b,PR
7df71d1652cfba8b2a70cf665c960f74,PR
3f979bbdedf57087a39ae7fed98ec7de,ES
437820aa4853d90478621dffef1aae45,BA
9146a82ef0aef149115d9365555b4343,SP
c1f4176c8405099a08d876c2794e1958,SP
2fea692263bd999bc4a3e307d38ae2fb,SP
c6326604c234a96928cd7f255f358978,DF
a5f29fa52fe06844c85996c91c3f1d02,MG
6ce9b26c054b6e299e017f732a862b87,BA
758019ade97df0865b7fabd23bf29ae8,PR
e3e7d8f2750d84cd02f382c4d242d00c,RJ
71cc75a603db03ef612d52f9f223e68f,PE
e68de27b72357e93a5edbf9068812f9c,RJ
60ed0bdf61ebb2ee39c9b7fa7dbb9ee6,SP
2e947dd15ae10d889923d07c28b9ef23,MG
b896b244963dc7543d400ad82d6710e0,SP
fd66171c97600151f735da73fd0aa018,SP
c4ac275898e0ba063e3b67f168ed2d80,SP
e4d57ae0cd29436ff661934056bca9f4,RJ
9f6184b685d245da0d6868637685223a,RJ
1188830c8320a8f9abd982d8deb49330,RJ
a3409055c739fa7940d866b617b4c55d,SP
abd5dd25cd27f96cd6d28e440e29c8d5,SP
fabc9128fc3c897d2208425e2086d3a5,SE
32705597278e6504c324f9c7fe5d74c9,RJ
f280a183e4e63b12aa5b9b6d06baecaf,RJ
ee6100728d86a653a0b865b4109b86dc,SP
95303e4c9c23d67877e4b20afb04bfa8,SP
cb91916ede5670fdd34d3acd31ac21b3,RJ
0097c5abeb126a90646370f4a1cf3d93,RS
0b70134d7e2d9773897833e933c6ec5b,PR
3687f50a22a1c1fd70b824bc79ba4b15,SP
cad3d3fc70d214ca82f4b5d6dfb279f2,SP
a4156bb8aff5d6722dc68f605d8fa241,MG
4d493a5e3a53373d3bc26a01575a71dc,BA
15b7fb20d8805996eca064ddedb843c6,SP
f844756b662228b3f52bf081ffb76e96,SP
dbb305170569978cff51fd1047ebb11b,MG
4f087ceb0e06ae3ea989493e4359204d,SC
fb2d636172641ecf88b206885b89d7f6,RJ
7c93fdee2bef9805081b51d931b99bc7,RJ
6b74fa3521fe75edbeff9948022f13d1,MG
68ce6b05de7e3b0d5103fb9952c9c959,SP
b4214b2e14c916724d94efe51fcbd1f0,GO
c8d8df677303b51ceb3ebd595969502b,SP
d03d5c0d58cfeefd79f0b7af50bbfb87,MG
68b315ac209c92f15ec1f364f5d45e67,MG
1eab936b5abcae9664590e84026a890a,RS
292d23bbbdae6600735dc07223918c6d,RJ
c591b62b0d38be0089c516584f6671db,RJ
2e21846cd2112929ca821e9716281192,SP
142743852f5f463b124aef40d8131709,RJ
461ac5f6096c83246957cad38154e252,SP
7a53f98dd19fa1493d14741d38ef87b2,MT
06c6202200ef99b1568c228c9e373abc,RO
2ca9b081fd8cf85263e827dffd02446b,BA
10c24e9fc5879ea6080e2b72e0475641,BA
581588a30afa8dd7bf1179f15ef2e94e,SE
2f34631e6bf18b22701d79a367cb23fa,SP
7302e92da39fdc7fa8b02048113bf5ef,RJ
27436e9495d5df1bcb0b2240182960d6,MG
3da77d06455b633b2d7e79511d75f76e,SP
8b212b9525f9e74e85e37ed6df37693e,SP
fa59e3b76be4ec3ab0fa05000e7bf6c2,RJ
595a590ba9c0127d59855c4dba71a69e,SP
79b516ac255abbf7531ea1ea5b43d0db,RJ
6c347ef65dd574fb9c2d654c3650fc43,PE
c77ee2d8ba1614a4d489a44166894938,MG
e51521843de8135ca5c2aebd76299469,SP
a06d5e88e559441070e2c1e9d4be49b0,RJ
aa680a3db54307a03f5ec70888d99ec1,SP
35ec6c1ca9e5844c5ca94214cce16dca,MG
ff20530ce012df37828978c25f3dacac,SP
8fe6bbc3193663dc50317d188ab5e9ae,RJ
da757be0eb9978feb09365ed3bdfc679,SP
13ab4c98a7678b10d69118bb719e57c9,SP
5a643f32f961a09e6046bad513aa588b,SC
8a46fa344fdeaff9de14ab259778bd5f,SP
4068f389794929a12941cb19d170fcba,CE
e7958b1dac84719b0e9250e063421045,PA
cab4cad0f7657576558c907ad8e307fd,SP
e6369fd23db5134714b0ce70202cf74a,SP
be8c14c16a4d47194ccdfe10f1fc5b1a,SP
4ff41b1c00bade23c1ddcdabf5fe9009,PR
3d3c463710ea6e8dd9a63c1110eeb06b,SP
3b235f2d5d4e9a29456aaeeb65a4b8ae,SP
e4d7da67c0fd69d37a1ced68726d9b25,SP
3da647f1441ed4b18ac7a0ded0056570,SP
ab03bccde4f2b55784632db691ee3fab,SP
175231d5968a57218468d2517a6a4621,RS
6d74f8cec06871385a5e1c494a39701a,SP
e243da4d4f1c0043d86b95941d73fd45,MG
5f825bf617f8288a4cb4f50c3c179794,MG
05e8586e1ca488defddd47b5be9179c3,SP
8563b07a84656ff32968702daa37c468,RJ
06c09be49b69107bf8c75d10af6b2233,MG
6e11936eae9d2dea7265d58ca0b4fd96,BA
bd33f7c7a64e619e46ee0edd5caf74ef,RJ
277c6406dfd76e437ad282e61cfea438,MG
e67100bdd7919f11bbaa485e741c48e8,BA
dbc0875589e7140d0f2fdaa85de3c1aa,ES
30e9e911324b756560b265fb5281cdf9,SP
ccd8e3459ad58ae538c9d2cf35532ba4,RS
99ae056139c928155fbb6789440c8824,SP
28c9ef88cd702b973c4f6af0da609605,PR
5117c4b5e5b786a6f513005ee3bd9f18,DF
c3de914e671cb1e98797f42b2f797274,SP
0f0603d577f299ca129f39109268c546,RN
8667901bd6be984bb8c737a31bef4bbe,MG
5e320e6a4f03e2e74bc22e1158237fbe,RS
994c8f911235968e88a5249a81909121,SP
0310b25c98b10f9c6d22b9009455df37,PE
603836070f1882347e4800d647793d88,BA
9ce1401cf82bd5420fe255e02d6292ba,SP
0e3ab8ca2f217ac576613e69840d25ab,SP
376a23a2a549f521ceb336b0230b00eb,DF
71982df42edbf42a7d4bcd238f007214,SP
36f021ed4f2ae331ca32785f4fa574fb,RJ
d954782ec6c0e911292c8a80757ef28d,SP
c16fd56f85eb2c6f8cd0eb28bc618880,PE
a182cf6abe84f63e4ee29ac3ad7ce340,RJ
c4333f782a96190eece0b2e3321f4f7a,RS
3957cd0afb5bb497ebba4cc825703737,SC
772b44cd8aa7c266a3efaf363ff48410,SP
8d81bf44bb2e36dbfab5353d8b683420,SP
ffd6afe9c06d9dd8bd646b79f23b8b82,SP
2fd83e62488be87241b90a6e474eec0e,SP
457aa02da26931909b20f4f92fe67229,SP
08b9cbfbf948ebc2dc43212aa3b5a2a2,SP
220d30b547b088ca7b34fef7d7a54523,SP
9800729155e4255834b080a60b6bcda9,RJ
451ac26d4d2da6b319318c13aac25937,SP
a8fabc805e9a10a3c93ae5bff642b86b,SP
e40265c6ceebf38ea830b695d9340bda,MG
74bfc507b3ac32b750e60fffd04a02cc,SP
dcc865b0a392f4d72458ec0677e1f085,MG
5a62330b90ef93e8730dbb18880b08af,SP
993a76ab0714792eb45d4ebdd58e9a1c,PR
cc7770f5337f37b9cdf0294201826302,RJ
2a55c5a6ff0c2eaed117aece47856094,SP
6877b5e3cdd8a9efac00e34fcaa4e02e,SP
5c4795c07c0bd317adaf7406327bbfa9,MA
091be8027f7e81f7982d213f813063e5,SP
84d818ae645c84264965bc603b1d173f,SP
b48ad91d707041578581aefae1f7c385,SC
6b0135fff11f14781d72fc93315eec54,MG
9cd169cea5076bf383e40a261d7b7142,SP
30618802562d31117ba648da7cf54645,GO
7ac99a97fd540a8add7900eec14ecc2b,RO
87722cfd2b0a53af8fdfee69e8c7feac,SP
d2ff82abdb216e5dd0ff6730075b1e5c,SP
0efc1f5e8675901683fae0ea8fdf3feb,RJ
e1ab4ef68ece8b47262868ad281707ea,SP
2d143929faefe132157fe22c40f72978,MG
b7cb32f9af2209cd24f528f67ca51f19,SC
6d67d2bbd339e5ce434c5bcf85bd654b,DF
e07792fb0958a7d0faff87fb1aa58f8e,CE
e44d9a10a0978d6c21403879bf8076d0,TO
9a28e3a685c60162824386a74a34771f,RJ
61449fa1b8b8998c9c3f3a7f0ae954ef,SP
511565b2987c19e165331306886f10f8,SP
d812ff486ec5070d45ce3abff665d5df,SP
a8ce91cb1dbbaddba9f7be0a9937b25f,SP
ab917a0785e95a9303211b341f6e0d6d,CE
f1ae790334c90d9bbec5fa1861e1f9d5,PA
42bb82a17b70bebcc6090d38d894ea3f,RS
66ecae67a2a9deb541bb0de3d2c48927,RJ
243ee97e01766bf68c3e30f0fe572490,SP
cf801016b25bee7696b5f84e5c944b34,RJ
01b2ab1c903b4ecd0442a3ce48d89caa,SP
2b1b46ed74054a19c6b1751c0284c1cf,RJ
9ba20212326011c0a71ef26b476a19f7,SP
7c94da97db6fe83e123f80baab533a97,PR
6f2a9c58f3b6c3f558f59cefc2db5eb1,SP
8587712871a9068612ca82692acd6051,RJ
8eab8f9b3c744b76b65f7a2c0c8f2d6c,GO
eb7276a4ee7dd4449adcde6da478121a,MA
12ae89712aa5a178c22147486d3cd310,RJ
24d47eeeee1e60eb5caf099281d0b3b8,RJ
df939eb2e1f58a07066431a50bb9bf55,DF
9f60e945011f3dfd9ce6d82a939cf93f,MG
9d4af9f8d10634a350e55c44f566914c,SP
542a1542afb92ac617f667ed43640af8,SP
f5618502bee8eafdee72fb6955e2ebdf,SP
e223fcf0283b5860d6ddb1d6a6a58d80,DF
ab2ad178fdd3930c37f3e12ea2a3495c,SP
a8f5a28154b64dab69d0a0ada4d223ff,SP
98adb1ace438c2553c8eda1d1dcf1c20,SP
b228af379316f9f5d41d658f91ef6c48,RJ
8dd1c4e88c1db62830ab1f7c56b6ee42,RS
90abf5b0ac7c7b7bb763da066ca7e60b,MS
897b7f72042714efaa64ac306ba0cafc,SP
3b1cbf321a120453df51216a651815af,MG
d5f23b6e251fdf6e84267303b9b84561,SP
b983b6c8c77dac754125a7e55555c05a,SP
c2b7ffaec7595810b1c1f71e75081c39,SC
341baecb319d65b15bcfc9c3adc5de7f,RS
251a9c289f548b851f2764ea57f0ea59,MG
4d225460f83ea2b1ac705ad1d5eef02f,ES
782a99fb3433351a685f44522050331d,SP
b0c20452deec54b06c12b989536295d5,SP
0966fbba1c0e8c5e26e31166c2fd3ce8,GO
9c37d4ec00a84ef53bbbe5aa579b0eb8,RJ
abd052c275218899a215aa3dc9e1494a,SP
4c9dd00d5d6518a570a4aad430b9bdf4,SP
7ffae0a2b02796d8e66fdbf0fa6e08b5,SP
d022cc2c5b40e84f1c19866f337c7a68,PR
47166f88862447ea5f8e078b2aaefb46,RJ
552eab691446f9aebf3395705b1d94f9,PR
d1435050629f62d0a602e7900894fa92,SP
97144965e658e088379f20e1b464cf2c,SP
c99932b765fc1b7a1c5a4c3f996f6f1d,RN
f1cc6f2b2d1fe79fc891d57a5b05e44a,SC
59c20aaccd770eacb8b3dac4b3ef9358,SP
fe543dcaf0106197870ae1c21d36076e,SP
e3f8a41dc8def48711c086dad89ab9fd,BA
e86f553170b06db9ee781701ad6091ee,MG
932632fb555d55c80b3f88e830abf866,MT
35c5d6d54387298f596d72d4a3b12721,SP
0f1749055e31c2093f2392e8a639e1be,RS
ff1a56726b7ea149c7423865609cc0c8,RJ
c5c79cc42b407bb10fcf30e765c0ac2a,PR
b5f6b4b52d86c568a9b41c6babaebb20,MG
dae7b22c2b1be64adb1011ae65bf14db,SP
acd575d7382968889f41a5a3f37510dd,TO
15357da0aa538a1e5efabe63f0d71095,SP
2ae1291d11904be5f9315472cc178cbe,SP
3df704f53d3f1d4818840b34ec672a9f,SP
e5af401ed4e2cd001e38f5e998845560,MG
0d6041c3775793974d2fe45052568155,SP
c99704d45e509477b708b7ed594fb324,SP
f9a448ce00c793bc273313654d4ac153,SP
f06a94a401e52fb019c72f2e8bbf6a2f,BA
a8695124db570d100b87f73fbdaef64a,RJ
b6f05b99667a02c3722610a7bb6b4062,SP
aae50600d30bf2efe013ca4c1754ded7,RJ
39d5be86f1b2c886e37fde07eaffd537,SP
b1d6214581f610ab4327d4471d90e574,SP
7cd7d781203890be0d18accf75bd90d5,SP
12a371f2183b5d71d81830f3dd3b32c8,SC
4b83fd2609057103e8d7604ab567c5e6,PE
35d15ec55b747200f78c492b3d9ddd72,SP
fb9590a1e30e0ba8304ea73a31325797,SP
34b7eab1f76104e9b749d01a9a00710c,SP
4f0986f70a792beba9dcbf15c32ecd87,SP
9ab1a2a05e0311aded3d496b4da0df87,SP
9d9e0a32046baab34af9079307a57062,SP
988980a4b52e5e81702adb584933912c,MG
05f9f7e304de1bd029ce39f107848608,SP
ee64351d93ed36563eea84500a3f558a,RJ
1b338293f35549b5e480b9a3d7bbf3cd,SP
c65121f92dcf3a7d5a7b612ea1756bdc,SP
a6d8c2fa92836346256c28d885d9eea0,SP
970d2db627e9a4b280c51701f45d51c5,SC
99907dc980230daa7bc0c7e6fb0b08fc,BA
992827c0798eac56fbf32454152b47b5,SP
c32080bd1442f65f3859a01f865bdf93,PE
7fe3893a7bf9572f35028d2d3ef9f85d,SP
565ab5b150fec651f51db8783d2e645a,RS
31bf1057b00f14804278590bbac18b1b,MG
1d00e4153e19570adc3862c093d0d071,RS
ec13c2458d3984f778c0d1e41179a7ce,RJ
fed9258e995bc38766aea4fcdead8676,GO
ab23dc90e86086221732547085a7f9e3,SP
07e6f1ea396eea8aa95d0c1cf5a8d364,SP
67407057a7d5ee17d1cd09523f484d13,RJ
52dc0499c97e797e32c0ad648f5022ac,SP
af5b08db5f1a31a3b6856a8a6dc33167,CE
95cca40cba8d9b592aa024f66b6ded35,PR
660c817af06c2d842014a12d5871c1f9,SP
4d5ad499182eec2023662b93e804e9a4,MG
8ce4d77283bb19ebaedee1fb91fef7ba,SP
37ace61b03edce757da03dddbb3edac2,SP
8fc86d31af29c9a6ef80c6c950666adc,PE
8b60b8dec005d399721df6402e8e726b,MG
4ed0344372e80ad60bba6b668bd61bff,SP
a6c4086c5ec600d696fbc7acc81aaabf,MG
a30be38e1ed0ffb39b318bf1d15e98d9,RJ
18abbf4ddb0d8414b4f9de1d7d865fb3,PE
23a892e7d6549061e95045636c1c338e,SP
3ff44e26adfbbe256c5c9dcfb14d5822,SP
1a38db127bea608981938b7abf53da7b,SP
a9b67ff10261665661f54c364e82d9b2,SP
957f8e082185574de25992dc659ebbc0,SP
7180be94124d3a8df635fa390531a16a,MG
f2b4062de04b2adb7111ee7163252b24,MA
a4859628b4cc633732ea27fb1a00420b,SP
326cd7173402f166f337b4abecbadba4,RJ
52bfa05d8b00de2d68a7039015f6577a,MG
fb6f154449a5398e2ff6ad8d8c6df862,AL
b74ca180d63f9ae0443e4e13a2f5bdaf,SP
052c644eb399b528aa0c6ff95a3ea856,RS
3b0f5b493b8a54c1298ae4edaa002fb0,RJ
0e59972cf69e00897677dfb1445ba420,SP
1186b32fd68e9c50884527b4ad233083,SP
1239e518e80247840cd399727eb244a5,SP
63cd1122ae489072bf42ea93422985b4,MG
2f0d2cbd1ac4d6d80d7cbc6bc5f22160,RJ
bf59771b1ab3559105d03691c8c99794,SP
1181d20ba074543832905275fd087e73,SP
b74f0b9f1edb86da06a9c032d80fd1e8,SP
a8a66bbda1336f0cb78c99853cac7b4c,SP
e7f806cb2cffddb308ed9bfd6bf5c5fd,BA
4c6646f19dfcb0bc05ebccf4ddeb745c,RJ
d265ebaf9a745999a30e6a9eb778fe3f,MG
4146dd1b456444cd54142b5a7c4b9405,SP
ee4a9de0355bb9df99b44cdc7d95e47e,RJ
db8d12f33acf6a08a434eda169d25106,SP
41712835c53897cb2647acd1022588dd,SP
d68585c54450af4bfc04cc6cccbcd607,SP
32fa597a3b06db1949ee96c416335b6b,BA
afb19a4b667cb708caab312757ec3d3f,MT
05de5898b9da9365b1823e7fd23700c1,RS
2c07e5f16a6a9c98a3837783b7e6fc4a,MT
de3b82f99f2cfb72c60e935cdb6e7007,MT
18af14116834f457513ba68d3c208eda,SP
d1460df3c5915f60fcc35d265ac392ea,RJ
f9835897d532524a6e9686847d4db4a7,CE
485d59ed46bda4a60ac9ab15c32ec63c,MG
92b327fbdc38332751b832c28e013f58,SP
148ecba880f508ca2d5b6744b6a7b6c5,MG
4eaea066b56bb518dd5180bfc10c6630,RJ
a2f475be29f915fa902863f62308df8f,RJ
faacaffc169c559921845134ab5c59cd,SP
8a8c2e93d6ec33bb908f101211d78227,ES
15320769a120466ae115811801292474,SP
c4e12dfa6412f54cb99c38787dca987f,SP
5e25cb6b455409373f96b0f1d947fd38,MG
75fa6cfb28484afc68c0ab2177d339cc,PA
387752a856ae611e11987f531cf59966,SP
2686a83dc8181e558df153bea379e2de,SP
b14860a70ac3d824bfc0900870b702b0,MG
748632357c64f888b1f6932d1eee4fd7,RJ
bd9f453692541458b7e80c8ec16bc167,RJ
bdc70f91dc54953d1be0ef76d183c5d1,SP
08fe63b02e7e846c85b8a49b9fd540d9,PR
c56ac9e8772a402f6a167237b0c13f28,SP
7068851c14a0be8052b9a4bc4586b684,RJ
3d3bbb0ad71a8a790086e40770b46f97,PR
2c87fa5de571fe098ce699a0b93da7dd,RJ
9d8ced56e634148f52b90da9bdeb9910,RJ
9e192b98545760379893f9f63707cc0f,SP
d86567cdc776774d6de508880d117fdd,RJ
f451e59a9232fe95d8deab7507f5b172,BA
15c959112cff28d4f5f7c0eb3ce665fe,SP
a9eff89343d9d04ca381e8a374cdbf10,DF
f8508e9ec506a046a25f3a4a63d0c630,CE
e641f40e2e360a2c73d6cd8a50de252a,MG
640246e27e1df1ffe19d062550d0d5ab,RJ
fda187c74a59672dfd4c786231565791,MG
b8db3ed2d28a258de61b1db21e042868,RJ
bfc79e4f4af23463178a0bbf68ed91df,MS
061c2eb252b4e73472bb4f9e1169b43a,MG
2c8be64d4c648b0bbf8412c53761ae27,BA
dcad1d81f5929fa310a1a36681535e4d,MG
6df6c2eeaad604627aa688ae063741b2,RS
1bb6d37f5965011ccde1cd4a42e20917,SP
a59b9fb91b4ebe9aba37c55232abc8ca,BA
5c9039026e45902bdd7d7491e04071c6,ES
485e5344b94b80fc5ed918cc14a7414e,SP
57a05331e60fdf30d97f10a1327a1faf,SP
c396c33a13de8470ca7f0fbff9ac4e9b,RJ
f0b133218c83b8eb0298301a5b4c17ed,SP
a6981c9a8bc899ed4f22b9e5b70796a1,SP
8ab9de8260d0b7e0dc87c417a073e0e0,RJ
5b0317e52f6059c5ae2572fc5edeb9a2,SP
3e5d28a6beee2449a50a07da9866d2ba,MG
242b387a8eebcaf8ea3c588cdc79eb5b,RJ
43a4ab5ca0e5bf683ae1fb0c760a976d,RJ
80f5dbd6c402fa67462768a508de4168,CE
933bf00ad9a4f8bfd36bd85e09bd6cba,SP
b84438b09aa33a6e08673fe173f9796f,SP
bd2215daa338b34c697773ceff4e013b,BA
59a7929fc18263169c90c46240902697,RJ
2c5491a76ec0a56db58282ea7ae70617,RJ
b0f994938a75bb0c6a523fee2e7c5746,PA
9f4c898706bf2b467ace0539e0319fcc,MG
271f8bae1747c6d8d6e269f4fda27345,BA
77305d99b811c59273ad7160ce1f74e7,SP
804751ae168c4c4d6d5178553e544300,BA
6ee311afc0adb5663ad53868d46ba39d,SP
ac546480af29373387a27e4e6313665e,SP
a31d81182a35974e456ae872e2fd62bb,RJ
23498073f7aa58164d73d99dc9a51e50,MG
8dd6ce43135afeb3424e408875c010b1,RJ
337e39b83fac394e62eb7876f45ee981,MG
668e11820ada44a1b6cbf090995bee1f,SP
66febc71bf0586881bd835ddcbfd34e8,SE
ac4e328e156057d602bb4d7b146d5468,SP
ed4acf9c881936dc203b8d884228962f,SP
3c9a7cf7435eb8c2afd717c62809b521,SP
2680dc46f78c878b1276273e01432bac,SP
d9abf57c9a7f1cd9865625d2cba96053,PE
dd43426ee4923b0a1c0dcd48cc1ee36e,RJ
1ad157f908eda2d776e2739a9505495e,SP
95200d2b14a993f488affb398652a2a2,BA
7082b385393bd99f9c75789376a81588,MG
6dbe3c4683c66130a8e242bf4bb218d9,RJ
69009aaf4e400602c05b1da3989ca40b,MG
cb1b31ec399f6183dee790a4c349e712,SP
fa8d8a26ce081c2669b4c79639a98e08,SP
db65a636fcd05b218b138dc46a2cbb4e,SP
2f005421793ec9f86d5d654b8af675e1,SP
10b0bfb19ed6f0aa3d895cc1db350e3a,SP
2de12f428569afe73e5e6b1b4e2f8179,MA
e45d7222b87e8b15b377853dba5be723,SP
caded193e8e47b8362864762a83db3c5,SP
b11ef54879526dd5426f747d2ed677c1,MG
eb3203704b8613482fed4eb17ea5d66a,SP
12f90e3cb1d2487514f7e277af6d4a40,MS
691a7804c3cf06446a3f2c13cecbf251,PR
302ddfd48143e8c407b25c746096e09f,ES
08d5cabc983964257832805dc6f0e74e,SP
edb556fd9c201137bdea274e76b67a9c,MS
02cb822eec8b6309e7ce715ccea3390d,SP
be0db8a12224c280772baf2ccb468e5e,PE
50202490acea34225b1af5cdd25f4326,SP
43831164a0be75b0bd8fd92cc8c6b232,SP
5e8c08d41152861ebc1e757948ac1d49,SP
241e78de29b3090cfa1b5d73a8130c72,SP
6a4ea2081853cd8dd8d7c69cdf86925a,RJ
c0b85a1f2e552f8f4777d3256c3cd3d8,MG
ee4a4b5842e03fbaff366b9459e08b95,RJ
e6f5b234bb0d847f10eebd70130c5d49,SC
3249a3fb2ccd4b5f7103a6e759c0d873,RJ
25d1a8eaa40b155630ad44faa4b38e40,AL
26fdb52d0382ebe750a8866b5bf9e5db,BA
2d8748fb35d51c2fd273ee67fff78b7a,PR
96d3328d8b8625bc4d656279e1515bee,RJ
f7398fc942c8fa80e5419ae52e49f7fb,SP
62b423aab58096ca514ba6aa06be2f98,SP
b71fef05a7e2a9b61b51d713c151cf6c,SP
228fa0775b9f2dd5df796a94425f18d2,SP
e3396866db806ab204f8b769bbca8e35,SP
494dded5b201313c64ed7f100595b95c,RJ
84f9776d9f55cb53b6690857744ca1ba,GO
e674bf9e1fd5863bbb4c72f95fdba39f,SP
045178794d4eb65a4b79f34dee26374a,SP
a0d430c59b700550f20303fa1d6b2ba4,RJ
2b2615fdbdbd7f81776f95163acbd096,SP
f463d27a26d6aa1d7f438df524c501dd,SP
d31dbd02ac052d662285f678f8994326,SP
25175de148ab2040aa6fe34ca5eb0d15,SP
ad0d03e2b961f34fdc46f626f6862f00,SP
ee44d2be8e1662dc62aeadc5cc6b0965,PR
23e988565e7a5b46273af0b1f0f65384,MG
4aaa498a3b2f602e7faa8c84a8465d29,SP
af12e716383820b78ce045de073e7502,SC
c5ec9e7825f8ec234b331113945cb5ef,RJ
e28dd4261bed9c7ba89ecaf411b88f7c,SC
58838d64c9fb6e9e3712b41c35024f0d,SP
d1c40bfb050a09047a4c4426fe9a2893,MG
5364f18dbadca7f50016ad6da7a39436,ES
7574e4f5f09e0daa235e6ea3d3b3d5fc,RJ
17e1a5591eec6af6ab825d5687790ee7,SP
0da38d38529e170d768aa55382969f6e,GO
63d3bc89cf22616c68960d0d11258a5a,SP
e38595a899907bdc76cb2ef18e1f991f,RS
90dd38dda93bdc6dcbda8bfe0bb597ee,SP
afb5732a3293a4a7b3083314a9d1ac5b,PE
142971bb683b69e32bf1b691f9acc928,DF
42a161720667afb9998d609863391870,SP
560f0ff0305e7fcf6410eab8d8767337,BA
8228970427bdddfa151f173ad4c9884b,SP
314222754b66db2d977b14ecc4ee2756,SP
6ee76c3941b644506c8dc73861add1d9,SP
35014cd0cb1b0f81a7abee599b4d051d,SP
a23bb087dccfe3c78336749a1818a423,AL
cddd3a48c87f57e5e8a07295e48cb714,MG
743dd95aefb65359afe92a764748251a,RJ
71e8560996119b529ab63d5a963f1a89,MT
7b6c535bcfb880d63f8e01d209ef180f,RJ
4bbe9c46bf4d0154d880396c3e027f64,SP
d4c5a2a1316f738e72e179d6bb3b6d8f,SP
431bbb57d52f3141ab2f33a6a4cf00a6,MG
bf173716098c076e4e00285843e37e5d,RJ
4afc1dcca5fe8926fc97d60a4497f8ab,SP
62c4b72afa074a0214ebbca36c89cbcf,SP
48b660b079942ad4f15f884ef1a16871,SP
3b9b9424937310a2af0929576c3219d6,RJ
4e7656e34357b93f14b40c6400ca3f6e,RJ
cdfb43f4e84e1508fdaa9d6eb73e52d8,PB
6332ebbe1588da7f65613ad88aa0707c,RJ
a94259e3111386ff1ae6f1c3712fe6fb,DF
525bd2d51afa1e21386ca55e0d0e2824,MG
872f45bf74c4adcd409346897aadbba8,SP
761df82feda9778854c6dafdaeb567e4,RR
7f99772f15578d92899f1e522625d540,SP
e1f67a370030c2c5695ee3f95c44cd90,AL
42b3b672e11bdf08931bcbc9ebaa7eb2,SE
6f0faf0c625f77d650d4f31b80363617,RS
3247cd3218e45b431e7920aca9acea3f,RJ
80a4e774050223dd467a7d514862b986,MG
8422c35d03577f94c15a4eed5504e09b,RJ
2293c004fae6dedf12d1ab452f89f4b9,RJ
8d7cf6fc4668c48859673a8e0fc8fa6a,SP
a14b17e55f117e4bf24cdd9d0e586c35,SP
a1acf95041edd043087a040e89449636,SP
8457dd875ae43c9b34240808ff8bb757,SP
cfa96f1103002b25178f822afeb4c104,SP
35f5bb12aeb5e3152bc397c997b83112,PR
ed034127e0801850ca9162dd9de7a106,GO
5232c22d7ed2b631db6b2cab74b2c5f2,SP
944ed9a986f84223da31772319fe213a,PB
627b92adad5c3e29a2c4518bfcf13fec,TO
528b1ef29a59cf6e1cace49826d69630,SP
eea6871b2a776e5f98fe73b255a0a270,MG
8338cddb98bbda6167cbec66540a8942,SP
8afb90a97ee661103014329b1bcea1a2,GO
294f9b2dd014db206f3af9ecdc0dee53,PR
061a531d906f4bfb762be36757e41f7b,AC
c2ea1149b67ac4b480ff15b3b31110ee,MG
1ae196062dab95e434e781a5319f0ab9,SP
d8f4f31d3c53ea3bcbaad5249591871b,GO
05f92287b410b4a1b426167861698d3e,CE
bf565aadf676f4dd804dd19aa89aba19,PI
b3b7a79be761431b60e2945100e694cb,SP
cbab1990320bef24c4307923c7b0dc13,CE
47d35d8232327cb512ac7b6b84305871,DF
0f2b84248204870aa5a64e07b578ced7,MG
3e4442cd2958fbd08dc760884b222ae2,RS
47e78cdd37303f49b7de27565411a599,PR
c2bc0fec1b0b38cb85113e952d7bd112,SP
9ac238d7ed8b3694e58e35b1ed82e8b4,MG
32f7f86eb8098b2c0bdfc1604b5da9bf,PR
388305bba4b367ce3be7023f6edaeade,SP
b885ad8fbf6695694d6a5724d4681cac,ES
ff9c535af2f9325df8f3c81f30f60b8b,GO
d929280e89af72c9509d90a5912adaa4,SP
97f8823fa26f551689520aaa18f7391a,RS
af86c43027ee9c1f73233d9d55783c00,SP
a88f6b2e3e51c830e4850876c911fb8d,BA
a390b5b8933426a0d79944b89ecf53ca,SP
b5205e335aca81bc3bea7fef91500e1f,MG
68b7ff9f504488d359f5933200a0bacf,DF
9e5ce657315b2bdb94033a494041ac25,SC
439f42a3cd2931ef5f1bb20e54f2357d,MG
9a73b65ca2a7ffae76c1b8216ebc1b53,SP
4a00f00d951c167739888a1f16c56e8e,SP
2c127bf706b5089fd5dbdbcb02c7fcbc,SP
34bc89a692e14cd3b74e4ec7f5e78a1e,SP
c4bd3aefb216827f4698bd9d2b166a2f,MG
7f029a8a6978dea243e88bd230b0e5f7,MG
f882aaf28af48842b1ca318f520f443c,SP
1f184001b4cbba29eb3ddefd7b0a195b,SC
a2ae1a05b2058776ab0138c75da742f8,MT
535ad20edf8f32252bb8c7786f18df1e,SC
dbdc5f4edc37f3f149e239e4a3880a97,PA
66ec5ecfd2fa4c5ff6676a3defe3c292,SP
bdb2ed7dac06fad9b511c81eff95ce07,RS
bbc17ff568ee38c7faa4f30dadb38e8a,MG
88a8cf9e243fe33b9b678a31eb640f70,PR
b025998376e02b75dae7d887315d5da8,RS
55f35e2e63c2446e9eeea957bbe164ed,SP
0d49e6cf6c6049404ab247c5d1ea4aa3,RN
f7f33607a433200f6a87624740e24f8e,RJ
e8f72a39e55da80935caccd9abb4d831,SP
7ba45738393d29e95932601bd28031bc,SP
a1be9f93fac47b616502d82987542c6e,GO
0030aded3a67b29946a128ee8468388e,SP
29d768c153dabfc1ecfeb0c1c389727f,AL
2ad4f82ba85d382d9ee497dbe68d5c36,SP
2b261c26529c69b68839968c14d22369,ES
fbd14093f9374d4f70e80ee9cbccd5ca,SP
d79bbf4a1c9af9f33686cf1f64457f63,SP
94a265c7d6fa0389f4fec04d4eae8b66,MG
e4e69809ae1da631eaa47e73e5f4f641,PA
94f7f1cb719dd707fd437e918d282537,SP
9166122ca8d3afb612cd3bdf4f804bcd,GO
54a968b587ddf6ad0889906812077d87,SP
997070d4812561b1a8ededcbb6c2429e,SP
fba1b16ea69f821d782b597f71ce2fc3,SC
97f19f7deab11e0f6c9384154ea728e3,RS
7a185d1a7b35b67cc0fa426ad845f666,DF
944ad7299db6b270609f52b1114ec87b,MG
4b4bee09940f6ede7b3cac4b3a2e9a3d,BA
d78cd5ed18ca4df3e74897b8352cd346,RJ
40512822fff2718801d8ecdd063dfa9b,MG
751e579ed6c435ddbe018ccc5b68e13d,RJ
82b03a0031f872239665983241c52179,DF
f47f3a8480b7a19fad8c129983945370,SP
d7314e9d240737da330e0f83ac4bd257,RJ
b2b863015dad63b56e3b9dae12d52f71,SC
7ac9814735089053e51d2756d3cdedd9,PR
aeaeb880137135bdc093ec402acea9c0,RS
1bb26cb73f617c0b4eed520cc297ea8d,ES
a30ef261434ed7152a26b65278af7f9c,PI
da2c6819715d9b77dea652c23582d8b1,SP
8c0e35584a0e33e799e4c9113a8d80cc,SP
68f20e749722e81e95a294b21b2763b5,SC
79f895a52c8f46cdff6fd6e8763963cb,CE
4221d4ffdad18996eb11c8a829d6a073,MG
e1786bf866d54dbf3f18f24fc7a02ced,SP
72c990123f7cab26cd90a4e62025dd77,RS
f8ec0585a994417a4bd53c5156689ddd,RJ
ff86241814fe899c8cb8786b9196995e,SP
3740f4d0edef80f567eca55830ec9e8f,SP
4b68278d4590a304f97e2943948c8d83,SP
a7de7057db988489dbb13ca9e0c80456,MG
aed82065b343d8ad3d802fe259e945d5,GO
b806115ed21f16a50c4f3a28947aeadb,SP
3442692fc38c51ba3030d78bae07950a,SP
c5064807abdc55acd37860160154ed1a,SP
2d31d011eab667bca8c55f57ab884530,RS
e8b6e39a1a0c60cf6661a8eaecef524e,SP
80f70f0ca0bcd19bf71e848e51206d68,ES
8bbb438d93d80fe92752705099cf5716,SP
ec8fc917ae3db1dcd518ce839aa26584,DF
2ac7740a46d83856d2c51372f27c1d03,MG
c25122206bfcb3ffa950706e1cb10f2b,SP
52496ddf0025f7b0ec3cb640a97990f8,PE
1a6cb0e076784a5e73557aa5defd660a,SP
82f6d48ad3a75669934efe3988ce9b25,SP
2ac13f95801bc09dc5624673d54d4c31,RS
5a5e41c2d8c585d430c98e1a1d772a4c,GO
b2de21eac1284b5492269771d68da739,SP
d5633cabde5e5d7747c839160037af90,PR
7c5e43a858e70710d676a6f70d4f02aa,SP
20217ca968adf8f08c5916bf09c33d7f,PA
9a80c8377644236e27f59e83862f1ae2,SP
f2e25f6f5b6b91207fae80a1c29d1a2d,SP
8f11b4d19fddeb5a195b9795fe132fc2,SP
f60ef9aa98fcf78765a4ec910a555977,SP
72600f002ba1550d6432cb91464f6969,SP
5e6916fe2fcc2d982cc64eb97f593b92,SP
03b3813a78be4cf5205e70977ad78d29,PR
290af43fe651c812c1836a7075d395ae,BA
094560467d8afd775d9f89d00cf1e682,PR
2020559b0ae9910898ef57a8159533ab,CE
48f239e15744ed5e7ffbafc6bb6e882b,BA
ba5a299fef88320dbdadd124f5333bc6,SP
0b9a25915090ecc0db112277977fc2cb,SP
9ba926ad01e17e9a308791ae9cb69699,PR
d1240cdcdb9e6f08aa9a329bf1751c0e,SP
18f6ca10777417c932cf49e7fc9387ff,RJ
e1c2d716039d0df723bcd9e375267b9e,SP
5e43c982ccb91984104e2aaaa062e652,SP
e60e08d06effbf35575193d851fd8007,RS
62cf43d7c0b82fa2b6910138d7f4f14e,RJ
4570a39e7f01b82615be718c2116ecb7,MG
e972fcfb5af10aba3067698ccc05f611,RS
d9721a87b4755c5e9a9f9a67ef484575,BA
2acc2e222c7d4a93c01b88d28b17a1b3,RJ
f7fd634460c772aa7c67b397c3a0e831,MG
0fa5382628eea6bbb19fde8b076dfdfb,ES
03fc97548af8f58fefc768d12b546c9c,RJ
11b404d7080235f5ff52a1c38deb5a98,RJ
de9c02d5160d868e7f5949bb84e7593a,PE
11ce99b70d1025e5fc5e7a9237c529ab,GO
735407923bd7e1c88fd2994ae3a5d83b,SP
a1ba2dee740fb5aba74232d9c94f810d,BA
a8dac1629e61a7b49a0cebd4ead70549,MG
db4810eb355a4519838ae8a121975b6f,SP
cf9e2b07f78cce347089900f49fb4746,SP
1224a9f43655b57c469ab096e6ba5dc2,RJ
42382073d3ad89dce202e766862bc851,SP
62681fd345215328176ec9eec92192d6,SP
1c3c07a5e0ae1596ef662a0d60f362fd,GO
8cad893a6771fcbf107ffedd147bc71d,SP
50c065ad9fbbc477d28bbb56dcb61600,MG
415318e16cc2f959d7c15cf63f127956,RN
cce67659e9d04865a064779206b7f545,SP
8694a671c2d494062387f869f450b192,SP
4ff25b11b74df70d77dee5fac4dc0039,SP
77dccd21b005b20fc1f1418c979ca354,DF
686ce156cefdae2f46a1b7917d96ef18,SP
5957d9ae822bcbe88c00fb8286362339,RS
90065cd5c7c581bf099b1b9bd589a3fe,MG
26495cdb066f046945177209f10b67fb,MG
bdeed2682d24050311eb6f60d75721e5,SC
345498125da8b61f64def813c4a2db79,PA
78199b9683c01e0d764ece9abfba71af,MG
3487bedbddf4797d7308d0aa43dcf30b,RJ
94d00a2a42c7af169f6f5f44f7a86b75,PR
187eff014e217a4f13317d72024f4a93,RJ
4a2d2e5f1e7d78c701d998b92fe72bd7,SP
82f0b75bb50fcb30711e5277e36b3983,SP
2fb25213583070dd575f4d64ceb760d4,MG
973e21d9b220229aedc9ac566294568f,RJ
7b4205ad0699f380983dfbd2f26f67e0,MG
a6af89bba915546c49649eb828009118,RJ
31d79ded8b09c0a871f049c73f2d331f,SP
3e87356efef361b40b30fd699f9e5638,SP
d0e6cb83a3fc27f56be011b2941f54c6,MG
21b45339b407d6a34ff0f3a8833afaf4,SP
660ca825143d9c95d6c9e88b80bfa6c6,PR
3086654455e8ed4401d93f2af816d8b3,SP
bbce8db51b94aed05e4da1ed311bbbfc,SP
969d8a95fd033aa0d536264554d3a31b,RJ
a7b54e5d33e657bd68a2d411fbace435,SP
0f5b40f9925b49675464fb74869c6547,RJ
6e58debec4d82dd7dbdc9efdaa2bc43a,DF
2f95fc8f86679d432d77e9d0316fac48,SP
0f5cbabecf09e4453086b1db91138cb8,SP
625784c6aad212dc7d249ea10e276617,MG
ec6d733c729e45a75dcfa18d42c29c7a,SP
c4184e264c25f060e2022b22c098ab18,SP
61f3b1e44f811e6f59c9433a3bea727c,RJ
c1055f5a8a55684492575d082da04127,RJ
41a0f53af758a122ca3c491b62ee4949,SP
64c1209f6fae0cbe57bd7e39469506f4,RJ
eb7d32b871d7e1d8f3dcce1aa4e095bd,SP
063a5ea8e53ff62d2547c8af92ba02b2,SP
c5827b73d67d474d76a268f0dda54396,SP
0a209a88c2e3dc2981c79ad85c558059,PR
37088593a28ec66ddf32eff0b19512f2,MG
888d2ebe1af2a8c93c75dae5dfc23719,AC
fb1616aeb46e4fcc98b5535cbf520319,SP
0d72c06cbd17cde4598ce4aa6d065a7c,SP
1d510e457bb6e83400a904c93a6974af,MG
0fd9cf5bad82789678c4ff0fd5374ebf,RJ
5a771152dd93d31af819d708942afec6,SC
01f7155995c6d4cda4fab4d36293d80a,PR
4b2c1822404badb9d24841b907cf9afe,PE
8b8805ad94732dbe96a3b7c98fb20b44,RJ
ca63450c1abcdd0a6124ce2dd7b64d2a,SP
545bd426acb3f30a7672e7d5769431ed,SC
4e4db632921de78e11340349b66f5c99,SP
fc2697314ab7fbeda62bb6f1afa4efcd,SP
c6865c523687cb3f235aa599afef1710,SP
37a9de7fb734ab0d41eb3b796fca1854,SP
bf57ac29566f5216f081607e3173e634,SP
1d06482d82c32c8752f4decbbffe7623,RJ
08c79ba38eb563126e213a0a764eb7a4,SP
79c1ae1c3d1a81c10781ecf7d7ef1720,MG
02d12adf94e256f7ff0056d447557027,SP
daf457df7093e56187eda2050592817b,RJ
550290db9e0772d476e9d9aeea14afa6,MG
9cb5cb63842b6b3b9843f6803eda167e,SP
dc75c9ef71e6cbda48cbe416729b79ba,PR
26107dfac63f8909bfbfaea86f095c05,SP
84b9f36a23bcee1236bc7f13afab749d,SP
9f4578f809480da7c0bc98fab02c1cc3,SP
eeb730c4c2578aded27aada780e25e93,MG
fe466590682b569c87d29ef4dfdbc609,MS
c178d6d544925594fafab0ba493cd645,SP
d0d213ed2d6d390dc1cc1e6f45706c8b,BA
712230fb56aeb8d9084bb813e3249a84,SP
a83a89abd16a03e6376fb659ca7b6612,MG
01e0d4fb731e6ee47df3f3f179cc0a0b,SP
f5458ddc3545711efa883dd7ae7c4497,CE
d0ca4d9e8fa6fca510ed593effc04df5,PR
5a31560ab7821af245ac21f6ede6f4c3,RJ
ef3bbff3023c5032593c0e754f87114a,PE
65e5225058cf3dbaca1cdffb7c575dc1,SP
faa3126cfc735934e9e43665018a21b1,SP
3ad37c1be46629ea6935f7eb2362b380,SP
295ae9b35379e077273387ff64354b6f,SP
2f9902d85fcd930227f711cf47012bdf,SP
a03d07bf4aa2b1c94d11585aacbdaac2,RJ
0bdca8cf66b7d24237c048c8992a8b7a,PR
ba0a799b8a7b0b1a1ac522a0a8839bff,SP
4c9b48364e100b48b70b65f7223518bb,MA
1faf89c8f142db3fca6cf314c51a37b6,MG
0dfc0621220f4aa19960d5c5397f0835,SP
bfb1667cc8be7009f45c56b62f6009a6,SP
6ca4c791dfb84fbc05cbe68d7d7a95be,SP
edd33f337f01e490cf1e95da2957fcea,SC
891d97a0573cb2e4c69db4e87728829b,MG
a5c00cbccb8ff7ec3bb8715188412b83,SP
d5fce16631bd2ca01664a112560b505f,RJ
f7030ef55d9a5ec617439b05e42a707b,MT
d605f9f01f069c8665dba62d0d8de501,ES
2c4693a01b0b1bad9bc86176e9827af5,RS
47c42b50ab59928b531c450e672ce223,SP
62383c983441809ec8977c644dd37a54,ES
5a9dae6565b54b1a39d035684739bb91,PI
40b2c0070ab6f34ad350cbfb37d7a64b,MG
7a7893d13f178fdf58daeff7347e2d94,SP
0361232bf2b929e19323dfc2843ee554,PR
c9d2155ff1486076e8570f3d91ec1bea,SC
8e150843c1138147cf8ea7253de0319d,SP
30df93bd0e2874646d39d37dec1764d5,RJ
5c16ae152bd6d026801d16d806b3eaf7,SC
95a66a1b875e06e6490b4ad49d7ef34b,SP
c69e9b9095b1491d57aed0483eb1b9e6,SP
25674af17e538296b83b371c8c0975b1,RJ
314675b44a38443e4ba09ab0f462c8c7,SP
9db0a6065f7c15895b9a2705b6dbc77d,SP
3df7ff0b86935d5249e4d6cd56b89131,BA
e6c67be032549956a7f9f38854a918f7,MG
27389b038fe5c0831ab14f7dd5e8a89d,SC
ac9fafb8efe7023c1126fc949eaabdc9,SP
80f93f1fabe7772d559a7c349667af0e,SP
1110eb4465d18a9b7c632cfc80fb53ab,SP
dbb099efb706ebbe3d67bf067d2442db,AL
021ccba47cb1118dfba3213180ffb44d,SP
ee2ae4200c019e2d79caa3433262d63b,SP
c7dfe8a4d98f2c191a73944ffcaa76cc,SC
57f4770b4fc8ae0c610fd9821dc38403,SC
ebf28472ced6d1aaf751af1592f56df6,SP
8a17fed2c873a4cdb70a2110ff34bb77,RS
d99d07b571f5e15e61469e5f77e3b027,PR
94eba5d03fc4a87e9a98c17ae4585bf7,MG
3a5f82b200e600b7fc671e3a395dfe2e,RJ
d4d76ccbcef33b38af7ec758e1d73bb8,SP
6d2370391a400e5f408a86ef70110bd0,SP
a22203b8cd7210764aa43f442904a076,CE
986c590aed8ad278ffc220f81b2d8e4f,RJ
cf23b7f0eb89c7d7d05dfcd8671ade01,RJ
0809899bfc84b0bc917a8c279c5dbb5b,TO
a955de2289dd1f2a6d80df6b565860f1,RJ
a942d13c8e40155ee446ae0909993bfc,SP
e630c8a8b546a3a6486ccdca9cc6eb0a,SP
5b79686b44ff3de0d593d16b9e98484e,SC
3e6afc2521b10ee0a075d3193467c9f5,SP
ff0a44202beb5310644a0ea439973f4d,SP
a90468e2c3a73422673411b52aaa8426,ES
f92cd4dab2ff641c55fe00ae3f3ddbd5,SP
e414cf673d7803bcddf9263feed7c535,SP
0f28d0a2069593ae2c5ec29fc3800a72,RS
c305a666dd035c61be69f500d3a2ea36,PR
1c3abaa67b20a69745c59b28f18688c5,RJ
f57351f8f87213bbb758f2f902f600c2,SP
44f8065dc27889dca23b34e78c5b6314,SP
881554102719236e5c195d199d6d868a,RJ
bff5381b97603b77d34b06e7b95695fb,SP
9f1595b82c93e652dd8ffd5cc4051362,PE
5a064a14994cdb7c9ba804c668129dbf,BA
8ad7dfee8e31e2a61e3e4a3053e1104f,RS
76a8a3092e48bba0826495241903e450,RS
6ba47b28c84367f0c27769d78f1c3adb,PR
d665be250d1c687c58fdea61a9b55a58,SP
f3d40ccfde2d918c886b7f2633a33d74,MG
d3e3cb2b2922f53b23b090d9668a1b13,MT
7f6e0647dfddaccdf6e140f98e0945bd,RJ
683a8aa7f2d173c62431616f6108efc4,RJ
5403b9d98faadbbb85ec061012a213c1,SP
34f6d97c05765ba01cc9a5d58ce3ab7e,PR
a04277988beb05911a7c9bbc5592136e,SP
706294ee2bf13bab8e5ed8ad240b0406,SP
fe55fedfef0683a529b51a9444214ea7,SP
819b0aa9b717f6d78c0f72211bafebe3,SP
1b9506de3da8fd318853195b13fb2dda,SP
09cdb569d94234872c468f2711ca0f91,SP
d9f9a5318f33a6d8d57b288586182c18,MG
f2c08c6a66c51cae87e9c931f97a022d,MG
31665bd5bc542687ab54c9fd9ed9917b,RJ
520dfb976e8d7e64c6c9275de698053f,SP
a55b35e01354b9dc2974a22c1e4484fb,PR
c3d8fc500d86b1c961ee144395c13a57,SC
ad5e33166ef8e090f857ea53dc70bb18,ES
207ac9416941d5b76d64875a33fe3659,MG
6c90e1d5132397793019aad82cb7c985,SP
506b50a8062885f9d9862e86bbcfcf94,ES
22e62a7227eb91f93cb55ef14a20cbd4,RS
d79764082a836f215312d98c964ce478,GO
2386792ff4818fe030a3b1364994f51e,DF
3c14bd3e2287a1b895bc9af622d3f79a,CE
a4c79e8a9d9fcb82de5dddf33918fb47,RS
f3f0e613e0bdb9c7cee75504f0f90679,SP
873951dbadc164fa5d61eed16cf38770,SP
d35b5587adfbd22e54b0c7e32762359a,MG
f6c39f83de772dd502809cee2fee4c41,MG
f1b66f0324a631de414bc2bf62b5e915,MG
38f63d5e41d4edd85614e2297502aec8,RS
6454e6cba392b35aa21527063026fc92,SP
7e513111ace41e153422909d22223677,MG
2aa3c45e42925370972f456902aa66bd,SP
eed8a1ec0be1729660683e943d605df5,MG
9a480b9c9decf04f8d95b4da30cc6141,RJ
c465c80b3a11995fd2890c759421a7df,RS
76127da03b20e432691fcc923788d9b3,SP
3a874b4d4c4b6543206ff5d89287f0c3,RJ
229755021cdd010bc07d4f5b35c78ef6,SP
9172f54a6e979ee28aaaada718189c9b,SP
da18c242eff18510c1df2f0337a9be95,SP
115e82729606dd1ad543cc1b410fce37,MG
c3fdff407ffd0912869ee10b353ce874,GO
d420ffd55c04ab7659d5e02b1ea6e298,PR
b88ae0903637e97b847d4dbf387ded51,SP
3bbe55ec205026d44f2a0ce1059f6e5a,PE
4f93c6056cac7dad802e12622a468703,MG
5c1c1b04f8283b7a6c7f1ab81626b76f,MG
be82df97dfd71eba6ea5ffd99caed7ea,SP
ebfb3f2e532c37d5a959ded000c9f603,SP
e5e50b9e762526a12499a7bb4e97a862,ES
d214a4a86c30fcb8f92dac5260ece938,SP
ed7abe2bf6dacb66b55c2bebf0d2adaf,SP
7739c89f22e6943f141bdc83fa9940c1,SP
6ea0cb2f488c5dd5311de194008ab1a8,MG
2d90e2af0254c36c6a60ca45c25ecbc3,SP
f3b9b8b6d11fc7c446254660648ca292,RS
5299b9f29f522644081a8249407ede3c,SP
43cd53f27b1d6116fd34916977e07c48,MG
b12b0e2d548eb838e2ff04eb9358c293,MG
449057269c318304d8a753f64c181b07,GO
fa4cbecd3769852b295dd7f1072f860b,GO
89aa7d6c004419805cfefc8ed2e01c1a,SP
96ca69bfa1a8b97847ced6f03bed4e79,RS
69f84065b20dbe07627736cd3a7f7f47,RJ
16c0be52bf7bf9069c6fa0d850c660ac,SP
36d39e3b372efc3bbed5188c23d0d1ca,RJ
37c19e14f0f664e83d2068be6b1f44dc,SP
c495ae8dfa83b158b111fc7b8304f032,SP
afdde8786fe503ed8704b7b091d9265b,SP
c47f0ed7fbd21fc9be2cfca83f0dd490,SP
a1be2e6e7eded43730e9b8abd863e039,SP
c94ec1165bd4556cfedff58b1e56c4ce,RJ
99de3252658ad6466297273b6047f3cf,SP
3c2317ef8102b203b9857304ca808858,CE
44566093e87dfa38e9e682fbbb1d72d7,SP
7195469ee40337cc9e3c666b6e79e165,RJ
10b92e68e50359e80f2c0459df7d2442,SP
458430198d0e879d5f272f5a5b959a2e,RJ
09019e777b997c943ed2c3b3b9fb2707,PA
a625f7cf467b00ae83700201dce9a6d0,GO
ef45d2a97a789c1f65204616bb6fa1f1,RS
a37a37235d7b3be3e2f95747ca589bda,SP
5883f965ac70043c2e908c3657c5d548,DF
2b83d4c1da04d92aceb19710d0a59ef9,SP
fcce126f6d5805434739fe769241e00c,SP
99b1950e7fcf9d753b721988c2eb724e,SP
d25874df9c935b4461068eb2f04fed92,MG
c7f658d05c387b0664410be68026ef0d,RJ
b60550c21000f91484c7d2aa2b8c522e,RS
e0c16bf3f9dcc2303aac70772701268e,SP
ee905ec97794ec6e95a8a02273cf5f20,SP
f54a9f0e6b351c431402b8461ea51999,RS
9bba9922e5c4a943364dd5884bfba750,RJ
02036d14d9326c01a123bd83626d48c0,RJ
111dcb0d9a9858c0d2b01fffc0b8126d,RJ
dd330df40b83abc9645d38fe5e56ac85,RJ
64e006a132d86c9189f9656a1cb41939,RJ
df7d1cc348a96fdeb19b17287b9230be,SC
6fafe51f43d9aff93174e020cd452f66,RJ
d0138d0685264cf47574e68da0763d67,RJ
d4cd9729eeca5306a2c039fe6e55601e,PR
8f0b436a1be5cd29776f9ddb3bef133a,SP
d96bb805d2c42af018ae5158fae49e2e,SP
644ffd89339a2d2cd3479be46dbce91d,SP
6d45947c18621227f1e82fda7a73f26c,RJ
44f8648aea34370e3e10bbb6e333d6ef,SP
ec66df2cb66dfda07c03050470e21f69,SP
3deaf89058a65b6c3fd21ff77a189ea0,RJ
f384d3d46a938ede0333121a810b4d7d,ES
7a34180d4442d594be87d3e69bbf0ba0,SP
0561cee0e208939ff198184d3d7bd9fa,MG
e05a24d2c1d2cd3ae0482ecc1b4d069f,PA
e3c94f7080293bcec3facb041c6d0f7b,MG
989dbaf933f4e0cad8b35f8ce7db9545,SP
f2f4eb1a9dd538dbe28987f5d42e9857,SP
972e7c5340efc85efad5a12e49eff86a,SP
72a4d28238f6eeded6dbeba88988cd6f,PR
53162926c6c60935bfbc4a9d9419ca99,SP
6400a543b43290107a7e65480ac3b41b,RN
660ed1bd01292e89c1bdc072e05e3992,GO
c3765d3e438378787581dea1c3dc3d8a,RJ
cb633030180d869d7bb76aa783a78b6d,SP
9438adb7579bb0133f0173f39f85ae01,SP
8bceb21c15bad608c6606d297ee46d8c,SP
4274d726e175b67d5a1893ea0fa4e1a9,PE
b80feb27fb4955a21bca55fdb039af17,SP
89a187407adfc8a32a4d6233a6a237d8,MS
690834a6694434cfb474ee30305154f4,SP
1bb3950ed1e67c9b3dbd7d7cd32cbff5,SP
a86780ec4509f4c3191af88c40de649d,PE
998dd72620169c5d4946a893f4f8152b,DF
d1c6e90ab127d42b75ef2e548b4461ac,SP
d358b0b0d0d456e22212b8643729207a,SP
d61a69cff9f2013ae34f6067ddf94523,MG
d3c72ba3f7ef0adcb612dab05a515871,SP
9e3a06f863456c3934b9d26037c119cd,SP
8397274a8680c08c3208912c33d63809,SP
77e188b1127d58981db82ce19e0b601d,BA
766a6dd9d0045e8462f001462976ff99,SP
84b3985a451fbc57255b5f65c2763cca,PR
97f0b42943a89b0d5af2e2924481a1b4,SP
7b889aa673094a3d02825ce67ee7b54b,PR
24c63a7108d652ad0ed85589c4575297,SE
6c4578ce47ec34cc93da19ac6e3f8534,MG
03a5dc88300acdc63c40c0fcb54799ec,GO
c1e0dde767b358b5b0c044c8d5f408ee,BA
3d8cfa48830149a95028f6dc880e13eb,SP
a8d44d89ce95add58cf1e8a2f41304a0,SP
0e3fea1b0f292d71f5e8750446801344,SP
fcba45767e1f02cc6c09f78e21e4e643,ES
d9037ff057cfcc2f16b1abd6933dbba9,SC
25daddfce277eafad87c4d28d71d8229,PR
9ade348c95b66ce157cad614dc61fe1e,ES
9ab244a0cc4abef680f71591be46c239,SP
01ec27f833d99e889b944c5112addff9,SP
d19813c8754cc82d0add67df8bd8a38c,SP
d88efaaddfde753a7d05f6b1cb1b5411,RN
61aecad4ecccb2ef8e88726a68d832d5,PR
a260ca264a1787a1842ced2735bff664,SP
14c1e4101ca2dc7dbf876d9c9e6b11a6,SP
e91e9b76ee084a809a02f688b81da39b,BA
959d795bc3b33ca52a761718ec8f9135,BA
ae5ebdc6de8a5f0bb49b5a3cb50c661d,SP
6133c673d6332117825558e7fbffba34,RS
97a0e2c05d5882609289a1816e234ba0,SP
70ab5e994ea383619a19687837eedbbc,SP
1bd00f336a9c3b3c35a720f715e7fe58,SP
e6e855f3644b9db72b52e9fcd9cc5d9d,BA
ab5a1016ed934dc4b18977cea536f65a,SP
42791e4b0de64923954b7905a4d523c6,RS
141a1a131f78b3329311abcc428991bf,PA
0e24c20739fc582fda3306fc43683aa1,MG
16833ba7e54ba221e63cac5d9c78509a,SP
0b07568bfcc48faa6a88e17970605a31,RS
62082173db63a1a735d81f64754914e4,MG
7199038790946ae4e75b8efc080f9dd2,DF
147f69d3f50f2d2bc3797f20fe452ab2,ES
48430ed054d8d4f37f6ee4f17bb2d920,DF
45c97f9488b916f6b0c210556ee28286,PR
72c925898f3e64e0f05014dfc6dd3072,GO
150dcbebc045e4eabe1f896727a84ecf,SP
76ba803a22ca2f0892036acaead6a065,PR
a340ce6c3570e68d4575a06053ecc491,PB
aab5f71172c9d9ed6a13eab7abe2b1c2,SP
e92f36cc104bc4ede1abfb94804ed3e7,SP
87b5d2464401b73336fefb8b1e3b91c7,DF
05ad208d1e3ae7d49fc33c89026327d2,SP
4a293f5fca6868a2c0d69e89494dafb7,SP
f3318c51c9a6779c89f2567475b4a6b9,PR
56df3acf6826046c875a51d0db805524,RS
d21eee9c29efbbd504b464caab82b5f1,BA
c557c88c4ec1f4c74389e95230d73f3e,SP
f63db8b1515a5d3606d101d9b9cf9fe2,AL
300cbcf2f05d4b9e0c68b316a05c0057,SP
5d1ac35d928dd8d9f9d1418aba5f4579,PR
d6aba909671bed4ffb393c2c4a9c1cb2,SP
69ac5f3d593857624021f06cabfa584e,MG
e2742ef931c3e60509e74345605c5370,SP
14e5f1e56b5d74d9fe35c39e8ba04699,SP
60a9c78e3568017be691575628c8c141,MT
f2a48c51664d5ca2d7401f95994bb8a9,SP
3fc0d940852ab274e532e80b1c1d5c2f,MG
9530f1fe1ea5a89c949794e7e8ebe6d0,SP
af7bc908db6f201c0b53506cefd57658,CE
697100d1e9811a011dc96a0887406e50,SP
eeef230ea3868be789d424edb3b91546,SP
e7659c6f9fc78ba546ee2b0615258589,SP
4b4be2256ef77aecee551a7a665a7108,RJ
746ff2815fdfb80b91a40ff562c7ad96,SP
456dc10730fbdba34615447ea195d643,SP
4d833833ec5cc5bb9e6c230820e4bc54,MG
451a995ba5dc2665a4524890b7962f91,MG
e9804bd21b1d9db0bf2bf5857bec27c0,SP
74e3e653fa67f92300809f4369b0f8de,SP
2fcc597b8934d99715dbfff7909dd27f,RJ
debcdbb31583da1dbb6560b95ee39b18,SP
0421ca2c62e1e13536c13c8dea602d2f,PR
b60a568698ca321102eee61a276055ef,MG
0d3740ed03979ba91a9cb4eb6300dd49,SP
7aa3343466ae7796dc4e7db6a7e3e726,RJ
445845e4372db1e918553b093b13fe8e,SP
3c74489596d98affbe4a9388a39bf482,SP
8d2502669799c13d5a67d873981ac627,SP
ffc25a124da207c0b90a002ebfaa7184,SP
8f720778bef871705f690cdd7f2c7407,PB
466ca075213145305a2760482ecf8c26,RJ
7021912eee1bca99920c934a3d8b27c5,MG
6a562d22d4e2ce223ae7ad8bfd834ab0,RJ
b6b8e122cb92d8153a97eecba602db4d,SP
a70cdc7161618ecbfff0bc3de4e09f0b,MG
550ccac77275f9cdec4b6cd97ac118d0,SP
a2aeb9a5650ba6f97ebd3335cb0dd610,DF
b40a130a36dc28cdbdabe856f1eee283,SP
64297b84f640852cf295e3ab6412684d,SP
8ea2a72106ace564cfabf220f79491ca,SP
dcba370f080ddec2e83ae526d062dec2,SP
c07090e9a9e0504dd15cdec628d99f49,PR
c201c80c97c3d9b1c5ae6e363e808f14,SP
ca779f9ca67a4d4240dea192d6cdd454,SP
55490de47a9c2abff0a27a5296ae9c2c,SP
dd3926dff45a3459c4bdac0b58a2a0bf,SP
648b76d368b7925ea72042de4f00a9a8,PR
745b41873a19a0a1b38807987bd21cb2,MG
19c6be9e0d7588d54ad848d44abeae95,DF
f5af1f7ad0a0eeb438292e8540480407,SP
a83775842cfcc6236435e48b77767b1a,PR
2cfe4a934e085d0311823648400e4cd2,CE
68219d24f99a407e2ee5835e9abc8a1d,RJ
1d5c5823a964c7891fca921536fb2463,RS
ffe82abbde8061e75c4c0b72f3b2accf,SP
23fe51c9d4d1b1cef50c57b3c0babf5e,MG
c89d15c5a577db7e5d3535a0a54ae452,PR
f481cadc657dd238cf73200b92292644,MT
25d3e06c60d2d27035aaf892f9a48764,SP
0de81b04e35176808cda689cb88bd263,SP
fe659882d754bfbce85819a43c666004,RJ
790df320333ffa133fea78a257a556bc,SC
c572fd6cdd98e87ea2bc433b6da21078,RO
4956084127edf70906aa6ffa9ce1e635,PR
655f1ed27d68add99540cd88ea16ec88,MG
46e11714d9f2fbe6e44ced00b92c73aa,MG
a82a9ed42b002098621df8124fefd4ff,SP
18aae46d2f68affaf9763d9b54ac6a7f,MT
74bd614c81cbbb1e75aad1b2dd120304,SP
aa07a30179954e45af84aa94003d2174,BA
14a429268b2e70661e87c2be648a422f,SP
252dfd638053d916c4b380dbbd08fb01,SE
1a4afc7f367d41bd2edb6fb7f6e7dc8c,DF
614e410701e4458d2fb475053d7a9b05,SP
1b1304cace9aadc95b98b913a3f4047a,PE
66e61c83b0c33d1a843ab2061bc2926b,PE
59084ee44b406be03c3d6e28c60bea7a,SP
9c242b314a3640d13a97aac4e172f966,RJ
68d0607923d24c0b52ea252e3c77cd19,DF
bbfd6562ad0326487d9e5c8e6433fc8d,SC
ef6ea276070642bfc9f21c5cd9cbdb43,RJ
9cbea85941aeae8e6a33506e066a1913,ES
f48205601396f53905f1d9e5370f621e,MG
647eb903d7836d450ec6bcc175838567,ES
de1e5517fb50896bbdcff5814fb31802,RJ
16da36096df96205bb8d9505199f726d,RS
b70dd1b7a273c0378edb26d95390f857,SP
69a0221332271e8163133f15bb3d03a7,SP
e32d47c3c13f1fcb93a32ce60f59e0d8,RJ
10c7dc349ad0a77ea4540c0464567dcd,PR
766f1f01fc8ad721bd4c72207ed2fe08,RS
00ee08bd4046a080a8ec38c5e0937372,RJ
9ccdd15c9060a6ea0d5f0abbb7324022,SP
40fc3220c11d51a392dd736e38075206,SP
b83ce55fac1144714d63a72e62ed51e7,TO
64a321dafa36e657f430cd3c2d0c64a0,MG
64d181ef52b1829800c598942459061b,MG
13e330d6fa0e734ffda44f5b5610ed7c,MG
e8376bb0980c62f2368025ec10161e4a,SP
636f42c08bfabc00ce49edb5af4d4423,SP
48fa9040aa250397845fe8cce75f3f6c,MG
c34beddc345e97b15bb556100207a176,SP
a6ce93bc0e8cb0642ef2c8105456fe91,SP
af7a3089208b3025628fce28d1d4576c,SP
c5e16ca2f4093350809b5f66c5cdfd32,RJ
4dafe3c841d2d6cc8a8b6d25b35704b9,PE
5d24376e325a79e62ed98de02d5eb029,MG
04509e3fc8b310f74b4ee514f0c1899d,SP
7a5846ef7b6f7d58630bb4b0aafe2858,RJ
6968ea6ff6368619de4d031a15d5c9a6,RS
022aad8457b9fe76c22eaa3cbaf5b6e5,RJ
74df30b888082a6cfaeb6bbee623e6a2,BA
b791f3a14af336adefada909e64691b1,SP
4dab6a9558a5b8884eab4e5abfa71a76,PE
264d02bf55980e2934f42a50c221e97c,SP
1795dd79b24240d8f56302e7bed359e3,SP
11c48762b75875d8949294883c00d14c,SC
6ccb997c97b0734228b454ba220ed00e,SP
3fcc626dafbe7670a20531c1fa8eb3ef,SP
346e8953d3aac36a611fbace59ddc415,MG
d2a79636084590b7465af8ab374a8cf5,SC
4c6cc85a89f512df728a98f49b54c7de,PR
7f0ca17bb33b230b47459437cf0682c7,RJ
bc8bc13c6748cdaa83178cdf94ba57a9,SP
0e79189ae07ae153e49329776b5e9304,RJ
3c628393675b42c6b5ef89461f68ecef,MG
191984a8ba4cbb2145acb4fe35b69664,MG
a12dfb063d9ba1e0e2f7485b9a7d8987,RS
b174fb91c364d103fdbe5b9ccd95a991,SP
8ce5a8335c77debad7537ff999efeb8e,SP
ff08e4d01ec84cf685cbb73cea8c1aa3,SC
a1e9ade865049680f6f78c178ed60d37,SP
d19f254a07da73a055409256e9bfe40a,SP
80bcfb6131f4a90aaa0e1a230d747b33,RS
74bbe1a0e4f06bd62ede6b5f239bfb0c,RJ
8f437c018d57b705d06574998fc4f348,RJ
7a3d80bf0a5b5b564db738f5aa86c7a9,SP
2098460678d4ec096748c21bea80fd87,PE
62bb7754e891d448d845fec3cfaf1483,MG
9a4900710ff76d73cb3a0d152e73adf0,RS
24bffa8e3281713f3aeb4eb619bf0002,SP
24e773830688359e8fbf7f89b2a303da,SP
c8f1ff3238c9c1e3182968395fc2313a,SP
7cec2ad3ecf1b10ce543161225a13a97,DF
f178c1827f67a8467b0385b7378d951a,SP
3a3fc10a053a684ea7b581c82916e794,RJ
9b7d3addaab8a9237c6d4c45b68e26c2,MG
0bf19317b1830a69e55b40710576aa7a,SP
64f0489f9721747547375903b0468371,MG
0a0f638f52bade74d67c0239da49e2d6,SP
30fc4a8a18b770f84c381b09eccd9b8d,MA
68420570763989d8da614b8da4c5c102,ES
e7fb8d2c8a581e31b93defd84ee988fe,SP
c1b54e5ba377e64db9dc49d1e094e409,SP
cc9e0c2d088a2b71c3b5f067fafab259,RJ
1fcf3b848f9ca72b14d4ea76b2a4fe17,PE
3e0d49ed5998234cb45d06c5ed7bcdf7,RJ
d115a25e0eea3efaa6033849f369ee16,SP
0ff924800f1b14fea0d993177b08cf1a,BA
c6c138e91cd9b75b300f8d5181f622c5,SP
e66d33cb50becd445c9a52eeee37adbf,BA
4bb35f99bc715e6cc22932a5a623803e,ES
61465bf7dcc3dc596693c6ae259c171c,SP
6a575fe9813b011bf94d8185ec600045,SP
a4f809d1f8681ff7b4c03a3294528963,RJ
1690401c1e48c9526a79e72ba8c069a2,AP
ccae8f97bb03a9257e3abbb5baf17a1e,SP
0eeb4f0372ef95b3a1ee7c278e2788c5,SP
943a02b9d5564146f21343b020bcb5de,SP
8229657fd11afc46e7e8c6be1636c80c,SC
1ab1cdf0251ee60790cac24a399bbe41,PR
070948afd9d16208989b064551175780,RJ
e6a01189b2ec98944c29bf5b35adc1d0,RS
cc2012f88759d6b5f92e348658b73465,MG
8d8ae08c6a8561cd5e932281b2b53855,MG
3a017955f82b5bf61bb51aec865a01ca,SP
1fc77bb785f297743a18fac02b30de62,BA
e192997c0b0792b8ba9e8364d063046a,MA
b88110cc956e2c4f3ed611c4a64b297f,SP
55be46c8eddc7c5709f497060094f66d,GO
4fd75fb5ef1f01c7585bf746092a1544,SP
def2837c388d3254b44cc238dfaaa628,SP
8644be24d48806bc3a88fd59fb47ceb1,DF
a95304becd09a127c1f2d609e2d6d34f,SP
3391c4bc11a817e7973e498b0b023158,SP
18c934f4cdc994cd04eb13bce3f47a18,SP
c50b76da2bbd240a8508f5802745476d,SP
fee181bf648906d1c57f84f216976286,SP
7d527c98f408420a9d5c953e5b89215e,MG
4607f26eeadd0411d23ce49fa7f6c745,MT
f9717b3ce18c05540645923e43f64710,ES
e6b66b7e38d4ec0a5c703351f220a98c,SP
88da9ca0d179585f4c09cd62d71af872,SP
5eda0e0b4e9d11a87094681a4597f90c,SP
db925a533d94cee42707026949892c7e,SP
22e479a8d9de172048d1dc3e707f53b4,SP
259a82ce1a494066420e300430fb3e57,SP
a51513d774d1d7ae64332fec450bbac4,RN
8d087e1ce16374d733458b3e018ea4e7,SP
8c976a55940af1dcecf9aac47249aca9,RN
44e460a655f7154ccd9faa4dbbbaf68a,SP
8ae0c3603d6625e690bbc25bd6a29b70,SP
ad5303ccc4b7f49cbe9767f6a88515d7,BA
9725715e986c290e8d8f79e85be70c5d,SP
74805bc388861fa350ed2fade8444e0b,MG
215db0d9420c188518c58426fc946c9a,RS
cfb5d52b65936738f2dc936f15369010,SP
8f6e5911262a8742393596bee2c09eac,RJ
e1365d7b227b247b6bc0931771885eaf,RS
d7b9004ff34610bb3451b130ee2bf38e,SP
7332c320bdb473f6e765fee364de7da2,MG
e42998ccffc48dc87bf70b37e2d61f33,MG
81635d1e48d6fc1a14f8462975c96dc3,DF
3c18db09bbaf1ef66e568bc610fc3e9f,GO
a0b5cdd54fb202fb47805688f4577c8f,SP
3b6c1300a15f16c2097081156eb8355d,MG
9582c5bbecc65eb568e2c1d839b5cba1,SP
ea36ec29b56eded534644f21b9561efc,PR
9afa8a81202f94d96ffed6977f09ea63,MG
c2f2e9910c65287d903244f1a3e4472e,RJ
062a227b89b45c5b9bbc9c41a8590e32,SP
dcc13a2d32ff7ec6e1920580280f704c,RS
8f1a32257a013ab264c572e0b3ed01c4,SC
5d6e19aed6284c2fcb4b1a0eba6820de,SP
685bdb800c0df843bb14d7a7a241c0df,MG
11617a4c5fc72fccb4c2a53ea21c5a3c,RJ
33ff667cdb878cb8e222ae48d131c739,SP
41dcb106f807e993532d446263290104,SP
574478d054c2bae93a3c66c8a32f4fd5,MG
6ba7e8555e95549d99f21d08dadae199,RS
e93fa47188d998ecd355fdb87a5e62e3,SP
9f57e674f66d1758920393d010d9e969,MG
8a320a211ebebf7ce02c6a514f0aaeac,SP
366e99a4996b3f8f781b60d7549f9e38,RS
4145e2cdf46220102a9838f6c37b2184,MG
610a4163b8ab832daf93b4fbb48e9119,SP
c9280eef806b9c59397a4b993c1282c4,RJ
03c27921f605f0385f319ba1bbee389b,MA
d3fa2b41958a719ae19f1b4daeed98cb,SP
d3a7f01174c7a3d2905734b89cacedad,PR
6ce60503e530d8a67926e9b8e3fdb635,RJ
a883031033e9e3a9b75867f0bb39b4d4,MG
f69a1253f47a55c85890334adf6e9a21,MS
b3703265a0f993e108594dcabda32eec,RJ
a1a0692a3acbcfe9ec59eb2510936414,SP
c2d9ace6123e42fa913bd6fad131bf09,DF
0980d72e94bede8b0f7d8a4cd32511c8,MG
5fda6f4e454fb946126e9aaffe44739a,SP
52e6f8d0061d8cd1f500952398e1c8ca,PR
75ff064e942910b72e1ab6ddfabdda46,SP
b3ef2e15b1f2d5598a28e08e3536542b,SP
ce0ceb45fe0c526c8b6959f36131687f,SP
d5ef6eb2e7cb3280ee294b63ecc10fbb,MG
e8a332c3433fbd37920ec89fc295d075,RS
29251d6a551cedc7040b152221744460,SP
f5d89a35cb6ce8c1e7ec7ac20c45f9bd,SP
1510278962879d204243606cbd1a9ede,BA
725482e68df8d999924c84f62c9ee40e,SP
8458f7ae02bda5950ce48c01a720559a,SP
1fa31689dce56e0f4aca4c2828a7dc36,SP
7cba926b44e53ecc10ea79df991da256,BA
0a3ac1140826e07dcd774a7fc6e288b6,SP
065415930d45ace4ad39039b5d0d9341,SP
02077904459251edd6b421b05fae711c,RJ
c11fbc580671361648bce57643122d12,PR
3c11f4f0d688fcca55850744ec691440,SP
8c98ce45c69c2a2fb988cd55a00fc20b,SP
5cff2efe34e8e604619520cc86201235,SP
3c7b14b0210d382e4b30d5d7d84bf028,SP
93c43171fb6570c1c278167d386a5db6,SP
40eb5b16b04bc62c59d4905857958e82,SP
2c069e58cbc8b600e8e4078598ee2c35,SP
d0e3351321cbbc1e4928cac9201c4729,SP
2acac3dfe4fa0e75b07461873a67e7e6,PA
5009c471461106bdc79fe8333e03a7a5,PR
e71b7daec09cf1f42e8764868665e5b0,PR
1e1f25dd8d5d50c2c438163bfd204126,MG
1755fad7863475346bc6c3773fe055d3,SP
601b800732110a9e3695e9c454bfa828,ES
a0d3e4c74c41e64fc0e34a1805a0f820,RJ
fce8eb224fb44bca516d50d140e88ca0,BA
4fb843d304c57182d4aa27bb39ca592b,SP
e9185b3210712b4d59df466551941825,SP
ef6fffb44c4dd02c0e35d6b6f9acf31e,RJ
22b89dce93d025aaff2c256dc12a391f,PR
7e5f789e079e767b1048f6f69e3fb67c,MG
fd09581178029df57e2c1f177fc8ef29,SP
9a91c8c5ff3cbd56c19478dae95a412c,CE
dce0f4ec1a81a9f978ce37a460c55fad,SP
25dbbf0c477fd4ae0880aaffbb12e8b3,SC
687a935172033fd0c5fa350e5cfe1458,MG
152d5eeccb9cbfd05ed8ab2395a14b66,SP
e62a5e94613727832702b23913c1d649,SP
45193c34a13942938ead2873b64c360c,SP
df60888bb018eac1edeaf5694b830029,RS
96235f1032b3a83d13cd52f4cae7ef68,PR
c7f920a7b4aed73af416b5fa6f5c5584,SP
709a44317585874947086347088ff28b,MG
0b706fbffec4cc332af5995e683ba779,SP
a72bd498fc675be01dcf6c5f5e86e520,SP
482d1baa7d2f9c4d4b54ae09215d39c8,RS
134339079e12e3d40c72a5c3025c021f,PR
3828e9ac69a218aa2d5bb317df7e877b,MG
27e09361aa7ba406bdabbee77fd5f4ee,RJ
478d1ae10b5cfa37f148adccee44970a,SP
7f98b1c191f40cc88ba51d1c70383621,SP
e93fe682b610d10753091905388c433f,GO
9846fec8bc074e976b741b9d766afded,RS
09d9f64ba169a1b0e2c8d9690ef483c2,SP
a577945519cf174d409718b07514767b,RJ
69ea23afb210ed2514e1e325383cf78e,ES
cffb172123085bb4496595230e43b97d,SP
ce23f51b42b3258700b4aeedcf53a96d,SP
d8f2d04650db8e8b43d2bdce53ddbfa0,TO
1b116df734af684a39602a867430a4ae,SP
d065739818d474d19dfdb51d54c0a1e9,MG
561812638ef3a092f78f0c4a5f0c58c8,SP
ffdc2af7160aed3bad21cbc8ec68c0c5,MG
f936ee0917d5d6e40833918f8672ced0,SP
68746de895faae694d07cc9dd9c78f7e,SP
170724a3dd2c3b4b4e82955564e85f1d,RJ
a74f39cf6735d061600bc043d4f9326f,SP
94d64c9b674e29504cf012056f182c9f,SP
8787c72a20002592238d7b80721ab729,MS
8c4751bbb5aacd9f0d694e8c622faacc,RJ
2baf69aa9f7c51867a17a6bb88fb194e,SP
86acfb656743da0c113d176832c9d535,SP
f1e77cf0c4452e2cf36f4d481a48024e,MG
d7492c2b1d4bcba6c2c8cfd6a25ef8c2,BA
1e82589c6c7a1f0d30ecd3e87cdeaf0f,PI
9eb793d1939a97ed213e8e7415947d8e,RJ
bd0c57b418e8b1cd0f10d87da71a403f,MG
720f6f7d2b4d286d12fda1ea47781302,SP
f31eb05ebdef1ede72cebeba759e7c92,ES
f27d38186712a26c18ddaad3f3165e42,SP
fcad74a7e0dff27c33e36cbd78280bf9,DF
9aed6fa0db5da18a5433bbff4ef320b8,SP
6772a0a230a2667d16c3620f000e1348,PB
849b3f67eb957249945aea7088399319,DF
af684ccf558442d5fa8d9daa7456ac76,SP
39b99beee67aed8ae9553366b6f79de5,SP
062328becf66582e5849b4f2b364b143,SP
41db322bbc128ead2b4dcb94280a9ce0,BA
b2859fd419788314d84da3852630e56a,MG
4f444b3b5cd86e70e2c49210020c5ba9,PE
fb8b8298c590af3ee3169596c5ec2114,SP
743997967809a38986c47efc0467d830,BA
4c80c9c4f15db841f85d24b515c68ba2,RJ
4ad5a269a2d59d2c83ac551b5c948c0a,BA
bb78e1ff2a9e97842dc581fc896e161c,RJ
feca0f935fcce79dd42d409d96af9645,SP
c606407eec8f9304dcd264811b9f0523,PB
5184df07acf834cd8a00cda25c376ebd,SP
d1c715c3201e2a54b45c12a6ae5e0f67,MG
69c2c14480efd86260ca133de7a15868,PR
267856cea77d0833f02cb04e26e72100,SP
d83913dc23a7f3c90ff7a10d1b4bd4c6,RJ
42da448b13fbef03246fd2ed79442e67,ES
90e5ceff72c2844348d875011815f1de,SC
ef3fe54b959da86961c5301a33cee529,RJ
4023882589774ba137fdea0400aa4857,RJ
a6ca4afebc562b754b8736ff2d5adf52,RJ
c8e156923e9f6ddffd08c5df3c01880b,SP
346b53f3b9d4d463d32641e88c68d85d,MG
ef115244104b1f97ef5710a0441cab4d,PE
776ee30289e41e0494e430426d953af2,SP
6441d665c5a1058502eb8ad0a2e2282b,SP
502bb2b647bf2cd2b55e73381cb9699c,SP
0b39d705dbfe16398432a7a048591853,SP
d1b370c90ad7dacb840010a6e89c7e89,MG
15f73cd40ee94734ce2f3ebce168f1ba,SP
2a381888bc87c4fde2eda8bedb291234,BA
844cb4ee61b1b92e94afbe24cb04edf8,SP
f7fa32b05ba9474a22c7420310611fa5,MG
84d9369e3431d2b768c1e80c9678041d,RJ
427ebd67be61503c00a75d8915080a71,RS
2a1789d31dc13c07b1687e2731f7887b,RS
a8e5ab9fae7e21ef7e843734f55602ca,RJ
de321c0e4deafe175d021b9d9b257c40,PA
6723644d9ba48cca8d848b1f18c70841,RS
7181d4c67d92d02969a0d9bf56d4c645,SP
74cba9ad182f87192847d942abdd259d,SC
81ae5da9106d9b5af38c42eb81cce399,BA
4632eb5a8f175f6fe020520ae0c678f3,SP
705f15a6697fdd1669e161b7a5295dca,RS
94074895c5b185e9642b1a66a3ef05a7,BA
43e0730019df444079135bad56922da3,SP
bae2e17717f1e6f357bbac0107dabfd6,MG
ce022d7f2e8d5b3ea5884c8bdea62226,SP
5e6bf6d2a87450515182284aec55dc3a,SP
c79a864b023ee46e9a2e29bd06e72579,SP
0913cdce793684e52bbfac69d87e91fd,PR
12097fd2d4e0e9dd4fe1dff039f63b70,PR
b63e33229b055963236f49e39c1e8046,SC
e986427e3d822269e0b7e998d86cf267,PR
317072fd23410f845f2d3beba3747e62,PR
b570c3635a4298fb6ea7f1b24771fe83,SP
f8c3d249c98f91b25409df45d4a095e3,MS
77650ab2482dc921150e09bea05890b6,SP
99ebfafde8b9e58fd12db9d5cc83132f,PR
bbf7be5b7db9baf4509ae4573c8570b4,SP
901f6c008611d3f7cd4a4a094c475408,RJ
638c6674418fc58283a73c078bcb076f,BA
e4533e66897653612225400895e0fa39,SP
2285565c69d3cf67aff44a8a910373f7,SP
c66b45c4e7a46b471b18da7f3f7a2e3b,SP
184359ed3f22a99dfeff1f70a95510af,SP
ff4512b27e3f8d9774f6e01ceb951035,BA
d9ef95f98d8da3b492bb8c0447910498,RJ
6eae55140163e2af86907a15a478f2d2,SP
b83bd80a9acf980ee6ac382e5c1452ae,SP
2fb2352bb92085869dbc2c73f802d07f,SP
186ec83c7ec57c2073127c57d48d6549,SP
e8fff6456a357707eba84dae9ef01dd5,GO
732bfc93800b812e36e9df56ba1c376c,RJ
cc89bb0f40fb83134cddad77849dd82d,CE
c4445fac077e8eb2dca9de6f5be8a6ca,SP
cddd30af33517a3fcc9bddb552c684b6,RJ
1795d4e196e92788373519059c0e6897,PR
add72faa5e3cf873054bb6ecd9472e4e,SP
f1c76162ea81ad7889daffd690950c5b,SP
f59c3b73fe7833bf53a1be19a6f17c81,SP
4974be94784b655505e37fdb610a8e78,RJ
7f032f61546940d53d5f313527b037bf,MS
4c9c7c2b6de6ee2568681b5599bb7495,SP
059f7fc5719c7da6cbafe370971a8d70,SP
06757bb75493151d0e73ce8e3bc32987,SP
ee8e1d37f563ecc11cc4dcb4dfd794c2,SP
7e2ca73af071679902a9ba14d7c3cee8,SP
84f6eec07282d6ddae9a4211812e596f,SC
6233e1c1b76b3f0e1527afdd8db0c7a1,RS
37d017dda9c2b37e56166ddeebc44140,MG
167b9485947ed0a354a3f8dad04eb199,SP
6c9d5406be0d00b55c698e4f5f59c42b,ES
ada98c5815c41b1489a6b5761a36655e,SP
ddaff536587109b89777e0353215e150,RJ
6e916919988c15d61b259bc9494db0f8,RS
6e1f1a05297f39ca54b3949e68c9a0a6,RJ
40357acb43a9f2bac194202545bef741,RJ
78438ba6ace7d2cb023dbbc81b083562,SP
3532ba38a3fd242259a514ac2b6ae6b6,SP
a338f42b6e47cb49d5c5128a348b76ba,MG
9d57e17547e118b158dc652dc640714e,PE
1aed7bcb3469dbda3ebc61b12938a4ba,PE
531b21f332366319dd5519bb9dd3743c,MG
1d485563edb59324c37c002a1f96ab32,CE
7f71ae48074c0cfec9195f88fcbfac55,SP
69fed80679956179027ec3b2df9620a1,PR
deb534c4ce5c2d8ef23f386321389079,SP
1d352b619e69552d34827f112485468f,RS
102d3cd02d947bf923f70d0e358a44e2,SP
37fa10edcaa7f5e69d5aa10558843ca3,SC
97aefdbdbd4827e77ef2b1c3bb50d60a,RS
e4036c0b5c6ae37e645d34a8293a79d1,SP
826c02f105be443173bcffb209476da7,CE
355474d121f6ea4623bbf34bbe80739b,SC
1a949476f028910baab6a43ccb9f332a,PI
37162cac049e2c9a4f0eb40c81c3cff6,RJ
436e9e545e5299f9e29e1f6083267aec,SP
d5c3f175135abfeee7f63c1d64882156,SP
df01594ad086f53bdbbf927198981446,RJ
bb1e941d0e011c8a1a72bb2bfceb6c61,AL
ee339bc1fd51a275cd44985a84e2515d,PR
1fe914be3f4027b4b54be92fdb3438f7,RJ
d29935fdaf4a76f34653da3def4f2a24,MT
788e9580bf43966d1477ce4fccde2d32,MG
6729078b4efa4371e61e6ec7df327846,SP
67b73da9983e08fd2e278531a7062d89,PA
a71f65149295549d85fe86597d5bf59c,DF
90d2e6f72916e728253129378a36fdcc,RJ
45c4444133e260eb729533fbf3b1837e,MG
44e0ea3bfdf99e48cf4c76bb3b134ede,PR
11d81028de401df36d24cd769fa0aef3,SC
120cfe05591775d14f4852a9080a2663,SP
c286d8d1ca1868b73e7e89118129fdf2,RJ
45ba03e2c6bbb5dc48131ba32ec3ae5e,RJ
7508680e17b526665363d2bd205b44a3,SP
228da462edabbbc68e6d265087499705,RJ
f01c52a4a145463aae16a5017f50f11d,RJ
b7c8b0dc77f216cc38f1c2f722bde338,SP
ae5c099e4280d1e1623790fc42494309,RJ
25d92c6c06f5fbdfc66aa5d91a5b17a4,SC
85edc80a16b4badbc1e58061b6ba26e3,RJ
7aed8da5ae4e0e34226c47f3bf041956,SP
80e6d004e23e1fa0a1048f7297b458e4,RJ
7a3bd3b37285f0ab25983420cbd01f4e,MS
847bf1bfd5767bd38113d9324e29b59a,RJ
69c4c800716e7c23bbee20075aa55f6b,SP
24a828ac4a607d344c6db9cd90afd0e9,RJ
9583b047c90d4aa1c5c68b4065ba7f4e,SP
313d46bf885960e2f3a62effcfbd789f,SP
754580db05fdc599ca4532c09a328da2,MG
6e7d0829bdbbcd61c6d863922f942daf,RJ
d70a4c877dba1679f5c7ded688e39609,RJ
dc20dd848e86e03be23cc9883378cd65,RJ
76151a775ac037b2e2acea0033ad43e4,SP
5403fdd3b599bf8d6c07b02c3ac39ff6,RJ
e54367d4b00c5cb76d2dfe71b9bdb89c,SP
223aef59b5d349b5ae42f73af48f0c8f,MG
b0e809b21312efd191d8cd6055457f41,BA
e5b70244ffbbac9f5ebde9ecdfc049f9,GO
aceb1218ab19cb199ebe711d613f9fae,CE
f2c52534beb7f3e34299986eb4950d92,SP
a7822dc752d3f4130c061c077d15d5e4,RJ
6da199107f9bca1b26fe1fdac3937f6a,RJ
c7f26440b498a90f758f26eda34f1801,RJ
1bccb206de9f0f25adc6871a1bcf77b2,MG
a3fd85d47dab4959cc2103f846c3de65,RO
bb43ad860331b5cb19e33357a187b7b2,SP
c3ce13fcf8ab552fcd541aa1f2225389,RJ
a8f76d9cb0f8db57cbbfe8d67b257893,TO
9298e21b96ed98849264062a27a76c63,SP
9e08d3d12c8694671a52867c2b9bb224,SP
9bf7217158566072ba308c3d057bbc44,SP
bcb7503aef00e5b3443bc1cd5397276d,RJ
663bf83c0a98f8f2262f24b8f42752e3,TO
5f4cabf6980424d31df7199e53647b28,SP
48af1e304b92d53867e5bc8892f2b052,PR
20c5718e5f50e1e3800046039376e216,SP
dd5095632e3953fc0947b8ab5176b0be,DF
62d50e9a714ac024c196d9548594e2aa,RS
6a3103e7538f6e4a02eeda6eab7c4bfa,RJ
4626deb1d6528b9fe2ff75fd889f27c2,RJ
6af12e8e6fdd92d3e49abf9eac301d63,MG
f13bb2fb4cdf0a6655b9aaf846a73f13,RJ
83da8aec5d2e8b2847e6ca45bea5588f,SP
45f9053fc8b24a6d5afa05b6d1b330ab,BA
21e121469a31f5b4e2eb5b6574359c4c,SP
0ab29e5915ad4ba4c6d77931b038a1ce,RJ
b1aa70fb1fe24bb15603aba207510343,RS
74a8a3b6fe196b1c69c14c15bd62eb2d,RJ
ef9b1a2e4cecb4ca7dccd1e3ee8400fa,SP
6f8f6a52f408ae47a83c5e2b7d1d395f,MA
e7214f2cd8744c2d6d53e74e226ad9de,MG
65c295c5ac6110fc4214f32ab7df512e,DF
507f4a747b0dabc6ab5d6806bb70759b,SP
bf29b64b2a630fedd411e4b836c216e7,SP
468c4f2750adc583cfca2f7223d7ebff,SP
e41b352847236a6ae426ddbd2c3a4e1b,BA
71277afecb5c7487d4c7f39f6697b7a8,SP
361075ad44ffadb27e3440aaa0271533,GO
6561ef6306e6369b42177e51ddcc35ef,BA
cc64309188751727fe403d8570630495,SP
0a11cb0fb65032da800b780afcc1a1b7,PR
0dfb45e4e023f6d20188da2f6145a3ed,PR
8205033143e83aeee71e4df23fedc372,SP
e2213ef52c2e5b77e384da020482acbc,RJ
bf7829c59bdda3409fdb934815d53836,MG
91aed284ce3e18b2be4cb2dafc798b51,PR
8d3d362741da05c706eb55001bdfa1b9,SP
f6f80187601754d61deb547e6d5b5a06,DF
7dba19b4aa8f8741e306917190e6e950,MT
708c3f976416fee8bc3252ff6c411f41,SP
b2fa715c098e050b476d9f1744c777b9,SC
ec05a6d8558c6455f0cbbd8a420ad34f,SP
ff891bcae7042cd5420f17811ab607d5,DF
695449e690b9ed39a1afa2dc5f3e900f,SP
e9cf29627a3977b27c382a2c6f9d554b,RJ
efc66ff7da7b21de91828926c9a58fe1,MG
20e642183661bc171e3bbaf3e6098d91,ES
74246ec587472230b93065911e420ed8,BA
a283df0eddc285d223a925e3ec1a0067,MG
a524eab70342a06e4b101d33124fee29,RS
04e348e604e760a16a4d3160462c73f4,DF
ae8ed9c83d32613ae9f7e6c72443cdbb,SP
92ac000d2f928f22b64ae50dc34f652f,MG
7c2bf05f6902368e5d21040b68c2bbdb,SP
68f4ad79cc0c2ad06e19088f5c00e9fa,SP
2f58942ce22a94bab8236b05f48b2ab9,SP
dd24965dd5aa551df36ce4baf180445b,PR
07faf5d8c1d359058b9d05b3cb4d1d3d,SP
7c397262827fc3b4fb1eaee0d480cbbe,SP
bab96d089beddb1b1823284d30825a56,SP
735fb1ee87aa26987bc7e2416b167054,SP
3375b244ac4cd58a673c13f24156b372,RJ
df9b032b2ad0fd6bf37dfb48e5f83845,SC
e85a01b0c27d1161aa7d71c2afa5977f,PE
aa738cdb72af39e38482fa25b992c67c,RJ
684fa6da5134b9e4dab731e00011712d,SE
6b0fafb93f2ffe553ee4226de796542a,SP
7896cf5e5a3973bdbc7811c3727dd6e8,DF
d612ae3fd747409f47e50348961f5b6c,SP
c40c7807639289e3f1308ac6e5bc104f,SP
ddc49820b80baa11c1fd013d27e171fd,RS
2d2b1b42705b2f080c47fb2c46db46f6,PR
33bfc91146c9eea42397a0430585ee59,SP
3271f9dc34c1d718be03cff03dec7acd,GO
ab5f976b67616479af3bd2404c26ed9b,PE
d3a05bd8ea655c5e7d56120b0b23669f,SP
6660b4dcb6bc876c71cb3f2d8de060dc,SP
73d765b0b1b2c7649280b69676c337a8,RJ
ca08ac90cf5b8ff42d87a9d754c2374b,SP
204bbfa4c9b59b50791939141259e2ed,MG
8df60f4b5c7991242bdbde7c034f2057,PB
ae93d71344619ff965081e7e57c94788,RJ
d020628b224f6a7738f735fa3f648cfa,MG
5acf0280b9d077d2f2e0e994a64f72ce,DF
9fc24442b2e31121b7c8907d33253b97,RN
15f8bddd3b14e7c3bb4f2020a35e1f3d,SP
fe2f3701874bc7c2a8e1509621366717,CE
2569d6c5ed547bf0feaf37e32677fdaa,PI
d20ce9616a4f457e01b607334fbbb722,RS
45c9fcdb0cd88a5630cb4405c4d2e4a7,SP
46d8521966b3f64cce626dfc6b655d1a,SP
e18f0839b686423535bb862e71762cf9,SP
30263a0dd35e8aa7df79414030756e15,PA
99c336ab501ab1c1e70ad4e668e3442e,SP
9997d3fac97d1dd96ce13a68158e84ce,RJ
a6f0724c88ff8742ef397186be22c75f,CE
3b06aeea8f6124ae0e66e6fd1fc97ade,SP
7681fbcd3ede0e49dd00c993245ffb3d,BA
827d7240a35889668129a7b10aa0081b,SP
a3a7a7e9325f146eaeea7cafbb1b5345,MG
ed8c52327eecff596e141636d5b556d2,PR
15595427948a23e4ac9abeaae54f9f31,PA
690d9e177e7d2a54b8d4ad4c08d2b6a4,SP
f6a4f5fd1f3e76fb341c7558b76938fd,SP
c9714864eb54838221b5ae330c338590,SP
d2157e41ca09bbe3a232a528d658195c,SP
9e4f4608b4a885205ebb609ecdb7ea5b,SP
69d8d9775287ba592a957eba2211d351,RJ
c38fa4fd1dcd99e0341c633c7b4732f6,SP
1531106e1c467cea04c233e54a383098,SP
5f9d934496cdd0317bf9d307fa131859,RJ
728360ac750d7ab3031c6c0e377eab22,SP
2e9a3c93d2ff06bffa5cfa7201ab1ec7,DF
30f3b26a06e5a67682305298f83e6be3,PA
6c9de7274450f72bc4fb8d28f629ef4b,SE
6169e1f688411d49915cddaf1f5c677f,SP
025c2b263a9a9247f855c0c777aabe33,GO
940526d0df4938d234d0a900268106c4,MG
7418c20b5b849992784b51ce99b43b1b,SP
a5a503bfb7b525f8176ea84c6a9389e4,DF
88196bd808ae8abe1b944efe1807b508,SP
348dab3f7710f2be30559eb101ff7696,SP
ce0681e1c3f70e1452183c4eb5e66602,SP
5d620255702bc2d194c87b2911951aa7,ES
dd9fdfd1c2d9c13f398bf35eb1f18325,SP
d45911b08f65d94b147768c0f369ba84,ES
f11e9b6d22751ce7f65db87b615fea21,SP
06a70917afd2dcd59396e1eac836c646,MG
7b0fc6ecc532642ffce9a191715e3faf,SP
9134f2092e13a2323b387cbad1f56d1d,GO
954cfe56edc8052d49bc5b4715efbdf3,RN
52006a9383bf149a4fb24226b173106f,MG
b53cc3c992caaa45ec73cfdde4d839b5,PB
73fe5c78e86e6a518f4c9a834b96ba1b,SC
8ebe25aca53cef9a055de5c20eca76e7,SP
4150cf7549e3776c9c3c6b54349b23f3,BA
6aedd904a13070b8a5c21abd8de0c090,SP
94af59d9cac1ae1976312584f628ef6f,RJ
9609746d9d84c1096dce6a95b3a9f7ed,MG
aa012a8928021b41ea6de61e855880bc,RS
c69f8b33e62ecb30ff78ae46d7fb9241,RJ
13fd7ce9f08449dec2533119379a2527,ES
636fd957f57d4c30891ea36b788d1a98,SP
9fe7ac7180ac1ee5482b89b07f7b7737,SP
79d9271e1bd3984404a8b296a6de3c42,MA
d3558802f902aaa861259024d95372f8,SP
d573d2e2d3e1ebdf6360fe42765582ec,MS
83257fb6f3a1edd3a75464178aa3f382,SP
829161c749b57a5e1a33703a77718e05,PB
da71cfb20c75ac5ca5fd0552932a6952,SP
c9e9578f912e420d05abfdadb830cda5,PA
028d9c8cb891f2860106890cbc40834f,SP
c55a6a8fb09446878f0ec7d78a1471b8,SP
e1b83eef480aab9aff380f6ae34685f0,SP
917149651e472bef5b609eb58e742eb4,GO
dfd7aa2424a1aa1abe8f4502712c5c28,SP
b22268461b6f04a95733c44174586458,SP
89232b00f62b63711ba3be0c01a172b0,SP
58ffe52cbd8077e75af00321bd152ce2,RS
db2bae68f396fde5433217c9730d1b7e,RJ
d6d3a9d936ef9f148ccb6631997b13c5,MG
fea3ed32e9d3eea5878fb54a399461a8,SP
52ea3af8cfa23076f574fe22f73e47ee,BA
eb19d6117ee958ab1e3e3a2d8b230083,RJ
ac9c7c7db86f7b99d3cf8e7e1d025fd9,PR
9ab871545ef08235dfa51639b9f5ce18,SP
a00009bf8489ae779a18179b4716f195,SP
5c4a6f6b98ec2d780b10f1cc88ef208f,SP
c9444a4e408930bdf5341d081def10d0,PE
21cfe8ae0bbbc0853ed7b1532f3dd7ea,SP
91dde4c0b69b0e363efdf93a0ae8b8f9,BA
4b64f923aa84a7f224260bc473819ad6,SP
fa124303523931c3e5f132f33e9110fe,SC
16fbb85003b2c83ea0ff31ed5022b9eb,SP
9bf5b0d90ce42a8216c828b07d44b528,BA
2e09a0d6a340c17e302b200c2194b39f,SP
c590bde02b403025bd56faa049638968,SP
51437a7b80a72d28fb0dd8debbb7fc60,ES
284e326e8a71e55bdb0b210ddfabaa27,SE
0ea03f60c89ca5678a23e6b3badcbb43,SP
c87654c6c5492c2615a6c135b017bccb,SP
6a9f8b26d13f6070c2be70b834949be9,GO
cd3ce27aac0c6ecc4a3ca29a93f07c51,MS
53379b14e4048e025dc5a2185f461bb7,SP
5c427f06e7fcf902e309743516e2c580,SP
2151df75aff3122332dfc66083790d56,PR
b05df7fc4b04012e503b4950aa27a8d2,SP
e26eb46e8146dedecc6524e5d9771047,SP
83fc79bfef5a8fb84c5d77f3748e0064,RJ
a7d1dc2de29fc011bf5f947f8a8636c7,RJ
8df348aaafe2a0df5f1ad620b64095f9,SP
6b9aa554bd8240e377eb1aca688e6e39,RS
f3df91219ffe2fb3e399377acfd0e527,MG
fa07ada3f850284255c79f6c93490991,SP
b4a2eabc4ac6b82d0f3aa2961fc9220b,SP
5ca6f3218e411dcbb9c27ad61bdc3d1d,PR
449e553f0fa7504123c432875d9ca8fb,RJ
19bacb562bd43bd4eaf05b6c0a59dad0,PR
843ff05b30ce4f75b6170b39c78a8ee5,RS
d2e69592f6a7899fa93310dea8f31096,SP
aa78339a081ffb1671c7140d2693ee86,MG
24422572c50718665f5a8589e5d55d78,PE
df9c907a19d1c599e071af85fcb04f92,SP
148dae217fb9d16e644ffc8c9f214432,SP
ee6afaf3c3be813761f25c1e66b8fedd,MG
993f2de0c7a27d4b99698707cae71d7f,MG
e200b9823371b1da02a7ac74702a1f3a,MG
0603e61027d99341d08fa2c64fdf5915,SP
1670832aa0263adfa1337adf89530561,SP
d448b7d85542debc1b41de6cc14b50d4,RJ
3f0bd16414d5fee5cb1d19769c3c825e,SP
069c942e82eba9152f2797da49e1e764,RJ
edad39f31de2438ce949eedfda6e5ad4,PR
c17267116673d32cbb4178325794613f,CE
62949a19102c82481839ee2318f8d71d,SP
8b3b5d469cfb93eb08d252fd0120c676,MG
fd673a07896aec385c5287234605f166,DF
5f2bc926ec92aa65c33b70ed59e74175,SP
9b4daa1db65ef1623983286611eb63e1,RJ
b55d0d8610fbb4935574a98c33c6a60f,RJ
4366ad2fadfbb1f93c2b10d55d2edf81,PR
7f4f922b7b111237fc0e33a6533773df,SP
522799207582d92450a129cb6e516b4f,SP
0147fbc5c91112d914a4f4a480a0f09e,RJ
e0c153dd9802d047fc86fbbc9da1a59b,RN
a81d2b8ee773249a32739a766ef9d891,SP
45aa60acb5f87544e19b278e6955e451,SP
d8bd4f0d3512b29c32850d5e00698b88,MG
6abf781c5304890987047e9aa239caa8,PR
5e3f472fbaeca6350f1d9d3072293f31,RS
0a03d3b2becf1e6ede584a394d562c45,PA
2ef4b4c4630ad3c0f379af495307470a,DF
dd1506d329d9b0135855082aae3c79ac,CE
40c2d7b6a7c12eac3403a30fce65d3d8,GO
39f944145e00598d075faec0bb1f447a,MG
54f60df7bf8415b9714bd26eec037b2c,SP
ba4a2d569bc0439747d4846bb939e323,SP
c218c0ad64ba488d6abf967e0e346fb2,PI
032f25110f17bb0d65268257b10738bc,GO
bf22881f1f23a79916784ac5b4319c56,SP
2b56e94c2f66f2d97cfa63356f69cee8,RS
396155add48b67c364d17f5c16625e13,SP
51a8d592336a414fea21f12534b0f797,SP
f41d2058b5f03c36e81d18a58878e876,RJ
a81e8424b6bfd433cfef8d7bcb36b26d,SP
5b0403fc813ee1da7cd9a0816d205016,SP
6707f7d56127b258c3a93068d0f9394a,SP
fc6788a31c7a99fec01c62063032bc12,MG
d01dc54fcf3bf7bf2fee5926f43e0516,RJ
0b88fc5d116430d2cd82962c039c3f88,SP
061ec581de52487b1e96c24df4a70527,SP
b1dd715db389a2077f43174e7a675d07,SP
2ec7666d1077597d4e4ff2116a319530,DF
1fa16395beca89233661543954ca6cf1,RO
574bc1bc07d89145ec04fd7a5eca5c3e,DF
9f6618c17568ac301465fe7ad056c674,BA
59c0ac147fb499a0f14577f508a3657d,BA
957928b8ab3a4c3a4ecaf3818801af0b,SP
a3462eb52c92ce66a03f2eb65b58de6b,RJ
ba8329f5610eea3af74dc1d1fe3e4564,SP
cdc2e8e8d2dd01cc8e5556ab440ccb92,SP
80c3315cd9ff9d91afc63a7028c50712,RS
4befc2f11b265e8aad849eafc3c82e43,PE
2fdfa48086825561ab78672c8513dba8,SC
4ce13550ee2faa98b72b3c507e1144f5,BA
cc268320e77ed6ba7be0107cc7ad1b8f,RJ
84b100e334843870e95ff29421ab66bd,SP
7c89a2053c38cf699f55fb5864282447,MT
db5374a5a0de70b9b226cc07f00c7de3,SP
c1ddb7521d14db9071dccad0a94305c2,SP
321d2bc7c3bcd8475d52d2cf4a179c37,RJ
da47b8739cc4221880eda77a98215f84,GO
dc27f0ba438996b55e0c008515a38147,MG
7f5c8f56535b9c3dae5d7edbbc03849f,RJ
6cc74c60ca9f1e86a7116ade13075729,BA
2698695709c21e561e5aedcd0f297a69,SP
754862f813b4662e840ff16a52db05f0,BA
7414fbad34386bbe9daf9d22b831570b,SP
c3b95aff4e8ce920cf04ddae0ad7b7af,RJ
422d5038574e8ef4a62100750a7bd05e,DF
43052296c9ba662bc8628ebf9661a86d,SP
ac2042ae043b8f859f71ff914f863cd2,SP
5a58afc695ee03b9baca01d4afa52cec,PE
02731f7e9105dec7fc7fa715ccd821b3,ES
aa601b3c45980c0918042d5ca7a25054,SP
957d0f71c1ae9335c366d1db03ecf188,PE
e8d19c7ae749d892ea35e91da2f345bf,SP
b9f21de0cf737e46054822f6082eaf31,RJ
18e42e6a3b2022561588b6d32c036b52,SP
61cc0e28471e6851f580dbdcb60854e3,BA
20c428d35e8e49aad5e519babee5ff48,RJ
3cd182168854efe2024efbd623437ed1,RJ
7861afc49adafbe05db500f9d1ab534a,SP
3b5595f4f91fa8f27d5d3a7ff2dd0831,PA
9238a417f2d525ad5640693385b86d9b,SP
d4ee857c70a9038a06ea3f38861c728d,DF
f33b3d6c9af33c35f9a32f66285a6b7a,MG
7607cd563696c27ede287e515812d528,SP
819d8a9b81c0d3e3204e5b80252660ca,ES
b70e717fe0599c3bf2f69725b26fdf8e,MG
5a7500ddd320df5f05497b67090564da,MG
76cff9a9995b25f21d51697f49f87652,SP
aee9d44d59c6cb00a9d64b390666224d,SP
caecab08cac2be52d89f87462765b4f4,SP
2bd76f7c3456afd0a6885eb89e8bc212,SP
0bd6589cc150d21213487c73a45b7d3f,RS
df01a0e718fa759ac5bcf053453b8243,MG
c263ebf69a31d58fe14346bb309ff697,SP
02a7a75320e787aa980907d0f647e508,SC
6d44f5e3a4196e1fd1cdee36fbc3c4e4,DF
84277fad7c65394532e950000400cb73,SP
9232215e0cd2e157268266f474ca3f11,SP
30b032233e6a389d5a1eba4e2ed9a7eb,RJ
b5d99b818c44b7029424de7ce9798440,RS
8f121fde1f03b4865ac871202143016b,RJ
ee356dc1282ff78b19141fc057037a08,RJ
aa5dfb0872b3828aa250acb54d387266,SP
2f07e48012def52891a4e56dfca6b9ff,SP
f36d397e361b66b7220f849320541fd8,SP
7b07399a09c03f0e2f898eddc04cefb1,SP
54dd42fc9598bd2f29c6860c16fce38b,SP
d43f72374abc7601531c7c806e7af444,SP
eafcc7bf051b9d56a2b9e428a43b6ce6,SP
4280fa78d7c43abc5e98a8a3b44d9350,SP
a7dbd3fd213f08708b18e3b2667e14de,RS
4d6793a25de1f63ca63869c6cd4b7b1f,PR
e29b173e2f8fdd7546b5d3cca8385032,SP
d6157dcf371c042e4a4d08bdd75e4c40,SP
2e8bfe5a56818eccb5017d88820db31f,RJ
0928439662f8929fd00483ceef12c25a,SP
ce40436f91a9e251a42a0f6447f7e9a2,SC
af046fdbbda4a307d96801ebe61482c4,MG
80b86a02fc5a84c2fe32d9884a5f02f1,MG
07176b181cc48bdaa6807f4a88e17d4a,SP
385ad726431f19652a724047cf1bc085,RS
a71f52e216620305e7028f51100b69a8,RJ
f8e9242670e2a006945583dd4d13ae43,SP
6d7c040dec6d2f6da6a63929bdec436d,RJ
be34bf56044c5614fc66d97251c0adc6,PA
8f921c03841a893f7102c58d54d431a9,BA
e643215d64e8d8f969804bfdc98e50f1,SC
60c1f4151b92f9bbf80813a1f6b4f3db,SP
ce0518f0279ef8b73d94633720e70b9f,SP
a753155288fad08f8802c3b2d2b243df,DF
931b19eb7671ec561f735b242b76da72,RJ
5265029daa29cc08d86b9f96cd99d03f,SC
03c55d79b75dda6cb2a2f1568708a446,RS
bc94fe20172cefc3e041019d0192caff,RJ
e722c5955f4f3ac688d82e1aca5fa0e7,SP
7d03d567ff50c1fb0e43724bf5f92fe7,SP
977275bd3cd425aa9926a3388658f485,PE
29cb486c739f9774c8eb542e07b56cd2,DF
877b18b6aaa2faadfbf88c43a9bd5c42,SP
5da0ca7784ca3dee567abe4c07800952,RJ
e13a9c939f54c93a902868caeb1bfa59,BA
0893dbf96f705f3a68f0212b3d2cdec4,MG
3c8f71003ac0c80c105ed834fed4f738,GO
4e980e0ab8106b6976d795063aeb3a51,RJ
a40c9c907d645ac0394aa28875d5986d,RJ
45e0c1a21a9b5ef8ad7c4558011a8897,SP
f33c9d0eaa22a1be86ff276c1516e17f,SP
ad7bbfe917e8a82b01c911b1f6752c7a,SC
a28774056a751c7e8affbaff81fcd933,SP
74cbbd9942f97b98f93c63b3e0ec8edc,SP
525125633cfc0f64d4a991240953f2b5,RS
c17c9bfe8ffb37c939ae0d2941c9dec6,SE
e2bbf69f932758880f88508bea6207a4,SP
22eb8142d6313bab19fa6c657170ae6b,BA
746d22dfbb196e81c8703ddee866aa5d,SP
8b8c47170df5dd2207aca5ce4d9cd608,SP
1701ed88b1e8cb21051660d70d11d038,SC
a8dae326e70d36bde8a49e2207f1f0d8,AL
36d3a1fdfe49d86395c631a7ea4dea63,SP
aaaa6531d040b9cef69bf13af9be2fd6,PR
d42d70919f9ddfe513ce1d3df3ee8bec,RJ
6b6d4e00580b09f566797ecde25bfc1e,RS
e1a66c81cd7d20ecf12f40679b70eab2,MG
adba3dd15f1dde0300416deaf8370c4a,SP
4004f17e88f450a6adcec6013038295a,SP
dea2ad6bafd73c46a58b4dee61bbf942,ES
b470bfde759425129d684b306fce715e,CE
42532fb94eca7866bb4915e5cd46300b,SP
7b7ba1ea7b27f88bba9a40beb28b0520,SP
229c98245e2b6995b67be1e1921e62d1,RJ
1eea983564b20daaf35af83ca571e950,MG
79d3c514f1571f2a88197b1e2d9ef859,MG
d06fde36eadfb52477c545e5922b1c9a,SP
a0262fcf5f286681fc96c8d2b8396208,SP
fbf8e675c5adcf8c482b04c517814924,PR
8281392ae6bb39d84ababcdf4734f5b8,SC
85aa7dc7ea24c96b5ac7864f13922495,RS
94e56a6d6f8b3e26ad64c605e67b48d2,SP
a2cd17436c82a68234fbda01562f6e50,SP
5db7793e5ba9211bf9e8176cb8bb3ecf,SP
1b36cf62ae1e4c76b0be903a75c4d52c,BA
a3777228aa1a73a3bf9a3127609cf68a,SP
a3e8795e27e7e50f56f6c7742551de28,SP
ae2164e850f39dce431cb74974daa355,SP
56fa5b86733fcb9203489a4b36c6c73f,RJ
207df7ad3a701cc5f0a232000cca51f9,SP
1b2e930fc7821a521be8b5dcffa540e0,PR
9c4f2d8c14b700df0e7625d3ffa35174,MG
a5f835421f74efb2806c5b07f51ceffe,SE
ed0058629ce30eb5d840ce1316d094b7,RJ
bff45358be29fb889f469bf4c74a1825,RJ
1ccc792b6dd0c921196d290780e11754,RJ
62b45594e877bd203ce2e49134b8ad03,SP
356ead8c97942c8e553f692a81e50ccd,BA
5f16605299d698660e0606f7eae2d2f9,TO
da90cf906fefe43638ea19d590ad987c,RJ
9dbc8c27740a5962891aad8ae9ac64f5,GO
2acc73593b7fb475e93c5896f23d37cc,RJ
c6227a9291e7e9a4fe69b48356d4b38d,CE
1d90552931e70c9f5f72f05a9c210a56,MG
42396af504e7592889a5e54951ce2cb8,SC
a4a2abd07b1cdd4902cf245cdfa1451d,DF
ae06f7ef9cae527f248b5401c5663265,RJ
a02dfdaaf5b634d7684b11d1c9626d1d,RS
7a33b68891edd3370f13fc2adbb312ac,SP
959e9e378242bd601d7e2dc08828f53c,CE
da27f48eeb029c62720ef773ab95806c,SP
869c947685e4deaedb87bb36764949be,SP
f88197465ea7920adcdbec7375364d82,RN
b1ae8978938a4a36dd3724b750b23d6c,SP
b78af1eb8561b53cb6b93162ecb34e49,BA
2c945d100d97a528af1ad94613a8018e,PR
9b1cf85143c429c569ffa542f24ce20a,SP
dbbb8e776de0b4704d10f043c30dbaa9,MG
6d1fe6ac78f6c088409c33ab54124a35,SP
cf6d28f68cf26d4e77f3482f0c452d70,CE
c0f02ecfffdc1aecb08f977c057e35f2,PR
b65f218608d7b053eb117b493cd80780,BA
5d9af4479e3cddff9ca7cdcaae40329d,RJ
ef6b2b4d3dafcaff444be4b56e9edcf8,RS
3718e1873d5dc3e8d96c0ab783278b02,SP
29461056d55b904562da2d9698e6a923,PR
6775ba6a3e92020abc8e6cd6e19e867e,SP
1c9e4589fd7fa6552ce6e19f4e9f1746,RS
d09200136a8aec3f7a9831754d554b5c,MG
fa3a8736d5ae8f7df9b0a4154d0b14dc,DF
6669053672dc47efcec868e07443ee37,MS
a76e74100709762a48e683a177dc86b0,SP
a14033a8e28cf976d87b63aa00d6d34d,SP
0c6402878bcf4a5a361d9008210101d4,MG
822d89ae169a34fc33eddc98e2e90e23,SP
19ce60e416e5f9342e80d5ddcc814b03,SP
3e7b2479252ab3087413e44eb3354263,SP
ffdaff86e5834cb843ada60a745d4222,SP
0f02dbc254d79af01b858e657016eb22,MG
3355a05f13842dd7a905ccd6240bfc4c,SP
59e64c4606d914bfa86bcf280f16bfeb,SP
5ad5c913900581e3ebd6c20ba68c5760,RJ
2d9cd6d6d59bfd360ba595e45d097409,PR
ff6615c04179861ddbd77331eafbab7d,PE
3e2f1eaa74e606c93ef2847f45b71a84,TO
3172fe335c9b335ce749eda3b7c73bd3,RJ
a7ea318cbe9df2ec79ab37cd7ca2135d,SP
f504b57716599db532487c2ec5654b5d,SP
a455f91b7ce36ac2eee4d8c54a05946c,SP
3c6de6b65568723360510737edb81465,SP
5dda11942d4f77bee3a46d71e442aec4,BA
321cb859fffb6249ba9537e12dd348ed,SP
a005c22f16d0a335ffdedd9173c83c53,MG
41b8bed69cc3434edf5576568b852db0,RN
b9623982c4bd3fe52dd641612848e535,SP
0e2a4c9eb384b1ded134d519b6baa0fe,SP
f62b26b783dc075ee45d0525eb2649dc,MG
93f0c8eaf1b7a1c951d234d56b232e35,RJ
cad2dc8d82cd9ccca487589a7fe62e6c,SP
638be9d39246650868db07d10456527c,SP
2dda54e25d0984e12705c84d4030e6e0,RJ
6e0d24cca09d3e293781b6fb16fb5a3c,MG
c74e5dcd997cf60c03687a48e7af8492,MG
f493f84141c8e1de969c750413554006,RS
1a3fcb72ec1f37b5385e08237a40409e,BA
a2cc9f80829ee0d67d9767a999c9de40,SP
3ca18278aa462567e7bb52302cff31c4,PE
d5420a7dc4c5c1f95b7912368419f59f,SP
6c1328442e757a6422a29dd991f6e73a,RJ
5702c879ce77d1784d24fd834beb8f44,RS
fef63fc541ea4380366f67bee5cf11d2,PR
7422267f46a52991b0a78f0e10e1ca65,SP
7e4afd20ae143f73bec2e0ce84be702f,MG
5ad589ec5a8cc1bdbac761dfda386ff9,ES
dd98b876b13121dcda59ffb2d37d0de7,SP
958e8ad93117fc0cc509a39861a1e7ff,SP
fe4a4b61b1485be6c8e635377ea8f0ec,RJ
55521b1f0b80672b3c61939a06211691,SP
ff6e494112db6e543970ab264d2e3c8e,GO
bcf47f22d180c8242c96c83bf11fdc51,RJ
e28087daa16ea2d4ef377fd789af20b4,SP
793864114259d54262b38703f165acd2,MG
cc3590e4afbb4b3e056b50a80a6a7d0c,RJ
0dbeefcc8215e4d6b6ee3ec0c8a2f222,MG
1d877053716a2f3be7e0c13096eb75f1,RJ
412f4e3e4f82e83c44e9ccc631885767,SP
e19cb9865a8f3c724df27b3397c68bd2,MG
022bdd440f8a37e8ba62d67287135a75,RJ
8a1218a76be2cca9f86e2a9618f61af4,PR
0ba0a7a7ab459af5b3860fa8b784ddd7,ES
41a7a254ad0f16ee9ba1f2ba2605d630,SP
8ad4ecbaa69e3b0119cadae300bd88f9,RJ
3e337c99e0f5ff7ba9a4b98fbf7412fd,MG
aff6c1cbd702e9650fba803f5d7dc83c,MG
524fb99dd1c0c28f8b9b9d33f38c7b13,RS
e79f3050c5e88a95a083b36f0ddb3f49,SP
c93a78ab4219db951b3d94b1d710639d,ES
5d6af0de0877df24d2c737741eeaad2d,SP
d05ee8d1fcfa1735b7de95c11b13cfcd,DF
c9f6f241518c8603c0c46f0817ba487e,SP
99f297c1c95e0dda633b7e584ec2a4f3,SP
259d4795add79a2b1ea46f0210db8766,SP
29397baa14b34d03bb0491d3a99564ca,ES
2c5c2fb51bbbcdcc297f3b37449627bb,MG
1bc91f030639254f22bf57fba7c51376,MG
4ad39f4021dcce82a5eebf9fd9dd7a6d,MG
de18e1bd5388e711196e1b8a9ddcb5a3,ES
8181e01938f34902ad6d883bf57f803d,RS
5f4b2469ef500958180a1e9bd6edd1fc,SP
abefd2db6a344cf871cf42687fb563f4,RJ
e46ace8865b4cacb79e81b14663ebeb3,MG
03dcea146dfc2ccacbc079ee9a669db5,SP
71d0aa2c2ddf9293f7a1855c366ec21e,PR
231033b8c1945ce24e11e3db60faf48e,SP
6ce1bb886e1ce1d5f054974fe397be89,RS
44e22962c585a40a9294dab5ded35dbb,MG
461ef2a952bc2e913cf440163e85a4de,MG
8bac5a019b1653cad759a1e8b64e580b,MG
05aa1cdcd7c5f9e297b3b5d89ae5e1df,CE
edfe8350920188f5738ab4ef3af21d62,MG
85e3bad84251738643dbfdc9baa3e535,SP
00eb2bf26ade27447b6532561c6a402d,SP
a4ffea0b19d70d9ef029a9031f114e08,SP
baa9fd7c59cbbfb067439f4ecd72e848,SP
7d8e5e6bf66ef639b5089ce4194a01d6,SP
e1862648f338ecaf4242e8e2b59126ca,MG
cb3caf08929ebfa13fdcffec28f3cd6f,PE
ea1783902a99cb4a06723a929e42e680,SP
a90391a47de936d56c66a5366cba1462,MG
b2284c8ca3597551ab478ae9e1558aaa,MG
15308b044c9608fc82e57f2e5d6878f6,SP
d08fb3f54daea61a14946491f8cd4ad2,SP
d44c356f894fa28cffe33c455abb72ba,ES
8752a4fb5c55922535507e67d4f431c6,RJ
6288dc3376baf4aaf53a42ad5a27dfa7,SP
e65ce9b007466b457e8b7bc5004b1186,MG
bb8bd97c39739129411746c4ca7c754f,SP
1796c18274a6cb3a6ec3ac02cde5389c,SP
411744ebdffbea1216c657a60472edce,RJ
549b71495b4abb6a6db77aaa5564f593,SP
cb19b8f038fca823ee236d2b4cb2c4c1,BA
75cb57f66aa32d17ab44343e8a3ff7e6,MG
167db18e4fbd9ba3dec2aa5a7b79969b,PR
794e9df7154683f0861c93019aafb6af,SP
0005aefbb696d34b3424dccd0a0e9fd0,SP
59cf4c327aa95805d5ad82925bdb430f,SP
13c14842e78da8bb1e408509619f291f,RJ
f34e32b8604090d1c2a7f3b04c834807,AC
d76dc2ed3d9f58905f39deea067fd40f,MG
435799869fa235e84f46308cb8c4937d,SE
ac84a80ddbee92d2aa6c2a8856e91084,MA
31c084fb2c73c4aee537dbb9f96fc0f5,SP
7e27f4fc651dbbb8ef84aa9450dae2a5,SP
cf4604a56d4e374de013f1ec35280d00,BA
d77e4c0bfd0085b029605683a846abca,SP
9916715c2ab6ee1710c9c32f0a534ad2,RJ
7251aa758779438faea714941f1051c4,SP
0bfdd26f029a368b463a48a56b65f560,SP
89c1a5468ace3f798921747d80c7a7bd,SP
4aea01a91f0ccd5817dcb03ae16a5f90,RS
3f425c05ff2b159dd7ac24ff725a6b70,MA
61ce7eba15a872699599957e5d18f0e8,PR
1b848bc58de81ae1b800cf3a4571bedf,SP
6feea03756fd7ef4fb37d8f7e44aaeb9,PR
b16cd1296147fe2153a24ae9be382d68,SC
7982e84c59ee033ee1ba6110456f3f6f,SP
8ec5d1bb574d20d61a22a89127329060,AL
58a75ca9de60ce1a749012bfccf2c926,ES
9241bfb421181890a101d73b8c6b95f4,SP
e20e5dab42cf2fc3a11d1c89e087122b,ES
682095c6672eb2edf4b60e6a7c6e96f4,SP
9f34131462cd5edccdc9d4db9f7d2bbc,GO
6d6b50b66d79f80827b6d96751528d30,SP
fa5c31ea5a141cb29a683b6420f2693a,GO
68de9ab6df869e6c10cac725487ff831,SP
7fe3cf500fdf23475a1bf979578ff7c3,SP
46ec8bcd9649f0f7bbb179bb59d6702e,MG
df68b16176a400cda1dda3bfa1022760,SP
fb2b3d5e34ae153e59fe64aa930e01d5,SP
2fdd2638faff09e29137c963d929d801,SP
e963d0e4f815dcd28b135d7d340ec51a,SP
a5cc05472dc39567d79da21664133388,SC
96587d39e8ccfc0936781b2fc06fe9ca,PI
2eb20bcef198dfa0ecc7d8e46ba0c856,BA
ec3fef6f122ec7da38cc0f0ad81013ee,MG
9aa2c4bac83761140a8703ebdf9e49bd,SP
a28f1808c668259eb67c88f0b7afe15f,BA
abd0d963d378cd25a471cb2e45534c8d,SP
eefbdbaa5ed63f3c90230a090e292817,SP
636e15840ab051faa13d3f781b6e4233,SP
4e3b341939a50bd5d99a86546e81526c,SP
97ee81fede5757f1ab031e83d1a59f56,BA
74282fa83d0b14c96deae5439d7cb5e6,SP
bfe86e6e37b9485c767b72380d165412,SP
b003d09f32a12bcc00b6ca04d46554e6,RS
2736f4f125ad035971cbe2c7d40fdd12,SP
355971cbe54e13e55beb25fab74f6988,SP
c57928c036644588414e864683ff1da2,RJ
a17033054d84cb831e8b33dc63682ba1,SP
95a8be8f74e6b7f3e06ef03ff885dd58,ES
5abc46c5112594d06d0350a24ec399a2,SP
a0aed67ecbb943f0137ece72e30ad913,PA
df059d8e5672ffde042a480870e4fbea,SP
10606ec9144627ef888d2069483083a5,SP
a370cadf748c232df40b80db05b42df7,SP
b807407e782f3147f465c29dbf75d286,DF
a8f1b32299cc451c2480231139c9ad39,SP
b7919647bde69acc948baa47823d6c75,SP
d004cba3f9bec60369b26eed8b97d594,MG
c5fb3c3494f2aa02774d5930a1f981e6,SP
9d1db085c2312cc76a261c2f0d153ee5,SP
a51b373c427132a77b112ca10f502c4f,SP
b1757da2a461d581e1a3b280ca181b7c,RS
1693c21263bef845b8651d7036f6bb49,SP
5687096b10ffbfce09ee6a5fc3ebefd1,SP
15a581dd2c1425a1a859d6dfe00d69bc,SC
7225f2492ed367f203858f47023b7172,RS
b42fde337b8064a69eb4c1d0e6d43fdc,SP
b339abac3ae25f5b2b4f46d64ae42464,PE
10ce609a34904ea87a4254e96b05dcf8,SP
735774ca9e99d1d85ae5f53b4958e6cc,MG
5f568023042b6139fb399704f7378807,SP
5072cf2f4cbec30b8ba917d5d7b6b125,SP
6b74b5483a6f18c2538a9c848e50b4cd,RS
ed532487db04478dfba09d112649fc13,RJ
d006bd8339ac9891923132af6408f557,SP
f0ae81a403ac013c63bbea4035de8083,PI
78b62d86956ff92fb90758963d061c6b,RJ
bd00d85fe38ab7724a32f2608f8e39eb,SP
3702c8f6ec51b4c67a7c73594f30fafe,SP
2edc6f92f35d994f26752db0fd1f5727,AL
69cf5beafa7bea170aac033ed6ba25d2,SP
41280f8f9f6be62c061b8af89ba9ef54,ES
b3b571943141ab082521521118c6037e,RJ
dca34bd8bd2a65a5344e000b1c730937,RJ
5c1f704b7692629f2e6ab705487f17cc,BA
3aec6e3846fd122ac430ac1a816107a8,GO
597b42a7a20556e77af8e237b6245b6c,SP
77188a1f345ff96d99ab8fc8bdee03bc,MG
1eeffe21744883fbf61fbf138dbb8eee,SP
ac3e946018ca22557127dcd54c9cd677,MG
470b93b3f1cde85550fc74cd3a476c78,BA
c0cec5fc3063db1248cadc8347e223ab,SP
99dc64f03cfca5952f1ea7dd668bf7b3,BA
8bba7817c19c5fa590c8857669ade46a,SP
02502a29041f75b4982896ed8ca6e736,CE
88ba6e648722917fa0eb0823d3197582,MG
3a274a842a177ac78b8c85127962aeba,SP
753f6e40ce5c9753d617ef1405cf67a8,RJ
21903bed8121d46e74d60666967c25f3,MG
704230ce6edfc1682d86cddb7f8216ae,SP
a6cbe0fbcebbed679ae926f1a8ddf66a,PR
3abc6ea6997457982d7a6f025c4e0786,PB
914f5d77198dea1b107e105471d3db24,MG
ced3fb170a9a5007a9bc3558d49c35b1,AL
a7b3bd7ba727dae2bc4a68b78b7a7c64,GO
0c11fa556f26997671eaeb09e029bc73,SP
fa326e9c35ae7f61dd83e1e13a6b8353,RJ
8ab97904e6daea8866dbdbc4fb7aad2c,SP
44e70d6accb4fa0246075d5b92350113,SP
957a0abd3abe843b6fe4886a504e69ca,SP
5a07aa8c5c8860866b5557e83d75a4e2,RS
6f392cfb40b84e0857b16c23c773aa31,RJ
3c9c19f5250586bad6497c1beb04253c,SP
1a064684f3096efdbfb11a78ea4f97c9,ES
0db14e678766522f6cb08781de60626e,SP
3180b241917d07e27bd46aac80ded579,MG
c38477a5b6ae3d9b123c14c74e258210,SP
7eb38a9118f8a13aed9f3587e13e33cc,SC
4ed6dff46316b8f7e80d1972f27ca39f,RS
91d77116484e151dafb5510b82c22eac,SP
3fb8a3a262c0e12894b068f551c9f006,RS
7ea778a6a19290dee846148b45c64f6b,RJ
cef005896655dc4492849ce91f7363f1,MG
0c305f688ce08dc9402a2164fd6f29d6,GO
e4721b61e8d2b4b85d606809f6baa292,SP
a2a8ce4e0a7373fb55c203010a0d21b7,DF
ac055528f5a69cba5e02d73ad1ee9a74,SP
9dc357207f1b0acf9782276bed80f48d,SP
388025bec8128ff20ec1a316ed4dcf02,PR
ba6cf34ac15f009cb735e05fb4f48c11,SP
9248f24013892b2690a39829f54159b9,AL
18715b86f15b55cc06dcaef3708656c7,RJ
e18b6ff478167b0efc409e52d13e00b7,RS
01f841d4c59e8b7634174ef72a75f81a,SP
fb31ae52945c45377e1ba9644b7f78e5,SP
0881e1574aa6b621c551a421297af5b8,SP
5f5338d15473dca8643f97ed503ffe96,ES
da8a74c5ac056c3961c84a67b7939aa2,SP
5baa82a2c45fa3220cb57d9881db3211,RS
28de5669c2b3bc8cc0d5951ef18b8385,RJ
bfbe1fd99d9d53a58d06966a0f4eb5de,SP
c7340080e394356141681bd4c9b8fe31,SP
35de873c66b67f107ac2236632eb58cd,RJ
d366fbc54434d58bb744ed9216f11d5a,SP
8ed14e450a6268ec13f325e7c2eafeed,SC
503740e9ca751ccdda7ba28e9ab8f608,PR
25456ee3b0cf84658015e46686025224,GO
14e237fe96e5b5c7c4cf9ac6c2f5d60e,SP
46c8678b6afe29d90d3142f31ff01791,SP
68b7509c1f04aa6c537f935bb18b9645,ES
733cfaeaccfd9dac7b089a7bdaf2176b,SP
ba7c84cd4d0db9d73b66a79e4d3e130c,SP
37e066fcd483b5b73efc8eb2166c91e2,RJ
765b56e9a7716dfe3074a58a8aac5974,SP
d839e253e97aea3c0bc5df7a08361fcb,MG
d7dd95871faf13264a7a32166dfba38d,SP
3dd8536c33d454b9a9d05ba357eeaaa9,MG
2ecfe1283802b15ec960b6d0c903de2c,SC
55814b1c0dcf038f760c8f30b1b1d430,PE
cb67357747667b594aa6d47770e7334c,ES
af38d27face41cf31f1915a789d9288b,SP
016c5c3fb572754f302fdac24aa9cfa4,PE
107d449d8a73c9dfd9673df8ea684348,SP
a7f052daff637569a9a4dbf03164e14c,SP
dd854e24b40e3bc2b306946dee252015,MG
6ab90ea7ad807500313f796a2b704335,SP
cdbf70a172e0b24ed5c246c3574f9b16,GO
b05cde1812838d146a1976e80ede260b,RJ
1e863570fff8e93ee7db14d56d826a6d,CE
686ca7499141a82f95123c370af061b0,SP
90714b0e62fe1fbd304fb45fd644ebdd,SP
c6988d3eb60c30b1d49bb022715b9418,SP
3833a2cc43f6ee57cc7cccf7d7d53d18,RJ
838aa327b0491d3cb3e9c1c6d9bb382c,BA
e8421b7126d1f630d22da5cd66093b59,SP
c5da1fb3c49637fc168e5a95a67b73d7,CE
2528510465c7572dedee4431a7d52e08,SP
4617e05b28548d6730f1d06a9bd3699e,RS
b5672da69f806d8bc4eea831365f07da,RJ
9026aa2a4b854ef18f281eee09434801,SP
a16c7e7bd772bc541be94b7a25c1a906,SP
c8dcc1767867cf118c0aa5f86519d14e,DF
478778636c75019554439f75286a22e3,SP
c360961ef98b0d4b28357b7fd0387673,RJ
3d90a8bd92497095afe20f9efeeab825,RJ
6056f462f8fdadae813417c5067cbf85,SP
d6e565ef81b0c1256bf8276040252672,SP
282d52f23f7c0ece9340d411c4d2cdd9,RJ
f23d6ec4c1e7f186e9a82c6014d39533,SP
ec3f8a3193f7b0ab486687b5dc5a7f50,SP
ec3ee99a57612737fc00398d2367be24,RS
20ef87add57e8cc2760bec8fdff748fa,SP
0e9c3be1592c050d343700ba21b7f806,DF
f80a9faaf4e610c5a191d4c5d19412ce,RS
7f9cf0ed8393054038c883ea7171ea8c,PR
0f13ff76e67fcf442e4f706f353bdc7e,SP
502f84b96849b881c0bb14a9650d0a13,DF
da2fbad9b2235c67c9bc7c7a274ee389,MG
b0e4880c9456f938411b2aa2bc09aa57,PE
272abefcdb7e7438a251e6c92f1d5873,MG
fba3732f0dcc23e5c1be212d0c297f01,RS
39db8e59edb882c1518ef5624f4caf12,SP
ffceee06e0f7d5d3747eae50a0ccd61f,MG
9fdf053062b1f535917981029e490fa8,RS
52dee0d644b6d10016569eae238ebc67,GO
1b97c2f2eebe3e5c80a2a7a07bb6749a,DF
5613454932b2c4229250680708f8c0b8,SC
46e2d6b50f8e37ab99e7f2aabcab7b3a,MG
e5f6020aa61432f0dcb0fcda1c5113d9,BA
4494791f21d3b8231c74f272671b6167,SP
a7bc004b32eb75e7546d6b81d5b8fe44,MG
485abc56a464a56ff6e9f9a752ff4308,RJ
895a17651506a4fb4102247a6bc6697d,SP
71f8cd490677ee95362201588c0eaff4,SP
36ab33aeafca98cf78d91fecb98faf0d,RJ
816f8653d5361cbf94e58c33f2502a5c,SP
197681a5dfd0b55a552f223225f5dd86,RJ
9ef432eb6251297304e76186b10a928d,SP
656feca5c03ef21e93b356c2da4f4ea4,SP
aa49e266efa5eb9965b01ecd940833c3,BA
4c756c39c13545719a2953df112e4e90,RJ
c5a0c4686d4c21f566230d515702d69f,BA
bb02acc51461fe7e45f7fdf63d18072c,MA
d42ee2c04270ba237933c8bdd5e1c761,BA
5c964a570a4a20c82fb9798b6c555b19,SP
3d455fb7aa499fd0cea2a2306b4c43ad,ES
d4faa220408c20e53595d2950f361f3b,RJ
66e8039d5fddd75067de6b08e4bb22e7,MG
6d5507a06e103b9ea6eeab8fbce6247d,SP
35ceb0ca31f6af7fee0c6e6d39f98e56,RS
fd24f53c8ce3ad467b44627306e0db30,SP
ff9602a062f03021213c2ffcfd7f7e9d,PE
a8b396cd7edcd4340e02a07685084cd6,RS
ef6ea25f1bdbd8acf3ffa440a32634c6,BA
9c80a6e1fb3ca98a63dbde1cd2557985,SP
b037df006f291d0cdbc837d78c48ff5f,RS
ae2702f08dfccf04bf793a9cea9a4b31,GO
0a2e992fbd2ac576c71a9650d421a2fd,SC
98a505463599ce446e333940e305e756,ES
4ffdc20f14db2fc732a0548cf3778396,SP
a4c800a16c71d3bb4b77665ba11d8525,MG
c2a29d0111d9af12100ef59be89f5a2c,SC
fb591f7ec5d9419e5a7de2353a87f06b,SP
fa5ec460fa52a418a5f979d8d2068ef3,MG
e75cd2b8044ef17f9fb52badd80a76d2,SP
c689ee4a546a41ccfc8b40c7752bef45,RJ
dfadcb615c5579faa9613dde872fa694,SP
643806a497cd1633636c26f70c58e63d,SP
2231986257f0ec3bf5abbc49d3320e9b,RS
468c50060017c568e068d4608b5bfa16,RS
7f4b6c52e1e85f2e166d5f01ea86dec1,SP
5a5bee06f22d5f03e2d648c82571b4ba,RJ
caad4f2b2df5e13bcdb532c72e4b96eb,PR
68451b39b1314302c08c65a29f1140fc,RJ
13d366a15142a8b6f7e39caa24ccb1cc,SP
52fe8f0d46227cecc08e692dbe3c16fa,SP
fea04944f4e1fe567fc5151c02529203,BA
b692fb160782271845b7c858cbd9c1df,SP
92e16dc77c3bc26f219eedd465b6d189,RJ
046911a55a7bc12ca917758e9c4cb5ee,SP
5176b354a363c7c6884ea58c62884608,SP
2098ea68fab80113fd93ed9e8ba83759,SP
f6fae9d4a652ea92e78dbc6956e0c0b8,SP
6d17655475970195afeb70c1f2fa4b80,SP
76f9829923ebe9161af4f54f050885f0,SP
a13d2d3b615e7782205484d9c603cbe7,RJ
d3d7dd13a66c2d1362de5251fdbebef2,SC
07ebdcd609056322ab696bca753690ee,MG
fa3b701e87d5470f0caa38474274f11f,PI
698e55af1f6f37f7f304a74eb93b85b0,RS
f15f5e1d8a0248d9b6552b4d39122bdd,SP
7fc191973597f7e5c232ecee9d7922ff,RJ
19eb2ff94ef3470db204adaae3d6cd99,BA
21fa276ecd01f54a1a15fe00a51110af,DF
2e068340b3037f667ce3224bd59260af,SP
b4afeb58ac51bc903c5362286c6a5cfe,SP
d2000bb65d12d7c93b7e27e6c961757d,SP
08aea10c40f606e52597486db2b56a81,RN
384a027682b0ddc9d88f4aab723d9730,SP
6af52967fd8b6160228c7b2237f516f0,SP
e66e06fdb34d8289533411b7061d19b0,PR
f227c8cea54e871f65cd080735594ccb,MT
4e1466d23cf154bc57e343db77279d5a,RJ
c9a6c2f1cabd70a425338d9155efe1da,SP
41b21c2d2376ad4c2b740df482f4b989,SP
58f2a48696b2cf8da50fcb21f8512c14,MG
17b02ec522ef587a82a5b69450648f1b,PR
8bdba2ea966d946cc1af56abdc0b61d8,SP
63a5e1ee8b7cd39dd906347a4d3cc002,RJ
0473034ec8cbbdc1db543b6c3615c625,RJ
f8f4be39e47db4b1a363cd95dec7a5f2,RS
cb1d99010eebd5ee5b64dc9e37caa9d4,SP
8f9dd2625351d1727097357b1e240ac7,SC
69000206943522203193343fda85d3a0,MG
d32393bafaf1d7caa8147c19838c4090,RS
2d9a7f6bfb053e602cc26e9c77c5f2ee,DF
7e016f9ea275279784f42e0642214284,CE
575a71542cb997454c1c4027271f8960,SC
31ff9fdb19198508ad8743ce26adeb43,PR
1a43cf85a4f3490e013bdc880c40ccec,RJ
c9d5ad5e1bac861b42f3fe9af8c1448b,SP
764fb80689629a0092fa11ada23a0c4e,RS
369a3bfbe0d193b57a6906b4f5f93d8e,SP
d542aa94bf74b333c3c605771d239920,BA
02860b05257510a255778043ce042794,SC
426354919a964cd30206bdcdaa53bdd3,MG
df9432f68e31773dc4b20fb916f2f647,SP
62cb1e5de9e5558b5426d059f570ca8f,CE
1e218eee4b25d4e7943183d601ad81c0,SP
386e96046ce0e77e5c9a9a4e818da93c,PR
45706797a925907d4ba536fb8c1e909a,MA
94fc05ffa6e43f8e072734e06e50e568,MG
6160230e6f8adb5cb023ad37203287a9,SP
7cb29cd77ba1de0bef1bd69d0e6f185d,SP
b673f0597cb0c4d12778f731045f361a,RS
080dfe3c493444a1fe042b4668e4b01d,SP
498c737759c2eddf05f25604e2f9c696,RJ
4a727b3912355023c5284abd4b1c6956,MG
0e620b2e35b839f1e372e03afd6bd9ab,MG
82a5458c7efd1055b6ab24f6985fa233,GO
f69cf4381400f65b36639b8e1c11092a,MG
7f78a17c4b22bce421b4677bb221ea35,RJ
cda108ca8623c898ad5cbedfe9f6fc88,RJ
5ddb3dc4aee7f86a48f39e2d1b836a41,SP
26b37aea51f367cc0cfcf19c80944e58,ES
6f4757d5bc29373b8d9e85452d5c5084,RS
892022d497c9598ce4a313f64ceaa87e,SP
ebd67b458c0b8b23fa5d869779adc761,MG
b95ff7c80668f3bf98651036308739d7,RS
e20b5cad78dd8fc3006244b5397d5a0f,PR
af26b439d05ed8d48bd0908f15feecdf,PR
6d491c9fe2f04f6e2af6ec033cd8907c,RS
27c4c0e841788a80932b2500f7c0fd36,SP
a4f6fc82eefc6a54376eea73b27df682,RJ
f9ed63010ec897e6fb2c5ce868195a18,SP
9ac71dee8847ffe35fb2c087da733cc4,PE
9ccf002a05faa1131c4ffb8b3cfc0b46,SP
7cab83679b4b4b94a7783cddb27224f2,RJ
cbfe773accbd474bcd87443dcdf49416,SP
252230964e63dc483b06023a916ac62b,DF
e7ba6d56b812cb7e8c4a285d95f4e476,SC
e92f244376eed380877c6aab4cc5b0e0,RS
ccb8fcc1f4292df715ceb9e190dd8682,SC
e07557a200138bd02c877d6d7ca87db4,DF
c77d0b043f408944f858efe328a82738,RS
09a90a21ae1d1a693fbc83851edafead,SP
2e43f7f2d2224f51ee172eff5de196d1,SP
2a9dd5ed2aaff2cf92f511a9beb00d6e,RJ
6b5ab683c44fe7723cc4dd9ad28ce19e,MG
3b8927e91517d7827a76105d1fdd0e3f,PE
4603be100f0719884214e35033227fcf,RJ
eecf2b94cdbe9ef6245fabb5e091c987,SP
3a897024068ed42a183de61d5727d866,SP
ad4da04c9e20699c6ad1843af39846d2,RJ
a3dff9a630a63b528b2fbed1bc448fbe,SP
ca85ad830716e1b7b2964c68c146195d,PE
027ece8189c0d8b1d3b543676aa81a9c,MG
2c3642e1392097fb4af76a76fec16a46,SP
0e4ffb7264a091878eb8af65e6ef758e,SP
672fd46db2cd92beb42ce95dded37e49,RS
7b7f18d5f94e3c25bd66ec35e87383f0,RJ
b8872139767b713da5f6029f8b749ee4,SP
2ca8b7b3830f1551de4a0e4ea27a5e39,SP
6c5b1cebac95ee786db6cf1b79411f64,SP
7c1e106bfe425aafa689ac08293ee6b8,SP
e89af4478b4eee04c3603cf7d16d486a,PI
6603ae268d9d38a828d348fd2ea7ab8d,MG
90b17430567733d3e005cc92466c213a,DF
fbfba770bf13f470f63d1854a765a2d3,SP
d57230d9d905c3efa3f8d07284c69167,MG
379792aa619482a6545bd1db3905ab2b,SP
482837d98afbef61d7c709453521a3e1,RJ
52142aa69d8d0e1247ab0cada0f76023,PE
2fa6eb7ad02d5495e29bebb6d4774257,PB
cee874c9e449571c0663ade1be67d070,PE
68d03ff74911622915ef4ec24e2919a9,SP
e37922fce09b0c4a557f9aeb21b59466,PR
1caacc78626d0863daa8aff89de93bb0,PA
eba8cd1e506b37f221a66abbcec58f80,SP
b15488ccab328d7d8590c7a18f1390c9,SC
9d1b349b9033719eeecbabb9dedb1b72,SP
08ebd000e60012404de32cacee764799,MG
3523a3beae4b3f9d398b0cf0b2bcb630,RS
5f46e687a5c82cb1eda593739430f16a,BA
2dbaa0a8ff7368884cb638b3fb17638b,SP
4e2b70d245c3a00cc4bf8ef95d9dbadb,CE
8e00885d43c3f587e4d60b751462cdf7,SP
9ea5e80f52a670b0bccb10c1a4ce2463,MG
e17387227a12c3cac59fc44523d162e5,PR
271b5cf8d44f5321d8a512c459472fbf,DF
55e6b290205c84ddd23ddf5eb134efd4,SP
79c102ed4db4e20845856cd68660f8f6,PR
2b4c285c63cde3581cb7d06b70db65c4,MG
7095f9b891c923ab4e2298b22649e6ca,SC
4f0fa92e598fc48c2f7771e220791a55,RJ
074d070b1ed0835cb29a609475f41fcb,SP
fc788d5e3648d52793588cb90a77b5a1,GO
0018c09f333634ca9c80d9ff46e43e9c,SP
5cf1b1745fff59660522b4ff7b475374,SC
ced608b31048a652390efb0cc65d3133,AL
1f13690f8784fa3cc097df70fc11827a,SP
edf36208c4d022a97bb82b7c02553af2,SP
28eaee40e9840e3442fb15d7c3655af3,PR
8cd6037505c5d3a5f92d485b1345e918,PE
ab5babb0f97874afc275d813e711803c,MG
824841f5112b77c04e832f5a46c2d733,SP
7bf43e2d079beb839eaff3937bb6fe81,PE
896fbb79da75a6bb466de84b5dcacc41,SP
45b4e602cae9db1a6d047d8dfcf8fe46,MG
c2cd065252fa7ad04274d9d69dd9c09e,AC
ece9fb6661a1dc0cd93f5f8c9cf13b83,MG
c905b50d1a1fadcba284eab7fa52fb25,DF
a2e2d94675768728d29f95b2663f6a6f,PR
c0fcce97e056aff1a7848e43fc975359,RS
e90517fa5530cf8a1818e915c53d6659,GO
ef679ddb34f8f011599d10e88c859117,RJ
1897fca9c10a760bb3b2b1780e6f76fd,SC
2ffc88ec5e8f0015074628574fdee23c,SP
477f2ebc174ae6d21af93bfce1d432e7,CE
225743267e630cdf226d130d80c4aa5e,SP
410a24845e470f3c52bb78f084d359b5,TO
966e44ef089263460cc572f28187ee86,SP
ed0271e0b7da060a393796590e7b737a,RS
5b6e97fea8528cf0060d86dbd82f9c4a,MG
6aa762e5f01eb065661799c936a23487,SP
840f60a1f70ae3558d61b38cc86e0d48,SP
a9d37ddc8ba4d9f6dbac7d8ec378cc95,SC
bb2c348088e3c1e8d0a922796243a460,RJ
ed5b3952b9a674f798d9cd2fbd854ed5,MG
f90c4fc69ee075a663c05fa16b2e61a0,SP
d48b4e169e5bbf1d2a8a8e74bf4c1f87,PA
76ebf70a559266867675fc7b0e74072d,SP
1d7079eccf3132bfcc76f65aa79c789e,RJ
3fd2baf81d32adb95c43e1d490a8979e,SC
738612606cc6f7e646b915359c71ee4c,BA
3f3e1ecfa168cfaffdf4bbdc26c8fd35,MT
aaafc20a8e58530ecb72c7ec1f497fd8,PR
b0962d2b8c090ec26077939595a5b00a,PE
b8e481a0db2593829469c8536e52426b,SP
3b6a37d37f885df51402d44154c76bd0,SP
196052c199e9dd6d68c99780c0a38e77,RJ
97558121050ad51b5f8467919840fd7b,PB
8b9918302ae3090aa6f372883638268f,SP
2c2403fd211b56dcde8c570e2af77ff6,SP
b4523e0afadc29b0607177c2234b3218,SP
20b5aae6a3e31111009f9a7ecc31a232,SP
d0b0b2dd8bdaf36ebea19c232b4e986b,RJ
b8733d346bac6859519abd26e409fd6a,ES
49f6c48a95ac4eecf06c6a01b586e14e,SC
c70ebd6d93654220aed313d7c3130d13,SP
b0830fb4747a6c6d20dea0b8c802d7ef,BA
882d6bef7ba1904c9c0db3f7a4bc8fd3,MG
b8763c70d81dffeb46554db574d286a4,RJ
b81371f334909da18f8ff659478c6ddf,BA
19d3b3a2d4756af17603e2c35c7c2815,SP
3efb8f2e2198b482a4cb83987c2a0024,PR
fe86c2c022a8d1665da64dabf0ceeaea,RS
839b4dc2602b8041b1593c8ad4c08682,PR
d19766c98ec819e36dc3d8db0491f72f,SP
98209b8b1b97a90f4b5028daffb1b73e,SP
0ef335857487dc9dfc2df391ab328b5c,RS
7e22aa38ee8f6869c7efd3348b63be3d,SP
115f6268f9705c6ed3b4119c8fe5f85e,SP
dfd239feb53ae84d8c50baab69d38133,GO
e1cb13d47d802da7d23d6253ed8d7959,MG
4156c48bdc8d1ecbfbcfabfefee2d0c7,SP
786ee3fc4d3b8097f9759d512efb5540,SP
4244b230226a6cc815ffa70c4394b06f,RS
4666258a26f60758fbdbaaea7ae1173c,SP
8fd044742f99625dc8f08f7d3e731fb5,RJ
6a59a192cd68416ca60a4a5809aecfe7,PR
683c56d8fb22ac87888587310311cf2c,SP
597950088114c1a9e2b27459051f40ff,SP
1220a90faf99b19704eab9e3e872e399,PR
9ba4e9572b42c109f0939c3f43eb3e0c,SP
0385c03f2b10a0a50ee72d8e3649a4b3,SP
04caa0484842fc3d966ebf185ba21242,SP
d62fe8fd4137b91ddd653cccd56811b1,SP
322eae54daccdcbee96799ebd3a67830,SP
51293a462a75bbaa62b024a7da9e068a,RS
bb2f5e670f7155dc622c57e4b31d0a69,SP
8f41cca39f1d5a5cbed373e947d79e55,ES
c6de1ceaec9afb41c51b618211d9f118,SP
fac60d7c4df3896a5af5db6c91e03797,SP
073b17ed858e674f538ce7dc938c8e5c,MG
7211cd276bf9045bec243d11221337ba,SP
4b881664606b8531347f673b8860c565,SP
848a418025af5ffbbadfdedd85081da7,SP
89d62100264f60ca62619dd012a12f00,GO
d10615d1c73d6b427e93a513eb24228b,ES
148e9dce3968211ba80e8db0b5b5332e,MG
6ad62864f75d24638cab4e7bcdd9972a,DF
a86b68dd9da561c8b4cf830e2f0f47a3,BA
d4bb4211b01632ddd742d89807c73c82,SP
a3ddcbd81efac5f01565774a84581689,SP
cae507afa38570ca8b08ae0cbcadd5d5,SP
596a331453a4d186667190bc667aaec5,SP
5f49d01f1579c231565f6629a6cb3c0f,PA
44dba573782d25dd9c85eeb29369ef88,SP
756fb9391752dad934e0fe3733378e57,BA
1a1b5f9e903aa3c203caf5cb63fca2b1,RJ
cc9f647f3dcb74c71969df6747554818,RJ
eee13c10a26da9f6f1c5352b215a88c4,SP
c6405c62925ba71e578093f93a07814a,SP
7a421bb11d92f1a08e384f216250afa8,MG
5bb39c890c91b1d26801aa19a9336eac,SP
c1f326c1584e139615e3ba4ae4d23760,MG
ee92860167192bbbbf68f161674745e1,RS
40664536db090f451e6d4c8d5782cae6,SP
a78b75a2ad06180de06b82857ca442b3,RN
c90f9a78f24a713d1c39c3902a3c43ab,RJ
7526d70ce84a55e4f85d4b39e91e2ac7,RJ
8eb5e45df7b0f27cc1a3b7ba46219180,BA
0c6e74d3848e590888f197074ee1f5ff,SP
36905ee3c5e0e8caa7fa04e36474251d,SP
b6e18008af6aeb4a5ce5574c15ca2b48,BA
ccc4d86eb7f5d275d4f297e251817d6e,RJ
6aab7c3dcfc8d7221cf7096fcdb40f58,RS
0c54f6243242ca48102430ab0931270f,MG
13c520253ccaf41623e063d5e81c4d82,SP
cb4be9a063393bfe007a290302727b26,RS
58283a66f78970a1137fdea5a4faba2a,RJ
e6f7cbd1504efea2bf999b2fa1cb8679,RR
a06cdf060608a4a80705bf5860bc8f58,RJ
4924a47e8cd5630b3564e26fac55c5ec,SP
d946aedc7ae05f2259b2c2f9342e6272,SP
8a2d6290feaba2aea18c2b8a5a60cc32,SP
d6cdfeca7b382005c0afaff5ee4c24cd,SP
abbfa19a38ba17ff02883ba523a9d42f,SP
c994647aae9a45b8ae6eb75b77354ed3,RJ
da0a466286c5f331008ff11925b8af24,SC
5419456ce86985adf34fb7fbb0d22daf,PR
010099752e4ca60e61c8a4a669ea9fe5,SP
2913c6807310716ade0bd399a9abca3e,SP
28e1fb62850ddf7aebac7ec6602dc756,RJ
263e66eb67eddc6a0053b194571427d0,RJ
8d8b4e6ab11b7c08be542cfa4ff6913b,SC
7974eb74e94d3f3e1031f74d1b97ea5e,SP
9eb0d8ae0777405811966250213e28a2,BA
20d8643f227f32bd4ea7070fb153db32,TO
039c5d6f330c73420f1658e63f67f0ff,SP
e865ee96ba1d73c1bfad1dc94269fc14,SC
9ea999ddb251e229b1c8b4925884743e,MS
72fcbb1145f2889eddcba6d6c1d6c090,PR
646c33ea702a830b5017485c833d2971,SP
66a54b482c7228155b832e63722b6f86,RS
0d29b43096b135fb39b1fb2e6bc1c2a0,RJ
269ebe5042123ff1dfbfc95d52eae825,SC
1d48a5dcde374b9d63b2c29e6af97cb8,RJ
8e9e8aa4d3d480bc21b3336de7eb9214,RJ
5fdb65c578c4277cd0dacc6ee33984eb,BA
a9358e9cb07d34be0fed1cc93e7205b0,MG
e49282ae3ee47bc3b2e30025544b25f5,SP
e56f6dff7b8ac9813ddeb2312f0d834f,SP
82e5f3c993ab34fe01c61b83e0bd7efc,RJ
31f96a7faffd537b8ceef28d305cd375,SP
9b7fd789af1301927ba3380e1efd0225,MG
31bfe03c50b9796f8b3b1360ea888364,SP
0d18e5ab5d69e1bac8dd02e02c9b2230,SP
2cd6065a0296dc8f007dbf413a225da4,SP
13a546131c3ba5360cefc5abbb428a01,SP
5b6d2b7a038cd6a079db2ac2c0138daa,MG
e4e7850c6c310f0ae9d0abbe26b075e3,SP
7e20bf5ca92da68200643bda76c504c6,BA
d923a6f627368b7d0c3821d8dbd504b3,MG
33951da0246c9ded2439c9d239b78c79,PR
8d32ea7086cee1b02c9de6d5ffcb00d4,SP
098c4d55ae6761b13901be67e6f22ac1,RJ
fe7d8a2ba8e06d46cc04b6901fa533ff,MA
21665fa6b18402068a25b8b82da33c70,SP
079f12eb1b192642da96011b5befc023,MG
6bfd1870443dc5b9f1297214b35e865b,RJ
fd6201ea30defd9bcee3bb0e09c6d2c9,RS
86f9e3637836ff95e8e339223d2a136b,BA
335e8d4375004a6065aa3c1d2190995d,SP
3f9d223f86d2f243dd5a85fdc286c62a,SP
11e0029418313bcb51f04b5ea486743a,SP
b37833a9166ac98f4ad7d6a92e1f97f2,GO
124ea0ac4cadfffc49227a24235871fe,SP
1ac37d50d7aa51410432a743a9c52ca9,ES
47e47955af2683fa8896688e8aaa279f,SP
f3223fd3b2517fa73ebb06dd5f1b0e99,RS
79986e17c3a038cb24355365fc78a0e9,SP
8b22c8fb9fe2cd131779d2cad4931f09,SP
45016dcb53fa07cb0c050dc78b2d6f51,SP
fd1dd010106ac6f84273fe976a08e6bf,SP
e28c7984cdad31abb88f1e19cd8621e1,RJ
b73fa7b0e7d0ff662fdcb964eb2bb4b2,RJ
9595112daf4d567c6ec90ebc59d6e16c,MG
3b92ef3cb3cb54cc1e20bf7f23c6027c,RJ
16cbc4e32c7cdb2964442a15b807711c,SP
13a570ece49733c3201ddb6d816bdea1,MG
137cde6ffb788ba7d5f56000bfdab63b,AL
eecfb44b191df28e7ef7b263537d83fc,RJ
ce3e77ff426cf554944d321064dd87f2,BA
3f083b9f62e687be8d84684c7d54c8db,RJ
4913f37a6cb9e2ba061770efb2ea4e58,MG
f8cd00a7baf936fd020f7c38247dbd63,SP
0324667bb97f2048e83f77d282a75fb4,PE
0c61d5a89f3c2614ad54d1db39a03186,RJ
9b36e720f2f357d9bfc8a1b27706e6a8,MG
b6e2d2a4ace19ed16fa851d6c9677487,RS
edc2830530b7d989c82121b21e1c229d,BA
0e7697ddfe20700b6a6bbc3394de3db2,PR
92a24fa199710ba33bab157e838a86e7,CE
796e0c6b3690401bd5592b7ce89be9f2,RS
a3586509a27757e4e4825418e8f1174d,SP
80f96051386679183cf545a68d3314c8,SP
5425974ca1091055b0c05604f43f711e,RJ
6e340889d05dbbe467a8de3ac31ba55c,SP
a57c6bea98b5c5a3ad58228dcd27913f,RJ
23fa7a1513fdc2b37c2b1ebd9e1db2da,SP
2a1dfb647f32f4390e7b857c67458536,PE
58993c1b0cf20b93cd56ce5ca278381e,SP
be64f74b2773efd8d765f8417b65d276,BA
ada8401e3d76b9171fc5322fb47a2d55,SP
75776b1f1b023dd82d5fafe940616c1e,SP
6c2a5ea4fbd1854c3827a5e3b8eaf8cd,PR
73e06cdd33db85da3e3df5c0c8404718,SP
055e90449730145d8428d60bf4914154,SP
95ec188041551055bfa8abedc15c9218,RS
116458665bac0ff47d5e87f65e8ec681,MG
7f47f37aa5317f1a00d397962a0dc7b7,PR
f066a97261ba582454937cdc723591a4,SP
ba936b691c12f67e4c24f195f5d2f5bd,DF
9ece767cb4769a7f387567c6f1f06d35,PA
4e5d57852c4fa022427541ab6f3f861c,SP
116a19a0ae346ac667f771936ff445bb,SP
88e0d7f5c2f232a49aa5a8c09374e048,MG
bc6003b439787a2de9ae42da13cd4e00,PR
6a53479026877bec7081573c4fb9489f,CE
d3a8e1ea909151a954accab74ea6b663,SP
7126ec8fd6c81f9f0b3a50f337bcde4e,PE
b2455d365185ab7c1da94e742e4976ad,MG
e060cc4070c78bb9c40c42771b995c68,ES
36b9676e6379e30a0df0cd7eddb48c2c,MG
34d4006019767b756428bebda87427e2,RJ
8183bc209961160c9462b9007e7ae910,SP
091644e5b77192246134faa0a042a356,SP
7203eb38fea2b4a15dd6c39575314aa4,SP
cce89a605105b148387c52e286ac8335,SP
72241f6ac253dedd45a67f539f113891,SP
f774bf697b9b702ff9169e23ffb8b3fe,DF
df50aa4e5e65c1e00257ac32ad9167ed,SC
86f4aa9faf5fd1c55a84b395183c8619,PE
7edc8f32ebb21dbf9f6e734f2e461afa,MG
4f86e2b6bb393847cfaca4bf4b1b82f6,SP
c17611c9d2852a5b128c4f1ed28fa0e2,MG
db91a791665fab255d516b921f1c826f,SP
ec9eec3f6ecad08f1a41bb32a5dbb1ea,TO
d0eca4dcf131a1a0f4665c2a47b4ca02,MG
b7683baa9491190a81d10e9c2502c1d0,SP
31b09f351f1304b76f05c3e4039b4699,SP
f99d3670012af522d07daaaec39a2ad2,PR
1f286139afe2eb2040a68fee6e253eda,SP
c5293253d2861ddfc7811223b6dcbfcc,SP
2d5bf8c06b76ea4c7e4dcb478b2fee54,SP
09c5222856be1228af5bc3c2dd8842fe,SP
0482519d5e3d179e7a3b00d6722bed50,DF
b1e99a86b163f1f25e7e0fa3360ad93d,SP
8ce7e88df97ba2a54e3b4b6f3ccf757b,SP
5dc9d4245de8364e6dd879734ea905e7,RJ
c62c8b90d8fd16516b99b08224753001,RS
79549bf1ee85aa08fa9007af4f4a6dde,RJ
b12107d71983e8cefe72656d5202f754,SP
79e3ba6298327f701c453dedbd155600,RJ
0b859d5b44d9d4882ace2e2dc93cc213,PR
500f22fc596ab5a23d2e5ce64ee64859,MS
2ba3edf091e33c433e095b2f53716362,RS
b891f5d42cbbd6d0d2e82eda1b48658c,DF
fe83404b9bad08962daf680561f42aa9,RS
294ee4cd4c0812c45ee3a69208051364,RS
068789693897e19b35ea3b9e71613c75,SP
328d7a69cb9cbaf088eed3ed778804bb,RS
63610193234eccd8f1c33dfc050a1b4b,TO
350c4383f9145535bb335cfc8f880dae,SP
583f92cf005d530fb347398860f184c4,RN
f467accea193ed2a3000f9ea4092820b,ES
874dfb94ae7ceab047226c11f81cba46,RJ
0b9e85491c194a97516c87f30a93abfa,MG
3f6e3d2c09293a6c18ab56b275c73477,SP
5371894984937a27cf40c7d20699a786,MG
b5f533f7de4aaed81593a76fcf108929,SP
ee6ffacff5681f9665b19d91214345ad,MS
25c1ced83d16f627bd5862b7f9bc6caf,SP
738b086814c6fcc74b8cc583f8516ee3,RJ
85c6af75161b8b2b1af98e82b5a6a5a5,RJ
ea58700bf1ac6fda590a7f01242c2bfc,SP
41e255383c00b16885a8a46c2039f0dd,GO
7787f804c4ac91d4e231f532f7d70c2b,BA
28cfdb6caa2f2821c935a3fedbb785ac,RS
b8c5e65ce798bc0c841638ea0960093b,PR
a9ab6416a9e21ccb7540e9e5d10f02ea,SP
138a01aa92239376fe0599ebb07a2c1e,MG
7ca26bcdcf2ab6db5a923a08fefe050f,SP
4931bab39028b872b4ab9a0c38e3d552,SP
1fabee44ed07815c74f684fe4826c686,MA
cbc4da078da70f553783f3f901a8c858,RS
424666b500924dcee2fafee945732103,RJ
eca5e1383292be5fc6c5b1aa3e1215b5,SP
c7093c34ad7da76feb1fb87e5f6b366b,BA
8d0c2ae2c7b532f0e90bdd06bc9a04b7,SP
63aa5b96f7dafc4bb3b80ee18c32b7f9,SC
60134a69479bd4d54c03fd5076bbe984,RJ
fa9df1d2b3ed5aa06027b89a34ec272a,SP
8ac4e65f170044d29753abf35e4d0d96,RJ
aa6edca5d83d4c8e9a2262b9847febd6,BA
70e12437a260894a3f038b53d44b01e9,RJ
78f11d5157510e904e39314d79f03da8,BA
d4af21206f409c5ba8408216b06b00b6,GO
a548ddc7529330027feda4cf87f9db30,SP
78273c93ab6b793ee62a60feb6b7140d,RJ
893f9d0672c5190ed0d36e777d769a3c,SP
2224302c7f106ec29ae4a849b3d826af,SC
c2a3ea344de262f71dfb5d9f83a02adf,SP
03b59966dd366b58382e349fbaaa6231,SP
2137fd565c784123ceb5a62528749c89,SP
3eddc75fe2314996f68ddcd89ddb5caf,SP
16738db2ba964d2b05d642b0ff222451,MG
fcd9a514a1dc122d997d6a3f84339463,SP
425ce6f29109ed3511a62cd0f92d7170,SP
0df487c45aada9cfdf07f6876f970af6,SP
05006a510ff7ae9e5b9901344cac5f24,SP
f03ed5c05aba9384c235b9eb87a5b499,RS
ba1b4a0f287cf0364816c7376ac2b141,SP
81e08b08e5ed4472008030d70327c71f,MG
15f4d0b2acbd4c1deb4d62a8111fc846,SP
cfeec5b515f027e2d4374a9ed829307d,PR
3f7d26944f7f68bd2ac23b5e8b500ab0,MS
439fd4a92dca4ea45485bd99e028004b,PE
7192fde393370533066e4d30403b3562,SP
63b98f1dfa5acdadfdefedc183756476,SP
6668dac2eb65c90a4b5662e8d5a38514,MG
b7cc0d4e8c0ef697cfd7d12d18d04c88,SP
0f3e9d86fecf526bfb491387aece8e02,MS
a7fd924b11c1776e4992293e2b2694d3,RJ
911e4c37f5cafe1604fe6767034bf1ae,SP
0308cb020fb67d56a42bf1296f77dfce,SP
b8426f2cfe27d43ae8077d218a3622ad,SP
1fa0d617aaf00999f4cbc66bd28a3e66,SP
27a748bd3c2cba4f31221d301d5401ab,SP
6230e4c4b38009c58b83aa90c2603ed9,BA
d558a46ba4dd583c224349c628c52c56,SC
5c49d0bcb0f397a3a5dec5512755f848,SC
b9f66f0da7f1dcb542b44a18581c8aaa,SP
0de46efc7d10114ac311e5e16d8dbdb7,BA
948b29e24216a05fea13a18d8db45ea5,PR
a97ffd7dc1f722793d4ab4db1eb815f5,RJ
ba0660bf3fffe505ee892e153a2fbd49,SP
c4073e465adf088386a637bf76ff1bdf,SP
ea0b7ca96e72354232c17d72b8bdf66d,SP
0125fdf9e257f064725f85d1d63085b4,PR
7348a806fb57deff7842f83e1a890931,PR
4399c824aab097f4974ab7fabf8064b2,SP
dcb729d4247a942fe9911fe4685899a9,RS
9e2a7ec851f933a42a84621ae1ed5922,DF
5f2cfa9c8c34ab5d785fbf253c63b930,SP
007b7f04a35e02745c23ea706492ca20,MG
c01443cc3dd815804225dacaded87050,SP
05535d34af5324aaf6988e1d890a0d6e,SP
87edd217bd6fc063e3bcaded331967a7,SP
112a2b7ccb2d89926da59b967775b8f8,SP
d177bd6051d525711221cfe59b43aa3b,SP
d9e05844502fb02690842f8397e40b78,SP
b8f2034a26d0832f43daa3a588a9131e,RJ
3b9470ed68cc82d8fdaaf97d552e8fd2,SP
de6e854dd86ca4f038c5aca3c86150af,PR
b7b15ab12fa50616eee696a22f098e07,SP
95be4ef194f75ea2eaf653d3d28b2d60,RN
e27702751ec7fac85bfdddd986cc03ce,SP
524d1030b6d659f0aa5e03f459a89b34,SP
81e002e37c83087d148d2062bb1ba395,MG
0c7e81c095866ddce9df46721a8a158a,SP
0dd5a932b1e29daa12845dbf696cbb54,SP
b576ef11e3b12196c16e412f8ab8e65c,SP
115eb2fbfc2d8446a2a6d38a0d800c6a,SC
70e9cf1e18e454538ab51d6b0c52758d,RS
30c0d1803692aa5d5f70dfb0740175c1,SP
3fc9ec2feb5971b0f7b8576581143b98,SP
025d5d5b392ca0924d3f47a286fe474f,SP
cf3c35f463f6a234d0dc10d33dacb41e,RJ
cee9119007f070eb70825712d2259005,SP
a3769a6e70dc4fa874b30d62d812942c,RJ
838bc2ff67963202eb29e748923c15fa,PA
dd366840d2ab4e9287b864bd051196ed,MG
0634a391a7b3989dda9196f26e6b2242,MG
4608ffc5f70a8c67bf129d6770948fb3,SP
1a87b8517b7d31373b50396eb15cb445,RJ
e615ca09613c8f72bf3a0bd5e2d349fb,MG
0a4c9f486aaecf0f40738a4306c1d552,SP
0326dd6a607188065ee1d69c0390395d,SP
0fbba4e64c66162f8108ba004d0b929d,SP
614fe1c6546241092e71ac4d9017cb0b,SP
277920f3429fff255e648c241b5447b1,SP
1c5b37d20011c637ad1a5b6d423c7483,RJ
69dfabaf85cc92de6ad47cc49070642c,PE
ef913faf232d3ef42bee90bc490c2ab6,AL
8c7e8c23615d33fffa609b8702645cb6,SC
9c338ea8093192e203bc16add78c123c,PR
c780c18f44b29fa4d0f06f3220d466f4,PR
a3ae3675493e050fd2e74539e9dbaf80,MG
6248396b64eb57dc8522ecd345312daa,SP
568be7bdad827e05c5b0b87614cb8c59,RJ
3aa067bb9a756282ef198ae577298bd9,SC
27a410dccb395b6ce45963874d158352,GO
b7a7e149c4a6120ec3938bd2752683c2,MG
17109b321000eac4651619ac8f9b6035,SP
6d8642f4096c5670ea62758a8c921a7f,CE
00ba72dac5dae2776b5bfcf799a956b2,SP
af626bcc9c27c08077b02e6d3aa00c36,RS
14eb49caaf14d8168944777b97b48499,RJ
2d0c34b4b379c290f079d39df12304e2,SP
dbe0f00a51158c7c60c7de899c9562d9,SP
ec1ca447b2357dc984f111bb42d901c9,RJ
4c0114d21b16e87469727d9e1f595074,MG
f4b6b12c622bee8aecbfb2114025cb13,PR
ee1fb534e64d33fcb16a1023dc721a24,PR
f26a435864aebedff7f7c84f82ee229f,SP
604cdd5917fc17427bdb04712335927a,MA
48ee4490f797cdb00bf00f9255351ee4,RS
082b0e812e5a5e7be47a20928caee80b,MT
8e2e23cac1496c337274b16fb7d57886,RS
a5d6b2f5be2eca026d50b24773ef1113,SP
3e089f738aef695bac3734a9bce1ed20,SP
4d69348be3bb86e3326bc320185c5438,SP
2c5519c36277c3f69df911c68cc97e50,SP
6aee223ad482dc78a0d4fe2f893c203c,PA
81c6ab437fe90b28b08c3da8d1d12694,RJ
98647ebe3068d5566c1c2cf026d72239,SP
6dadbad06dc0935c3987489ae60c4dd0,SP
e8ab70fc0d2c473d43b64647d1d73414,RJ
6bef8002464a89b85c089ff2a64bc5ae,SP
fb858665709e2e6adfe0207bcc5b3118,SP
52f7dfec08a527c57de6b521b799945b,MG
938698ae953596e231326da5ff220f68,DF
8c2f13c6e90063bd06a0f8279a3cc39e,SP
50d37bde3d02cb5e11d46544e5e8791c,CE
19e7a88b34ef70d108e660c6eb33e82a,SP
8e1769459d9b9a9989799f6c79a4a663,RJ
6f8a90f42a1120e42bf3db98b595040f,BA
15225afcf8a9e71763e021734ccf163c,PA
05428560b11124d146bc86a2c4d5bf35,SP
42a17b496d860f35546c295e70f516a7,SP
f9083a610cc0600871bc80e53dd586ee,RJ
ee1f9e745337f488f8ec432cdf8a19c3,MG
d12dfe84678bf6a057d218e2ee623154,SP
74425816e9f175cc2da8f4a69720291e,PR
6641d4bc99bd20a09ec8c66f4c7ae0e3,SP
d7c4d8b45b0a33ff6df7a3950800d4e8,GO
2f49811c845d9978f54ea3f61741516d,SP
33d8e7921924c3b75975500363ac32ed,ES
58d1b021c741cc8728280bbe6d0b3da8,RS
61544bf6d5b15f5dcec75603b22fcda8,RJ
7d986867cfcd083f25ad4f692bd2df06,PA
accd76590a428aba5e578d4a7505645c,SP
8a19afec74d4f1f9cb69fe402d98c3b6,MG
e4800add327af5e8c4c04f377fb1779a,AC
9a516f56e5f6f198350066cc99339bb0,AL
133cb7dc019947e49b9541c6c2795ac8,RO
4338285648648cd4a82f4498801ea736,SP
5dab1c2427a8dbb2554e753cb415e222,SP
fa8c1b0cc3867a62150b15d907f94382,SP
078d86e7bf40b188f0e5ed6d866c21c4,SP
55564b631a23d681ef873e8354142da1,MG
6656caf59604b25703d86b9a8ea0f814,MG
f536a2636bfc8640ca368d2887eab64b,SP
318c79ecbef169cf1961191ee2e2b547,SP
131bcf801cb9c02140783e20153249f9,SP
be28c5ef762b3f4d0ec8280a1d6d0eb7,SP
9bdf08b4b3b52b5526ff42d37d47f222,RJ
519579a0b1843161c9ac5cac2376caec,RJ
bef40bbef664b2f618bf022db5be5a11,SP
f4089d4af6a57725128cafde4c098188,AL
7942ca8baa666af529e54d8cf200d57b,MG
b22929060c67ae572e2e82d531af2fc4,SC
a559b10d4f093640a0ed4693ce16ed02,SP
0fb85ae4e233e275790cba098c95c855,PI
847a65ac1b1b67459d7fe6e1a1af3c83,SP
49c6a9bd8786031fa02ef67014dd2bc1,SP
44f7c335ef13543f17246fb1010edecd,SP
ad575c56bac677400aa8cbaca2d8446d,MG
64fb950e760ec8b0db79154a1fa9c1bf,SP
bf141bf67fbe428d558bcf0e018eab60,MG
49206e681a7405da8d06cf16883575ff,RS
92d816799e81ea5cdb034d077ddbab15,SP
047c4f9e8ca120c41c8d4a61df722ea2,SC
ef21aebbb093a6db29ccc6aa0b89c347,SP
b727708ffce3a65ab875d65f42c59b0a,SP
4df165e15f5c3b1bd4201efd8c8fe2c1,SP
ab308900612e0f192d73e0051653af5a,MG
beca47edbdd65b21b705e744c4275638,SP
a8ed087e25b26fb64cbb99033eb243a7,ES
4ad9f3aabf40e6cbb73c0511aa878c7f,SP
e1b7d36c6112647b0f4e0c3bd46085bd,SP
9625c9b960cb2a2645738ad08d8fd709,SP
9cfa9387ffa7afa5e0d245b13ada9721,MG
3135962ee745ef39b85576df7ddbaa99,CE
d7486ca3a453d8a2258144e41c9aad91,SP
32a079c19bb9adf352e0e93c4fb9bd40,SP
8eaeb7321c581b23d11baa046e326351,BA
623438e09482cf7300ffdf9b95ffd9dd,SP
72b55045ba227f2f40221ee830993778,MG
3c041ed6508172bd338538fc864b8c5d,SP
a71764704f63e605e020c4ae34aa78f6,SP
6ca8512df510cd81c156464b01dcd23d,PR
1833a0540067becaf59368fe4cd4303a,SP
3b8f54691f57c3da431d79aa017232dd,BA
7f2178c5d771e17f507d3c1637339298,SP
76696c96f4cfa5fbaa17fdcced323c9b,CE
44b1b38478ff0cfb5e9e4b6254aac453,SP
450a308ac9087c11e52bce959ef00335,SP
9d82abb78c84c72c1802757c2c3733b8,RJ
aff70ffc7417c17ae1c223c119d2a4d7,MG
6cf178abb6cadf4e56f9bb91c672c4e4,SP
b5e43d3efadee053db2aedd1def38e27,SP
29c938e10e5b108f3141464ff1bab857,RJ
c1f66c1aa023b8b5a0f65327465efc7c,SP
3888989235e31a1848cb782a04a14334,PR
b634dded0d0e31b899f16cb02e0ed1d0,PA
5dce0d6d2ad974afb75df4b6ae8e4ac8,SP
2ebf822bbf33241c7bffb42235519f92,MG
8f28e2e21bc3d726c1bb67a90c49b0de,SP
c622b892a190735ef81c0087973fa16d,PR
fb7df68b487c7340f5a4e9c5d4ae3e73,SP
16110c3e157d455044ea08de22990cac,SP
7e31ff5a549f128e99d5cf90f3b9a649,ES
ff92e1be6dc1bad3695547e321d2003b,SC
b83d1e4c6e630ab8dd058360d47b4c17,SP
eddc0f5250ab8ed511268cae2caf9a0c,SC
2b655432dbb2d5e62b02aee3eafada73,SP
f9428c2e5615ac4466e687dc636c8d04,SP
79183cd650e2bb0d475b0067d45946ac,RS
332df68ccac2f2f7d9e11299188f8bce,MG
5a0367f1c6acdbf73e18d97acc43df80,SP
e3fe72696c4713d64d3c10afe71e75ed,SP
25aac06f1c893b78c7d26ff0a5308eae,SP
1fc29088df4d8add848a6b7304f7a9e0,RJ
d9b1bc463eeff85045d60287c7aa40ec,SP
8a9a29c82eaf2a506eee8e4ea99a5cb5,SP
9ec73448134f871bc7bdfdfd444813eb,MG
9a311a6bd1f11fe0aa7cd6b77ba8e8ad,GO
777bf9a904c89700fef785ee2de8c0de,RJ
d854800a320bbb07b484f76894e4638f,PR
ef15b3240b2083e0487762ee2978d2b8,SP
5fff39f1b59dc4d2fb96c9f19b9a484e,BA
73f826bc89f03a161feac9beef6ed964,DF
9408366cfabe249cc4e4680dffb79c5c,DF
5d8613cf1855d00dfec57ccdba74f7c0,SP
b69f71499d18371756e7a6d31a9ac0dc,PI
62ffae18a7ca4b2e681c6296180ae346,RJ
4d1e62429d88723ea3c9a72fb4c4ffe3,RJ
3fd8f9ee763daa9b036f7263fb64c685,DF
887161ac86a185362955d1b9383647ff,PR
7461f9bc414c8346a6ba180b1fbe3580,RJ
ad6f2686bc9a43070103abf4021c6e35,SP
3d2b9ce5685b7810c56c6b8babb0432e,MT
ce8bb2a8b394a2e1ff263be5e3a44d65,SP
a51b2e9f1088010982a0bcf451a4de6d,PR
5a305881af7a75ebbe4e858260370d9c,RS
1052b949c000efee96083e5b24bd7a60,SP
25a883ab22042cfc5f16a1e5f6564cdd,SP
a166da34890074091a942054b36e4265,SC
b9a96d45b2fc1fb779cd86dba54a3110,ES
243243e2638f6c85b2b5c38f5bf05b53,SP
89e228202833d7ef75a17cf778a4bf40,PA
93c4960d58cf80f39108c219017866c1,SP
d79fb17b8cca444c9a779a23137074c6,MG
ba5166acad480f24f1633e1b8ce21741,PR
2c58296eab043d713ee5fc669f6aba05,MG
ad70f138775d968ee261c7dfec755835,RJ
eb3e00534a970a5f3309eac06880f0f6,SP
521302710083ba5e737ef5cf6438450f,DF
b4555c86f2cac80eb9a05546896ac079,RS
69fc759c2dd1b4ca51e0ffc8fa632455,BA
7ee968b8ed74301e0cbd3e44416cad9d,SP
f5afca14dfa9dc64251cf2b45c54c363,RJ
df2af8efbfb8b719e19e7e08d0017759,RJ
8558227007218197a4d8ac26e41ab22f,PA
c6fb5870c31ffb62f86cc2b9a8f09921,PR
78b0449357aac9b99f762f7d033aca6f,SP
1358c61e82221ecc4d165d21123eb23d,RJ
8918dedf08a051aff27479246e74a5bd,SP
119b719f1b5c337406af6f99bb135b78,SP
92af427e290117f39d9ff908566072e0,SP
b2333f7e589f125452148e1bec4b9fcd,SP
ad0c681bc5c048b9c723de73eed444e7,SP
841cf7b045782b0ef207f4d8305ea6fc,RJ
121ada84af097480e437f1a8c979f6a4,MG
5673c1a8ea753d43497e49fb1be74b2d,SP
b7ee9b824b4a83b389379ac70585bf3b,GO
cd91f11fdee723232212c46ce64b4809,SP
9f5a2f912f123d541a318029712fe90b,RS
90d7075599361b6945ce6c9e200a687b,PR
ef1de028f62249d1a7127ff7287a6f54,RS
fb82c16095041173ef2fcda3f8437f40,SP
123d6a7316b4ab48074d72948fd412da,ES
1f7945736d0f303827055ca99168ad20,MG
9dec2d47e95677b616efe366f8bf9fb8,SP
3e6ee83b129d8611fe4e39d47b18d8c6,ES
6e001b127d62e0c00c0dfb63778ae9c0,SP
e9b0d0eb3015ef1c9ce6cf5b9dcbee9f,MG
015bbed5b941c909ebf091ead5eb2a05,PR
f411a040a2fa31babc72e93f3a947e07,MA
ba827769097443c480330d84fad09494,GO
c15953d614c7911f1b48dead736aaf20,SP
b379e9e939cff8a03a9ce96cff2a59a6,MG
0541aa34358f8279116d1d183f1e4eec,MA
77eca4439004e4aad223924d6f254f3f,MG
6ab4674ae385fe7928caf1b8f5d0aa9d,SP
0238124998cd8eddd5b3ea04d4c1e658,SP
1222ae0f15dc56dc392fa0bb0f033f6b,SP
75c1cc8ffdfa39cfba5b62056e1c0f56,SP
2443d43e2cb0271b2e63ba9a0fe2903c,RJ
70a4e6115d9256bcf1fcef49250afa85,CE
6c5aeca0152670c75e44c9c67eb7c1f3,SP
65060b85a336b487c0fe7d42d64b3b99,RJ
2368e38c19fd581f0953057716cad811,SP
1828873db87f59c258454599a88452b4,SP
df69e936b93edc5cecff8047373bc369,MG
a83fe906cf12e5dc24b6106577d27b64,SP
2bdb2502a9b89d8f94ccf1ef7a9f0292,SP
9346c5bf5e6eac10f0c9feaff3eb306e,SP
8eafb1ae4b90494f3c3460771c07612c,SP
75eb3be9eeb6a85cb18c76fc76b0cf80,BA
31ad1d1b63eb9962463f764d4e6e0c9d,SP
6483e3c6cd89ff69fc3ee541622a2432,MG
b270bfbd3d8c070f36f1c9c885280e31,PR
4db36b898bb3a416e703634b1a2ecf18,MG
a57a381a12573edc7711887551fc961c,ES
512b6230960174ed572f2d70d3db6e89,SP
058b8118018cd37ff01ae5339a76c980,SP
b3c27d38792407989077a9a53d28b2f0,PR
9c218e321cb9d2d3fedaaafabfd10623,RJ
c564529ffd5238e134307140271dd186,SC
75932cfd72b87bd6079cf17786726807,RJ
9dc4634838a5ef569c6f8869c55f6dcc,GO
65ee4aa816cda8ad41e05c75e1cb691e,RJ
620a606fe1841ab9e3659b68e137601f,MT
1a7edcadd05cd374c32cc5e4f87d9832,PI
3115ac24b20b9bf9267633753921a408,SP
3922e40a232b96383899bb8b6f1112fb,SC
4fec2e0acfdf1b086cd731bcb51ba7f1,SC
998f126b3cb8b108a8b7784019afa475,SP
d6c5e3efecf1ebb34d1b7665db05de3c,PE
08999a20d9741d9513c368676f5531c1,RJ
0f51776dbb5a1682a394339eb85decf7,RJ
cd4caa9c8a2fd5517470fe1f3360b969,MG
1f7f094865cd0e20a6acb5cdba5c5f19,MG
145f93b9592c03d9d7dfbbae7e80c6f7,RS
759009dbd177474a0c58c632fe296ce6,PR
fe5a1f08f1c468c24a9bbfa507678cca,SP
4b89a252c0603079a05bc1fccacd5a52,SP
db76ebd0d51c2b3cc44d84cd6df46336,MG
4e2e8191d9ba87e497ba547c6354a87a,SP
dc5cacb3e5b312dbde82dae449a8eb6e,RN
6baa9376774172fc3ad877c08e85644e,MG
04d7d73089b39d83f81b829cbd98e43d,MG
5134baea6a4f11251fc92a2f358dfb4c,SP
dd9e6d0e73eaac93397a66b760d9809e,RS
4cbe7cdb500ac94cf673f67c9f28d8c3,DF
c49358dde47a3bedbfd5aa834e6248e8,MG
18cdebd5cfe07beb5258254ff1f8fe85,ES
1d84ab68816537ec824426841b34e696,SP
8078795898cf354a167e8832f263774f,CE
73126bea0883827ebbbabe078fc513bb,AL
44ceede9e72823df1130be3bb7996635,SC
c5c49531a2382c251f866e8c14dfb3ea,SP
7711cf624183d843aafe81855097bc37,SP
b19a370495e4d833f7351b777ef67b4b,RS
aeb558923701cfd4b4ee039cecb8fa77,DF
a8331c35b57d8fe09e8df1c06509de29,MT
135cff02649bf8b25bb2ca8b46bd80c3,RJ
818596f5b68adfe2c11498ebb6d39e02,RJ
be5b31d927c5966440f2826da46e6449,PI
84cad6a5d13b2a45316812384327e16f,SP
d95c4eb894db9fa73c355006bfa2534b,SP
72ae281627a6102d9b3718528b420f8a,SP
d149bc46adcbda6621ab6f9055f11bb0,MG
ccc2a5577a251f98fb39d90e7fca0c78,RJ
8dc532d8d7de85183b628175ba71e69e,RJ
ab4e4f11610404b4184fb812e47bb0ed,MA
a2cb2bc236e62cf807925d6cecc245c6,MG
993add0b1f0f75f14cc08bc0e180db18,SC
6d59eb54b9df0cb6c0d67669819e02c5,MG
ede6d420b95b2d4145c3e0de07483597,RS
477fdceea6e84f0e22f8db6ec404a3f0,MG
62d788fe5abe032aad2a3e5ce86b37c6,SP
047d2000bf864a26eb2559021ec958e2,GO
6f3ff429d5c4b068e63ef27beeace380,DF
f5b92e56a780e1573737b5ad7d15ab19,MT
1da9f9775d33dcdc0a8d7811009a19be,SP
960b33a48965dbe311329af76f4aa70f,GO
aa797b187b5466bc6925aaaa4bb3bed1,PA
0423a0c4b6eea9435c2f40758658a2d4,PR
d23df2c6c3e51d875f458d123b2b3c90,SP
e74208f5cce1258bbbb9a55463f0d37a,SP
2fdffca8dcdf01547529d45f7f4e8e8f,SP
e3a89345d860faa5a9431ec4fb1e307c,PR
f1e46939e6408b3e6fd46579a37c88b4,SP
3c4e8510fe74acda6c7b8fe81e34b46a,MG
f19622365d4c40c686c8ca3bec559e48,RJ
2800b82a7d904585f1f78639be21f877,RJ
c8612759068c7216331e5dfb73b47ba1,RJ
92148a85c89c0da621cdc0e1810a23f7,RJ
eec909ab0da04f0d3e92f898c6994d37,RJ
ebc886e9e3226e7da3ccb10bba7c5c4e,MG
4d77375c6dcb70bcc7e85e9745a7f61a,SE
b8ec04c8a20aa6136b207e84ec12593f,SP
84b792c2ce37c8e8eddcdbfa16130e10,SC
e54533a3ffc29ddafdcfa45434b9b218,PB
43e97a6a073accd257af8dfb5af2fc83,GO
f970cf91aebb424d5389764dbc72d2b1,BA
8c79e197cb74694ef8449bc0c0385662,SP
f73d378096054953caa2d69a8abceb73,RS
36b9a428f314355ab3a28444932f409e,SP
2e19f8c8ec1187ae5dc50e54bfba01a9,SP
98148e148042527f57490f05af4149ee,SP
9563ec54d6b000879e4f319591d78003,ES
599eb3fb43b36d43156a5157c94000ee,SP
3e8da88b70b67f67a05f66a138bd7f14,SP
08185246997b160bfdc98c4804abae71,RJ
d9442164acf4b03109425633efaa0cfc,MG
ffaa3252833866f2cd17833586a30422,PR
27042fb514020b4fd8b981f6826d3b22,PR
10ef7cc862362919f25225bbade1e1ef,SP
bfdc91ba39894bf8935c66e17060382d,SP
20f5a1cf347e797ab4f304906b1557b3,SP
4ce93a796c27842ddee5e831d267d05c,PR
9dfc1bb87ef24d2ce198b900048195f0,MS
082afb51514d796870e769e2c46919ba,PR
c5cc9a7ee25b3dde1ed09c7568ff9f9f,MS
f007d19db1f83a2f77650ab490703640,SP
9cac5970d5355ceb74d4878059ac6399,SP
5239179f060acba3aae48fdc19d479ea,SP
29ef1f160ce630146dafa02052e2c5bf,SP
a9c6cd6cf9583fa5820d55c21238f78e,DF
66741453d979b61f9cdf5a20f382e6b6,SC
443f70a83cedbee25cb20bffaa9b275a,SP
b5886d8a3edaa4855c042bccd5f1a554,SP
3a6586139c630a9648d74d1da4a11cd8,MG
becd44b937217776c659d9465b22808d,SP
eb14560bdf0397941f4146f43f653496,SP
74c196d5748d2b4dbd3d387f50d6fa09,SP
4a5dc0dfa0d6bb6fee6eac33a4b39d7b,SP
82645746abdce9793cd3dda43294b2ce,MG
96bfa6abb051b3b455959e2d0bc6aeec,BA
12fd2740039676063a874b9567dfa651,SP
25bd150ede65776445aa57a87edeb980,RS
f331460c320c55eda5519b4743e8673e,PR
b6c2a592baed4e617db2e58189eeb671,SP
10953b2bea8e8eb31821c2d41e85c4dc,SP
4d4f3df77247391775a95ca8bf017d8c,SP
d95cf58956340c9cf5e4103e8d68157a,RS
fc39afc06082ea33d82e5c4b4c6e94d5,SP
9deaacc2a9d6b105c1e27790708843b4,RJ
b8be0fb88b88d0e00af27f75835e1c50,RJ
2b47ff70d422cc3ada976dea40f48782,RJ
edfab77f860875d798260a793b997664,RJ
5f8fe568347c41b2b42b72d72ebe0d67,RJ
6fbf49020855ca62bea99874ac92e715,MG
3c0a441449190dbe7fbcda9358caae84,BA
bea09f07c235c12f4d5fd154651c0f5f,SP
d8d9d264aaf6573952ccd477cbd47d87,SP
428e0381c7a36540d57562f45cf9abd6,RJ
c9573cc1e246dadca50b2a74f795def3,CE
1fb67b763df136bf1a29f1da8eeb128d,RS
42e6dab95c5c9ff9067a6d954ccdcfbe,SP
00b2b9682f5c2a1f7cf1312ce6a0ea9d,SP
198f8a1c41eaeb274fc8b25993320f18,DF
85fe96297110ae68dd33043dc65a5221,SP
93516ce404b65731cecbd93db7392d33,SP
538a4d02876412846b966a3c057395e5,MG
19402a48fe860416adf93348aba37740,SP
6487942d4e64abf0e25a122fb215677a,BA
9b605f1eacf9a8ba0a7902464d6c884f,SP
e98e177d7d60c154a7da57096c1680f4,SP
9b18f3fc296990b97854e351334a32f6,SP
c1865c11ead00a1bcd19971382032e8a,RS
084dab2db2bf5d42677b135e633a15ba,RS
1099d033c74a027a78c1d26e1de9c8ad,SP
bf4fe999a2d7bc0465cbd817fac3bbee,SP
14bf3008a25d689c6ad3ca1b5b9975ec,SP
334aace2ea64ac7763440b12492d4374,SP
de62761e79f4ae4169cab45ed5f36026,MT
b63fa2c5e73bc1c4f1340748442f0722,SP
393337d78fbbb29b0418db20ac54bae8,PR
2fdfe901849d16dcfd92d3d8f4c5def3,SP
63e940c343435c829ce63950da558d7d,SC
288cab403c2e768a363a897b1095f5a0,RS
aa76c84a162fed7b8e5b935ce4ea7533,MG
c7a91e6580509dae3db905dbaf815876,PR
e583c743a5c26e0870b08e4e6efeac7f,PR
a31f3b93bfe2d5bd18745603e3e537c5,SP
a743d5c3ba8ad2c90f90436852d418d1,SP
80fa64e989d6c0478aefff5df36949f4,RJ
a915c5f2ffdc3c2a11a35c426bc8de6e,SP
c0cc17e4ee16598f33ce7ccc36e3b4d0,RJ
de092fae7682337beee732fe96841556,RJ
3812b56733f6771e29363fede485cd6a,GO
358fde222358cdce3408ac3fc3b1d1e0,SP
f4a4d39c7832ae7e22deddde1122de01,RJ
f7b0cc4e42b4ccf20819cbba292745be,SP
f962bd6ee98fa707c3e2eb532bab37b0,RJ
aa0a85e355a784775696142c2f29aa48,AL
a207382f0f563c1f430ef732ade9d9ff,SP
9fa1306390b435305462a28f708c783b,PR
05e996469a2bf9559c7122b87e156724,RS
57ee2ef64f17a5f9a4bf30489b06326c,RJ
5c819da02aa0a65eca9a8086a00a9885,SP
50a6b9bf2be166cbccc5b039176833bb,SP
f3875c080718c7e384875c4af4951afa,PR
73bd1eb83b4172b898bc19681afc885f,RS
787b46588e96b01ea8bb3a4bfbccd352,SP
5512f32e517ea091e4410f66504dad30,SP
fc2a8d30702cbc30e24fcd1315030520,SP
6976b13183e54d7c9dac5d94edefe662,RJ
86de6692e6fdfad3c3221414dc73d4a9,SP
076dcea2eb6c8dbe9354f7c0d8670a00,BA
976413d083d598716701e20d0cd9d56b,PA
fe250657d695f666b5f59845eb482823,SC
06872c61a13a4d027504dd0c15d43b72,SP
5366b0fd8d98481e724d2c25b0f6be0a,SP
0b0e95b0351bae7addd465ea17e4e4d9,PR
e5b2dea74bc86ced6b86f103ca99bcd9,SP
0080e98d82eceee143dc006defe00687,SP
28bdf307ebed2aa57b5c83c7fb080fd1,SP
6e316412bd0f394423556d697fbc6d16,SP
a5fb3b16bcb08fb9f1290f225390b829,SP
c083885b437889d9282d636eabaaabb8,MG
4f31c34bf33334525417bab91b4794da,BA
66a1ad480e947477de23aa06e861feb9,SP
e95ac603dd00da603acf38d05e55d781,SP
9d1f4537b5bf271b2acdfb484507104c,SP
b8245bf3278e6f2d8144c2b23a0b424c,SP
09041c3c23930a8bc1fe230bbc1ed19e,RS
1d2a30627555e9f9e4948031b23ae4c7,MG
83ec5df9d919623cea294ca76be73b0c,SP
b073fa2486ffea654bcd31968d03d8a1,SP
3a2d68eee79fec2603b564e1e0253c75,SP
745797df7e1f604c7d608c43b43f62e7,SP
eab22d3171e51fc2a3b380f5da7c7310,CE
e7ea13209423cee1f34f8e8c7c8eeb23,SP
478c615b39c193099e6f6b352d706ab7,MG
e6c386cfd321a1708aa60ff6b8f46449,BA
abd4fba77f31f5efdc766a09851e4da3,SP
1fb576ee9524811fa8c09e5c9b6c39ce,SP
bf5f428a6f809242d47242a4159db97d,SP
ae9cc596d22235c547acce001f90fc33,GO
58d2f3b85809a877b7a268be30871cc3,SP
d399cd64e15fc776a47839d972c5bb2c,MG
b89010d4a6acaa06d4ef89043869838e,SP
e89fa350fe8cbcf495cfee2aef3d44e1,MS
a32e9f128bf594a9f10ca06f147b4719,SP
c0101b91cb49da980a14e5eb006ab394,SP
94fa5fb873b594639bd9eb8ebb2bbe8a,BA
13a4684a5a46fcbafb42d8e30af15219,SP
56dfafb543cfa4c2edcc08b9b2c5f0c6,SP
067dfd197c70456d5dd81c801fae133c,BA
7181fcde3f0ce4dc47a9d1c64ed15b3b,SC
3a6fc4af206cad7a5eaca926cdffd0d7,SP
f11a663853dc243e55733d1fb954a8e3,MG
e4257cc2f24d3cb4a68767a524dc8b76,BA
45b660ceff4b3fb644ed71cec139a81b,RJ
526ca0c61e632c67f44099eaf587b023,SC
1589f4bea320a405a122738de980c6e2,RJ
8dc378ece8c57180e796e818c803e577,SP
a629686911e06a8876b4b570375c1710,PR
9f6a53c19c779bd59965550eb0474688,MG
08ba3f633e08284c827e14b9700d8949,SP
4c7f4eb90b99e99875f73b829f63f892,RJ
c9810bad88b465541f86a819e6c17b69,SC
d0e71d7a6dbca8ac513ac63d08a81fa0,SP
5d2a6f43827078f498988bdf977913be,DF
0338cedf9fd370fe655047aaa0725078,MG
044e10a1e867fefd7f02a3da2ca475b4,PR
7089a41f6a02e9b5784c67fbec78e82a,SP
d23a0559b17d49af3cfb63c141bfd08d,RJ
da4d1ca7f0150ef5f5ff3b86c2b67af4,SC
fe4b93d8b5d38fc72f20a95f93511cae,SP
5181e6f1eb922ea7daaec1d9f06aa7d7,GO
87cc80e439ab356ef3b045e8be9bcea3,SP
b5dff22ad6f2531a66adde7810935f70,SC
e8515276707fdd0900308f2cbde32131,RJ
d0836b848a9c6d8fe285a19b028df814,RJ
2f6a7c83c088882e1cb34f7bb41a30f2,MA
70e6d8407a54a97e0985316f11f46ee6,SP
2a22ba1cb2f182b16cfd4b7620ea6114,SP
e377314dfa6e23684f1fae454fe8d8d0,SP
358be33e0da76b214b9504d0ca78c556,SP
f48c503766cc6385fe6947e623c20b65,RS
ed1793d2d1e4175d5846ce7ebb4a01f5,PR
49fbad4fd44bf061db521927312ac8f5,SP
100a8d4dd80b65dc63ffb17fdd39ba28,PR
1ac1963cfcf8bda4b3b64300c5b11b16,SP
c06f5779dc9ad82cf60b76db2434366c,SP
40e2a5bab2a362999505842bbfb0d590,SP
b29b05b6f122cb50187f3e22ef06858a,SP
22a1be4f281a33941e88bc790cfb60a6,SC
6dc864b913bbfbe227bd1da4d8080a2a,SP
c43140cab099145072c92fafa17d0d48,GO
753bd08248a5fa2c21da47c01cfd83a3,SP
b4211f38ade936b62d702e56ec4068da,SP
321e587bfd564d724fa0883998543eac,SP
1910935b7377a45bca463c844d7a071e,SP
adaf88d3b2dd17497e88d690060fe409,PA
ac7e3d34240c0ebfc003455c2e04d10a,AL
4248fddd68e3375c24e743290ce2d9fa,MG
2ed973ea37080a94b7beaef7458b2e15,RJ
4cd756c714ca569c2450c24782004147,SP
f2ef4ea65c9d748b559c450074db04d4,SP
7e8b40da1dd60be07114921fe802381e,RS
592e40170cce9817780844caf7c0a2e9,GO
8e20f087ea52d83311b8a9df03ab67f2,SP
67f3e907dce402e696b15f9308ff22ed,PA
7b97118bf4df712989568f4b46c0fe88,SC
b7aeb0ea3110edb266582312f6a00ce0,PR
4ce34b1541d53e6b1b023e4317ae0d3d,RJ
731723e171b17d3d3d478ea3a1f4151d,SC
f7ecb130fa478f9f5bee1b9a55293db4,SP
59168d27c5da6a50e3d1f03d482e80b2,BA
21809d6b8acb4ca628358610aea9435c,MG
a791256150a6975326b329cad239f6f7,SP
660673ec54a8b7fe75dcaea60f3f3e0d,SP
fcdb673d0f8d2b84d3862193f17a08f9,SP
4546f685cfe43aabb0bf3af4eabdc763,SP
bbed564e83eb94355dc3537879b54f40,SP
d06f910929d7ece5e8090c5b4ef80b08,SP
60951029b7686cc004b24fcc814e00af,MG
fdabedbba76cf0308dedcd99afc66626,CE
b98929520ddf9ebbc2ee6d7a54bb5ba4,PI
edd54a65bbf38c7914583ad0ad6ecf2b,SP
4d47b7a61cf3d32d4ec12b531a57539b,PR
a5c106ac83bc1dad699205d5a3cad955,BA
6531d4ad5d401bc0d4fcca146cff73b1,SP
ea23ab6bcf9413b8841a1a69b9af0686,SP
fbf63348f1407b889627f56bf252be12,SP
10c0f0e11059fe82315114cb4f93ade6,SP
8b8bad2ad2a7e102081360cd2a107edd,RJ
cfa017a9574dad12aef6224074fca734,SP
7353b0fb8e8d9675e3a704c60ca44ebe,SP
0f6d889ccba941185d1d814aac0bff24,RJ
56b819ca6360d77781801ec530b47783,SP
53f923fd81130dee89725646dbc1ad0f,RJ
de6878ac6d0e66c06927865e86f28f60,SP
61911032487aa85b980785414f67e8b7,SP
2bb90453c5b070eeacd965903f376375,BA
fe4904204ebdf584760213b82bd6307d,SP
230ab395e91b2421bd00ea45b60b23cb,PR
d66a67d5008715c5d0fc4c106d596974,RS
fa4e4dc465fef19f4f4216c86ab073b2,SP
3e13d7562141418f00f431202390536c,SP
28c1154b280de237fd5050b71fb67c0b,SP
37751e1671512ad89943d1615b563b1d,RJ
364fbe9334877bc7ca3da92913b2cdbf,SP
5c7d83fc8f4fb37ef3efb3e08b693137,RS
6d6e81e5815b1fff666907cfa150a691,SP
0ff9dc143472cb3ff41b9ae4a058b421,SP
346b61007a25104a5a1b25e1e68b16b0,SP
caa50bd83824193b0486b8f4da8dfb32,PR
3b9388d1014c8090f77595c5e9f2ce94,PR
09b469184e00373f074c799968de0aad,SP
a00cedaaa02a3875ce936ecf15c567b9,BA
e4a32f8f3648818820a821cd577ccdba,MG
512502e3bace7f93165fa8abdca0ef2c,CE
ac618c81651b6ff8e20a121385f27320,MG
2932d241d1f31e6df6c701d52370ae02,SP
a1882adbacee1e44d96f0635e70d7b2a,SP
67991d4b892a4fd507c46e42e256a041,RJ
7a74aa94eccd47b6c280dd22bdfaa5d2,SP
33dde4e12f42caa841c4686f7f04eac1,RJ
52bd7ca97f7ad5da8b25ddda59eb33f8,SP
30bc1c0507caea656fbffdcea453c250,RJ
faa299ecd22a2998858efc7cb87011bc,SP
a4555d257db29ef5f838cec4101c5208,PR
0e240f6e253b7d7646700ce3b28fe413,SP
df4c766338ff657c085016f56ba362a5,SP
10ee14e89676c9f43e64a67cae62823b,PE
f1def85ade6e5b754d5f84a958fd48c2,SC
790cbac97e71291719b52249d721519f,RJ
ff83b1b9ffb0f2f60273867bb26f671e,MG
5323a8b4980e72ece631b3f3e77642a5,SP
0c2454abafe19b2fed0ffb128f23aa63,RJ
93ada7a24817edda9f4ab998fa823d16,SP
6fb4f2354f36e554ac80141e9128f528,RS
6928be51d9496f1aab5da8f15a21aba6,SP
e5ed7280cd1a3ac2ba29fd6650d8867c,SP
be842c57a8c5a62e9585dd72f22b6338,RS
17ddf5dd5d51696bb3d7c6291687be6f,SP
