item_id,order_id,product_id,seller_id,freight_value,price
00125cb692d04887809806618a2a145f#1,00125cb692d04887809806618a2a145f,1c0c0093a48f13ba70d0c6b0a9157cb7,41b39e28db005d9731d9d485a83b4c38,25.51,109.90
001c85b5f68d2be0cb0797afc9e8ce9a#1,001c85b5f68d2be0cb0797afc9e8ce9a,84f456958365164420cfc80fbe4c7fab,4a3ca9315b744ce9f8e9374361493884,13.71,99.00
002f16b7bc4530031b7d90f791b12d8a#1,002f16b7bc4530031b7d90f791b12d8a,d54c5b81fc2b38707588dd4eddc7c594,0241d4d5d36f10f80c644447315af0bd,34.23,249.90
00345f338696283410b7977d2e3efc89#1,00345f338696283410b7977d2e3efc89,0f2fd0a589cb7849c1dbedbd4109c2f8,516e7738bd8f735ac19a010ee5450d8d,18.44,48.90
00471463a6106056c1a2a809f70de640#1,00471463a6106056c1a2a809f70de640,9df0e8a7eef2a38b74e6d5c0e224b11f,7c67e1448b00f6e969d365cea6b010ab,85.97,179.99
00571ded73b3c061925584feab0db425#1,00571ded73b3c061925584feab0db425,8695c431b31927efef5343e675f279e7,fe2032dab1a61af8794248c8196565c9,15.01,179.90
00571ded73b3c061925584feab0db425#2,00571ded73b3c061925584feab0db425,8695c431b31927efef5343e675f279e7,fe2032dab1a61af8794248c8196565c9,15.01,179.90
006dd93155bc2abd844cc5eed3a0fe7f#1,006dd93155bc2abd844cc5eed3a0fe7f,1ec486885049bbb9b79351d150ed18c4,cab85505710c7cb9b720bceb52b01cee,7.78,49.90
008fab5602c441d51f30b1464f5d4643#1,008fab5602c441d51f30b1464f5d4643,f23c48d81cd6a0c87f5c3b14aac68371,ebd2d60905fb58271facef5596b620d3,15.56,49.99
00946f674d880be1f188abc10ad7cf46#1,00946f674d880be1f188abc10ad7cf46,4dcb49b9ca7e48d2f108d40caa77caa2,5cf13accae3222c70a9cac40818ae839,18.57,99.90
00946f674d880be1f188abc10ad7cf46#2,00946f674d880be1f188abc10ad7cf46,9bb2d066e4b33b624cbdfec7d50b3dcb,5cf13accae3222c70a9cac40818ae839,14.35,99.90
00a0116ff15ff973ea16bee881208ae7#1,00a0116ff15ff973ea16bee881208ae7,d1c427060a0f73f6b889a5c7c61f2ac4,a1043bafd471dff536d0c462352beb48,45.12,149.00
00a174dbf11967d260033fa6ab711493#1,00a174dbf11967d260033fa6ab711493,fca62108387e25005784da2f551466a1,31344c16881c08a8a72c6d2eb29918c1,41.53,249.90
00a77f9cc25b05b2004752593d7b8888#1,00a77f9cc25b05b2004752593d7b8888,33bd5538a16d23f0a39da1c9bfd20980,94e93ce877be27a515118dbfd2c2be41,18.50,177.90
00ab1aba567dfebdc39caa4e7ca2f1b2#1,00ab1aba567dfebdc39caa4e7ca2f1b2,fcf64c72035fc6f17660bae96c933ffb,8444e55c1f13cd5c179851e5ca5ebd00,12.48,35.90
00bd2cb7e9076e1ccc9f766fc01a4cfd#1,00bd2cb7e9076e1ccc9f766fc01a4cfd,1427b126f61597524866770b05d4eed2,0b90b6df587eb83608a64ea8b390cf07,13.81,98.81
00bdcdda88e6b02977fc6ce3d412c600#1,00bdcdda88e6b02977fc6ce3d412c600,20566af10fda4783935b8cef249fa4c3,d921b68bf747894be13a97ae52b0f386,18.93,118.90
00f2c876aa08fbba04199823952e96c1#1,00f2c876aa08fbba04199823952e96c1,b18fa799c2e098abdceb194c359938f6,53e4c6e0f4312d4d2107a8c9cddf45cd,17.22,69.00
00f57f2ccce2a2e3f393fe8f5e616e0d#1,00f57f2ccce2a2e3f393fe8f5e616e0d,d6dc2dcbb3ef25e47ef82f3c013ab820,1025f0e2d44d7041d6cf58b6550e0bfa,60.81,225.00
011b142c9e082a5c1d10e0a88cd9c8e8#1,011b142c9e082a5c1d10e0a88cd9c8e8,4cb33e9787e8a38b82bd68e70f5f4700,17e34d8224d27a541263c4c64b11a56b,53.83,243.37
011e6e76dd0cd56d26b5b0cb036e80a8#1,011e6e76dd0cd56d26b5b0cb036e80a8,d33a74e1b6cfc152b6b3f43324d54987,9f505651f4a6abe901a56cdc21508025,8.29,14.99
0132451f29a10b66a5cf1bacc85f9afe#1,0132451f29a10b66a5cf1bacc85f9afe,42a2bd596fda1baef5719cb74f73030c,da8622b14eb17ae2831f4ac5b9dab84a,17.88,89.90
0132451f29a10b66a5cf1bacc85f9afe#2,0132451f29a10b66a5cf1bacc85f9afe,283dc451ad3918badb976d56ff887289,da8622b14eb17ae2831f4ac5b9dab84a,17.88,89.90
01380d0df5b7dc8bd13f2266a57bd42c#1,01380d0df5b7dc8bd13f2266a57bd42c,35557c68a22ecebcf066e25ca2ddc144,f8db351d8c4c4c22c6835c19a46f01b0,10.96,16.90
016fbc333d66b414be541c6159576c40#1,016fbc333d66b414be541c6159576c40,b0cd550945da1de6eb9cb69595d540df,6b243f80ed07b10f0e8aa0f21a205f3c,18.52,84.90
01835ef41c5ac66dd9ec6084fa1d0533#1,01835ef41c5ac66dd9ec6084fa1d0533,bbaef2eadf31fe3ea6702077398be06c,cc419e0650a3c5ba77189a1882b7556a,15.15,56.99
01855f880aae9a984c7c33b26fcf2e02#1,01855f880aae9a984c7c33b26fcf2e02,12bc892d6fff0dc42c8177f3665ef00e,e9779976487b77c6d4ac45f75ec7afe9,8.27,39.49
01855f880aae9a984c7c33b26fcf2e02#2,01855f880aae9a984c7c33b26fcf2e02,12bc892d6fff0dc42c8177f3665ef00e,e9779976487b77c6d4ac45f75ec7afe9,8.27,39.49
0197cb265e2c84b9f89dfd784095d2f6#1,0197cb265e2c84b9f89dfd784095d2f6,b8fb835549196ef18695839a1a749584,51702dc2a3e106c76dbff722b5bf0726,58.91,320.00
01a75ac3dd000b7628a684be97c29234#1,01a75ac3dd000b7628a684be97c29234,b5c114b11d53b6fd85a6a90790f0b479,0adac9fbd9a2b63cccaac4f8756c1ca8,15.10,42.90
0231382a78f19752dabca6a86b618152#1,0231382a78f19752dabca6a86b618152,4e0d01d5e5e4bd454e71e7cd1491c052,a416b6a846a11724393025641d4edd5e,9.53,76.49
02608b91ec6070ff5fcd4b63dd964232#1,02608b91ec6070ff5fcd4b63dd964232,aa280035c50ba62c746480a59045eec4,fa40cc5b934574b62717c68f3d678b6d,7.78,30.50
02610d88ac343ed64988d2706ce3ebfd#1,02610d88ac343ed64988d2706ce3ebfd,ce169d5f9421a6f21e41a7bf54d0b98e,8b321bb669392f5163d04c59e235e066,15.11,28.00
02645c905eb7d1591a679f9bc3b669fd#1,02645c905eb7d1591a679f9bc3b669fd,9f1c3e71d56894398a42b050b07f1baa,92eb0f42c21942b6552362b9b114707d,7.78,12.77
02671152ed141efc95384bdd230bc544#1,02671152ed141efc95384bdd230bc544,caa41bf17e27022341da028e79152c4c,f84a00e60c73a49e7e851c9bdca3a5bb,16.11,46.40
027b013d2186e25c2b82beb3679d0833#1,027b013d2186e25c2b82beb3679d0833,f921da19d229dad9bf3a94e86e7f7f32,04e38a233f726ef161074ab1c9b0399a,34.27,104.90
029e3b4c8e64bea4ba22e456cd1930a3#1,029e3b4c8e64bea4ba22e456cd1930a3,11dcc970f7a5581e1bf777b6da3f7096,06579cb253ecd5a3a12a9e6eb6bf8f47,17.74,69.90
02a0929986b1647b2df9bb303b4851b9#1,02a0929986b1647b2df9bb303b4851b9,2c7f01e4f39f8ca21caddb86374d7b4b,edf96ef93ed595084bbcbd9224bd2894,39.58,259.00
02acaa2a6f24e9c4e0bec7141b65f29b#1,02acaa2a6f24e9c4e0bec7141b65f29b,06c6e01186af8b98ee1fc9e01f9471e9,fc906263ca5083d09dce42fe02247800,14.10,29.90
02aec12849744e266394182861265286#1,02aec12849744e266394182861265286,8aa6223e400af9c97b07c75993142721,1f9ab4708f3056ede07124aad39a2554,35.74,174.90
02bee300cb834a5d334ae42fdc325e7a#1,02bee300cb834a5d334ae42fdc325e7a,0b6a32b32a7dc68b12e8a0e0805c44d5,fa1c13f2614d7b5c4749cbc52fecda94,8.63,195.90
02bfd16c1a67263989b258fa92e20d3b#1,02bfd16c1a67263989b258fa92e20d3b,625dac8156b3157351e7257305148f3f,5656537e588803a555b8eb41f07a944b,51.00,39.89
02c371100bf54facae80322579c7fefb#1,02c371100bf54facae80322579c7fefb,3104dbf304c25fa1812a11ad924f8b57,e62b2d6ac10570a035a30bafcf01d263,9.34,49.90
02ea547b6d2ee25305588fd50df58b46#1,02ea547b6d2ee25305588fd50df58b46,b000447e24e31a4d7e628ca4d0622131,92eb0f42c21942b6552362b9b114707d,15.65,23.99
0300095becf10f9b2993706759522741#1,0300095becf10f9b2993706759522741,59f17be62604541797d4df87ae80cf73,4e922959ae960d389249c378d1c939f5,9.93,89.00
0301ec492e902f2630234df285fa2a1b#1,0301ec492e902f2630234df285fa2a1b,6cdd53843498f92890544667809f1595,ccc4bbb5f32a6ab2b7066a4130f114e3,29.30,349.90
03054d8a8eefc2981cfad06f58e27979#1,03054d8a8eefc2981cfad06f58e27979,3e31fd1419cc4cd6adad1925e72e3a03,48436dade18ac8b2bce089ec2a041202,15.16,58.90
032c9c5e050a01a77c20be3989064308#1,032c9c5e050a01a77c20be3989064308,88dd63919fc9ab693803578a04a20209,7ddcbb64b5bc1ef36ca8c151f6ec77df,15.10,34.99
0334c2700a7e8ac0f3efeb36b4a91e68#1,0334c2700a7e8ac0f3efeb36b4a91e68,2a217b8a9a09c938d8db704d99d7f053,3d871de0142ce09b7081e2b9d1733cb1,16.15,55.00
0341b60065c49221a27293793f11b117#1,0341b60065c49221a27293793f11b117,41c24b8ce92d1a2cac62db5edfd088b2,4869f7a5dfa277a7dca6462dcf3b52b2,22.43,102.90
0350e1e5b7265e23e84b1e467e0b6b82#1,0350e1e5b7265e23e84b1e467e0b6b82,3b0f7951038b105522c2d566b54421f7,ea8482cd71df3c1969d7b9473ff13abc,7.78,29.98
0350fc2d00f48ad8a74efdf4d2fd4bdc#1,0350fc2d00f48ad8a74efdf4d2fd4bdc,f20e2a3811156fe0a12b4cd5c3638195,432c37c9dfba871172ec162e20118b8c,15.79,29.00
0350fc2d00f48ad8a74efdf4d2fd4bdc#2,0350fc2d00f48ad8a74efdf4d2fd4bdc,f20e2a3811156fe0a12b4cd5c3638195,432c37c9dfba871172ec162e20118b8c,15.79,29.00
035d66b23a4bba74f8119f9ebe3458ee#1,035d66b23a4bba74f8119f9ebe3458ee,8983a3b149303c013fceabef902e835a,9f505651f4a6abe901a56cdc21508025,15.57,99.00
03720fdc92032ee4abd471d172006ab0#1,03720fdc92032ee4abd471d172006ab0,dd2ca29c9d0f93d3b1d28d7d7ee3025c,5b0cc932433fa5184b5b94bfe6bcc256,44.49,99.00
038297c93a230b204ceeca7e2720b464#1,038297c93a230b204ceeca7e2720b464,202d6bc7af7609f371b94e032925d314,1835b56ce799e6a4dc4eddc053f04066,15.10,28.99
039ec885e36627ae6353cfd42a41c5da#1,039ec885e36627ae6353cfd42a41c5da,55cfb8318af6fe90dfacf0892abb2cee,77530e9772f57a62c906e1c21538ab82,25.25,100.00
03a54d3b0f15ac01bad656997420d3bb#1,03a54d3b0f15ac01bad656997420d3bb,264afa6d3b31bde30f0f2693c84795d9,516e7738bd8f735ac19a010ee5450d8d,16.42,65.00
03b89e8b0ef3ba18cc903dbaa7aff107#1,03b89e8b0ef3ba18cc903dbaa7aff107,10be5827cbcb06a81f220d46dafd0af0,1464afc72f696af775557a821c2e253f,18.30,28.90
03c7acb8cfb3a3567a70fee4a1e2f82d#1,03c7acb8cfb3a3567a70fee4a1e2f82d,87700264f353c44d18c38c328d1fcd25,080199a181c46c657dc5aa235411be3b,16.14,179.49
03d842e44ef7cae41da34acb402983fa#1,03d842e44ef7cae41da34acb402983fa,2582fbe637afdcd03817b1b16b78fd60,7142540dd4c91e2237acb7e911c4eba2,43.22,59.90
03e94224875e6dec154cc7a142ce5de2#1,03e94224875e6dec154cc7a142ce5de2,99008b78e9206243c95a95cf02a71905,40d54b51e962dbe09cabbcfd33298dee,12.51,269.90
03f2794ace8d10c0af8614f6fac2be3e#1,03f2794ace8d10c0af8614f6fac2be3e,70d01ae15a5d5ee38388b90c0470d9b0,a3a38f4affed601eb87a97788c949667,18.20,89.99
03f83b59e7c7355647462745b18119f1#1,03f83b59e7c7355647462745b18119f1,23365beed316535b4105bd800c46670e,92eb0f42c21942b6552362b9b114707d,15.10,12.50
04040ee654b248cdc512a68ecc83e4cc#1,04040ee654b248cdc512a68ecc83e4cc,cc7d8d232e6f5f27b70be81b68e27d6e,da8622b14eb17ae2831f4ac5b9dab84a,15.29,259.90
0417dce62cd5791d3d0005ca971b2ba7#1,0417dce62cd5791d3d0005ca971b2ba7,664085fcb2616db929da15dc9ac204b4,ea8482cd71df3c1969d7b9473ff13abc,19.04,27.99
0420dbc50fc554e303e4b2d6b39063f6#1,0420dbc50fc554e303e4b2d6b39063f6,7d854ab97c64ef9df2bbfaf332765786,aac29b1b99776be73c3049939652091d,26.98,64.90
0420dbc50fc554e303e4b2d6b39063f6#2,0420dbc50fc554e303e4b2d6b39063f6,84a87daa85c8b432d90bc1baa0cb4388,aafe36600ce604f205b86b5084d3d767,15.94,59.90
0420dbc50fc554e303e4b2d6b39063f6#3,0420dbc50fc554e303e4b2d6b39063f6,fdba6f37e0258dbca54eb0ed8b293ae0,aafe36600ce604f205b86b5084d3d767,14.72,59.90
0435b65bfd0a1cd1c48a82f5b405ea78#1,0435b65bfd0a1cd1c48a82f5b405ea78,6a23c2eb9acc78f8ec403be9c6210dd4,7c67e1448b00f6e969d365cea6b010ab,34.20,119.94
0438fc3e115633e11a93c878a1591016#1,0438fc3e115633e11a93c878a1591016,afeeea6271148ee1bb15173b8187c431,53243585a1d6dc2643021fd1853d8905,15.22,249.00
044d94a4ac73b24fe28ff5293ac35bd8#1,044d94a4ac73b24fe28ff5293ac35bd8,06c6e01186af8b98ee1fc9e01f9471e9,fc906263ca5083d09dce42fe02247800,25.63,39.90
0452092bf08cf43ddab32ebec9e75d2d#1,0452092bf08cf43ddab32ebec9e75d2d,290ada89b05e1dca2a4fe42f1cfc012e,54aa8463e87776b5612f4bdc4bd5d4de,20.40,29.90
045c9852284420b9c02d156436e1481c#1,045c9852284420b9c02d156436e1481c,115e606ac8059e4cfa1c6c3310fb365c,1838dd9b8977065acf51d95e0053ea7a,15.23,39.90
04a59fe46fc5aa341da5378c195ed53c#1,04a59fe46fc5aa341da5378c195ed53c,2a15783d3cb601f8d9a6a86806b037b3,855668e0971d4dfd7bef1b6a4133b41b,15.18,60.00
04b7738ad5fbb213eeb7a2145bea8242#1,04b7738ad5fbb213eeb7a2145bea8242,441293f432282ea2ab9c82fe5f0fb875,624f4ece8da4aafb77699233d480f8ef,16.46,159.00
04b7738ad5fbb213eeb7a2145bea8242#2,04b7738ad5fbb213eeb7a2145bea8242,817e1c2d22418c36386406ccacfa53e8,624f4ece8da4aafb77699233d480f8ef,16.46,159.00
04b7738ad5fbb213eeb7a2145bea8242#3,04b7738ad5fbb213eeb7a2145bea8242,9163c7e81fd68452472912c4cde810aa,b499c00f28f4b7069ff6550af8c1348a,1.98,39.99
04d9462386313112744bfe028575d10f#1,04d9462386313112744bfe028575d10f,9f2f03a7cc35b7c27e588388fa1e2252,2089a6d640999f9b9141ac719b2af596,17.54,397.90
04dd5aa087f6b04e0e145fb4c4fef047#1,04dd5aa087f6b04e0e145fb4c4fef047,afeeea6271148ee1bb15173b8187c431,53243585a1d6dc2643021fd1853d8905,18.61,189.90
04dd5aa087f6b04e0e145fb4c4fef047#2,04dd5aa087f6b04e0e145fb4c4fef047,afeeea6271148ee1bb15173b8187c431,53243585a1d6dc2643021fd1853d8905,18.61,189.90
051fcda88d997d3ff86012da2a556342#1,051fcda88d997d3ff86012da2a556342,d017a2151d543a9885604dc62a3d9dcc,6560211a19b47992c3666cc44a7e94c0,7.60,49.00
0524a4740833e4c479484d6fd2735725#1,0524a4740833e4c479484d6fd2735725,9a89064fd209d1c1661271942a65099f,0176f73cc1195f367f7b32db1e5b3aa8,18.11,139.90
05387d537bd2e5027aadbfb6a5123e4b#1,05387d537bd2e5027aadbfb6a5123e4b,386703f26f328414fe118e10a5d92675,ea8482cd71df3c1969d7b9473ff13abc,15.79,27.99
053fdca16d1f69bd52f908f070a19049#1,053fdca16d1f69bd52f908f070a19049,ed2067a9c1f79553088a3c67b99a9f97,cbd996ad3c1b7dc71fd0e5f5df9087e2,12.74,56.97
055336f2daf168319875b812d23de1d4#1,055336f2daf168319875b812d23de1d4,a058bd781185e59b75160f5133afad9b,080199a181c46c657dc5aa235411be3b,9.61,179.49
055336f2daf168319875b812d23de1d4#2,055336f2daf168319875b812d23de1d4,a058bd781185e59b75160f5133afad9b,080199a181c46c657dc5aa235411be3b,9.61,179.49
05580ea6005bac590a3f143473c9b296#1,05580ea6005bac590a3f143473c9b296,7724696de32f44179514a643987d416d,8f2ce03f928b567e3d56181ae20ae952,21.82,189.90
0571cdb407bf04b419c94ffd7acbd874#1,0571cdb407bf04b419c94ffd7acbd874,91b08d34d0ba4db44da2dc382867ba49,b76dba6c951ab00dc4edf0a1aa88037e,15.65,6.90
059c0bd12954b4e72327c0ff67d9f2e8#1,059c0bd12954b4e72327c0ff67d9f2e8,6f3b5b605d91b7439c5e3f5a8dffeea7,7d13fca15225358621be4086e1eb0964,13.45,145.00
05ae7d6bd78e2a61f4c0076a9d690aa8#1,05ae7d6bd78e2a61f4c0076a9d690aa8,c80124276571cd4bef53cf35d9b36c5c,2528513dd95219a6013d4d05176e391a,16.83,219.00
05b2ebbb3869fd116a0a1c247ba70d00#1,05b2ebbb3869fd116a0a1c247ba70d00,90b86c830114ddc888f6380a223ee285,d2374cbcbb3ca4ab1086534108cc3ab7,11.85,21.90
05c1808ab7242e387b4947245e0c0649#1,05c1808ab7242e387b4947245e0c0649,d017a2151d543a9885604dc62a3d9dcc,6560211a19b47992c3666cc44a7e94c0,14.52,49.00
05d27719c66597da0628a53f6009ed67#1,05d27719c66597da0628a53f6009ed67,386486367c1f9d4f587a8864ccb6902b,cca3071e3e9bb7d12640c9fbe2301306,13.81,113.57
05d27719c66597da0628a53f6009ed67#2,05d27719c66597da0628a53f6009ed67,386486367c1f9d4f587a8864ccb6902b,cca3071e3e9bb7d12640c9fbe2301306,13.81,113.57
05e6501cdfbd86fe9a3a788c3d411091#1,05e6501cdfbd86fe9a3a788c3d411091,ef703385b2707af7f9af3e185679811c,a3e9a2c700480d9bb01fba070ba80a0e,13.55,75.00
05fdfff95f5ea9ee431961288fce4e0c#1,05fdfff95f5ea9ee431961288fce4e0c,461f43be3bdf8844e65b62d9ac2c7a5a,b33e7c55446eabf8fe1a42d037ac7d6d,12.52,146.00
062d3e3b803bd3e569cf8c165602f8f4#1,062d3e3b803bd3e569cf8c165602f8f4,19c91ef95d509ea33eda93495c4d3481,06a2c3af7b3aee5d69171b0e14f0ee87,63.11,122.99
06450a9849cb4a8c2f3bbeba9995b64f#1,06450a9849cb4a8c2f3bbeba9995b64f,c389f712c4b4510bc997cee93e8b1a28,bfd27a966d91cfaafdb25d076585f0da,46.48,289.00
064e219a982901ccffc2d33432b77a2c#1,064e219a982901ccffc2d33432b77a2c,f032eaa3a45e2f8093255251a93efa70,218d46b86c1881d022bce9c68a7d4b15,15.03,134.00
06661c686ea79767c8ab8b8ffa3e62fd#1,06661c686ea79767c8ab8b8ffa3e62fd,9794fba8c8aa64ab4fece2d3cbe731e9,715bbd5ba4e6b74cb0d2f29eb45058b0,13.37,39.90
068027bd6fbd44e949cfb70acad89b55#1,068027bd6fbd44e949cfb70acad89b55,e78506414d2563b6414cfd84b7fa0802,fe2032dab1a61af8794248c8196565c9,9.45,179.00
06875ab72c5b9bb2eb303a70031bfeb0#1,06875ab72c5b9bb2eb303a70031bfeb0,f4c9a2926d5a2fe099ebbe7d0967bd37,643214e62b870443ccbe55ab29a4dccf,7.78,39.90
06a6627d9cc91a04e9d146bf65fee0a2#1,06a6627d9cc91a04e9d146bf65fee0a2,996ae0a67e63b78b427a1f8d07543e86,dc4a0fc896dc34b0d5bfec8438291c80,13.72,99.90
06ad94997dd34a7c2186b82d8e9be6a5#1,06ad94997dd34a7c2186b82d8e9be6a5,40cb7bb3d30559b9b6c4fb62bc837962,cca3071e3e9bb7d12640c9fbe2301306,16.86,59.90
06ae7271902bbb087fc093137fee6e81#1,06ae7271902bbb087fc093137fee6e81,da0bb22eb8eb2bce31a3784570528efb,3d871de0142ce09b7081e2b9d1733cb1,17.80,79.00
06aea78197dd41a649372acb8dbc33fb#1,06aea78197dd41a649372acb8dbc33fb,d42c1eec0891869c034f031ec9b81ecc,ca3bd7cd9f149df75950150d010fe4a2,11.73,34.20
06bad3a130e91f7b26791dba22abc0f5#1,06bad3a130e91f7b26791dba22abc0f5,1c4e2aab2f3631a70816d1765ced8ea8,ce7d1888639e6fb06b2749cbfdac1ff7,17.63,165.00
06bafdd8b6d0b5befb44337a7674a1ec#1,06bafdd8b6d0b5befb44337a7674a1ec,78cff417987f620d4277395265379d6a,4d6d651bd7684af3fffabd5f08d12e5a,12.05,79.00
06ca213ef85421d96ee0fe529d0f5885#1,06ca213ef85421d96ee0fe529d0f5885,1bfe62f326ac7bec0f5a83c10cfff228,3d871de0142ce09b7081e2b9d1733cb1,16.11,45.00
06d68cf3fe78e8d27c1047fe0346abc4#1,06d68cf3fe78e8d27c1047fe0346abc4,4a579d3f0c38c12a0e22c0146f2356f4,cfb1a033743668a192316f3c6d1d2671,9.94,59.90
06d6b5a626ba890f56dae296e1384f75#1,06d6b5a626ba890f56dae296e1384f75,8c292ca193d326152e335d77176746f0,7e1fb0a3ebfb01ffb3a7dae98bf3238d,15.80,150.00
06d8cb692ed19b092adaaf5337d01a39#1,06d8cb692ed19b092adaaf5337d01a39,e61c78a7343d82c0539d27df0f7dfc31,da8622b14eb17ae2831f4ac5b9dab84a,27.70,199.90
06f3401b97e4d89032cbd5ac7670247c#1,06f3401b97e4d89032cbd5ac7670247c,9d395a6bc9dbad2dfe60c8c92d8df397,77530e9772f57a62c906e1c21538ab82,23.62,148.00
06f4b63a078dd3d2ca46e379c2ab419e#1,06f4b63a078dd3d2ca46e379c2ab419e,083ffd30820b592e294de7ed668ff975,f8db351d8c4c4c22c6835c19a46f01b0,8.27,49.90
070b4a621a6d06dcff9122e5c04b353a#1,070b4a621a6d06dcff9122e5c04b353a,6ae3f85f46a37844372252496c77b4d8,53243585a1d6dc2643021fd1853d8905,22.34,219.99
0711b9c575a5235790c3f863179c3267#1,0711b9c575a5235790c3f863179c3267,928e52a9ad53a294fdcc91bcf59d1751,955fee9216a65b617aa5c0531780ce60,23.49,130.00
0711b9c575a5235790c3f863179c3267#2,0711b9c575a5235790c3f863179c3267,928e52a9ad53a294fdcc91bcf59d1751,955fee9216a65b617aa5c0531780ce60,23.49,130.00
0711b9c575a5235790c3f863179c3267#3,0711b9c575a5235790c3f863179c3267,928e52a9ad53a294fdcc91bcf59d1751,955fee9216a65b617aa5c0531780ce60,23.49,130.00
07182ece031138fc6c7f81b60b1eb329#1,07182ece031138fc6c7f81b60b1eb329,94fb18015068e3550e6a8f0729558904,d4e12e7884759a14fa0f5f896c791cae,14.44,43.80
0744ce655e97e70eb03a99cf52385502#1,0744ce655e97e70eb03a99cf52385502,b9ee7519d0187d2389af62ba6c612963,78c99c6dff4eeae5be99bf635ed21e3f,16.25,69.90
074d6aba62abd52ad27529d3fb746260#1,074d6aba62abd52ad27529d3fb746260,82b73150f90f4fef92913e35b9984bb7,91f848e9f4be368f4318775aac733370,16.91,94.90
0755fe651d86dd2feb3c6fff952d81e8#1,0755fe651d86dd2feb3c6fff952d81e8,36ed077d2f4915bc4bd14ead16a028de,751bdc4d83a466c7206cd42e8f426b03,19.01,129.99
0760a852e4e9d89eb77bf631eaaf1c84#1,0760a852e4e9d89eb77bf631eaaf1c84,1522589c64efd46731d3522568e5bc83,28405831a29823802aa22c084cfd0649,15.35,35.00
0786c4c0e6cac26fe4f5c558b232e392#1,0786c4c0e6cac26fe4f5c558b232e392,5bf57bdef224b9486b45ebba37ec6191,a3e9a2c700480d9bb01fba070ba80a0e,16.06,62.00
07a0bc58f3b841724c5b8c649da441d5#1,07a0bc58f3b841724c5b8c649da441d5,7185389e32acf9c5c5f61e6a23c0ab3a,972d0f9cf61b499a4812cf0bfa3ad3c4,28.35,138.00
07ad2a87dfce684f0b6a23886db925c9#1,07ad2a87dfce684f0b6a23886db925c9,6d2fde7d12bb6ff367dbda120ba8828e,897060da8b9a21f655304d50fd935913,14.52,22.00
07ad2a87dfce684f0b6a23886db925c9#2,07ad2a87dfce684f0b6a23886db925c9,6d2fde7d12bb6ff367dbda120ba8828e,897060da8b9a21f655304d50fd935913,14.52,22.00
07c33a9470d0df2a30cc8a8ebd0288d1#1,07c33a9470d0df2a30cc8a8ebd0288d1,8ac47b3ab13c68f49f10dde899674149,ba143b05f0110f0dc71ad71b4466ce92,11.21,83.99
07f2e5679e13d0e45de9da85bb833558#1,07f2e5679e13d0e45de9da85bb833558,e27a738cbbcf6c8878c713af56835a19,d9a84e1403de8da0c3aa531d6d108ba6,7.43,23.90
07fbc4f433fc8754c492bc6dfb0b1c52#1,07fbc4f433fc8754c492bc6dfb0b1c52,0521fe3eb04940304b489d0fb49a37dd,e99e927c81e3f51739c94fcdfca9f10f,21.15,94.98
0807ef98d4c6786b58238e6dfb2d2a9c#1,0807ef98d4c6786b58238e6dfb2d2a9c,83ee94d59dffaab56d55b5766c6d1211,cee48807215b30a12ca2ca10ffb5f250,15.10,45.90
082c7986084072affce4f8c0a20a39df#1,082c7986084072affce4f8c0a20a39df,b746f0f77468910428130facb2ee2d1f,080102cd0a76b09e0dcf55fcacc60e05,12.48,42.79
084051935208c688c8cd5fae3d15810d#1,084051935208c688c8cd5fae3d15810d,89db899bdb35ae40d0901e38f21d2ede,2a1348e9addc1af5aaa619b1a3679d6b,17.78,44.90
08652363092b158440e2422e7c3ccaf4#1,08652363092b158440e2422e7c3ccaf4,251876e7ba013b87b7262fb2524e2d60,7aa4334be125fcdd2ba64b3180029f14,17.70,64.89
086f617d66181efa193629791e0a9076#1,086f617d66181efa193629791e0a9076,a01801e4d348c3375e43643085a6b576,6e4a902d1054e4e17aa6eab87fac1c75,18.75,92.90
0870ee292ce510fc7bf1ccd86a6d28c7#1,0870ee292ce510fc7bf1ccd86a6d28c7,f39235c3486cd7ead746fc048475495c,e49c26c3edfa46d227d5121a6b6e4d37,34.15,49.90
08763574782690116475ea62ffdecadb#1,08763574782690116475ea62ffdecadb,e9def91e99c8ecb7c5cef5e31506a056,850f4f8af5ea87287ac68de36e29107f,15.25,69.99
0899b756a6357ed330e0620ad548d70d#1,0899b756a6357ed330e0620ad548d70d,c201a862c6018d402222594d5229c613,c8b0e2b0a7095e5d8219575d5e7e1181,9.64,117.99
08a14ebab7440e5f7bfd8ca0b37fc613#1,08a14ebab7440e5f7bfd8ca0b37fc613,10d2b7a176cd8a35bcae7c15e0e7626e,8d956fec2e4337affcb520f56fd8cbfd,12.92,68.99
08acb70a4f06f300068802d8776fefaa#1,08acb70a4f06f300068802d8776fefaa,0a8b35c2fbc824f7e1015cf330e6cc3c,a17f621c590ea0fab3d5d883e1630ec6,9.94,45.33
08b57d9de8bb87cfd045a7bc735ba831#1,08b57d9de8bb87cfd045a7bc735ba831,d2e131d6f19ae0d665fc1a6c420b4f4c,7e93a43ef30c4f03f38b393420bc753a,14.27,779.00
08bdbdeaf1626720051193300f93806e#1,08bdbdeaf1626720051193300f93806e,ecbe1ef7e2903ff8b1d704ba78fa264d,c3cfdc648177fdbbbb35635a37472c53,19.28,99.00
08bdbdeaf1626720051193300f93806e#2,08bdbdeaf1626720051193300f93806e,ecbe1ef7e2903ff8b1d704ba78fa264d,c3cfdc648177fdbbbb35635a37472c53,19.28,99.00
08bdbdeaf1626720051193300f93806e#3,08bdbdeaf1626720051193300f93806e,ecbe1ef7e2903ff8b1d704ba78fa264d,c3cfdc648177fdbbbb35635a37472c53,19.28,99.00
08bdbdeaf1626720051193300f93806e#4,08bdbdeaf1626720051193300f93806e,ecbe1ef7e2903ff8b1d704ba78fa264d,c3cfdc648177fdbbbb35635a37472c53,19.28,99.00
08cef746691fa27e23fe2c32a02c0e21#1,08cef746691fa27e23fe2c32a02c0e21,6cdd53843498f92890544667809f1595,ccc4bbb5f32a6ab2b7066a4130f114e3,31.98,349.90
08d55c0e173bdfa5770a50a253b1810f#1,08d55c0e173bdfa5770a50a253b1810f,98a8c2fa16d7239c606640f5555768e4,001cca7ae9ae17fb1caed9dfb1094831,32.02,99.00
08d70627d548cd883ac394cc5da92d87#1,08d70627d548cd883ac394cc5da92d87,a9fa0428bc677ac4d0a948fe2982ad1d,2e1c9f22be269ef4643f826c9e650a52,14.10,40.49
08dfcccb31a3a2b6f527d245ebd3310b#1,08dfcccb31a3a2b6f527d245ebd3310b,c4baedd846ed09b85f78a781b522f126,a1043bafd471dff536d0c462352beb48,38.53,99.00
09045ce363fa81cd9f206c86b989e2ba#1,09045ce363fa81cd9f206c86b989e2ba,08c63555bbee955cad9c6a9feab9e9d4,3be634553519fb6536a03e1358e9fdc7,33.12,72.99
0904fb2c91a18099a0b7315f1ac9501b#1,0904fb2c91a18099a0b7315f1ac9501b,b9754f9e21b6e6960b37594d4387fb1c,681fce914360217db47784ae28905a96,21.23,385.00
0917636d789ce3b3eac37895935af5c2#1,0917636d789ce3b3eac37895935af5c2,6bbe55cf8f85c87b6eebb775a53402f4,0db783cfcd3b73998abc6e10e59a102f,15.24,69.90
0957ed870116e596b800540427c61497#1,0957ed870116e596b800540427c61497,5b8423dc7f23089c9c59c5d140eb5a1c,a3a38f4affed601eb87a97788c949667,28.00,129.99
0966b61e30c4a07edbd7523f59b3f3e4#1,0966b61e30c4a07edbd7523f59b3f3e4,d062241f27854330b57851b64d08d472,37ceb404da208418c9032f0674e57804,23.06,68.31
0966b61e30c4a07edbd7523f59b3f3e4#2,0966b61e30c4a07edbd7523f59b3f3e4,d062241f27854330b57851b64d08d472,37ceb404da208418c9032f0674e57804,23.06,68.31
0966b61e30c4a07edbd7523f59b3f3e4#3,0966b61e30c4a07edbd7523f59b3f3e4,d062241f27854330b57851b64d08d472,37ceb404da208418c9032f0674e57804,23.06,68.31
096b267153128e0d7f9e593bba803956#1,096b267153128e0d7f9e593bba803956,6263969289f84cd8bde876597407657d,b2ba3715d723d245138f291a6fe42594,15.28,69.90
097b96a18f0058373d0f5e3041a27f0a#1,097b96a18f0058373d0f5e3041a27f0a,f9a26e326cd01165ff614a519473afbb,4e922959ae960d389249c378d1c939f5,25.63,49.00
098252064bc68acd5911a587b58b2cc4#1,098252064bc68acd5911a587b58b2cc4,c19d5ba108c34b8255cf9a524da92bc4,4e922959ae960d389249c378d1c939f5,11.14,75.00
09903fb2d8388ac463b7c269c099b6cb#1,09903fb2d8388ac463b7c269c099b6cb,8e96968cb84d255da9c325f3906909ad,1bb2bdb95f4841f1bba2c0d2cd83d3c9,16.40,14.95
09bb35a3939c3181b4a5619cb3918976#1,09bb35a3939c3181b4a5619cb3918976,e24f73b7631ee3fbb2ab700a9acaa258,0cbcee27c791afa0cdcb08587a2013a8,17.94,99.00
09d3f9f1be63c067456cc619076685a1#1,09d3f9f1be63c067456cc619076685a1,2d2fbde9939c282238dc0847b04c5018,ce27a3cc3c8cc1ea79d11e561e9bebb6,11.86,52.00
09f58c00f941827ab206de7796785e44#1,09f58c00f941827ab206de7796785e44,55ba658d5c2f0b1f118f98c36fe3fa04,48efc9d94a9834137efd9ea76b065a38,8.72,8.90
09ff646bb8e18894b907e5b76f5fca59#1,09ff646bb8e18894b907e5b76f5fca59,4fbe3ca0032bccfba232332f06ed4146,cca3071e3e9bb7d12640c9fbe2301306,11.87,52.64
0a0ae1b561eab534493c5588efc5169c#1,0a0ae1b561eab534493c5588efc5169c,ca0019454bd5ddca0f4022fe89f6557a,2528513dd95219a6013d4d05176e391a,26.93,299.00
0a0e7f9881dffec612b28e2682242574#1,0a0e7f9881dffec612b28e2682242574,3dd2a17168ec895c781a9191c1e95ad7,de722cd6dad950a92b7d4f82673f8833,19.59,149.90
0a18d00cb652fc5698d4e3c3e01e7da0#1,0a18d00cb652fc5698d4e3c3e01e7da0,764292b2b0f73f77a0272be03fdd45f3,bd23da7354813347129d751591d1a6e2,9.44,89.90
0a4a2fccb27bd83a892fa503987a595b#1,0a4a2fccb27bd83a892fa503987a595b,f7d7b5c58704fb359a74580622800051,4a3ca9315b744ce9f8e9374361493884,24.84,38.50
0a7af36dc9b46e0920a68a9e2ee2198e#1,0a7af36dc9b46e0920a68a9e2ee2198e,36ea81e90d1292dcdc3ad8abb09c20fe,a420f60ff1aa9acc80d0e42959f2b313,25.06,73.50
0a84fbd88ba3278bbb66308e79b2f416#1,0a84fbd88ba3278bbb66308e79b2f416,914bbf1d7b288975a3a7ad2d004f7c3d,46dc3b2cc0980fb8ec44634e21d2718e,14.19,399.99
0aa6d207e7ba004eef415715c25765ce#1,0aa6d207e7ba004eef415715c25765ce,d934b48db429df3e1f8af7e7368489ee,32f1bb9dfa65bc7df5c0d9d95a616be4,18.58,99.90
0ab63e307694f40a88a0ecd358c0939d#1,0ab63e307694f40a88a0ecd358c0939d,a322cb898d31adbe4a4de692f4bc0276,218d46b86c1881d022bce9c68a7d4b15,15.13,148.00
0ab8d66a698afcb3665ba9be03cedc6d#1,0ab8d66a698afcb3665ba9be03cedc6d,b5e13c9a353102f79c6206ff5cb61a50,a49928bcdf77c55c6d6e05e09a9b4ca5,11.83,89.90
0ac372f92fbec55ca27ef4fa99a6a13a#1,0ac372f92fbec55ca27ef4fa99a6a13a,b60856ce32d90658dbf99b9485327c25,8b321bb669392f5163d04c59e235e066,14.10,9.00
0ac645ddb846d1373321decb39c9956f#1,0ac645ddb846d1373321decb39c9956f,1501b0033c68a37fa9560033a440e529,82cb9f452fe8334df74b22d37824b431,18.23,49.10
0ac645ddb846d1373321decb39c9956f#2,0ac645ddb846d1373321decb39c9956f,1501b0033c68a37fa9560033a440e529,82cb9f452fe8334df74b22d37824b431,18.23,49.10
0acdae809654a2de1235d18a12cf73f3#1,0acdae809654a2de1235d18a12cf73f3,7564c1759c04fc0a38f2aa84f7a370ee,6860153b69cc696d5dcfe1cdaaafcf62,23.10,42.97
0acfe927eda045512670dbbf763b330a#1,0acfe927eda045512670dbbf763b330a,5f2641478d7b5ffbfcf1f2b5cdff4709,b33aaadd1a8891d2dfef0c4c3bdf0371,14.79,100.00
0adf4c5c9a1399ceefdb7ba880df1ca7#1,0adf4c5c9a1399ceefdb7ba880df1ca7,f35927953ed82e19d06ad3aac2f06353,669ae81880e08f269a64487cfb287169,30.01,115.00
0ae7144116fa718b3bb90cd8d855713a#1,0ae7144116fa718b3bb90cd8d855713a,ca9bcd697674a4d0eeb84be9c533b9d2,232a6014e7b10cba61c6c2b2ea6bb4b0,26.61,39.90
0ae7144116fa718b3bb90cd8d855713a#2,0ae7144116fa718b3bb90cd8d855713a,ca9bcd697674a4d0eeb84be9c533b9d2,232a6014e7b10cba61c6c2b2ea6bb4b0,26.61,39.90
0aea558128f1a96bd223babc4dc79bd3#1,0aea558128f1a96bd223babc4dc79bd3,e8c6039a25765995ac7c1ec2cbef5765,3d871de0142ce09b7081e2b9d1733cb1,20.84,29.90
0af28d87520565eb3b57c9b2abe1a2cc#1,0af28d87520565eb3b57c9b2abe1a2cc,34f99d82cfc355d08d8db780d14aa002,a00824eb9093d40e589b940ec45c4eb0,126.51,2999.99
0b0334d5ad01e008caafb19973bf1acb#1,0b0334d5ad01e008caafb19973bf1acb,07a2b4290dce4edc619005d1a6348439,b499c00f28f4b7069ff6550af8c1348a,19.39,59.99
0b0334d5ad01e008caafb19973bf1acb#2,0b0334d5ad01e008caafb19973bf1acb,07a2b4290dce4edc619005d1a6348439,b499c00f28f4b7069ff6550af8c1348a,19.39,59.99
0b0334d5ad01e008caafb19973bf1acb#3,0b0334d5ad01e008caafb19973bf1acb,07a2b4290dce4edc619005d1a6348439,b499c00f28f4b7069ff6550af8c1348a,19.39,59.99
0b0f3c7a9bcb6ad1fccab28f9240da6f#1,0b0f3c7a9bcb6ad1fccab28f9240da6f,d929915b6b69f9c91192c898b6fc21fc,97512d3fc193b2d1dfcdba0f9d1f0f8a,31.48,64.99
0b192907ec8563bda5210247497aa9af#1,0b192907ec8563bda5210247497aa9af,b01d34f6d2545269d348181768eca049,6560211a19b47992c3666cc44a7e94c0,11.89,55.00
0b24d5a62da084e9c66959aff6328dbc#1,0b24d5a62da084e9c66959aff6328dbc,b0fd7a18daa40299b5393b4280b55dad,36a968b544695394e4e9d7572688598f,15.20,64.90
0b339dee90210409b715a9f2b6af29a7#1,0b339dee90210409b715a9f2b6af29a7,f69581741831e1dcd24e28e299ad36ff,b32be1695eb7ec5f10f72d9610a12527,68.43,1098.00
0b4129a3415a486e4965d618f9b5debf#1,0b4129a3415a486e4965d618f9b5debf,a87ee1e0d2b6d025ecfb1b8322659853,86ccac0b835037332a596a33b6949ee1,27.21,98.90
0b50bea7ba1e8ba7a21b01b7c9d1350b#1,0b50bea7ba1e8ba7a21b01b7c9d1350b,3db75f31b76375c502f64d550dcd1166,85d9eb9ddc5d00ca9336a2219c97bb13,42.38,31.90
0b584b729bdfec204ec2aa5d21d6ca56#1,0b584b729bdfec204ec2aa5d21d6ca56,4a0d42e046d1d4d039b4b7807ca46e83,3bb32fedaa74e4ad20f4ce067733bd31,22.32,55.90
0b7260709eb6a2884329b5ec9ef2b2a6#1,0b7260709eb6a2884329b5ec9ef2b2a6,634256dbcd184b3757ffd7632c9fe52a,42b729f859728f5079499127a9c2ef37,7.39,24.90
0b9e3cb461332c63fffd742e522832a1#1,0b9e3cb461332c63fffd742e522832a1,b92a7304ebad1ca5b393b53b2de5c70a,7c67e1448b00f6e969d365cea6b010ab,21.63,139.99
0ba1dfa80ede726f98e36af9a418e437#1,0ba1dfa80ede726f98e36af9a418e437,994ab76f0da3349fffcfe5d598e9babb,8b2492b7ff4468839593fafeed55bad9,15.23,29.99
0ba1dfa80ede726f98e36af9a418e437#2,0ba1dfa80ede726f98e36af9a418e437,994ab76f0da3349fffcfe5d598e9babb,8b2492b7ff4468839593fafeed55bad9,15.23,29.99
0ba2b0331265d38d1c6670ed6c749732#1,0ba2b0331265d38d1c6670ed6c749732,f1c7f353075ce59d8a6f3cf58f419c9c,37be5a7c751166fbc5f8ccba4119e043,18.11,200.00
0bb0dd89956cc5f44ff556c2189e7160#1,0bb0dd89956cc5f44ff556c2189e7160,85337022853da10b8f5fd7d1ef180421,fc906263ca5083d09dce42fe02247800,14.10,39.90
0bc4a984d79279c843421830f595273c#1,0bc4a984d79279c843421830f595273c,21a53da27d4b830f32f475a09f0bd54a,4a3ca9315b744ce9f8e9374361493884,13.52,72.00
0bcb914e60bb0de6160699483722bc0d#1,0bcb914e60bb0de6160699483722bc0d,2c0c951471371afa81e47d7bf8d20522,850913d59ce317156b00f3705f1c3edb,12.76,42.00
0be284f82e07ecf4a437f85b82ba09cf#1,0be284f82e07ecf4a437f85b82ba09cf,ed1e39b938c6cc6867d8f5fd408ce319,17ca9b9e9b9ef8fdb529001b49ebb50f,15.80,99.97
0bf1392e4d1b5bb968191f48c30e5628#1,0bf1392e4d1b5bb968191f48c30e5628,3744370c8a357a29dbaccc9011605f60,f3da5b2ff499efb8d4a6d371d175d7dd,13.83,115.96
0c00bf3feaaced2a198154419c788fc5#1,0c00bf3feaaced2a198154419c788fc5,80ad583034527f821e579d479f82fae9,7c67e1448b00f6e969d365cea6b010ab,83.09,176.99
0c0200c8b683dcbc6138639044bb781d#1,0c0200c8b683dcbc6138639044bb781d,657247f6f60543b93e3cc708a8e6329c,7ddcbb64b5bc1ef36ca8c151f6ec77df,35.91,248.99
0c0c2969d3adf4fffa3753dcc37f135d#1,0c0c2969d3adf4fffa3753dcc37f135d,9562542703cb9359fa625418f190b920,26d6bbee02420494d471c9f6436929c0,18.29,26.99
0c228d925a49aa5e3b35febb948f4f72#1,0c228d925a49aa5e3b35febb948f4f72,a526c4bc0a48c0e4345f97af496d87cd,7b07b3c7487f0ea825fc6df75abd658b,16.11,144.90
0c33ff1cd479e404710b74a6077f6248#1,0c33ff1cd479e404710b74a6077f6248,1e4ab43607e527a9a558faa24a9e6e81,ed4acab38528488b65a9a9c603ff024a,7.78,19.99
0c40dfe4127461031cfea37fb4c63856#1,0c40dfe4127461031cfea37fb4c63856,fc1d8637c0268af3db482c14b7ef8e75,da8622b14eb17ae2831f4ac5b9dab84a,19.61,149.90
0c6b011f8a4f87010c23995f5807d152#1,0c6b011f8a4f87010c23995f5807d152,1600dcf1cea8c0c83702e07b577ab231,6560211a19b47992c3666cc44a7e94c0,23.02,43.00
0c91c4102d1858f4ced29970f55e54a0#1,0c91c4102d1858f4ced29970f55e54a0,07c055536ebf10dfbb6c6db6dbfc36e5,cca3071e3e9bb7d12640c9fbe2301306,10.96,45.90
0cb25b24a27e27dd18273360995e99f4#1,0cb25b24a27e27dd18273360995e99f4,727a46f0b58a9ef165af9f7ebcfebfa9,9b013e03b2ab786505a1d3b5c0756754,7.40,19.90
0cce1e1470bc8d35d6a2bebb6991bc1b#1,0cce1e1470bc8d35d6a2bebb6991bc1b,6b5170a2d3ae93a38e63f17b356da239,3be634553519fb6536a03e1358e9fdc7,20.19,33.99
0cd631e2d8ce9cf21c9ebe5b44f3a8c2#1,0cd631e2d8ce9cf21c9ebe5b44f3a8c2,803f77475e1b51b47f1bfec4f2ec353f,c9c7905cffc4ef9ff9f113554423e671,8.72,69.99
0cedb7b34000334cf6a9e407fcaa5203#1,0cedb7b34000334cf6a9e407fcaa5203,d322eb25f02924adba73e58dbc36b29c,4869f7a5dfa277a7dca6462dcf3b52b2,19.65,222.00
0cee2d1291e4f4af44e64ffa455e15de#1,0cee2d1291e4f4af44e64ffa455e15de,1871f846d88e6b0632e1058b61d35964,70a12e78e608ac31179aea7f8422044b,8.27,45.00
0d09617395364c88c4ad7c457b439314#1,0d09617395364c88c4ad7c457b439314,19c91ef95d509ea33eda93495c4d3481,06a2c3af7b3aee5d69171b0e14f0ee87,20.91,122.99
0d0aa4989e49d1acbc9d973bf923b77c#1,0d0aa4989e49d1acbc9d973bf923b77c,cc30e5a54e83c955899121be1223104e,7299e27ed73d2ad986de7f7c77d919fa,16.12,59.99
0d13e311818a800d01cd46fb35dd3c27#1,0d13e311818a800d01cd46fb35dd3c27,33e77eecc23c25a65d10f627e5053617,a7f13822ceb966b076af67121f87b063,36.74,129.96
0d17a5f9272e9cf9e9883f404fc61edf#1,0d17a5f9272e9cf9e9883f404fc61edf,8200643735a2f7985f5545b3163b3442,7722b1df1b0e383e000397b2c11e3e19,8.88,39.99
0d25f1b15acb59ceff22667265743132#1,0d25f1b15acb59ceff22667265743132,1b3c5b1455f3e42d831fb778055c9e45,17e34d8224d27a541263c4c64b11a56b,18.25,355.90
0d3528428e45b7c383b746222c715332#1,0d3528428e45b7c383b746222c715332,6cbbcefd974f08f72023c05064d96f27,5d9dc90a686a8fddacffab6bab5653a3,14.23,68.99
0d387b5d8e636190398548a221d4185d#1,0d387b5d8e636190398548a221d4185d,3cfbc83ded5aa170816cc18cdb5d4188,c66dccfb3f109511246da627dd5a2498,19.17,185.00
0d4628fecf8a76472ac1da3ebef92072#1,0d4628fecf8a76472ac1da3ebef92072,6de8bea41c968204fa93e4c2016d1bbb,aac29b1b99776be73c3049939652091d,77.19,239.00
0d5cbb8e4c1c7a7fc26899126197a6b9#1,0d5cbb8e4c1c7a7fc26899126197a6b9,a8b3b0af05abaf1bc4d318debe51f3e1,02f623a8eb246f3c5f7c2f96462654e6,15.29,140.00
0d6adc89d2a26a9691f972daeb40f165#1,0d6adc89d2a26a9691f972daeb40f165,1b37b3107916db24fcb0ea0f9c024bd3,720e6cf846ea7572cbb66b743fb91e6c,14.55,54.00
0d7839b143597f84b086c444ef9ebbe4#1,0d7839b143597f84b086c444ef9ebbe4,3354a4e684f5e7199f9407db70ccd92b,7a67c85e85bb2ce8582c35f2203ad736,18.43,89.99
0d91fd5b8475f8f0576a6e8f90c6497d#1,0d91fd5b8475f8f0576a6e8f90c6497d,1f411e9a31196b71ed8438c8254b858e,7681ef142fd2c19048da7430856b5588,58.69,619.99
0d91fd5b8475f8f0576a6e8f90c6497d#2,0d91fd5b8475f8f0576a6e8f90c6497d,1f411e9a31196b71ed8438c8254b858e,7681ef142fd2c19048da7430856b5588,58.69,619.99
0d91fd5b8475f8f0576a6e8f90c6497d#3,0d91fd5b8475f8f0576a6e8f90c6497d,1f411e9a31196b71ed8438c8254b858e,7681ef142fd2c19048da7430856b5588,58.69,619.99
0dad6beca7ed0e352668498c29089900#1,0dad6beca7ed0e352668498c29089900,cfc4861ae14c9e9e7679355f863c18d4,e5e33c0d8e7e002f398f5dc4cbbb338f,12.19,98.70
0daf1f0e67b534ad873ba61c5d6ad7d3#1,0daf1f0e67b534ad873ba61c5d6ad7d3,1f30aacc69904c0d0bf8d05cb2abef72,4a3ca9315b744ce9f8e9374361493884,18.20,135.00
0dbcaa88e213607d3795e96eda505c73#1,0dbcaa88e213607d3795e96eda505c73,4231002e80d2a25aed31d65b4b91f479,c013e57c075a06e5b5c48ee03c525719,13.88,42.99
0ddc19990b82039355525481533ea7eb#1,0ddc19990b82039355525481533ea7eb,1fb5f3130b9f5c67e7dc57e0f5df6e6d,955fee9216a65b617aa5c0531780ce60,14.28,180.00
0ddd8dbe3b0d08b247e46ff98c1b5f45#1,0ddd8dbe3b0d08b247e46ff98c1b5f45,d1b5b0f59a008dc63de7a7146326c0d9,bca9230d3bbb4efa51872bf605a2f1ad,8.29,24.90
0df706c2c6b700754129d98ffef2b669#1,0df706c2c6b700754129d98ffef2b669,77cc62dc80ebe12a0452d1ce0565acdc,218d46b86c1881d022bce9c68a7d4b15,29.19,113.00
0e2f2a11ed7233e538469471930a7ed7#1,0e2f2a11ed7233e538469471930a7ed7,f7f59e6186e10983a061ac7bdb3494d6,729f06993dac8e860d4f02d7088ca48a,22.93,34.90
0e31f844aae10fe7dc2369bc0340bf21#1,0e31f844aae10fe7dc2369bc0340bf21,15fdd6032f35d4add5066fb90be28630,6560211a19b47992c3666cc44a7e94c0,15.37,89.00
0e3e431534069e8ac235c637dfb199d8#1,0e3e431534069e8ac235c637dfb199d8,fa3bc8d73fe3b0ec061190651433a417,5b925e1d006e9476d738aa200751b73b,27.59,149.00
0e3fb5621c179dff735c7494afef624f#1,0e3fb5621c179dff735c7494afef624f,a3ceb95649a48c0c54ae4bd1dd66d035,6c177e38df6d3f34182b1f1d427231bf,16.35,130.00
0e44c0c94c728c1ff7a501f705dd0e24#1,0e44c0c94c728c1ff7a501f705dd0e24,af14fe70f0c9ddfe9914b0ced0998d40,004c9cd9d87a3c30c522c48c4fc07416,17.98,105.00
0e5120f3452260c976eae23edd2d5a0a#1,0e5120f3452260c976eae23edd2d5a0a,076743539f8476d5c8a1e4e7b62ffc26,391fc6631aebcf3004804e51b40bcf1e,11.74,44.90
0e748699edd544eb244d173a5658b7a8#1,0e748699edd544eb244d173a5658b7a8,389d119b48cf3043d311335e499d9c6b,1f50f920176fa81dab994f9023523100,6.72,59.90
0e748699edd544eb244d173a5658b7a8#2,0e748699edd544eb244d173a5658b7a8,389d119b48cf3043d311335e499d9c6b,1f50f920176fa81dab994f9023523100,6.72,59.90
0e782c3705510e717d28907746cbda82#1,0e782c3705510e717d28907746cbda82,79da264732f717f10ebf5d102aa6c32a,562fc2f2c2863ab7e79a9e4388a58a14,7.39,29.99
0e7ad202878ea453373e3ef15835ea33#1,0e7ad202878ea453373e3ef15835ea33,ab330e1b64fde92d3b4d4d6980a38576,e0878efa0e0b7e5313ac0b43bc04c081,15.79,39.90
0e91a45e000263f1a4d58c5ecb5a52d7#1,0e91a45e000263f1a4d58c5ecb5a52d7,474bb6b54fc608ca71059a6c4f7ecda3,8b321bb669392f5163d04c59e235e066,14.10,21.90
0e9615b2e47df6cf349b4e458b056289#1,0e9615b2e47df6cf349b4e458b056289,389d119b48cf3043d311335e499d9c6b,1f50f920176fa81dab994f9023523100,17.67,59.90
0e9ed1bc6589695f10e03b8eca833201#1,0e9ed1bc6589695f10e03b8eca833201,6a31191d5ac5852b0478f6e245ac5b02,7357b52d27cbaa90f81a96cbc1279396,17.02,118.13
0ec76bccb5366815ac1be29b90db03c7#1,0ec76bccb5366815ac1be29b90db03c7,bee2e070c39f3dd2f6883a17a5f0da45,4e922959ae960d389249c378d1c939f5,16.01,180.00
0ee52d4b00ab65f19b7e89e5683766bf#1,0ee52d4b00ab65f19b7e89e5683766bf,c3ba4e8d3cb30049213b682e751e9d00,6560211a19b47992c3666cc44a7e94c0,7.92,95.00
0ef89e47a5078a9e54a080d5fa8c9109#1,0ef89e47a5078a9e54a080d5fa8c9109,2bf7ce28472c7ae94ee15e26991bc9b6,eba88037e1dca898cd02881f67ced679,18.47,83.70
0efd493233dcc9266a7423754db0079c#1,0efd493233dcc9266a7423754db0079c,207cdca64408b55cde28bfa9e62bced9,86ccac0b835037332a596a33b6949ee1,14.52,26.69
0f02ea56e4c9e7d30adb19a0c3e07b02#1,0f02ea56e4c9e7d30adb19a0c3e07b02,cec09725da5ed01471d9a505e7389d37,4d6d651bd7684af3fffabd5f08d12e5a,16.12,69.90
0f081161ec11a7986d836cf8e012cd21#1,0f081161ec11a7986d836cf8e012cd21,3bbacbe586e957acbf26c63b3ed532a3,729f06993dac8e860d4f02d7088ca48a,16.05,134.90
0f227f29d1cef44dd442c2fe75d7896c#1,0f227f29d1cef44dd442c2fe75d7896c,c3097e07a0a5de0d4b4c836d90c5a284,8b321bb669392f5163d04c59e235e066,14.10,13.70
0f55ec65ad1f38ceeb753846d0684c52#1,0f55ec65ad1f38ceeb753846d0684c52,de1eee6c50298db6028af08bd88a702a,994f04b3718c2bab35c2adfa8afecd2a,9.34,59.90
0f6a5e91a0432f84b83844d7b001d765#1,0f6a5e91a0432f84b83844d7b001d765,c6dd917a0be2a704582055949915ab32,7a67c85e85bb2ce8582c35f2203ad736,17.95,99.99
0f8532e6a9c1e86b215fda5c13f37fad#1,0f8532e6a9c1e86b215fda5c13f37fad,22594ba8fd9a72ad95d352929c821560,7c67e1448b00f6e969d365cea6b010ab,17.53,112.99
0f8532e6a9c1e86b215fda5c13f37fad#2,0f8532e6a9c1e86b215fda5c13f37fad,22594ba8fd9a72ad95d352929c821560,7c67e1448b00f6e969d365cea6b010ab,17.53,112.99
0f8532e6a9c1e86b215fda5c13f37fad#3,0f8532e6a9c1e86b215fda5c13f37fad,22594ba8fd9a72ad95d352929c821560,7c67e1448b00f6e969d365cea6b010ab,17.53,112.99
0f8532e6a9c1e86b215fda5c13f37fad#4,0f8532e6a9c1e86b215fda5c13f37fad,22594ba8fd9a72ad95d352929c821560,7c67e1448b00f6e969d365cea6b010ab,17.53,112.99
0f8532e6a9c1e86b215fda5c13f37fad#5,0f8532e6a9c1e86b215fda5c13f37fad,22594ba8fd9a72ad95d352929c821560,7c67e1448b00f6e969d365cea6b010ab,17.53,112.99
0f8532e6a9c1e86b215fda5c13f37fad#6,0f8532e6a9c1e86b215fda5c13f37fad,22594ba8fd9a72ad95d352929c821560,7c67e1448b00f6e969d365cea6b010ab,17.53,112.99
0f932ea7fd11ef18c60feace8c548366#1,0f932ea7fd11ef18c60feace8c548366,06edb72f1e0c64b14c5b79353f7abea3,391fc6631aebcf3004804e51b40bcf1e,16.95,39.99
0f93b20928bc59f8571a39b03ed0c1bb#1,0f93b20928bc59f8571a39b03ed0c1bb,368c6c730842d78016ad823897a372db,1f50f920176fa81dab994f9023523100,17.67,59.90
0f9d568730bf125dbbfed4fc655ff91a#1,0f9d568730bf125dbbfed4fc655ff91a,ef69b63fe95d8d9ff6ac136f213db1bc,dd2bdf855a9172734fbc3744021ae9b9,24.81,259.90
0f9dc92df0635605588c51ec2e4c58a0#1,0f9dc92df0635605588c51ec2e4c58a0,e1e932dfb67414e80b87ad97688cf2a3,fde0cc9ea29c8ccfc0a2c22256a58c71,34.35,99.00
0fb09184aa674879c67d933523a4a0bb#1,0fb09184aa674879c67d933523a4a0bb,787268a8ccbecd1ae02d8001b61ca46d,4a3ca9315b744ce9f8e9374361493884,18.86,79.90
0fb89e55ba647de0f63711e93c678237#1,0fb89e55ba647de0f63711e93c678237,59391e840980a4bb6df5f44d3d734df7,bba74270a87732727b5a3b4fd9ac1c39,16.79,49.99
0fc34e566d3273325c404c113f4a8b2a#1,0fc34e566d3273325c404c113f4a8b2a,8896b8c893a3dc9e5a6d10e00bada716,cd68562d3f44870c08922d380acae552,16.07,189.00
0fe8aad910ff05e73b0ddb0a89e61b21#1,0fe8aad910ff05e73b0ddb0a89e61b21,0496f30fa502d5454825087842d7a497,768a86e36ad6aae3d03ee3c6433d61df,18.37,39.00
0fec5b52f7f6c1e7b725c742a8bdf7d4#1,0fec5b52f7f6c1e7b725c742a8bdf7d4,b0e3993f15923db74f7aea09b8043717,9596c870880d900012f2e8e6e30d06d7,111.38,121.90
0fec5b52f7f6c1e7b725c742a8bdf7d4#2,0fec5b52f7f6c1e7b725c742a8bdf7d4,b0e3993f15923db74f7aea09b8043717,9596c870880d900012f2e8e6e30d06d7,111.38,121.90
0fec5b52f7f6c1e7b725c742a8bdf7d4#3,0fec5b52f7f6c1e7b725c742a8bdf7d4,b0e3993f15923db74f7aea09b8043717,9596c870880d900012f2e8e6e30d06d7,111.38,121.90
10084ae353466f1c95f62cbacf6168d5#1,10084ae353466f1c95f62cbacf6168d5,a62e25e09e05e6faf31d90c6ec1aa3d1,634964b17796e64304cadf1ad3050fb7,17.33,108.00
100c3a4b273a82310ce16d5524e14450#1,100c3a4b273a82310ce16d5524e14450,2d7ec74c6f93ad8234f2e29817b2827b,bf3c6d2a28b2b5501e6c15448982dcc9,17.09,119.40
100ed138d169a3f969afa5449750db73#1,100ed138d169a3f969afa5449750db73,461f43be3bdf8844e65b62d9ac2c7a5a,7d13fca15225358621be4086e1eb0964,13.27,118.00
102dc75f04e28c228169dedb666dcd3e#1,102dc75f04e28c228169dedb666dcd3e,642a40d4d73b4b2604968937de13634a,d2374cbcbb3ca4ab1086534108cc3ab7,15.10,12.90
103355b1bc5b63508c20e2b7eeb58961#1,103355b1bc5b63508c20e2b7eeb58961,3a05a947f28cf46d789adedc107d7595,87142160b41353c4e5fca2360caf6f92,29.81,110.00
103555765443ee9231d96d107b9f19ae#1,103555765443ee9231d96d107b9f19ae,16cb37c8d7713ae295b4c1a92a3f338c,2f4b0d3b9634b647d4edee577d7ebb7e,7.78,34.90
1043d83f1c9a2f7d84385aa1611d7652#1,1043d83f1c9a2f7d84385aa1611d7652,8d4dac6177fb8134f26fb4c5cc6c0aff,c70c1b0d8ca86052f45a432a38b73958,8.53,110.00
104bc860b4c9a9d28566dfd1093997e0#1,104bc860b4c9a9d28566dfd1093997e0,f35927953ed82e19d06ad3aac2f06353,669ae81880e08f269a64487cfb287169,22.74,115.00
105c228ee2f7c9c2a32d22cd2f8c8e69#1,105c228ee2f7c9c2a32d22cd2f8c8e69,bd66403f5f11696c897a825d5235697f,fa1c13f2614d7b5c4749cbc52fecda94,9.76,284.90
107478e48c13dc0b39a379510464cd9d#1,107478e48c13dc0b39a379510464cd9d,7518c51f502ca391864ea9b073e634d6,ececbfcff9804a2d6b40f589df8eef2b,12.94,71.30
1078cee780187c1672d97d4ebfb4cc2e#1,1078cee780187c1672d97d4ebfb4cc2e,06bf70b6e1d67d96308235ef350edc61,2c9e548be18521d1c43cde1c582c6de8,9.37,79.90
10918fe4d665fda80034712895c2b92f#1,10918fe4d665fda80034712895c2b92f,32ad146ce66014dd98fdc2190bc995d6,b6dc74ed30f124f95227bed4e43a3bed,42.38,33.80
109b43dc12d67a5107cbbfb7fe98d0ae#1,109b43dc12d67a5107cbbfb7fe98d0ae,4298b7e67dc399c200662b569563a2b2,9c0e69c7bf2619675bbadf47b43f655a,16.01,179.90
10c320f977c6a18f91b2d14be13128c6#1,10c320f977c6a18f91b2d14be13128c6,b3be1f83cef05668c25e134852d44545,3b15288545f8928d3e65a8f949a28291,21.27,110.99
10ef04a6021b2bac686ed668485c8c80#1,10ef04a6021b2bac686ed668485c8c80,07f381c65e8e66460c07781b9b1b8834,7c67e1448b00f6e969d365cea6b010ab,56.63,192.99
10fda92f9390e0b13e41ce5ce692a2cc#1,10fda92f9390e0b13e41ce5ce692a2cc,9363662bd84410483083a4fe6f06242a,b2ba3715d723d245138f291a6fe42594,15.79,24.90
1107e64e1795b6cf551a7044612e8bd8#1,1107e64e1795b6cf551a7044612e8bd8,fb2631932085fc37d651d3408aa65a8c,218d46b86c1881d022bce9c68a7d4b15,17.85,143.99
11210d2ba14b85282d66a4c956724533#1,11210d2ba14b85282d66a4c956724533,516ccdc0667fe7e260156d1998ef9546,7c67e1448b00f6e969d365cea6b010ab,34.18,116.94
112f6cd3047e7f158607233e26206398#1,112f6cd3047e7f158607233e26206398,84e1b9c6ba2ed178bd217097b41f1251,1b938a7ec6ac5061a66a3766e0e75f90,44.99,74.90
1131444207572a61609f9be4f5308af3#1,1131444207572a61609f9be4f5308af3,eb46bd8f6499638557d2daf6874d14db,0b90b6df587eb83608a64ea8b390cf07,17.12,193.80
1133f2dfc033ba92bf6c470b20f6f332#1,1133f2dfc033ba92bf6c470b20f6f332,80ac250f5bffe3fff8097929c3c4a938,891071be6ba827b591264c90c2ae8a63,18.23,34.99
114b8cdf01e21ff5631995283f233d67#1,114b8cdf01e21ff5631995283f233d67,afce90df29b9a0c1bfe5e1033f1197b1,2138ccb85b11a4ec1e37afbd1c8eda1f,16.79,19.99
114e12eca60507f3e3153182f258684d#1,114e12eca60507f3e3153182f258684d,e27c4dd075a521097a085bced0631ce7,701938c450705b8ae65fc923b70f35c7,45.27,115.97
116f0b09343b49556bbad5f35bee0cdf#1,116f0b09343b49556bbad5f35bee0cdf,a47295965bd091207681b541b26e40a5,ea8482cd71df3c1969d7b9473ff13abc,15.10,27.99
117ce86d1ddbcdf65da3ff7fe763ed09#1,117ce86d1ddbcdf65da3ff7fe763ed09,70ad1cce006c26381f72387a1cdb2bf6,e49c26c3edfa46d227d5121a6b6e4d37,18.12,123.89
118045506e1c1dda060171af43fe11b4#1,118045506e1c1dda060171af43fe11b4,2c4930c4b284c7b99db2a4c52071a45e,2a261b5b644fa05f4f2700eb93544f2c,27.08,45.00
118045506e1c1dda060171af43fe11b4#2,118045506e1c1dda060171af43fe11b4,2c4930c4b284c7b99db2a4c52071a45e,2a261b5b644fa05f4f2700eb93544f2c,27.08,45.00
118045506e1c1dda060171af43fe11b4#3,118045506e1c1dda060171af43fe11b4,2c4930c4b284c7b99db2a4c52071a45e,2a261b5b644fa05f4f2700eb93544f2c,27.08,45.00
118045506e1c1dda060171af43fe11b4#4,118045506e1c1dda060171af43fe11b4,2c4930c4b284c7b99db2a4c52071a45e,2a261b5b644fa05f4f2700eb93544f2c,27.08,45.00
118045506e1c1dda060171af43fe11b4#5,118045506e1c1dda060171af43fe11b4,2c4930c4b284c7b99db2a4c52071a45e,2a261b5b644fa05f4f2700eb93544f2c,27.08,45.00
11921adcbd013757ba6f287c03929bb4#1,11921adcbd013757ba6f287c03929bb4,24e8c79f39c68fbdbd57a5813ae72b94,4869f7a5dfa277a7dca6462dcf3b52b2,18.33,63.90
11bd7edbef6a822b220f48085472871b#1,11bd7edbef6a822b220f48085472871b,68c923fddf7f83316b53252eaf830724,7a67c85e85bb2ce8582c35f2203ad736,11.73,69.99
121bf0ddd1c3d94dd344d3f0e81de607#1,121bf0ddd1c3d94dd344d3f0e81de607,aba86c093ccdbac75b09111d57e50004,7c67e1448b00f6e969d365cea6b010ab,11.45,119.60
121bf0ddd1c3d94dd344d3f0e81de607#2,121bf0ddd1c3d94dd344d3f0e81de607,aba86c093ccdbac75b09111d57e50004,7c67e1448b00f6e969d365cea6b010ab,11.45,119.60
121dd40b10fc0795e5f649ceedab30f9#1,121dd40b10fc0795e5f649ceedab30f9,dd6a505f83dd3c6326aa9856519e0978,fa40cc5b934574b62717c68f3d678b6d,24.84,49.90
122113ebabe53addad2976ed1ba7cfe3#1,122113ebabe53addad2976ed1ba7cfe3,a8df513e8be2c303a357f71e5f62d1e0,3d871de0142ce09b7081e2b9d1733cb1,16.19,69.90
12307610cd2009ccf90a8a4911bb14a8#1,12307610cd2009ccf90a8a4911bb14a8,ecf9484703bdfb9cfcc1ac9c2084b567,59b22a78efb79a4797979612b885db36,44.22,265.00
1253425c1b76191a5ff742f11d80e1fa#1,1253425c1b76191a5ff742f11d80e1fa,40cc62bf0cf7aacfd12d865c196baa55,ef506c96320abeedfb894c34db06f478,15.79,49.99
12764e11143d316ea2257118daa2e3bc#1,12764e11143d316ea2257118daa2e3bc,337f10f83d8ba37edab89b7a0e9f32b0,42b729f859728f5079499127a9c2ef37,7.39,19.90
12950f3d9bc12065fc5da141faab5780#1,12950f3d9bc12065fc5da141faab5780,5c2bb11cf2149bd4d9fffcc1246458c3,dbc22125167c298ef99da25668e1011f,14.92,88.90
129832042bc2898155b5ebf3b2058585#1,129832042bc2898155b5ebf3b2058585,0152f69b6cf919bcdaf117aa8c43e5a2,d2374cbcbb3ca4ab1086534108cc3ab7,12.79,17.90
129832042bc2898155b5ebf3b2058585#2,129832042bc2898155b5ebf3b2058585,cce679660c66e6fbd5c8091dfd29e9cd,d2374cbcbb3ca4ab1086534108cc3ab7,12.79,17.90
12a545f53715575246beec2da90d6de4#1,12a545f53715575246beec2da90d6de4,8681797ff43c49b49ee1690deee3f95f,e067ad2c1c0b48758eb1b5228bcf7a68,15.14,56.00
12c086e6bfc59c3a3ec7e77d5d1a6b17#1,12c086e6bfc59c3a3ec7e77d5d1a6b17,2d27a2ca6a182ff8cee95fea0f6a69ce,8648b1e89e9b349e32d3741b30ec737e,7.87,34.90
12c35cf2a5171b0fb8e19d60abcb9353#1,12c35cf2a5171b0fb8e19d60abcb9353,0f398da178a64533d9576940656d23cb,41b39e28db005d9731d9d485a83b4c38,13.60,139.90
12d5570966b69e36f603e3ff8aac9d4f#1,12d5570966b69e36f603e3ff8aac9d4f,3fda13f397426103abde1f106676f0bf,b2ba3715d723d245138f291a6fe42594,7.78,64.90
130c3f0058347e4d785fa54f3d00d2b4#1,130c3f0058347e4d785fa54f3d00d2b4,07f381c65e8e66460c07781b9b1b8834,7c67e1448b00f6e969d365cea6b010ab,78.64,192.99
13293961429976917597dafca90e49d3#1,13293961429976917597dafca90e49d3,f7a17d2c51d9df89a4f1711c4ac17f33,f8db351d8c4c4c22c6835c19a46f01b0,9.27,52.90
1342ab50383d7471a3bfd75ca93d38d6#1,1342ab50383d7471a3bfd75ca93d38d6,10b930e4c15b5f8e6b7c8c7e17ac776b,5656537e588803a555b8eb41f07a944b,17.28,49.89
136cce7faa42fdb2cefd53fdc79a6098#1,136cce7faa42fdb2cefd53fdc79a6098,a1804276d9941ac0733cfd409f5206eb,dc8798cbf453b7e0f98745e396cc5616,16.05,49.90
136d768d679a4fc7902e10fc81af17fc#1,136d768d679a4fc7902e10fc81af17fc,cea3e34396621bb2677f5969c11316bc,21c62b998a043ebe31161d38f84929fc,21.14,170.00
1370fae9b19ee5e01a2d609eb18b7c8a#1,1370fae9b19ee5e01a2d609eb18b7c8a,a50acd33ba7a8da8e9db65094fa990a4,8581055ce74af1daba164fdbd55a40de,28.20,117.30
138849fd84dff2fb4ca70a0a34c4aa1c#1,138849fd84dff2fb4ca70a0a34c4aa1c,304fad8dc4d2012dc4062839972f2d96,6860153b69cc696d5dcfe1cdaaafcf62,13.37,39.47
13bad9a229ea7c04888ada5c6c971c28#1,13bad9a229ea7c04888ada5c6c971c28,5bd6493a2d5a384987386f2696bae33d,92eb0f42c21942b6552362b9b114707d,14.58,18.98
13dabdb9dbb49bde13dd90285c2640eb#1,13dabdb9dbb49bde13dd90285c2640eb,83b92639fffd1d55c9e04c77c86d8d2c,00fc707aaaad2d31347cf883cd2dfe10,15.31,80.00
14001e8cd1c29d0bce5b5bfca73338af#1,14001e8cd1c29d0bce5b5bfca73338af,e2a5fbcec3cf55f09968fb1ecbe16638,620c87c171fb2a6dd6e8bb4dec959fc6,16.01,179.90
14130f70a2038f80f97d9fcc6e590ba8#1,14130f70a2038f80f97d9fcc6e590ba8,84777fa5b1c62e5e495240dfd0b2f24a,7c67e1448b00f6e969d365cea6b010ab,102.81,166.94
141ad0192cfa16174e4fd0a1a7e7ba4a#1,141ad0192cfa16174e4fd0a1a7e7ba4a,290bd89e961af9ea5a733bc477c50355,8648b1e89e9b349e32d3741b30ec737e,9.58,94.50
142ac5357e541e5881d26fc5eb5f3754#1,142ac5357e541e5881d26fc5eb5f3754,99e28f7c171b6945dc991d1178ffedfe,7daca0837f033a41a6f3428c18657533,31.82,279.99
1431ee47e31c27528b8ae56b66689afc#1,1431ee47e31c27528b8ae56b66689afc,def59eb2e17b32b980b5341984f6b500,f8db351d8c4c4c22c6835c19a46f01b0,8.27,22.90
1446390485bfa8ea593dbd273d725218#1,1446390485bfa8ea593dbd273d725218,3c0f50234e2cac5b619f358d4325be0d,3d871de0142ce09b7081e2b9d1733cb1,13.64,89.00
1462290799412b71be32dd880eaf4e1b#1,1462290799412b71be32dd880eaf4e1b,d7faab3fa0091d1220a8ada9cae1bab3,3504c0cb71d7fa48d967e0e4c94d59d9,14.10,29.90
14676aebeb151a1fa4f20e8fc3544621#1,14676aebeb151a1fa4f20e8fc3544621,898fa82b63404937c7a3c2cc77d6e5b5,4d9fea3499bdc22aa4da4e339365f215,14.42,96.00
14772df2ec0499946fb20841a70659e4#1,14772df2ec0499946fb20841a70659e4,44a34214a57dc373dcd80f54c919d006,7008613ea464bad5cb9b83456e1e6a8f,16.79,29.50
1488ee1c0dc7439e64d5df80ae9f6089#1,1488ee1c0dc7439e64d5df80ae9f6089,a83a581a8343b458c6c90cffc7ad1b60,d354c38a7182125a748cb10474fe963b,22.48,109.99
1494db03a5c6e6ed463866c7e1171104#1,1494db03a5c6e6ed463866c7e1171104,3356d43bd57f974c4ae7fc5f9c4e589a,8f2ce03f928b567e3d56181ae20ae952,23.50,99.90
14986dd5b5dc6b4203bda6666311e4d0#1,14986dd5b5dc6b4203bda6666311e4d0,15bef25125df6626665f702257bd1e79,55dedd83e501d8248880557d9073cbfd,14.30,155.00
14b791be12b020b826c2ee4c7662a5da#1,14b791be12b020b826c2ee4c7662a5da,8fd88178b111d5d12b4a85be4ea8bf4c,83deb69e889cf80f82be1dc6d5f2d486,15.23,34.36
14bec9a20933b219426d500ca2581dc4#1,14bec9a20933b219426d500ca2581dc4,688ad0169550f8e2eb0307b61df3ba12,640e21a7d01df7614a3b4923e990d40c,23.27,66.55
14d5fd67132f83c0c8a9e241e4a7d4dd#1,14d5fd67132f83c0c8a9e241e4a7d4dd,060c17562f97e5bb60bc0dfa4dd5b3f2,9f505651f4a6abe901a56cdc21508025,7.44,24.99
14d68c5b215a31950340dc9cb3f73efe#1,14d68c5b215a31950340dc9cb3f73efe,5a848e4ab52fd5445cdc07aab1c40e48,c826c40d7b19f62a09e2d7c5e7295ee2,14.61,122.99
14dbe374dedd03ff06285484791c8d4e#1,14dbe374dedd03ff06285484791c8d4e,703d742887bb9267f89b675608ba7aa0,640e21a7d01df7614a3b4923e990d40c,13.97,56.10
14e29f83cf6fcd5fcca40380a248eea1#1,14e29f83cf6fcd5fcca40380a248eea1,9f7b48e2d4e4d7375f71a10791faa1b8,259f7b5e6e482c230e5bfaa670b6bb8f,13.08,59.90
14e4354a0f5d87e8db773937a3f2331e#1,14e4354a0f5d87e8db773937a3f2331e,293ee8ac0a45f559cdeba37b938fdb66,4a3ca9315b744ce9f8e9374361493884,17.96,55.60
14e6e050a57912543937e93051cc7b2c#1,14e6e050a57912543937e93051cc7b2c,3940247162a820eff119efe47b02182f,82cb9f452fe8334df74b22d37824b431,19.53,49.10
14f31f8bfd37cf6b1fa6a4aa6e94e930#1,14f31f8bfd37cf6b1fa6a4aa6e94e930,aca2eb7d00ea1a7b8ebd4e68314663af,955fee9216a65b617aa5c0531780ce60,13.08,69.90
14f31f8bfd37cf6b1fa6a4aa6e94e930#2,14f31f8bfd37cf6b1fa6a4aa6e94e930,aca2eb7d00ea1a7b8ebd4e68314663af,955fee9216a65b617aa5c0531780ce60,13.08,69.90
1500f1a091b64e1e36d67b8622031e93#1,1500f1a091b64e1e36d67b8622031e93,aca2eb7d00ea1a7b8ebd4e68314663af,955fee9216a65b617aa5c0531780ce60,21.02,75.00
150b0776d65cc88c98cb4d10d0bc27b3#1,150b0776d65cc88c98cb4d10d0bc27b3,642247ccf62585635cefa1bf09f59b94,d2374cbcbb3ca4ab1086534108cc3ab7,13.48,65.90
15261e1a4e2be405c49fb08d7e07773c#1,15261e1a4e2be405c49fb08d7e07773c,f2aa6fb35e6b7ddd3eb6f3198a0efbc9,fc38b5dceee1a730fad8853453437fbd,15.10,21.60
15341b05d64b1a27163a196767a80afe#1,15341b05d64b1a27163a196767a80afe,9e261f5543c32312afa68843fabcc119,a5cba26a62b8b4d0145b68b841e62e7f,76.08,530.00
154f3e62bb635300cf9a1d6c4940636d#1,154f3e62bb635300cf9a1d6c4940636d,d6c69817b519edddbf1b289631b7160e,5670f4db5b62c43d542e1b2d56b0cf7c,16.54,349.97
157b4fe03013e7a9db562091a12c2f8d#1,157b4fe03013e7a9db562091a12c2f8d,31596cc4bf31a702bc34ab7223a827da,4917cee8d902e13428c3ec4b1ca6f315,28.35,139.00
1594012ccc1b0770373ce691d697e5ae#1,1594012ccc1b0770373ce691d697e5ae,b6c312bb8b2e0c3ab0a23d207802f82f,723cd880edaacdb998898b67c8f9da30,32.17,330.00
15ade2c7daaa01c998220a2035dd43dd#1,15ade2c7daaa01c998220a2035dd43dd,82a61259a621866c4ba63743da29a342,4d6d651bd7684af3fffabd5f08d12e5a,20.47,129.90
15bed8e2fec7fdbadb186b57c46c92f2#1,15bed8e2fec7fdbadb186b57c46c92f2,61d52f4882421048afd530db53d6f230,fa74b2f3287d296e9fbd2cc80f2d1cf1,12.38,125.90
15c4d15a595aaff02d4de63093a4b57c#1,15c4d15a595aaff02d4de63093a4b57c,546ec29050b44fb370bb27656052faae,aced59e9b31ef866a94f9e7f29d8d418,15.78,210.00
15d086bbbae9b9e4b50c916c919479ed#1,15d086bbbae9b9e4b50c916c919479ed,c706d50b57c9e83293c2586d01f32445,7ecd59e5e20407131822c1a68ac59c1f,23.50,49.99
15dbd4fa73037a8e8a6c619e4cffd46c#1,15dbd4fa73037a8e8a6c619e4cffd46c,1b37262ebd1307a6c9aab9aca8584e76,6061155addc1e54b4cfb51c1c2a32ad8,20.38,899.00
15e63a2cb02a2f0485e5740e8c6f0155#1,15e63a2cb02a2f0485e5740e8c6f0155,fa8b90b254398a181c77d51bae41eada,bc07d855eac23aab5ac8a120f21d16b2,17.99,154.00
15f67529b3d91fd3da058270c9a68855#1,15f67529b3d91fd3da058270c9a68855,e2b02dadb01104e3f9f588311b3f2612,3bb548e3cb7f70f28e3f11ee9dce0e59,12.90,109.90
15fb9c745e91eff5482a9af2a5fad0e6#1,15fb9c745e91eff5482a9af2a5fad0e6,5650f9e1f73d0a1c0176988cf2e950d5,2d518637f53161b973e01f56ea4bb88e,37.39,99.99
1613193aa6cbc8820d6b5c12536722a0#1,1613193aa6cbc8820d6b5c12536722a0,0db608cb372db7e5f00b9f8c572b6ff6,12b9676b00f60f3b700e83af21824c0e,32.99,199.00
1648b503676883c70854279700e3cfc3#1,1648b503676883c70854279700e3cfc3,437c05a395e9e47f9762e677a7068ce7,bf84056e679dbe9c69929847a40e338f,12.81,52.98
164f61f77f7f2a8c90a1e382606d53ba#1,164f61f77f7f2a8c90a1e382606d53ba,b3b0bce74668bf355cbd94db1e4d17b9,8c16d1f32a54d92897cc437244442e1b,13.50,21.49
165db2f7901b38055fe76db6894683d2#1,165db2f7901b38055fe76db6894683d2,4ac50dbde931c0a5ed8c33d3dc047351,2e1c9f22be269ef4643f826c9e650a52,7.78,33.49
1683815c34e20076a6b3a8b1fd3d8809#1,1683815c34e20076a6b3a8b1fd3d8809,ce497a3d92ec305f5d9ef0c4b6980a95,4a1f694197d05fe70026b016a7316b41,16.13,34.99
1683815c34e20076a6b3a8b1fd3d8809#2,1683815c34e20076a6b3a8b1fd3d8809,f3ae4ce1b63810f2921ff353ddbec67d,4a1f694197d05fe70026b016a7316b41,16.13,27.99
1683815c34e20076a6b3a8b1fd3d8809#3,1683815c34e20076a6b3a8b1fd3d8809,e9dd44f105ffdcb98405c94f1d0bbdd9,4a1f694197d05fe70026b016a7316b41,16.13,27.99
169f6274660e528484fd239aa7d27097#1,169f6274660e528484fd239aa7d27097,f71973c922ccaab05514a36a8bc741b8,5dceca129747e92ff8ef7a997dc4f8ca,34.79,89.90
16aa7d10b833ccd4307a1159ba08d071#1,16aa7d10b833ccd4307a1159ba08d071,3439529926df110506c6752e8f16d358,6f83d9e4da896daae20b9b6b2d3ff8d2,11.48,79.90
16aa7d10b833ccd4307a1159ba08d071#2,16aa7d10b833ccd4307a1159ba08d071,fe61253e50ad6ee9f1d180da22ce5eef,39d54ff918774174706fb065d7f9dc07,17.26,99.00
16aa7d10b833ccd4307a1159ba08d071#3,16aa7d10b833ccd4307a1159ba08d071,fe61253e50ad6ee9f1d180da22ce5eef,39d54ff918774174706fb065d7f9dc07,17.26,99.00
16b0354e89f049afdd965c97e243dac6#1,16b0354e89f049afdd965c97e243dac6,6157bc1be1e8edc531fc0c94dddf5ac9,ea8482cd71df3c1969d7b9473ff13abc,15.30,27.99
16c24987724018f73b746aacfbb5f8e8#1,16c24987724018f73b746aacfbb5f8e8,f3dbf072e817667fbde052aae313cce1,973f21788dfab357250f69a8dcb7ddee,45.45,135.00
16cb3a72f04e248a1244b076ce0d9bb7#1,16cb3a72f04e248a1244b076ce0d9bb7,39774ab6b55af4ca99782e23935a97a4,7c67e1448b00f6e969d365cea6b010ab,74.78,149.99
16dda44df2095f93a8e1390b77c2c048#1,16dda44df2095f93a8e1390b77c2c048,376450070f391460f4b67e13166cae60,92eb0f42c21942b6552362b9b114707d,7.39,25.77
16e38caa92e342c7780f68832f832d4d#1,16e38caa92e342c7780f68832f832d4d,4a1ccd2d546bbea7809a0cf98863eb50,b1a81260566c1bac3114a6d124413f27,53.46,189.90
16e62e9da7d33d61b6f26ccf68bc962c#1,16e62e9da7d33d61b6f26ccf68bc962c,aa2c2dd775bbdbfd93d8b8c36c6f55a4,ff1fb4c404b2efe68b03350a8dc24122,35.93,380.00
16ec5f5b0b5245798a6334e4c239d13a#1,16ec5f5b0b5245798a6334e4c239d13a,a62e25e09e05e6faf31d90c6ec1aa3d1,634964b17796e64304cadf1ad3050fb7,15.52,108.00
171fac25aa2fde5b05b3109d582d04bb#1,171fac25aa2fde5b05b3109d582d04bb,4b6b3a7072d549354c3743dedbf4170a,6560211a19b47992c3666cc44a7e94c0,15.14,55.00
17369d934e18e1cb2481bc11a9dcce78#1,17369d934e18e1cb2481bc11a9dcce78,f532ec9a55ee4e466e1c8fc913563ad5,3be634553519fb6536a03e1358e9fdc7,16.60,39.90
173f3e01cc3fc12d3831a3d80a024a90#1,173f3e01cc3fc12d3831a3d80a024a90,08eada1514424f37cd0704a5f45c1e07,c66dccfb3f109511246da627dd5a2498,18.86,109.00
174fb39de9de15c80ea4076ba0cb6c83#1,174fb39de9de15c80ea4076ba0cb6c83,b06abefe5a65500e5a93851ad2fc8900,fcb5ace8bcc92f75707dc0f01a27d269,19.21,74.70
175455df986fe6b05091b1c9506897dd#1,175455df986fe6b05091b1c9506897dd,02cd69fa0c8bfb37ca444168927c1e85,39d54ff918774174706fb065d7f9dc07,15.11,22.00
1767c122a3ee029a66f97b74a2538d2e#1,1767c122a3ee029a66f97b74a2538d2e,b8b426747049f2d3d6e00b486d47dedb,01fdefa7697d26ad920e9e0346d4bd1b,19.94,99.90
178358411049ad27f877b8964564528a#1,178358411049ad27f877b8964564528a,d02e5b014cc50a42a3ede0b3dc1fc63e,3785b653b1b82de85ab47dd139938091,14.15,59.90
1790eea0b567cf50911c057cf20f90f9#1,1790eea0b567cf50911c057cf20f90f9,2d8f2be4f08788ee3bf5356af2b2ee6c,d91fb3b7d041e83b64a00a3edfb37e4f,38.00,186.90
179a901d5de12162c773a0def32eda2f#1,179a901d5de12162c773a0def32eda2f,e06f99e79036d681effa3de75989bf22,6560211a19b47992c3666cc44a7e94c0,18.29,59.00
179b63fcfafb80e064370a2ce74c81f7#1,179b63fcfafb80e064370a2ce74c81f7,422879e10f46682990de24d770e7f83d,1f50f920176fa81dab994f9023523100,0.00,53.90
179e23361d372901e40a92f8c29bd61d#1,179e23361d372901e40a92f8c29bd61d,9e10eb05d9f369d5c38c475425cc2ee9,1ca7077d890b907f89be8c954a02686a,14.35,35.00
179e23361d372901e40a92f8c29bd61d#2,179e23361d372901e40a92f8c29bd61d,ad1128daf194f4b6ac4256e16233497c,1ca7077d890b907f89be8c954a02686a,14.35,45.00
179e23361d372901e40a92f8c29bd61d#3,179e23361d372901e40a92f8c29bd61d,f3a1a865ba61412ac17ab53f1a9c0082,7c1fea10b5b006671d608b1d7c446ec4,14.35,29.90
179e23361d372901e40a92f8c29bd61d#4,179e23361d372901e40a92f8c29bd61d,33e79119cfaa0e1f7122bf00b10426bc,7040e82f899a04d1b434b795a43b4617,14.35,19.90
17ab3523ccdc39226b04bbdd9bbceaad#1,17ab3523ccdc39226b04bbdd9bbceaad,3f0376e782caf27ef19342d8e5c7e6f5,8b321bb669392f5163d04c59e235e066,15.10,15.00
17c2ee64306efa76f1389315a974eeba#1,17c2ee64306efa76f1389315a974eeba,704ef63ad0ac345842ea734060a83db2,da8622b14eb17ae2831f4ac5b9dab84a,16.28,74.90
17c7247e36a481d564a5ec8c28861709#1,17c7247e36a481d564a5ec8c28861709,0d0f800ef21c01c777f2b36329584404,0be8ff43f22e456b4e0371b2245e4d01,7.78,39.90
17e76907e42e85c99dd9e25d02f65314#1,17e76907e42e85c99dd9e25d02f65314,2028bf1b01cafb2d2b1901fca4083222,cc419e0650a3c5ba77189a1882b7556a,18.45,49.99
17f668eaf6dac97de5fcd9bbbea1f474#1,17f668eaf6dac97de5fcd9bbbea1f474,fa9cc1dfd86d0877d43101973bf26eee,b347677812ea483b0f528eaf8cbc09b7,19.71,429.00
183a7d0aaaf6b16afaa897a44424494b#1,183a7d0aaaf6b16afaa897a44424494b,6e3186505d9f4c946921bd51a5b79742,00fc707aaaad2d31347cf883cd2dfe10,17.53,156.00
1844430a4130a112771839a244829457#1,1844430a4130a112771839a244829457,42a2c92a0979a949ca4ea89ec5c7b934,813348c996469b40f2e028d5429d3495,14.13,59.90
186d50e82bb60fc547f3dbf7aa6f6f8a#1,186d50e82bb60fc547f3dbf7aa6f6f8a,bb42f37fc3d9130e4a4339d24a47dd7c,da8622b14eb17ae2831f4ac5b9dab84a,8.47,44.90
1887b26eba419ce20f6fe34a6f88e80a#1,1887b26eba419ce20f6fe34a6f88e80a,765c417cdc38443aaa558a0159a98591,d1b65fc7debc3361ea86b5f14c68d2e2,21.55,209.90
18905a8655f8255bf50d2eeadce2641e#1,18905a8655f8255bf50d2eeadce2641e,87a71ae93900ab55fcf685c8040769b3,8b321bb669392f5163d04c59e235e066,17.63,12.90
189622f157848ba3ed54191c7538e07e#1,189622f157848ba3ed54191c7538e07e,4413a608a42bd21bbf9d5abbd58c249a,7ddcbb64b5bc1ef36ca8c151f6ec77df,9.76,134.99
18aff2402dfe994cc353173909a740ba#1,18aff2402dfe994cc353173909a740ba,cd9dfd413f60d6cdb25aa4a3e1960e59,0ffa40d54288e4f3499b8780dd0f144f,18.00,65.00
18bb4acb90913593d37049c601660009#1,18bb4acb90913593d37049c601660009,1dfb36d969d347f56f43590ec42c7b8c,7f152321c60a266edc53af1925ef96c1,37.28,159.99
18bf036204cea32b152a8e2a2f2bab40#1,18bf036204cea32b152a8e2a2f2bab40,7239a6e2e573d13f4a62f90868e40264,7c4402417d51474d4d0cda9557340e40,27.69,119.90
18c2124c3874f480651069f1f8c9b903#1,18c2124c3874f480651069f1f8c9b903,8338cef8355d238f43711dcb9c0657b2,cca3071e3e9bb7d12640c9fbe2301306,16.14,45.90
18c2124c3874f480651069f1f8c9b903#2,18c2124c3874f480651069f1f8c9b903,07c055536ebf10dfbb6c6db6dbfc36e5,cca3071e3e9bb7d12640c9fbe2301306,16.08,45.90
18c2175899ae0ea38308dec32efffc22#1,18c2175899ae0ea38308dec32efffc22,5526b1ae9ab2688cf600783cece249df,0b90b6df587eb83608a64ea8b390cf07,18.57,98.44
18c95a0e4c4a3d218d5eda56e235436e#1,18c95a0e4c4a3d218d5eda56e235436e,88dd63919fc9ab693803578a04a20209,7ddcbb64b5bc1ef36ca8c151f6ec77df,8.29,39.99
18d0a01d343f9a3789e7ae38fc92f907#1,18d0a01d343f9a3789e7ae38fc92f907,a0bcb790b8f1249bec0369de04a72d33,f4ce8ca9fa7157e3b33f536ac9a4487d,12.94,39.90
18d686f1bb1270182c646fe337459d79#1,18d686f1bb1270182c646fe337459d79,7945bb528c42095fccdf46321742afce,0adac9fbd9a2b63cccaac4f8756c1ca8,12.69,44.90
18e83381f06c519894068bc3434fb638#1,18e83381f06c519894068bc3434fb638,656e0eca68dcecf6a31b8ececfabe3e8,9c0e69c7bf2619675bbadf47b43f655a,8.51,109.90
190e8611451cfad038f032f548f44c12#1,190e8611451cfad038f032f548f44c12,d8722b339cfc97d60ea267aaab121c39,7142540dd4c91e2237acb7e911c4eba2,24.79,84.90
1913cee0f26c9b117da013a2efd6374f#1,1913cee0f26c9b117da013a2efd6374f,4660b448a9e1499945013a9fb3f11ec4,7ad32824caee82087b3e2e5f33b1bf32,12.79,37.00
191a0013ee3ec32e27da5f85cf028081#1,191a0013ee3ec32e27da5f85cf028081,30ac6df06dc59ad72cf2f158fc2d904c,0dd184061fb0eaa7ca37932c68ab91c5,34.38,120.00
192e8093aeeb86d202c1035db3a5bd48#1,192e8093aeeb86d202c1035db3a5bd48,c1afa44a5a60e2e7cf7280e57eba0597,5882820ef11c4c068eea0677a7a879b4,120.79,1450.00
193f92153e2d2dc57d0052176ef585c0#1,193f92153e2d2dc57d0052176ef585c0,35afc973633aaeb6b877ff57b2793310,4a3ca9315b744ce9f8e9374361493884,17.86,86.90
194e7b03e4469b2bcc7ba3c353077252#1,194e7b03e4469b2bcc7ba3c353077252,aef3e3251c02ee19b8f193f158a49a53,282f23a9769b2690c5dda22e316f9941,14.10,40.50
195070d2d0eb1da7d93b958bce36d1ef#1,195070d2d0eb1da7d93b958bce36d1ef,154e7e31ebfa092203795c972e5804a6,cc419e0650a3c5ba77189a1882b7556a,10.96,19.99
1950d777989f6a877539f53795b4c3c3#1,1950d777989f6a877539f53795b4c3c3,e435ceb7ced9b8446defd858630454ed,2a61c271b1ac763450d846849783e922,14.10,29.99
1963cdf64d49297eb541ceee16ee659e#1,1963cdf64d49297eb541ceee16ee659e,14d171d5043b1b2e14498f580e6225eb,602044f2c16190c2c6e45eb35c2e21cb,11.97,67.50
19721d59a9764437477eff0730b48665#1,19721d59a9764437477eff0730b48665,fd25ab760bfbba13c198fa3b4f1a0cd3,6d803cb79cc31c41c4c789a75933b3c7,20.26,185.00
197edbaa61a8a349f382553fd2180ee1#1,197edbaa61a8a349f382553fd2180ee1,22a8168cf1f1c6347da8d29863b7f75e,612170e34b97004b3ba37eae81836b4c,9.66,296.50
198373b9140a1b8507f41535aa6344a3#1,198373b9140a1b8507f41535aa6344a3,cfd414b4463647f58c7775eaae06893d,f8db351d8c4c4c22c6835c19a46f01b0,15.44,98.90
19a8ddfef7a411a196509d51ee14b776#1,19a8ddfef7a411a196509d51ee14b776,a060f64556f311d428c3589617d2db14,4c8b8048e33af2bf94f2eb547746a916,15.10,23.10
19e234aee52e37132b0b4fcfb8465f88#1,19e234aee52e37132b0b4fcfb8465f88,53759a2ecddad2bb87a079a1f1519f73,1f50f920176fa81dab994f9023523100,17.26,49.90
19e234aee52e37132b0b4fcfb8465f88#2,19e234aee52e37132b0b4fcfb8465f88,368c6c730842d78016ad823897a372db,1f50f920176fa81dab994f9023523100,17.26,49.90
1a08b06cb8b9b557453b70b83fdc69cb#1,1a08b06cb8b9b557453b70b83fdc69cb,db6796aa712a2626572bb3d0b9a039cf,4a3ca9315b744ce9f8e9374361493884,13.51,69.90
1a17c1925a4d5a18c4880b06b51c2b0f#1,1a17c1925a4d5a18c4880b06b51c2b0f,e8f7d2639ff8caa8b86e5973295898b7,0be8ff43f22e456b4e0371b2245e4d01,15.10,39.90
1a4cc55b483d875e3b8bbd64a1b31bba#1,1a4cc55b483d875e3b8bbd64a1b31bba,6f2d7833b8f0a094571ebddebdc6623a,ea8482cd71df3c1969d7b9473ff13abc,17.06,49.99
1a58f35be1cae85f27119089958d5c7a#1,1a58f35be1cae85f27119089958d5c7a,41fbde40144efcd09db07250981d7b93,5d0363b33554b373851fc1622e4d5f3c,14.29,60.90
1a7ee01992a69255a005e9db8a96d898#1,1a7ee01992a69255a005e9db8a96d898,15f50a93f26d97e9c940e45271e8c177,edf96ef93ed595084bbcbd9224bd2894,35.06,243.00
1a9a9700a3759028691f3af38138e3d8#1,1a9a9700a3759028691f3af38138e3d8,97759b2e2035fcd87986a43119b56c7d,213b25e6f54661939f11710a6fddb871,12.79,37.95
1a9a9700a3759028691f3af38138e3d8#2,1a9a9700a3759028691f3af38138e3d8,97759b2e2035fcd87986a43119b56c7d,213b25e6f54661939f11710a6fddb871,12.79,37.95
1a9f85c859f73034acc85057b4899a8e#1,1a9f85c859f73034acc85057b4899a8e,98ba4d6506268560a9b0a03b6ae02636,6179a28a13a726c29b3bf54c070dccab,61.27,300.00
1abad641fc19ed94a5eefb34fecbfc0d#1,1abad641fc19ed94a5eefb34fecbfc0d,cae79e3b5c787c231543fa415a20b5cc,56642bcb79900e777d68e91915cb4267,15.10,25.00
1abad641fc19ed94a5eefb34fecbfc0d#2,1abad641fc19ed94a5eefb34fecbfc0d,cae79e3b5c787c231543fa415a20b5cc,56642bcb79900e777d68e91915cb4267,15.10,25.00
1ac4c8f4bb93ff8b5f87ff821298a59b#1,1ac4c8f4bb93ff8b5f87ff821298a59b,422879e10f46682990de24d770e7f83d,1f50f920176fa81dab994f9023523100,20.99,49.91
1ac605c3c8e2ee53279c7b0bd52c6aec#1,1ac605c3c8e2ee53279c7b0bd52c6aec,1697727d6c82c23c7149c6c773683d2c,e89c4adbe7b1d0819dbb636e16461cf1,18.02,159.00
1ac975a2e0caad3a89c4c5bbdc8f996a#1,1ac975a2e0caad3a89c4c5bbdc8f996a,4744ba40fb4b128ffc1c6a753711f2f7,7ade73f1b9b4e965f9009a4c3a7e2c15,19.79,85.00
1ae003b46540d604b41cac187e07fbf7#1,1ae003b46540d604b41cac187e07fbf7,ae083e4a334a4210ae0ef7323f1584c5,0df3984f9dfb3d49ac6366acbd3bbb85,22.62,259.90
1aeb7ca35ec250ef46f2f67684461abf#1,1aeb7ca35ec250ef46f2f67684461abf,86133a2151bd98a3ed2ad758709e6d1b,f27e33c6d29b5138fa9967bcd445b6d5,11.73,59.90
1afd8ff2dd513d0b66ac931347fd264d#1,1afd8ff2dd513d0b66ac931347fd264d,383390bacab031887058eccc2e994879,784ba75dd9d20200c4caed3d7a77141a,14.52,10.99
1b00a2b976ff528b7ab895ea9ed58ab7#1,1b00a2b976ff528b7ab895ea9ed58ab7,02fb2d61da1247bf732360ea76b16240,6cd68b3ed6d59aaa9fece558ad360c0a,15.53,109.90
1b00c4d80c81cdbc36487c96c6e92f07#1,1b00c4d80c81cdbc36487c96c6e92f07,b6c3ac7e88727311d75dc5695fb9f18e,2f09f7d37a97956d11cc1a7cadd5262b,17.92,95.00
1b462189eca41fdd61ad58561176b49c#1,1b462189eca41fdd61ad58561176b49c,8ccda06566781fb3616d798bfe2fa783,6d22a1fcebb6dd08c9cd90b92a93e8d0,11.61,34.90
1b462189eca41fdd61ad58561176b49c#2,1b462189eca41fdd61ad58561176b49c,aadff88486740e0b0ebe2be6c09476ae,da8622b14eb17ae2831f4ac5b9dab84a,11.60,29.90
1b5bd1070a7857f30e0856e204f30f25#1,1b5bd1070a7857f30e0856e204f30f25,8551bb37c32cf4ff78125402b9c1942f,e21a1e8be4715b0fcfd5385643bc49c4,16.79,29.90
1b99333d39cf95f48be3864b2e1e88b3#1,1b99333d39cf95f48be3864b2e1e88b3,0ae10ca52e6cb8745e17c11e7c43907c,520b493b57809f446cb0a233bb3e25c7,9.94,39.90
1b9ecfe83cdc259250e1a8aca174f0ad#1,1b9ecfe83cdc259250e1a8aca174f0ad,ad673c1cd02b966e931f9db4fdc34791,9646c3513289980f17226a2fc4720dbd,8.34,25.00
1ba5b9882a75bc185bc0c7fbb909b697#1,1ba5b9882a75bc185bc0c7fbb909b697,0526bcd59b4bbb167f8a4e93d56c0a07,6a8b085f816a1f75f92dbac6eb545f8f,18.24,19.90
1bed42b5193345848c17de4d32e42a5d#1,1bed42b5193345848c17de4d32e42a5d,a5b3765e039c488320f7a082460b1894,4e7c18b98d84e05cbae3ff0ff03846c2,15.10,10.00
1c07c0999a3f88b8c1b95e9a07cf5564#1,1c07c0999a3f88b8c1b95e9a07cf5564,1b363f393faf61f11af873b840645eb9,da8622b14eb17ae2831f4ac5b9dab84a,15.01,99.90
1c2bcfd34cbb64f130a03aeb7c0d6c75#1,1c2bcfd34cbb64f130a03aeb7c0d6c75,d285360f29ac7fd97640bf0baef03de0,2eb70248d66e0e3ef83659f71b244378,16.48,227.90
1c32916fec4ddbdf533e164c2552343f#1,1c32916fec4ddbdf533e164c2552343f,1b0e39ec889889ea1d492603d8512bfb,e26901d5ab434ce92fd9b5c256820a4e,8.72,32.90
1c35ac660d7ef6691b25d20df3d6eccb#1,1c35ac660d7ef6691b25d20df3d6eccb,42a2c92a0979a949ca4ea89ec5c7b934,813348c996469b40f2e028d5429d3495,14.13,59.90
1c54750859f8472306a0b63d74e782ef#1,1c54750859f8472306a0b63d74e782ef,771fdcb0db87731f794a0e723e93b732,f5403d3f50089112c4eed37928b7f622,11.27,93.90
1c57302ee71281562fa44bc88283e3d1#1,1c57302ee71281562fa44bc88283e3d1,ee75970e2871fe4204cf7bcdda61d08a,04fdea0c111866e6cf812f1570d6b5bd,17.92,95.00
1c5998a66da200447c5cbb528969a95a#1,1c5998a66da200447c5cbb528969a95a,44a6e4ecf7b48f87481c243383b1c4cf,4c498c7345e89aebad651544829beca0,14.10,42.90
1c64a95702ee730080852e28d43a73e6#1,1c64a95702ee730080852e28d43a73e6,2d2600c283c0c1af0528fd84c14a2c28,e48b04bf1aa1ef711caebeb7aede6180,23.89,127.90
1c749ca7e27a6aaa93180b80e326d7f8#1,1c749ca7e27a6aaa93180b80e326d7f8,5a848e4ab52fd5445cdc07aab1c40e48,c826c40d7b19f62a09e2d7c5e7295ee2,8.63,122.99
1c7c35deaf3a1639e247ce03babdfded#1,1c7c35deaf3a1639e247ce03babdfded,b2b748240f8b4fd833d2f61ec84d8ce5,562fc2f2c2863ab7e79a9e4388a58a14,12.84,24.99
1c81cddd8cd868c4f95fa77dde1810d7#1,1c81cddd8cd868c4f95fa77dde1810d7,13befae9b3fb34c439cf4744fd18dfa7,d2374cbcbb3ca4ab1086534108cc3ab7,25.63,18.90
1c9f6ba93f9fde712da4fa24ecc30660#1,1c9f6ba93f9fde712da4fa24ecc30660,5c9d7078a9ba9cfd2f39725146e15678,7a67c85e85bb2ce8582c35f2203ad736,23.21,89.99
1cb44c843df038496648b84a904aafa6#1,1cb44c843df038496648b84a904aafa6,8767530c2985b63e4fbb351b1c0f33b0,aafe36600ce604f205b86b5084d3d767,15.18,59.90
1cb6cfd9e6306cfe607017391834999a#1,1cb6cfd9e6306cfe607017391834999a,1c99a6128a79a5fb5a34c1c6b3be9067,7142540dd4c91e2237acb7e911c4eba2,30.47,74.90
1cb6cfd9e6306cfe607017391834999a#2,1cb6cfd9e6306cfe607017391834999a,6f2c108731ef77738da45855e737c1bd,7142540dd4c91e2237acb7e911c4eba2,28.43,74.90
1cbc4deb78977f04e2e3c262a613abc0#1,1cbc4deb78977f04e2e3c262a613abc0,53759a2ecddad2bb87a079a1f1519f73,1f50f920176fa81dab994f9023523100,13.44,49.00
1cbc5d1981e34d5c950e9418aa02217d#1,1cbc5d1981e34d5c950e9418aa02217d,aca2eb7d00ea1a7b8ebd4e68314663af,955fee9216a65b617aa5c0531780ce60,20.98,69.90
1cbc5d1981e34d5c950e9418aa02217d#2,1cbc5d1981e34d5c950e9418aa02217d,aca2eb7d00ea1a7b8ebd4e68314663af,955fee9216a65b617aa5c0531780ce60,20.98,69.90
1cbcc355e275e5143ab1dbf260ca14f1#1,1cbcc355e275e5143ab1dbf260ca14f1,222efa72a47277d611b8b38d71149afd,cd06602b43d8800bd0afad514919d35c,8.72,6.00
1cd4fb5e05e05b44a8a827fd5187095c#1,1cd4fb5e05e05b44a8a827fd5187095c,24c66f106f642621e524291a895c9032,620c87c171fb2a6dd6e8bb4dec959fc6,18.58,189.90
1cf0fc2c07de89a211f8dcf9ff5af15b#1,1cf0fc2c07de89a211f8dcf9ff5af15b,701ff123e9085dcc9c2f833efded6374,ff1fb4c404b2efe68b03350a8dc24122,20.94,395.00
1cfd2c6aa7a28ece5d2b6761de6a571f#1,1cfd2c6aa7a28ece5d2b6761de6a571f,e0884eed28311e4365d93a89ac57eafb,7040e82f899a04d1b434b795a43b4617,16.79,19.90
1d067305b599c1e0dceb3864056ea527#1,1d067305b599c1e0dceb3864056ea527,2a2d22ae30e026f1893083c8405ca522,1a3df491d1c4f1589fc2b934ada68bf2,21.53,148.90
1d0acbd3a21cb00b1cede4db748fa0b1#1,1d0acbd3a21cb00b1cede4db748fa0b1,6ae3f85f46a37844372252496c77b4d8,53243585a1d6dc2643021fd1853d8905,35.06,180.00
1d1c9ba4b3111c36066400813fd93e65#1,1d1c9ba4b3111c36066400813fd93e65,497aaad8194759cfad63465c1b810286,7aa538dd6e114e503a2e6154ea352253,26.52,379.99
1d251ab94983c4adb11e4b168abb1439#1,1d251ab94983c4adb11e4b168abb1439,fb92dc4602bd9224e0e267496748afc5,8ae520247981aa06bc94abddf5f46d34,19.41,219.00
1d46e93ded8b3ff059abe41e14754362#1,1d46e93ded8b3ff059abe41e14754362,7d50930301709838d8e90dcac5cfaa84,9616352088dcf83a7c06637f4ebf1c80,16.18,59.90
1d46e93ded8b3ff059abe41e14754362#2,1d46e93ded8b3ff059abe41e14754362,7d50930301709838d8e90dcac5cfaa84,9616352088dcf83a7c06637f4ebf1c80,16.18,59.90
1d52ba7197c7acebbb4f826f6585536f#1,1d52ba7197c7acebbb4f826f6585536f,4c35791f944cf1550e8ae288b3f9e258,79ee721b6f766066a80264402548d359,17.09,269.00
1d54db601b417ccdfd3b7071955e6cc7#1,1d54db601b417ccdfd3b7071955e6cc7,6e729bd456c54469a9af4c8774f1eab7,039e6ad9dae79614493083e241147386,104.72,3105.00
1d554a2374156f36bdb7e0e6dbcad2d0#1,1d554a2374156f36bdb7e0e6dbcad2d0,37c0cfb5f2381b6130c1ddaa5df146ae,7299e27ed73d2ad986de7f7c77d919fa,24.55,250.00
1d5b194c01e762aa59a47ae8dca7199f#1,1d5b194c01e762aa59a47ae8dca7199f,c6ea63369936552872ae890c82175b4b,37be5a7c751166fbc5f8ccba4119e043,15.14,219.99
1d6a2a632c284f1c4fd53baf9e705693#1,1d6a2a632c284f1c4fd53baf9e705693,7a2f315c0441e5d437270cdfcb089c43,23613d49c3ac2bd302259e55c06c050c,155.39,99.90
1d767ef13195f2cb3337b6b077e1f752#1,1d767ef13195f2cb3337b6b077e1f752,995132c3d9a4d244fdc9fb4b3d5c8e82,725c32fa80c2faacc4fc88450d27314e,17.17,139.99
1d85312d372335db21f7f178c2325c6c#1,1d85312d372335db21f7f178c2325c6c,570509b6d981370031c1f839592a1be0,e256a62e0ac58c0edfba09966142d561,25.80,133.00
1da00355018ed3e0fdd548cf3ddada99#1,1da00355018ed3e0fdd548cf3ddada99,59c1840441f4df065f52760bf51a8442,cab85505710c7cb9b720bceb52b01cee,15.20,64.90
1dab6cb14267214f76fe292d1a79014c#1,1dab6cb14267214f76fe292d1a79014c,b061d19bedb7cb3af1ae9d6fb52b5712,5bc24d989e71e93c33e50a7782431b0e,41.82,249.90
1df82016cb6fab694280ee06f74c65ae#1,1df82016cb6fab694280ee06f74c65ae,53b36df67ebb7c41585e8d54d6772e08,4869f7a5dfa277a7dca6462dcf3b52b2,12.44,134.90
1e01369b33244af82c1b44d7359da3dc#1,1e01369b33244af82c1b44d7359da3dc,39af1cd37608a2db10b81fd2350ce047,340636a908b13bbe0f4fb63fbe1d0c03,8.21,122.90
1e1fb779dc3ea5b2ece7892f4b1824cc#1,1e1fb779dc3ea5b2ece7892f4b1824cc,c3ba4e8d3cb30049213b682e751e9d00,6560211a19b47992c3666cc44a7e94c0,7.92,95.00
1e2566907e0655a3549bdcb88b0291f1#1,1e2566907e0655a3549bdcb88b0291f1,0bdd9a52d192d64770e33ae559512478,6560211a19b47992c3666cc44a7e94c0,7.78,55.00
1e51b2b229678b37addbfeb359d0e3ab#1,1e51b2b229678b37addbfeb359d0e3ab,e729528d0513c6dfec158a515a47187b,955fee9216a65b617aa5c0531780ce60,35.65,50.00
1e51b2b229678b37addbfeb359d0e3ab#2,1e51b2b229678b37addbfeb359d0e3ab,e729528d0513c6dfec158a515a47187b,955fee9216a65b617aa5c0531780ce60,35.65,50.00
1e648b21368a3ed91634edf2b262d33c#1,1e648b21368a3ed91634edf2b262d33c,c5fb785eb88d9246c4a9b3e7d47632b5,bd0389da23d89b726abf911cccc54596,15.22,66.90
1e6c83f252357f4c9ae0df874887ef7e#1,1e6c83f252357f4c9ae0df874887ef7e,70358ca9f95694a2b9e41eed6edbd7b3,85d9eb9ddc5d00ca9336a2219c97bb13,10.96,19.70
1e73093ee708ed2b782f359056925208#1,1e73093ee708ed2b782f359056925208,d2bea3c01e172037caa99b2d138f39d0,9674754b5a0cb32b638cec001178f799,16.92,18.90
1e7aff52cdbb2451ace09d0f848c3699#1,1e7aff52cdbb2451ace09d0f848c3699,8c591ab0ca519558779df02023177f44,a1043bafd471dff536d0c462352beb48,34.20,119.99
1e8c81805b92ff169971231458670460#1,1e8c81805b92ff169971231458670460,04d70d184a7c12c93cecd9c0d8b5ad69,c70c1b0d8ca86052f45a432a38b73958,18.65,110.32
1e8c81805b92ff169971231458670460#2,1e8c81805b92ff169971231458670460,04d70d184a7c12c93cecd9c0d8b5ad69,c70c1b0d8ca86052f45a432a38b73958,18.65,110.32
1e90a410c4be85320d64e5a0cbed9291#1,1e90a410c4be85320d64e5a0cbed9291,c781fcf450227132b560b10bbd2ed26b,827f8f69dfa529c561901c4f2e0f332f,14.10,29.90
1e9ea7d5f669d780b187f487a03c3f7b#1,1e9ea7d5f669d780b187f487a03c3f7b,88dd63919fc9ab693803578a04a20209,7ddcbb64b5bc1ef36ca8c151f6ec77df,8.72,37.99
1ed9fe02b5d745a3397a33415ecd5577#1,1ed9fe02b5d745a3397a33415ecd5577,afdcebff326be8196c01b6ac2758fce1,1b45169b635ef59425637e9a33eb5fb3,12.48,16.50
1ee14212cb207ed5474b41f501133c11#1,1ee14212cb207ed5474b41f501133c11,4aaa2ddc43f64a2db232b71fc4639064,6039e27294dc75811c0d8a39069f52c0,30.85,149.90
1eeaec28c1a699b3b423fba26109e197#1,1eeaec28c1a699b3b423fba26109e197,5a848e4ab52fd5445cdc07aab1c40e48,c826c40d7b19f62a09e2d7c5e7295ee2,27.92,122.99
1eef4e610c84e24e3ea7039a14693e90#1,1eef4e610c84e24e3ea7039a14693e90,c94d19d021d4a8fbae5a45f904aeea90,701938c450705b8ae65fc923b70f35c7,45.26,114.97
1ef47fb13ee9044b5e5aa3bd388755de#1,1ef47fb13ee9044b5e5aa3bd388755de,d63c71088e06ea00d66dc357cda91a30,4a3ca9315b744ce9f8e9374361493884,18.72,119.90
1f02df2b80d060dfde8445dcb32f347e#1,1f02df2b80d060dfde8445dcb32f347e,8f68521812e9648cf8129a3a6daaab0f,f181738b150df1f37cb0bd72e705b193,33.66,169.00
1f079793c7cf0447834c7f3fff027802#1,1f079793c7cf0447834c7f3fff027802,d678178aa4291cd25a755a90188375c8,1025f0e2d44d7041d6cf58b6550e0bfa,9.00,35.00
1f0ece120cc036379fc3b3bf6f930947#1,1f0ece120cc036379fc3b3bf6f930947,f17919cd5c50df5ea6b11d9665a0eb2f,218d46b86c1881d022bce9c68a7d4b15,24.59,287.00
1f0ece120cc036379fc3b3bf6f930947#2,1f0ece120cc036379fc3b3bf6f930947,f17919cd5c50df5ea6b11d9665a0eb2f,218d46b86c1881d022bce9c68a7d4b15,24.59,287.00
1f0fb6f94c105ba0047b56143a01c3a9#1,1f0fb6f94c105ba0047b56143a01c3a9,4cac1a12a6fe9ffba4a9556dbe582e28,7ddcbb64b5bc1ef36ca8c151f6ec77df,11.85,25.99
1f3fcd02b6ab99b6b499dcd412076175#1,1f3fcd02b6ab99b6b499dcd412076175,85095e161b46d68305c1293b02c27d23,70a12e78e608ac31179aea7f8422044b,9.76,145.00
1f6405caa14a2debb88594b0471ed340#1,1f6405caa14a2debb88594b0471ed340,c81ae6207142d6d844dfe928e7e51b04,c87abc38c8ed3240861729e1aeadf221,15.68,133.00
1f69e4870ffb8313df2fef3df0af2718#1,1f69e4870ffb8313df2fef3df0af2718,b5f0fcccccb9b8be8914e92fd322804f,ceaec5548eefc6e23e6607c5435102e7,35.83,380.00
1f7ef4e37ca10d4ed60f43c7cf81e181#1,1f7ef4e37ca10d4ed60f43c7cf81e181,c211ff3068fcd2f8898192976d8b3a32,da8622b14eb17ae2831f4ac5b9dab84a,15.10,24.90
1f7ff21f05c5258ab082ee51e8b2872e#1,1f7ff21f05c5258ab082ee51e8b2872e,2a46d3a8cb337e4c4b5db2d6df599cea,c003204e1ab016dfa150abc119207b24,42.00,109.90
1fb143495c17f9d09e20b8016a8e5430#1,1fb143495c17f9d09e20b8016a8e5430,6f5a84d79bc9f79ecd9095e91fc47a2d,2a7dc43cecabf23403078e2188437d1d,199.90,199.90
1fc4c658ba7a1f8edf3492ce534944ee#1,1fc4c658ba7a1f8edf3492ce534944ee,e070a61270050c4b1b704300f331cca6,66922902710d126a0e7d26b0e3805106,16.18,60.00
1fce119897499a117beb9f48ac6cff5c#1,1fce119897499a117beb9f48ac6cff5c,cf6020146772dc8cdcd583c1651170a1,3d871de0142ce09b7081e2b9d1733cb1,13.57,79.00
1fd1b3c4396fe3d19067623fca845f03#1,1fd1b3c4396fe3d19067623fca845f03,a68149d568e07ca72477faf0b10906e1,c510bc1718f0f2961eaa42a23330681a,9.28,299.00
1fde32a510f950891c57d6e69c9071bd#1,1fde32a510f950891c57d6e69c9071bd,3b93aea7e918a4211066e42f03b68fb5,8fb67a334bacec338885b4e9e1708073,38.52,59.90
1fe0c983b306f5e920e23d8a461c8451#1,1fe0c983b306f5e920e23d8a461c8451,cb6c1c21ebc9c153a7baf319c515657a,85d9eb9ddc5d00ca9336a2219c97bb13,15.79,31.90
1fe7be398f57b2c40691376b673de1bb#1,1fe7be398f57b2c40691376b673de1bb,869c418f22e0c0ed9207ff691f279e46,e63e8bfa530fb16910dd6956e592bb81,17.63,32.90
1ff18ac87c2bd43b4a902ef5736193ae#1,1ff18ac87c2bd43b4a902ef5736193ae,a0a6ba377d74146f38d2de3fca3817ae,53e4c6e0f4312d4d2107a8c9cddf45cd,18.82,92.40
1ffe6486cbf2a0f96d34ee9945f5ed04#1,1ffe6486cbf2a0f96d34ee9945f5ed04,9d6580f17a0cba74324ce82874fbbe13,4e922959ae960d389249c378d1c939f5,21.50,145.00
2011a926846f9fa10088488fca493f95#1,2011a926846f9fa10088488fca493f95,1317921ea764ef06f7aa21094c7e7759,7b07b3c7487f0ea825fc6df75abd658b,16.79,19.90
201e6171af7d4a477721fde96efcd3a6#1,201e6171af7d4a477721fde96efcd3a6,99a4788cb24856965c36a24e339b6058,4a3ca9315b744ce9f8e9374361493884,13.65,89.90
20246bd1767d916d618e27b8e4fcb8fd#1,20246bd1767d916d618e27b8e4fcb8fd,cb6d69daafeddab34122e1de88e1274c,8e6cc767478edae941d9bd9eb778d77a,13.37,26.90
203096f03d82e0dffbc41ebc2e2bcfb7#1,203096f03d82e0dffbc41ebc2e2bcfb7,5ac9d9e379c606e36a8094a6046f75dc,633ecdf879b94b5337cca303328e4a25,8.96,109.90
2033a4586b5bec3229ebc1675a8ae092#1,2033a4586b5bec3229ebc1675a8ae092,dd1247b741df1771259ee7beb0e4b8fc,6560211a19b47992c3666cc44a7e94c0,15.35,35.00
2042abeefae68e63a8aa30edd4b0eb48#1,2042abeefae68e63a8aa30edd4b0eb48,fc1d8637c0268af3db482c14b7ef8e75,da8622b14eb17ae2831f4ac5b9dab84a,12.14,149.90
2050ad559df86365b2d2a824640af4a1#1,2050ad559df86365b2d2a824640af4a1,edf219cab1d0e435e3e499287dca9a03,c8660dcf9ba70575f45d80fe28c27713,14.52,45.00
2050ad559df86365b2d2a824640af4a1#2,2050ad559df86365b2d2a824640af4a1,edf219cab1d0e435e3e499287dca9a03,c8660dcf9ba70575f45d80fe28c27713,14.52,45.00
2050ad559df86365b2d2a824640af4a1#3,2050ad559df86365b2d2a824640af4a1,edf219cab1d0e435e3e499287dca9a03,c8660dcf9ba70575f45d80fe28c27713,14.52,45.00
2050ad559df86365b2d2a824640af4a1#4,2050ad559df86365b2d2a824640af4a1,edf219cab1d0e435e3e499287dca9a03,c8660dcf9ba70575f45d80fe28c27713,14.52,45.00
208f107af74f48f12d680a404d4424cd#1,208f107af74f48f12d680a404d4424cd,99ba5fbf3ae895fe3a9289acd0a5eb91,562fc2f2c2863ab7e79a9e4388a58a14,7.39,39.99
20a6605d8265ca357d15eaf4f6710f63#1,20a6605d8265ca357d15eaf4f6710f63,e6b6e13cf71449a457269f425b89dc74,b2ba3715d723d245138f291a6fe42594,15.38,89.90
20be6d24b0a84a4e329e5973d524f20f#1,20be6d24b0a84a4e329e5973d524f20f,154e7e31ebfa092203795c972e5804a6,cc419e0650a3c5ba77189a1882b7556a,34.15,19.99
20be6d24b0a84a4e329e5973d524f20f#2,20be6d24b0a84a4e329e5973d524f20f,154e7e31ebfa092203795c972e5804a6,cc419e0650a3c5ba77189a1882b7556a,34.15,19.99
20e0101b20700188cadb288126949685#1,20e0101b20700188cadb288126949685,64d0feb1bcf9c7fe7b5dad3271c10910,e5a38146df062edaf55c38afa99e42dc,16.38,89.18
20e223f06b4ead7a6d8ed147dae59b12#1,20e223f06b4ead7a6d8ed147dae59b12,f72b34a6b92429e02fd213923b3889fe,09883d9ab71c8fe8a9bfc7fc3075b07e,15.18,59.90
20febe29f23cdee32db9532860db7341#1,20febe29f23cdee32db9532860db7341,f105318b219b352b992001c976c847b1,7b07b3c7487f0ea825fc6df75abd658b,16.21,158.00
21094f6fd8017c8b7339040142abea71#1,21094f6fd8017c8b7339040142abea71,0a5ae82bab180da12f59a70b21605f92,612170e34b97004b3ba37eae81836b4c,16.64,63.99
210d1686d116f7589a06e12974814bba#1,210d1686d116f7589a06e12974814bba,a92930c327948861c015c919a0bcb4a8,6560211a19b47992c3666cc44a7e94c0,7.80,78.00
210e60465099814a1d2c7635e4065153#1,210e60465099814a1d2c7635e4065153,b69eb25e3a4def8e9cddee18712e0c5e,8ed8ea9a57c862f2c18c2fe41f601d56,32.79,199.00
2132578dc3560ff41c32c417821faead#1,2132578dc3560ff41c32c417821faead,4178e16324fd0c9a8e18463caf390cc6,ceaec5548eefc6e23e6607c5435102e7,16.79,269.00
214a42323dd7ec45504d319315a1386b#1,214a42323dd7ec45504d319315a1386b,79b34bfd104ba0110090a32b86572944,3968920b9aa752ab98f7d5888c9252f2,11.51,72.00
214a42323dd7ec45504d319315a1386b#2,214a42323dd7ec45504d319315a1386b,fc8595227785863846b7daa2ae3f2c9b,db2956745b3a8e9f3785c99f34b5d25e,11.52,125.00
215235517f0e156724a0ac20bc1076a5#1,215235517f0e156724a0ac20bc1076a5,9ce6c37f9df63de67692c3f7d4d209f1,391fc6631aebcf3004804e51b40bcf1e,12.23,119.90
216bc8ebe70b73bb6e7e3270d9a5df56#1,216bc8ebe70b73bb6e7e3270d9a5df56,7c1bd920dbdf22470b68bde975dd3ccf,cc419e0650a3c5ba77189a1882b7556a,11.73,58.99
217fa08ee792f84b2a3b3a84ee263b0e#1,217fa08ee792f84b2a3b3a84ee263b0e,4a300735bc293723103db0d0c1bc1585,6f892e20a171e98efe17fdb971ff319b,15.94,70.90
21838957166e38f71ea42879c0a5c3db#1,21838957166e38f71ea42879c0a5c3db,3ab181ea2f9cc4be74bad27ef8a03492,4a3ca9315b744ce9f8e9374361493884,18.53,259.90
2188019060b6276ae9fc889917f6d5cb#1,2188019060b6276ae9fc889917f6d5cb,09c2dde20d43a2b79ec17fa25a5ad6b6,718539d38d07dd351c76db862760e2e2,21.15,32.64
21ad66a2631bea1c9b697b500c20f1c1#1,21ad66a2631bea1c9b697b500c20f1c1,3498d7bf6679faec5a2e7d2b2e45443a,d9a84e1403de8da0c3aa531d6d108ba6,7.39,12.90
21b47da23dc2187f6da58dfd7698faa8#1,21b47da23dc2187f6da58dfd7698faa8,18e2f2853af64a5c039fb829e8609da1,fa1c13f2614d7b5c4749cbc52fecda94,8.34,154.90
21c71f62d2554e1ad6c8ba9dc7af2c62#1,21c71f62d2554e1ad6c8ba9dc7af2c62,43423cdffde7fda63d0414ed38c11a73,b1fc4f64df5a0e8b6913ab38803c57a9,14.17,59.99
21ee832eff624a82225c6e98cd2dcf7f#1,21ee832eff624a82225c6e98cd2dcf7f,c900bb01100f7e72011f57af81326b90,d91fb3b7d041e83b64a00a3edfb37e4f,7.99,35.70
21f1cdf47b2ebf6d58a4e07191ac5a98#1,21f1cdf47b2ebf6d58a4e07191ac5a98,67bd616e1ba0d3d3e8545f3113b0140d,e9779976487b77c6d4ac45f75ec7afe9,18.23,14.49
21f4a37ec131158f1615d0f186f190af#1,21f4a37ec131158f1615d0f186f190af,78119fbfa709d07b86f5ccf15043c6d6,b33e7c55446eabf8fe1a42d037ac7d6d,12.90,199.98
21fc1ff2a7ed8b2ec6ff62ac18d7a1b7#1,21fc1ff2a7ed8b2ec6ff62ac18d7a1b7,9c3225fb1d3bb4943cf7be6afa4b4246,0dd184061fb0eaa7ca37932c68ab91c5,16.64,55.00
21fdf6a269bd4c5befb28302d4d00803#1,21fdf6a269bd4c5befb28302d4d00803,e7c8819338fc9a87e81ea2d90898f612,eeb6de78f79159600292e314a77cbd18,26.01,449.00
223b2b4c06ffe3ced7307cad0ebd5e44#1,223b2b4c06ffe3ced7307cad0ebd5e44,6c8e5644615f97690580b1b06650f56d,f84a00e60c73a49e7e851c9bdca3a5bb,20.36,159.99
2251c2ae48921e06fee59a7779d9bd47#1,2251c2ae48921e06fee59a7779d9bd47,62f68be290c2e9c8403e306bd023041c,e5a3438891c0bfdb9394643f95273d8e,8.27,35.70
226dbf042352f0f381239e29ddcb301e#1,226dbf042352f0f381239e29ddcb301e,05d0558798a718f6f4658acd8b0e65e1,17908cf9b444ee34047cadd5c0f4a516,47.25,115.00
2275c86505ffbdf6aa88cd91bfeeae33#1,2275c86505ffbdf6aa88cd91bfeeae33,24d1e0447bc0f9b43af49837d0a4efd8,98dac6635aee4995d501a3972e047414,17.60,27.19
228dba745fdc79fe3b74e70f3e8f67db#1,228dba745fdc79fe3b74e70f3e8f67db,e478d0bd1efbc9329837d30c174bb850,cca3071e3e9bb7d12640c9fbe2301306,11.85,29.90
22bd668810988f93e2c335459e72a312#1,22bd668810988f93e2c335459e72a312,2629c2e1e3a0b360912763741f1bb7ef,0bf0150d5b9d60d9cd2906003332f085,11.73,64.90
22c8ac26992112755df2e1542f2d1cfd#1,22c8ac26992112755df2e1542f2d1cfd,f2d649f157cebee085ed738f23d5d6b7,d673a59aac7a70d8b01e6902bf090a11,12.79,29.99
22d17396ac4c177e0ea83929cd4f845d#1,22d17396ac4c177e0ea83929cd4f845d,83b00325c13c44245b2c3a2befa62a0e,ad781527c93d00d89a11eecd9dcad7c1,57.79,159.99
22f1399a4c5b23e40453c44942c04100#1,22f1399a4c5b23e40453c44942c04100,0becf258ac9a4ab1b6b3da6f0ad205fd,1900267e848ceeba8fa32d80c1a5f5a8,11.93,61.49
22ff7c206b68858435452298296c2fcb#1,22ff7c206b68858435452298296c2fcb,da1cfaaffa7720fe28f26f18d52f5ad9,0ea22c1cfbdc755f86b9b54b39c16043,10.96,39.90
2301a0f5629f3d66f880849265f50515#1,2301a0f5629f3d66f880849265f50515,5115d8cd6438c0c4d8abdf38d5d41ebd,6560211a19b47992c3666cc44a7e94c0,15.23,69.00
231f58de0228723d0b6d6b562d352d90#1,231f58de0228723d0b6d6b562d352d90,4fb5aa1b9628ff1b6e79b07001874abd,8f2ce03f928b567e3d56181ae20ae952,26.78,99.90
232b75e8b6faa6ca2063184414e634a7#1,232b75e8b6faa6ca2063184414e634a7,952670bc019a73f0933157ec82ff6e4f,37be5a7c751166fbc5f8ccba4119e043,21.95,159.00
232efaeba12fd576e70a88f09d6583b6#1,232efaeba12fd576e70a88f09d6583b6,35afc973633aaeb6b877ff57b2793310,4a3ca9315b744ce9f8e9374361493884,23.35,77.90
23427a6bd9f8fd1b51f1b1e5cc186ab8#1,23427a6bd9f8fd1b51f1b1e5cc186ab8,5cb96c51c55f57503465e4d2558dc053,db4350fd57ae30082dec7acbaacc17f9,7.39,45.99
234c056c50619f48da64f731c48242b4#1,234c056c50619f48da64f731c48242b4,0bbb557651f08b3c732d9836de4d0bc3,cac4c8e7b1ca6252d8f20b2fc1a2e4af,15.72,59.99
236000cc7c90d723a7db9afa31f73e72#1,236000cc7c90d723a7db9afa31f73e72,ec5b5cce0b8464a1c618325f35c779dc,77530e9772f57a62c906e1c21538ab82,18.08,119.00
23799ee0d85541263f0637d4b86d5e5b#1,23799ee0d85541263f0637d4b86d5e5b,88c09dd121ebe0b119a759773d405cc4,79565f7d5603b24ddf07ade262547f2f,10.96,39.00
237f9d2cdf1d87f8b252ad4e11bb42a7#1,237f9d2cdf1d87f8b252ad4e11bb42a7,a91c1a94d83d36316c44e00e738607b1,634964b17796e64304cadf1ad3050fb7,21.43,90.00
2380ca3ffd1097862f0f1f9b8f7c566f#1,2380ca3ffd1097862f0f1f9b8f7c566f,cd2ea14a901da3b47b33516f3ca6929e,6aa3928696eab49a19a466e665a649fd,22.19,69.00
239f380355f65dcb68551f07d16fc4a8#1,239f380355f65dcb68551f07d16fc4a8,fbce4c4cb307679d89a3bf3d3bb353b9,c33847515fa6305ce6feb1e818569f13,73.63,149.00
23af56e201b15091e86aebe6bde84b2b#1,23af56e201b15091e86aebe6bde84b2b,fd15dec337d57a332d25ec667eb5e859,86ccac0b835037332a596a33b6949ee1,20.13,127.49
23b0f3febe2a61dfb83ff0ede848d53e#1,23b0f3febe2a61dfb83ff0ede848d53e,fb6782985a98aa8a59238f58239f6f1e,955fee9216a65b617aa5c0531780ce60,21.64,79.99
23c4889b86a761e3cc76cecad70bff4f#1,23c4889b86a761e3cc76cecad70bff4f,f1da618218e0af87b633532b561f5e6d,4d6d651bd7684af3fffabd5f08d12e5a,13.55,159.00
23f1f636dd6189253847462e5ea2e797#1,23f1f636dd6189253847462e5ea2e797,fc2351bcf24c714e5d21b44ad41198b7,855668e0971d4dfd7bef1b6a4133b41b,13.38,52.00
23f553848a03aaab35bb3f9f87725125#1,23f553848a03aaab35bb3f9f87725125,cac9e5692471a0700418aa3400b9b2b1,36890be00bbfc1cdb9a4a38a6af05a69,18.57,99.20
24012690fe6562f4a154875f2f64ed93#1,24012690fe6562f4a154875f2f64ed93,4fe644d766c7566dbc46fb851363cb3b,c31eff8334d6b3047ed34bebd4d62c36,14.30,129.99
240191f09afa5eb7356ceaeeb8c153ca#1,240191f09afa5eb7356ceaeeb8c153ca,40c9f84a8919516ca9b0d6a9f5ad27f4,20d83f3ef0e6925fd74bfd59170babf7,18.30,59.90
241a57ba96decfbe134f5c84f585f57f#1,241a57ba96decfbe134f5c84f585f57f,2944c269bc95271a46f4c63f07149b0a,432c37c9dfba871172ec162e20118b8c,15.79,31.00
245d1537baa4ed68d968e3c0f2ca5d16#1,245d1537baa4ed68d968e3c0f2ca5d16,fe8f341b1e20d2b1135245c3400a6e53,cee48807215b30a12ca2ca10ffb5f250,21.89,199.90
2468e620a816b687f5dc6878e7d847ce#1,2468e620a816b687f5dc6878e7d847ce,7e6850f360e60da72b7d3b1b37f42312,4324dd16853115efb0fd9d0d131ba6f4,12.89,79.00
246c8cf4ca9e3c50e4a172a4ba462a11#1,246c8cf4ca9e3c50e4a172a4ba462a11,a8b89693eabf7221621a71285e07f486,41b39e28db005d9731d9d485a83b4c38,25.21,94.90
246c8cf4ca9e3c50e4a172a4ba462a11#2,246c8cf4ca9e3c50e4a172a4ba462a11,a8b89693eabf7221621a71285e07f486,41b39e28db005d9731d9d485a83b4c38,25.21,94.90
246d4a086a57d88a0e438c83cb44b94e#1,246d4a086a57d88a0e438c83cb44b94e,837b5c6df9ceb8a9c604e78fde0e60a2,85d9eb9ddc5d00ca9336a2219c97bb13,22.85,27.90
2474e13d0d388a471b50fd455057300c#1,2474e13d0d388a471b50fd455057300c,ce0a7865b299f784a6ca12dac0ec8649,e96498ed8daaa3e9c23f7a62da76591c,15.73,89.99
2478ddd1d1395639b71cf0d498d8dbf6#1,2478ddd1d1395639b71cf0d498d8dbf6,6bd755fb81238df1567677fb15b2daaf,4e17c65a516f69d023a2ae78b84f28d6,11.85,30.00
24791bba1a08147c3b660bb80d0de8d3#1,24791bba1a08147c3b660bb80d0de8d3,59fe488ea6ac9439bc86663f4a564c23,ef506c96320abeedfb894c34db06f478,15.10,17.00
247d5afd3ec08a69d7ae743a6fcae022#1,247d5afd3ec08a69d7ae743a6fcae022,75d6b6963340c6063f7f4cfcccfe6a30,cc419e0650a3c5ba77189a1882b7556a,8.29,54.99
24843df655e56c3713485a7880677287#1,24843df655e56c3713485a7880677287,a02d0123079f4ae96001ba2010d1a2df,1025f0e2d44d7041d6cf58b6550e0bfa,81.20,250.00
248ff7b41bfa395f5ee828720889e664#1,248ff7b41bfa395f5ee828720889e664,abaf51d7a67cc363c8da7ae77d15ecdb,23ff42c4bf1f8f16cddb19d8b972974a,16.79,24.90
24abde75980ca7fd4234cc23e098c2ee#1,24abde75980ca7fd4234cc23e098c2ee,71191d3e8768745afc1c290c63f6241e,562fc2f2c2863ab7e79a9e4388a58a14,15.23,29.99
24ac51b02d01abde547c474a994d2aa4#1,24ac51b02d01abde547c474a994d2aa4,ab1106e227a745836a0dc83b374e2575,cbd996ad3c1b7dc71fd0e5f5df9087e2,12.82,22.60
24c0b5c7e8f51f85f1bcdbe4cd0f81ac#1,24c0b5c7e8f51f85f1bcdbe4cd0f81ac,53b36df67ebb7c41585e8d54d6772e08,7d13fca15225358621be4086e1eb0964,0.00,99.90
24c2ea18beb03e17972ed33b519950c1#1,24c2ea18beb03e17972ed33b519950c1,8a12c0e223d9dbd49ccfcd2ad25d1b30,b839e41795b7f3ad94cc2014a52f6796,25.13,1890.00
24eaa9941af703f34c309aff1a56aa5e#1,24eaa9941af703f34c309aff1a56aa5e,c6336fa91fbd87c359e44f5dca5a90ed,4c2b230173bb36f9b240f2b8ac11786e,8.72,45.90
250fc7597b92f3bb967c2c0a6bd70e1b#1,250fc7597b92f3bb967c2c0a6bd70e1b,995e25d9b46dee183004994645768d95,955fee9216a65b617aa5c0531780ce60,8.72,60.00
251290bd4ffaeb9e5e29158f3ea21c93#1,251290bd4ffaeb9e5e29158f3ea21c93,f9f8bd8b40b145240563d5e05ac4c75d,70c27847eca8195c983ed7e798c56743,19.04,43.00
252a85fbb824c236e3b232f556edfc68#1,252a85fbb824c236e3b232f556edfc68,0dce093fc7ec4dec214256df878e3c08,6560211a19b47992c3666cc44a7e94c0,14.76,145.00
25461ae3c4bf9bf6e41a3a163f763c8f#1,25461ae3c4bf9bf6e41a3a163f763c8f,eeb185c268c344e2308a3eca19154cee,7ff588a03c2aeae4fbd23f9ae64b760d,7.66,56.54
256ccc96b2c931006d95ba7a05181037#1,256ccc96b2c931006d95ba7a05181037,a04087ab6a96ffa041f8a2701a72b616,53243585a1d6dc2643021fd1853d8905,32.97,670.00
2573400a7beba401684ca3eca5e38936#1,2573400a7beba401684ca3eca5e38936,55ebae49cf4c0963d5738a39e1e79750,2be17df1c49978426251562096c3cc09,15.14,139.00
257699bfe87de4eac234324e88db828a#1,257699bfe87de4eac234324e88db828a,ceb25e5f3be12c14a1c69bd9e9e0f67f,7299e27ed73d2ad986de7f7c77d919fa,22.27,79.99
257a853e3afe9bee83a67f4798e6db79#1,257a853e3afe9bee83a67f4798e6db79,4ef061c259138e88ac20204e453f201c,4c18691b6037662be2df78a765d98ab5,19.32,45.00
257a853e3afe9bee83a67f4798e6db79#2,257a853e3afe9bee83a67f4798e6db79,4ef061c259138e88ac20204e453f201c,4c18691b6037662be2df78a765d98ab5,19.32,45.00
257d1faedcbe9d328080c6ec04c8f819#1,257d1faedcbe9d328080c6ec04c8f819,98e91d0f32954dcd8505875bb2b42cdb,01cf7e3d21494c41fb86034f2e714fa1,15.63,59.90
2582e280d624a46c545db9c09f6cd424#1,2582e280d624a46c545db9c09f6cd424,550dc4417c636abc04c71404342de695,e9bc59e7b60fc3063eb2290deda4cced,44.89,149.00
2582e280d624a46c545db9c09f6cd424#2,2582e280d624a46c545db9c09f6cd424,550dc4417c636abc04c71404342de695,e9bc59e7b60fc3063eb2290deda4cced,44.89,149.00
258f2e5dd769d9314b349f5650005dcc#1,258f2e5dd769d9314b349f5650005dcc,5994a2fdff4b0f9ca4376c4226adb442,33a17d60c64393351ebf1ef860f4e0f2,35.43,129.97
25aefb052a481cf1f4aaede6fb1abecb#1,25aefb052a481cf1f4aaede6fb1abecb,99a4788cb24856965c36a24e339b6058,4a3ca9315b744ce9f8e9374361493884,12.13,89.90
25b6b32773813a83fe535d412fa6e805#1,25b6b32773813a83fe535d412fa6e805,9a2e821cfc513051382e27606ab3325c,3d871de0142ce09b7081e2b9d1733cb1,28.95,79.00
25bd2ad9d282f59e4e6a048ef9bf214f#1,25bd2ad9d282f59e4e6a048ef9bf214f,368c6c730842d78016ad823897a372db,1f50f920176fa81dab994f9023523100,42.44,53.90
25bd2ad9d282f59e4e6a048ef9bf214f#2,25bd2ad9d282f59e4e6a048ef9bf214f,368c6c730842d78016ad823897a372db,1f50f920176fa81dab994f9023523100,42.44,53.90
25bd2ad9d282f59e4e6a048ef9bf214f#3,25bd2ad9d282f59e4e6a048ef9bf214f,368c6c730842d78016ad823897a372db,1f50f920176fa81dab994f9023523100,42.44,53.90
25d47ee9a060a0359e8a10a858fc39a1#1,25d47ee9a060a0359e8a10a858fc39a1,165f86fe8b799a708a20ee4ba125c289,7ddcbb64b5bc1ef36ca8c151f6ec77df,23.49,166.99
25dbad31db4b9059dd02d72929578d1c#1,25dbad31db4b9059dd02d72929578d1c,44be579342e8ba8bbe3d0448d126afea,4992e76a42cb3aad7a7047e0d3d7e729,8.72,24.90
25e2eb92a4861f100d82edfb2cbbb47f#1,25e2eb92a4861f100d82edfb2cbbb47f,924526b79ddb063f802d7a11720d7b5e,17e34d8224d27a541263c4c64b11a56b,19.60,89.66
25e5f6a88a4525f820943240376c45c5#1,25e5f6a88a4525f820943240376c45c5,cf5fb18f3ac3f373759295cc8ba3e2c3,1eade46fba20122dc4aefb379f8c636b,17.82,80.99
25ebb07a1069a75d3cb9baf0a94f22d0#1,25ebb07a1069a75d3cb9baf0a94f22d0,feeed1b9f26cce6eb3cb81af65eddd9e,381c83fdca332ea6afd896da20bf6e4a,19.42,182.00
25f4376934e13d3508486352e11a5db0#1,25f4376934e13d3508486352e11a5db0,aca2eb7d00ea1a7b8ebd4e68314663af,955fee9216a65b617aa5c0531780ce60,12.43,69.90
25fb291455f02d9da22d17fa3a1afd23#1,25fb291455f02d9da22d17fa3a1afd23,41751736c87d2da5af7c27168bf45a9d,46dc3b2cc0980fb8ec44634e21d2718e,164.93,379.99
260a8f34d9837b682c7a6c52cc8d9193#1,260a8f34d9837b682c7a6c52cc8d9193,5b8423dc7f23089c9c59c5d140eb5a1c,c8b3445d737de6befde0c88ede534a5e,26.20,129.79
26262a08c620d910b93d309db0e16725#1,26262a08c620d910b93d309db0e16725,154e7e31ebfa092203795c972e5804a6,cc419e0650a3c5ba77189a1882b7556a,7.78,23.99
263ba12390d0fbce329dd16da8cd20f8#1,263ba12390d0fbce329dd16da8cd20f8,c5fff00bf5f821911d676badbb286675,da8622b14eb17ae2831f4ac5b9dab84a,12.43,134.90
2640506a4584f571430195e2fa215406#1,2640506a4584f571430195e2fa215406,e0c47a145f4748e4d7a418502d65aa35,b2ba3715d723d245138f291a6fe42594,140.18,449.90
264ce11c5e766e56fad7ef4046030511#1,264ce11c5e766e56fad7ef4046030511,4cee3d875eb2f9d331aae01b8c4781e8,602044f2c16190c2c6e45eb35c2e21cb,12.93,69.99
2655c643248fa1a5ef168d2f6fc64fe7#1,2655c643248fa1a5ef168d2f6fc64fe7,267b51d6e08eb8326c49c6809558f262,41b39e28db005d9731d9d485a83b4c38,25.63,49.90
2656fd6fdbfe33c6421cb390eef1a73b#1,2656fd6fdbfe33c6421cb390eef1a73b,ca38c039b717207dec906f4fa9a21db7,44073f8b7e41514de3b7815dd0237f4f,18.88,187.00
265858f2ac3e966d6f2e63e5f7a51092#1,265858f2ac3e966d6f2e63e5f7a51092,2136c70bbe723d338fab53da3c03e6dc,6560211a19b47992c3666cc44a7e94c0,7.78,29.00
265f4e28ef8cf69f8445e2951bbe7343#1,265f4e28ef8cf69f8445e2951bbe7343,7e0dc102074f8285580c9777f79c90cf,e26901d5ab434ce92fd9b5c256820a4e,24.84,39.90
267e5fff0e80197e6553c5596ed81dbd#1,267e5fff0e80197e6553c5596ed81dbd,634256dbcd184b3757ffd7632c9fe52a,42b729f859728f5079499127a9c2ef37,7.46,27.90
2681f4e9d333e5795a30836c81340c85#1,2681f4e9d333e5795a30836c81340c85,d19d6968c8fa843da04bf9c9d23c312f,48fb026ed7455a42f5d3e9390ed5088e,17.02,82.90
26a232627994b0bdd4a4975bedde0e63#1,26a232627994b0bdd4a4975bedde0e63,a8115d34a4b7b74388da609692162c37,85d9eb9ddc5d00ca9336a2219c97bb13,16.44,35.90
26aee8d6346575cec08b4981acf7cfc3#1,26aee8d6346575cec08b4981acf7cfc3,da9323efe50198ccd3307f6a9a128a81,8b2d4ab22f42c5cfc338b846decfda60,9.42,42.00
26aee8d6346575cec08b4981acf7cfc3#2,26aee8d6346575cec08b4981acf7cfc3,da9323efe50198ccd3307f6a9a128a81,8b2d4ab22f42c5cfc338b846decfda60,9.42,42.00
26b66bcb4cb37fe553c114832d3a5e45#1,26b66bcb4cb37fe553c114832d3a5e45,5861173d9af66445f070078cfc29a597,59fb871bf6f4522a87ba567b42dafecf,9.16,199.99
26cf5f2fef907ebc54269ab08ba4fc3b#1,26cf5f2fef907ebc54269ab08ba4fc3b,1f75be631e988bb0ad750e60e18d043b,fd386aa7bed2af3c7035c65506c9b4a3,8.29,13.99
26dbf6db0bc6942823fa21ef58e3ce4f#1,26dbf6db0bc6942823fa21ef58e3ce4f,134a6fc4a713a799266ebd6a4f4008d4,08633c14ef2db992c11f840f04fad4cd,7.39,39.90
26dbf6db0bc6942823fa21ef58e3ce4f#2,26dbf6db0bc6942823fa21ef58e3ce4f,134a6fc4a713a799266ebd6a4f4008d4,08633c14ef2db992c11f840f04fad4cd,7.39,39.90
26e7beff0239dc6ed3a8f2bb5972911c#1,26e7beff0239dc6ed3a8f2bb5972911c,03e931f387c2dd5b006aecdb12515b2e,1900267e848ceeba8fa32d80c1a5f5a8,12.71,53.00
270cd1874ca5310906e251407490d66c#1,270cd1874ca5310906e251407490d66c,10adb53d8faa890ca7c2f0cbcb68d777,1900267e848ceeba8fa32d80c1a5f5a8,12.79,19.90
2711a938db643b3f0b62ee2c8a2784aa#1,2711a938db643b3f0b62ee2c8a2784aa,ad1128daf194f4b6ac4256e16233497c,1ca7077d890b907f89be8c954a02686a,14.10,45.00
2728209b1b0553533bce4afc52716b60#1,2728209b1b0553533bce4afc52716b60,b573e2860f2732edf610345956e81bb9,165fc07beebdcb6190fba8a06db2a449,16.99,175.00
2728209b1b0553533bce4afc52716b60#2,2728209b1b0553533bce4afc52716b60,b573e2860f2732edf610345956e81bb9,165fc07beebdcb6190fba8a06db2a449,16.99,175.00
2731288f02cee9797af3fcad424f6ee4#1,2731288f02cee9797af3fcad424f6ee4,0f2fd0a589cb7849c1dbedbd4109c2f8,e3a386fc36e22064434e1fa256f6a9fa,16.35,54.60
2733b7a9eda2b9f2ffa314fd4b45b330#1,2733b7a9eda2b9f2ffa314fd4b45b330,aeae6a46f42d7755930f30825f5a4c5b,17e34d8224d27a541263c4c64b11a56b,12.40,128.26
273ff9150ef1e7b66d89ac10f7cc7899#1,273ff9150ef1e7b66d89ac10f7cc7899,0bcc3eeca39e1064258aa1e932269894,1f50f920176fa81dab994f9023523100,39.47,53.90
275725b6f36bbcb5524f2f7b704cfb3a#1,275725b6f36bbcb5524f2f7b704cfb3a,0c71252f37443403376d2008034a7240,70c27847eca8195c983ed7e798c56743,19.68,109.99
275950acf4956dfc3d23514eb61f1d9b#1,275950acf4956dfc3d23514eb61f1d9b,36f60d45225e60c7da4558b070ce4b60,88460e8ebdecbfecb5f9601833981930,12.61,67.90
275a9c9ccc183a48eac733ea33bb8cc5#1,275a9c9ccc183a48eac733ea33bb8cc5,2b0fac480ecacabf93bee47ad17c0b0c,bacb1f0ed56ad24198f5810d2b3fe9a5,12.58,89.90
27a70a8fdf1c9edcfa01d463b45a5b03#1,27a70a8fdf1c9edcfa01d463b45a5b03,efcef300fe9b2c558a8ea258127f6e6f,070d165398b553f3b4b851c216b8a358,18.59,59.99
27a78fdbe7b915a0596af3a5803a41cb#1,27a78fdbe7b915a0596af3a5803a41cb,ed5122a6a757a4fea8f32a6fb95a5135,fdb9095204a334cd8872252ffec6f2db,13.21,110.00
27a78fdbe7b915a0596af3a5803a41cb#2,27a78fdbe7b915a0596af3a5803a41cb,ed5122a6a757a4fea8f32a6fb95a5135,fdb9095204a334cd8872252ffec6f2db,13.21,110.00
27b47ff9a743a8a7404a2f8c1037dec6#1,27b47ff9a743a8a7404a2f8c1037dec6,4bb4fb9c85785b75ab4f6559900c7ca1,ef506c96320abeedfb894c34db06f478,24.84,37.99
27ccb6f42b7ff7e079004d6192ab12bb#1,27ccb6f42b7ff7e079004d6192ab12bb,679c97b6819e657c506237438cacf60f,fa1c13f2614d7b5c4749cbc52fecda94,8.83,224.80
27d38402a9bf35d21de2f99946b1c1ae#1,27d38402a9bf35d21de2f99946b1c1ae,8f79800a347de2da5104a414bc791a0b,f7720c4fa8e3aba4546301ab80ea1f1b,10.96,16.90
27dc63ff0d925a8edb761ba595e543ef#1,27dc63ff0d925a8edb761ba595e543ef,c384e8f1f1c380ef1dbafaf080ba25fc,33ac3e28642ab8bda860a2f693000e78,8.82,89.99
27e2a7e5ef6ee74e734f296c3a0e33f8#1,27e2a7e5ef6ee74e734f296c3a0e33f8,a00cd7752fb98e0a8382def60ecc0b17,db4350fd57ae30082dec7acbaacc17f9,10.96,13.99
27f9fff9f14236589804b62bce39f526#1,27f9fff9f14236589804b62bce39f526,ed6d2fe9a24cfdfd0f4c40094db5145b,83e197e95a1bbabc8c75e883ed016c47,18.11,122.50
2804019a383c2bf8db7dde416cf663d2#1,2804019a383c2bf8db7dde416cf663d2,36f60d45225e60c7da4558b070ce4b60,8e6d7754bc7e0f22c96d255ebda59eba,9.02,89.50
2804019a383c2bf8db7dde416cf663d2#2,2804019a383c2bf8db7dde416cf663d2,e53e557d5a159f5aa2c5e995dfdf244b,8e6d7754bc7e0f22c96d255ebda59eba,11.10,94.56
2807d0e504d6d4894d41672727bc139f#1,2807d0e504d6d4894d41672727bc139f,6893767814d1ac82a81bcd365e1cc918,8b321bb669392f5163d04c59e235e066,7.78,9.50
280a1ee261c5b9821daccb1fcdd0f776#1,280a1ee261c5b9821daccb1fcdd0f776,f35927953ed82e19d06ad3aac2f06353,669ae81880e08f269a64487cfb287169,18.91,115.00
2823f47e6fb0f2a1e5a8f221ebb5aa15#1,2823f47e6fb0f2a1e5a8f221ebb5aa15,996ccd494480f1ea4840f6099dba48dd,d91fb3b7d041e83b64a00a3edfb37e4f,15.37,89.25
284c8e297603b066a7b64a7cbde7f9b3#1,284c8e297603b066a7b64a7cbde7f9b3,bbaef2eadf31fe3ea6702077398be06c,cc419e0650a3c5ba77189a1882b7556a,11.90,56.99
2860d23a9117630b980b55b7705a38e3#1,2860d23a9117630b980b55b7705a38e3,8b143abcb9481c99c2fbf0adbc987f54,5721089ba9214e80074f27d5a03fc0eb,7.55,18.99
2860d23a9117630b980b55b7705a38e3#2,2860d23a9117630b980b55b7705a38e3,8b143abcb9481c99c2fbf0adbc987f54,5721089ba9214e80074f27d5a03fc0eb,7.55,18.99
287445be3e2a5f0d3f5036b2a778d1c5#1,287445be3e2a5f0d3f5036b2a778d1c5,6e29f8de1ad465c1fa275aae299fa98b,7142540dd4c91e2237acb7e911c4eba2,23.00,59.90
287c56aa824d8d1ea40246ad12013f62#1,287c56aa824d8d1ea40246ad12013f62,4ff38de0673d41a0da1499e300720ef6,5b07547f10dd980738a1a27f685af669,13.15,69.90
288edb42bc749855816a5e66e39d342a#1,288edb42bc749855816a5e66e39d342a,d79c712e7afe8f0fd59b749ee1e4fc97,6560211a19b47992c3666cc44a7e94c0,16.13,99.00
28b2d19e3d604381f30089a68a4e0831#1,28b2d19e3d604381f30089a68a4e0831,48bc0b16a79dc0d94adfb679e1f6e965,b83cedfb587e7911540e3f576d6917ce,11.15,66.99
28ccc6df03d720b1c01c91ce78025016#1,28ccc6df03d720b1c01c91ce78025016,c0704b7b41d23540e8576c5e84484dcb,aac51c486b672a9850d59f3e84b1cf88,15.36,37.00
28ccc6df03d720b1c01c91ce78025016#2,28ccc6df03d720b1c01c91ce78025016,c0704b7b41d23540e8576c5e84484dcb,aac51c486b672a9850d59f3e84b1cf88,15.36,37.00
28cf49bbfe2683759d3cf866b7fda22f#1,28cf49bbfe2683759d3cf866b7fda22f,825993135690981b6014a46dbe75707e,1025f0e2d44d7041d6cf58b6550e0bfa,15.10,10.00
28cf49bbfe2683759d3cf866b7fda22f#2,28cf49bbfe2683759d3cf866b7fda22f,825993135690981b6014a46dbe75707e,1025f0e2d44d7041d6cf58b6550e0bfa,15.10,10.00
28cf49bbfe2683759d3cf866b7fda22f#3,28cf49bbfe2683759d3cf866b7fda22f,825993135690981b6014a46dbe75707e,1025f0e2d44d7041d6cf58b6550e0bfa,15.10,10.00
28cf49bbfe2683759d3cf866b7fda22f#4,28cf49bbfe2683759d3cf866b7fda22f,825993135690981b6014a46dbe75707e,1025f0e2d44d7041d6cf58b6550e0bfa,15.10,10.00
28cf49bbfe2683759d3cf866b7fda22f#5,28cf49bbfe2683759d3cf866b7fda22f,825993135690981b6014a46dbe75707e,1025f0e2d44d7041d6cf58b6550e0bfa,15.10,10.00
28cf49bbfe2683759d3cf866b7fda22f#6,28cf49bbfe2683759d3cf866b7fda22f,825993135690981b6014a46dbe75707e,1025f0e2d44d7041d6cf58b6550e0bfa,15.10,10.00
28d14a9fb1c0c5e0667fd9ed3834eb5e#1,28d14a9fb1c0c5e0667fd9ed3834eb5e,1a2c16ff559425a46f2eba773fceb91d,89a51f50b8095ea78d5768f34c13a76f,17.21,70.90
28e2f8073d78153ccf2053de91fc4db3#1,28e2f8073d78153ccf2053de91fc4db3,437c05a395e9e47f9762e677a7068ce7,7f7b8245c336066a1f9933c359f11d77,12.81,53.50
28fa410eec232354726af94904c6fa9b#1,28fa410eec232354726af94904c6fa9b,61a53738adc5c0e8d243553320f9ba1c,7c67e1448b00f6e969d365cea6b010ab,20.60,79.97
28fac8432e4ac40170eeb057fc4c138f#1,28fac8432e4ac40170eeb057fc4c138f,4cb6e86e1328e77e20b5f90771683cbe,c3867b4666c7d76867627c2f7fb22e21,13.75,104.00
29500b5b74f1cd86014af29b2e319e9b#1,29500b5b74f1cd86014af29b2e319e9b,ea2012e0b6ae52438a98f2c18108beed,4d6d651bd7684af3fffabd5f08d12e5a,13.78,159.90
296b1479f16b9b8b7ac30b42d5b35c49#1,296b1479f16b9b8b7ac30b42d5b35c49,a5887cc02e8b2ee7e724408a38187ac9,813348c996469b40f2e028d5429d3495,7.78,33.90
296c7c7658a3d5919cd1a5382e141c26#1,296c7c7658a3d5919cd1a5382e141c26,b76364870c38ddd7dcc9dd9ab5abeeb4,2a6fbeaa7ab9e5d59a35841a8da71ce4,37.90,48.90
2978901accabf6eef42711d8133a62f1#1,2978901accabf6eef42711d8133a62f1,22c051b01971f34702857840a0e03fab,f5a590cf36251cf1162ea35bef76fe84,23.98,199.99
297a7adc75a9a48c518c7048426b9675#1,297a7adc75a9a48c518c7048426b9675,ba3a1ee42fbee80933b0d24a275827f0,32b8764b4ef628b53608fc34011fcc13,105.54,339.00
297b78c63260d89009ce4a807842a5c0#1,297b78c63260d89009ce4a807842a5c0,943c812216923e4244e83099e0c62a08,5b8154610ebb21fb90eb587365e673df,16.74,129.49
29b56549adf0256e35b6aabd8a7f7455#1,29b56549adf0256e35b6aabd8a7f7455,a35c14eaa384acf7aabbbec3bd76fae6,0bae85eb84b9fb3bd773911e89288d54,17.60,43.98
29b9c7829acdf75929b7a74e896543b2#1,29b9c7829acdf75929b7a74e896543b2,e57eb018e37376580079825eb29a3419,b1fc4f64df5a0e8b6913ab38803c57a9,15.31,80.00
29bb5aa6d14cbab0801064aa1657b538#1,29bb5aa6d14cbab0801064aa1657b538,c4baedd846ed09b85f78a781b522f126,a1043bafd471dff536d0c462352beb48,21.82,109.99
2a03326bc3dd548e425fafa5c7be54ed#1,2a03326bc3dd548e425fafa5c7be54ed,0640a217fe729c5b8f61fd475f1fc22c,ea8482cd71df3c1969d7b9473ff13abc,15.45,49.99
2a0facc85fc2b839b8c194436787402b#1,2a0facc85fc2b839b8c194436787402b,946b20e2799c73ad1f8f95440f723ce4,4a3ca9315b744ce9f8e9374361493884,13.91,210.00
2a142c0426781261c6ea8c07941a55a7#1,2a142c0426781261c6ea8c07941a55a7,617186c3d97ea56c9c683a8a3974e8c1,cc419e0650a3c5ba77189a1882b7556a,9.37,79.99
2a142c0426781261c6ea8c07941a55a7#2,2a142c0426781261c6ea8c07941a55a7,617186c3d97ea56c9c683a8a3974e8c1,cc419e0650a3c5ba77189a1882b7556a,9.37,79.99
2a206d4997fedfb60455f2a06ae3028a#1,2a206d4997fedfb60455f2a06ae3028a,0b0172eb0fd18479d29c3bc122c058c2,5656537e588803a555b8eb41f07a944b,17.07,19.89
2a206d4997fedfb60455f2a06ae3028a#2,2a206d4997fedfb60455f2a06ae3028a,0b0172eb0fd18479d29c3bc122c058c2,5656537e588803a555b8eb41f07a944b,17.07,19.89
2a30390f1b957c7120f80795b9f97316#1,2a30390f1b957c7120f80795b9f97316,f72379337062680ca5a2b7b0275913d8,f205b1a3ca9a34e0f8a228bae6e4c7b3,31.56,99.00
2a3762b415e231ea52cc41aa0c4530fd#1,2a3762b415e231ea52cc41aa0c4530fd,fa7e460c8ef762c029b4042723e481c7,034b9387752bfa309f350a70cd45ffa3,22.06,12.00
2a520d819adb06eabf4557143110ade4#1,2a520d819adb06eabf4557143110ade4,b79a274e7373a1bfcbd788a239591dec,8444e55c1f13cd5c179851e5ca5ebd00,15.31,79.90
2a61a7cf365db56cbf9fb72e2a422653#1,2a61a7cf365db56cbf9fb72e2a422653,694e58e56c74114ee0628c25f3f26f8c,7008613ea464bad5cb9b83456e1e6a8f,14.54,52.50
2a6fcdee30bb4fda09190b53b4e9ffee#1,2a6fcdee30bb4fda09190b53b4e9ffee,b6e352d888ba31d8999af279cd63aa24,f61c63d13f7cd800549d5acdd390ae72,17.99,59.90
2aab860630cc1798482e942ad176f05c#1,2aab860630cc1798482e942ad176f05c,c8cfa622661e047ea2499f8bce4731a5,4b9750c8ad28220fe6702d4ecb7c898f,16.70,134.90
2ac76d681b26fb9a0bacc88b2e532430#1,2ac76d681b26fb9a0bacc88b2e532430,588ec31c89dea5de5dc87e15790df3f4,17ca9b9e9b9ef8fdb529001b49ebb50f,30.22,59.97
2ac76d681b26fb9a0bacc88b2e532430#2,2ac76d681b26fb9a0bacc88b2e532430,588ec31c89dea5de5dc87e15790df3f4,17ca9b9e9b9ef8fdb529001b49ebb50f,30.22,59.97
2ac76d681b26fb9a0bacc88b2e532430#3,2ac76d681b26fb9a0bacc88b2e532430,588ec31c89dea5de5dc87e15790df3f4,17ca9b9e9b9ef8fdb529001b49ebb50f,30.22,59.97
2ad5a06596850e972a2074a311a1a30f#1,2ad5a06596850e972a2074a311a1a30f,56c7e8adc8769d3dbc4dd74145c0e83c,85d9eb9ddc5d00ca9336a2219c97bb13,14.52,23.90
2b0ff3c2ec4265091bba2e1e5d9aa762#1,2b0ff3c2ec4265091bba2e1e5d9aa762,674d9e3c3964c35239687c920b19a307,2138ccb85b11a4ec1e37afbd1c8eda1f,7.78,29.99
2b0ff3c2ec4265091bba2e1e5d9aa762#2,2b0ff3c2ec4265091bba2e1e5d9aa762,674d9e3c3964c35239687c920b19a307,2138ccb85b11a4ec1e37afbd1c8eda1f,7.78,29.99
2b0ff3c2ec4265091bba2e1e5d9aa762#3,2b0ff3c2ec4265091bba2e1e5d9aa762,674d9e3c3964c35239687c920b19a307,2138ccb85b11a4ec1e37afbd1c8eda1f,7.78,29.99
2b233b3b91f2164ae046d169a3d975ee#1,2b233b3b91f2164ae046d169a3d975ee,b35ce9c1e37f5b0f4134da0fe4c93b84,dd2bdf855a9172734fbc3744021ae9b9,26.75,69.90
2b3c116f4ae22a4b4a127c73d39f5d6e#1,2b3c116f4ae22a4b4a127c73d39f5d6e,601a360bd2a916ecef0e88de72a6531a,7a67c85e85bb2ce8582c35f2203ad736,18.16,129.99
2b59656fdff6d982bd2a0a2b257a4562#1,2b59656fdff6d982bd2a0a2b257a4562,817e1c2d22418c36386406ccacfa53e8,624f4ece8da4aafb77699233d480f8ef,17.03,189.00
2b5d3344cbf347b2aa5bc40c5deb3de6#1,2b5d3344cbf347b2aa5bc40c5deb3de6,ab9cf155f8280c3739b09fe341a185e8,92eb0f42c21942b6552362b9b114707d,10.96,13.98
2b71ffffcf089d2287505f5b4441204b#1,2b71ffffcf089d2287505f5b4441204b,06731ce59716357095ed1a25850320b8,a673821011d0cec28146ea42f5ab767f,17.09,29.90
2b72a32a2c3e93fa260ca7655073886f#1,2b72a32a2c3e93fa260ca7655073886f,cc3181a81384b6fc34602d49cb6068a6,e882b2a25a10b9c057cc49695f222c19,107.43,1148.00
2b781b53b653523cf1337a742b71aed3#1,2b781b53b653523cf1337a742b71aed3,4eda54569384f6cbe0511828fc574fb0,b2ba3715d723d245138f291a6fe42594,17.44,104.90
2b8cfbbc8cc119621295c6a6028fa7da#1,2b8cfbbc8cc119621295c6a6028fa7da,d99a9035db5875b38e59f9f55b9548f1,31344c16881c08a8a72c6d2eb29918c1,21.92,229.90
2b9aa198d33cfb44834120efe900c103#1,2b9aa198d33cfb44834120efe900c103,23bcd6822a33df5534f9b290216eec1f,ac3508719a1d8f5b7614b798f70af136,20.15,129.90
2ba4074f243f2ec78961779a7c89b1c3#1,2ba4074f243f2ec78961779a7c89b1c3,29427de7f8a9ee983d9dbc51cec569b4,7a67c85e85bb2ce8582c35f2203ad736,17.95,99.99
2ba9fa7ab61d7528fd77a35c436e7bff#1,2ba9fa7ab61d7528fd77a35c436e7bff,c69da983317ecee971f64fc8202c959a,9f505651f4a6abe901a56cdc21508025,11.85,14.99
2babe10ce6bcb68b1e3bd35e24424466#1,2babe10ce6bcb68b1e3bd35e24424466,c985e917daf44dfe2779833209017098,95ec4458365c4d11f452ccf538377619,7.39,18.90
2bc18e49db20b51c4868e3a9ae25ae3f#1,2bc18e49db20b51c4868e3a9ae25ae3f,2fea0f2cec6b6324a277d4a61c2ed2c6,beadbee30901a7f61d031b6b686095ad,17.18,35.00
2be34c2ba4b5bbab97cc1ab70c699168#1,2be34c2ba4b5bbab97cc1ab70c699168,4886ee6eaf4ab72e0e91ed0c42815f49,0c8380b62e38e8a1e6adbeba7eb9688c,19.68,69.90
2bfb6645f99e561b82bbdd84c98da7e1#1,2bfb6645f99e561b82bbdd84c98da7e1,ce5b91848b91118daffb3af53b747475,2ff97219cb8622eaf3cd89b7d9c09824,9.44,19.90
2c203f4297ffa221e33a90171c24249d#1,2c203f4297ffa221e33a90171c24249d,97017430754804328eb9597b7f85da03,ea8482cd71df3c1969d7b9473ff13abc,7.78,27.99
2c28c8ed0ab7031e787379318449b44c#1,2c28c8ed0ab7031e787379318449b44c,ebb132e52ceaa1001756409f1dd0750a,717b78b0950b51ed00b1471d858b0edc,19.32,29.90
2c36e21ba9c9ffb56e431113b7af7073#1,2c36e21ba9c9ffb56e431113b7af7073,d842f3ca1facabd1a2d292b593dc8517,b4ffb71f0cb1b1c3d63fad021ecf93e1,14.10,28.75
2c3a5e5f5bc3ae78ed5748461e62d47d#1,2c3a5e5f5bc3ae78ed5748461e62d47d,d8de812ed5d981fc6a3984f4caa2aa05,54a1852d1b8f10312c55e906355666ee,9.74,59.99
2c4f5d63471424bab535f4ff1051823d#1,2c4f5d63471424bab535f4ff1051823d,2820a0ee65a765e5dbb7ef1da30d2f4f,b1b3948701c5c72445495bd161b83a4c,19.91,379.90
2c8d335aabf96328d817f48bdbccc430#1,2c8d335aabf96328d817f48bdbccc430,bd69e6d599b9a3d9c298617c14e46f9f,1900267e848ceeba8fa32d80c1a5f5a8,12.90,80.00
2c9bc10b715272770d51948b929485f7#1,2c9bc10b715272770d51948b929485f7,926d11f0e2a1171fed968faf5caa8f92,0bb738e4d789e63e2267697c42d35a2d,27.15,59.90
2caedb75be9b0acd4a4aa3562e5f898f#1,2caedb75be9b0acd4a4aa3562e5f898f,b853b073ca63585ef3afd79a4ab97ef1,827f8f69dfa529c561901c4f2e0f332f,14.10,29.90
2cb414479754a8e1ed07eed0ccfc0778#1,2cb414479754a8e1ed07eed0ccfc0778,98600823ba81f3ba76386dac7c31ee06,abe42c5d03695b4257b5c6cbf4e6784e,39.48,399.00
2cb80b6bb30641c14665e1bb8a910872#1,2cb80b6bb30641c14665e1bb8a910872,1f839ba5b57051fac3461bc202ad9cce,f262cbc1c910c83959f849465454ddd3,19.04,11.49
2cbb35d23159c9f44b1e6ee4735181d2#1,2cbb35d23159c9f44b1e6ee4735181d2,cd2ea14a901da3b47b33516f3ca6929e,ebd2d60905fb58271facef5596b620d3,13.46,59.00
2cbb35d23159c9f44b1e6ee4735181d2#2,2cbb35d23159c9f44b1e6ee4735181d2,1a4247b6eddc27c68f7995dcc68b01e2,6aa3928696eab49a19a466e665a649fd,13.46,57.00
2ce1ad82022c1ba30c2079502ac725aa#1,2ce1ad82022c1ba30c2079502ac725aa,f35927953ed82e19d06ad3aac2f06353,669ae81880e08f269a64487cfb287169,15.56,115.00
2ce3c61f3add382691fcad6a04f52680#1,2ce3c61f3add382691fcad6a04f52680,2b4609f8948be18874494203496bc318,cc419e0650a3c5ba77189a1882b7556a,185.73,79.99
2ce3c61f3add382691fcad6a04f52680#2,2ce3c61f3add382691fcad6a04f52680,46e24ce614899e36617e37ea1e4aa6ff,17f51e7198701186712e53a39c564617,185.73,1050.00
2ce757e7e2cf3442241e4646b3472dd0#1,2ce757e7e2cf3442241e4646b3472dd0,68bf2e76db1d8e846042e54da87399ca,1a3df491d1c4f1589fc2b934ada68bf2,29.00,85.90
2cee7217cf66ac4e8027f60d3b105524#1,2cee7217cf66ac4e8027f60d3b105524,44b36c8a125b604c4597100ef4b16538,0ea22c1cfbdc755f86b9b54b39c16043,24.84,39.90
2d164d0e1a9bf9183533b441ccd8796d#1,2d164d0e1a9bf9183533b441ccd8796d,66fc767a58575873dad11a4c717727dc,0bae85eb84b9fb3bd773911e89288d54,20.87,54.16
2d1e2d5bf4dc7227b3bfebb81328c15f#1,2d1e2d5bf4dc7227b3bfebb81328c15f,a50acd33ba7a8da8e9db65094fa990a4,8581055ce74af1daba164fdbd55a40de,17.53,117.30
2d5cdc856665603f1580e3586bde89a5#1,2d5cdc856665603f1580e3586bde89a5,9ddd762ee8a13576a809dc66f22aa2b5,da8622b14eb17ae2831f4ac5b9dab84a,17.03,199.90
2d75fff7b2cc9e8df5ddfcf9a7a11cec#1,2d75fff7b2cc9e8df5ddfcf9a7a11cec,f110a8fd4a8052d5717ce2adc2bb71d0,f7ba60f8c3f99e7ee4042fdef03b70c4,25.42,411.00
2d816b6a11ddd3843f307d1333321091#1,2d816b6a11ddd3843f307d1333321091,4c82c8d31845d751d797debc3d03697f,ce27a3cc3c8cc1ea79d11e561e9bebb6,7.78,18.90
2d8a0bc4abbb7bbb3a420f2219f02f93#1,2d8a0bc4abbb7bbb3a420f2219f02f93,7c4a8bec217df1de0df2b5aaf8175b65,7040e82f899a04d1b434b795a43b4617,18.23,14.90
2d8f8f85abccae68275f423d878f2b7e#1,2d8f8f85abccae68275f423d878f2b7e,e5ae72c62ebfa708624f5029d609b160,9c0e69c7bf2619675bbadf47b43f655a,16.19,61.90
2d9ea2efa410b1efd6bbd47d126819b6#1,2d9ea2efa410b1efd6bbd47d126819b6,9df634af5c467f3b07f3d92f7765aa64,8bd0f31cf0a614c658f6763bd02dea69,16.82,82.00
2dc8ae13ff86f4dcefb60ddfbaf43df8#1,2dc8ae13ff86f4dcefb60ddfbaf43df8,90f83991bae254d0fd02bdddaa20b340,cca3071e3e9bb7d12640c9fbe2301306,19.57,139.90
2dd08b72f1dfc49c74883302437e6f6d#1,2dd08b72f1dfc49c74883302437e6f6d,6d43aa08ee344527fc3e86b90cfd2379,3d871de0142ce09b7081e2b9d1733cb1,13.71,99.00
2de5b68f713b073b77fda04cb4868443#1,2de5b68f713b073b77fda04cb4868443,1a3c44587dd8d3db5f2447078bc50d75,3078096983cf766a32a06257648502d1,12.69,47.30
2e024656807ffab9d81af39abd9f18b8#1,2e024656807ffab9d81af39abd9f18b8,58816ce2ec224ea03aff8abe045f8407,955fee9216a65b617aa5c0531780ce60,20.60,93.00
2e1b28b55908e9904e59370fa0ecbb8e#1,2e1b28b55908e9904e59370fa0ecbb8e,781afe929e3016a667f5f439afd55fce,08633c14ef2db992c11f840f04fad4cd,21.56,107.90
2e21f1cfb4d53ac6710fdd9956f35f54#1,2e21f1cfb4d53ac6710fdd9956f35f54,8c292ca193d326152e335d77176746f0,7e1fb0a3ebfb01ffb3a7dae98bf3238d,26.33,150.00
2e2e88c4bb691287b71a9e1ee8a193a4#1,2e2e88c4bb691287b71a9e1ee8a193a4,424471a68d6b1ae4a53d39723e6981d3,054694fa03fe82cec4b7551487331d74,22.72,377.00
2e571b4487c7119502acdb48043efcee#1,2e571b4487c7119502acdb48043efcee,69d3ff4f45d52d69e4b06760e0e154e2,7b0df942f46435babab05d49b744b2c4,20.43,1058.00
2e8265affe5bc22876b8e69548e074fb#1,2e8265affe5bc22876b8e69548e074fb,368c6c730842d78016ad823897a372db,1f50f920176fa81dab994f9023523100,17.66,49.90
2e8de999929cf628d91b5a78fb7c71de#1,2e8de999929cf628d91b5a78fb7c71de,e53e557d5a159f5aa2c5e995dfdf244b,88460e8ebdecbfecb5f9601833981930,22.26,78.90
2e931584519b7ebc7b1a445a4f7cd8f1#1,2e931584519b7ebc7b1a445a4f7cd8f1,b18040a8b795afd0802abd9c3755ea64,c864036feaab8c1659f65ea4faebe1da,25.89,149.90
2e98befb6d10b5b83de9d9b4a6f836f9#1,2e98befb6d10b5b83de9d9b4a6f836f9,f69c0a81b54c02376872d8bab620c55c,12b9676b00f60f3b700e83af21824c0e,47.92,199.00
2ea399422b697257c14a7f63c224c9f2#1,2ea399422b697257c14a7f63c224c9f2,79ccb1aca8fcf379a6ed2412fba0480e,0241d4d5d36f10f80c644447315af0bd,120.61,249.00
2eb5ba20812f78127f6243fa27fb40e5#1,2eb5ba20812f78127f6243fa27fb40e5,d88d2f4938825da4771d7972d76c5da7,2f09f7d37a97956d11cc1a7cadd5262b,72.61,180.00
2ed75ffbf396fcdc6341f17d1a16ef5d#1,2ed75ffbf396fcdc6341f17d1a16ef5d,fcf41b0fb1a95c8f66330d698d55a532,850f4f8af5ea87287ac68de36e29107f,9.37,79.00
2edc2a8fcbfceea30b10f1a27c5e4b10#1,2edc2a8fcbfceea30b10f1a27c5e4b10,dc5fd9c9989813f354c865854be80178,45d33f715e24d15a6ccf5c17b3a23e3c,10.96,28.49
2edfd6d1f0b4cd0db4bf37b1b224d855#1,2edfd6d1f0b4cd0db4bf37b1b224d855,30469bb5ea377eae7121981e2f0778e4,80e6699fe29150b372a0c8a1ebf7dcc8,28.15,113.00
2f18fee7e09d77c69bbb75054b8610b1#1,2f18fee7e09d77c69bbb75054b8610b1,f9b4f8ef12259efd919fbaf21f8f66a4,7ad32824caee82087b3e2e5f33b1bf32,19.69,199.00
2f246ee329fce6932458bc7a10625d2a#1,2f246ee329fce6932458bc7a10625d2a,060109450b2f49e4d5c4fdfd3d8ebc34,f8db351d8c4c4c22c6835c19a46f01b0,16.79,24.90
2f2d19b0f7b592189062b9ba3eaecc16#1,2f2d19b0f7b592189062b9ba3eaecc16,de6d0adf871d95106b89b444a2481fe9,17908cf9b444ee34047cadd5c0f4a516,38.78,175.00
2f4545bda1b1c794a9a35a3fbe4257ba#1,2f4545bda1b1c794a9a35a3fbe4257ba,7b31b39ebebeb8282009c48e5587b1d0,7a67c85e85bb2ce8582c35f2203ad736,23.24,94.99
2f50a3b610253bede0da1b660bf560b9#1,2f50a3b610253bede0da1b660bf560b9,5afdd6208e8a2f20395ad08f90dfe8d3,05d2173d43ea568aa0540eba70d2ca76,57.19,101.40
2f6c001bbacba3575b0852b17b0c3dd1#1,2f6c001bbacba3575b0852b17b0c3dd1,1567eb3a02b49c99d7d07045e9ce94f5,d624126b9206f595fb3fbb6ba03b28a8,19.77,359.90
2f7201b5d9baf4deb546eefab3b7125a#1,2f7201b5d9baf4deb546eefab3b7125a,1fcbdcb14ed564faddf72bbcef855036,1da3aeb70d7989d1e6d9b0e887f97c23,14.10,49.99
2f7201b5d9baf4deb546eefab3b7125a#2,2f7201b5d9baf4deb546eefab3b7125a,1fcbdcb14ed564faddf72bbcef855036,1da3aeb70d7989d1e6d9b0e887f97c23,14.10,49.99
2f7201b5d9baf4deb546eefab3b7125a#3,2f7201b5d9baf4deb546eefab3b7125a,1fcbdcb14ed564faddf72bbcef855036,1da3aeb70d7989d1e6d9b0e887f97c23,14.10,49.99
2f7201b5d9baf4deb546eefab3b7125a#4,2f7201b5d9baf4deb546eefab3b7125a,1fcbdcb14ed564faddf72bbcef855036,1da3aeb70d7989d1e6d9b0e887f97c23,14.10,49.99
2f7201b5d9baf4deb546eefab3b7125a#5,2f7201b5d9baf4deb546eefab3b7125a,1fcbdcb14ed564faddf72bbcef855036,1da3aeb70d7989d1e6d9b0e887f97c23,14.10,49.99
2f8b697ad1c74526e18a07acd7d7169b#1,2f8b697ad1c74526e18a07acd7d7169b,d8aead84c0ff5356cacb9ac841ec3a5f,e256a62e0ac58c0edfba09966142d561,20.28,79.00
2f8b697ad1c74526e18a07acd7d7169b#2,2f8b697ad1c74526e18a07acd7d7169b,d8aead84c0ff5356cacb9ac841ec3a5f,e256a62e0ac58c0edfba09966142d561,20.28,79.00
2f92b812fd7c7df5b629833c484cdf1d#1,2f92b812fd7c7df5b629833c484cdf1d,2c0b8a973e616502de1d80482fb9c5be,5656537e588803a555b8eb41f07a944b,15.79,14.89
2f92b812fd7c7df5b629833c484cdf1d#2,2f92b812fd7c7df5b629833c484cdf1d,2c0b8a973e616502de1d80482fb9c5be,5656537e588803a555b8eb41f07a944b,15.79,14.89
2f9615837f509124f0c936dbd93855ac#1,2f9615837f509124f0c936dbd93855ac,d1b1a0e78589ee89279d0be1e4a8b905,8a432f4e5b471f8da497d7dc517666e2,14.79,69.00
2fba22888f1373d0c3686616e4caf5c8#1,2fba22888f1373d0c3686616e4caf5c8,7172a7870fee91850dcbcb1f4de40cfc,4a3ca9315b744ce9f8e9374361493884,13.65,89.90
2fbdb50797dfdc8089e52ac8cf70152e#1,2fbdb50797dfdc8089e52ac8cf70152e,d1c427060a0f73f6b889a5c7c61f2ac4,a1043bafd471dff536d0c462352beb48,45.12,149.00
2fc59b5605bf0cfc03638cb2cca26b16#1,2fc59b5605bf0cfc03638cb2cca26b16,bc1771eea502c7888f4fa3d568a69111,951e8cef368f09bb3f3d03c00ca4702c,9.59,39.99
2fe72d522af94b1264d79a8e6e41f933#1,2fe72d522af94b1264d79a8e6e41f933,af37cff523f7bacc47bc01c5674bf4b4,1da3aeb70d7989d1e6d9b0e887f97c23,8.03,110.00
2feb60b66471f9985b3f06df1f360f34#1,2feb60b66471f9985b3f06df1f360f34,3a8023f6ae79b6b7da36d630f2ee1658,e8b4225284fbb02d16f200513f1f395d,23.84,180.40
2ff0dab60f75a10e4f296641d88b5fb0#1,2ff0dab60f75a10e4f296641d88b5fb0,2ac7c9339ff85fff3e1aee3eaf7bb315,8a2d12a90e92f012ce5226fc6592b653,15.11,29.90
3005c05dbcb19ff903a28b5d654bb1cf#1,3005c05dbcb19ff903a28b5d654bb1cf,4fb3bad6b502eaca3b6d7d87bc1613a4,45d33f715e24d15a6ccf5c17b3a23e3c,11.81,59.90
302e27012670f8e2db4418e6c619f54c#1,302e27012670f8e2db4418e6c619f54c,a77453f011b20e66aec0d64f59106fbf,7178f9f4dd81dcef02f62acdf8151e01,17.00,79.90
30300815be5e1666c028d3c07e86f847#1,30300815be5e1666c028d3c07e86f847,51f876eb62be778c757503cf7f8a3b74,f84a00e60c73a49e7e851c9bdca3a5bb,15.23,9.80
30300815be5e1666c028d3c07e86f847#2,30300815be5e1666c028d3c07e86f847,51f876eb62be778c757503cf7f8a3b74,f84a00e60c73a49e7e851c9bdca3a5bb,15.23,9.80
3030ecce41acdc5bf51484698b3d8fe7#1,3030ecce41acdc5bf51484698b3d8fe7,283ede5fd5aed76f9b6163d057098554,7a67c85e85bb2ce8582c35f2203ad736,12.22,144.99
304e7fc7db4a67a8ab0403ce4eb42ae0#1,304e7fc7db4a67a8ab0403ce4eb42ae0,ad40d166fe5dd229396bf570cd30fdbe,5a8e7d5003a1f221f9e1d6e411de7c23,8.72,59.90
3056cd8b96b8ff6badf1b936a8cb3bc8#1,3056cd8b96b8ff6badf1b936a8cb3bc8,a30ea5a9dbd95db5a674c4beadb4fb0d,95e03ca3d4146e4011985981aeb959b9,14.10,25.00
305b0101ce8f8fd2d7b32f7480340018#1,305b0101ce8f8fd2d7b32f7480340018,de607575b49bac3e75ff4e11bd3d3c11,827f8f69dfa529c561901c4f2e0f332f,14.52,29.90
305bdb8167732cc44914e064834f8e1c#1,305bdb8167732cc44914e064834f8e1c,7166b2d3c09b93e04279029b28c498e4,5cf13accae3222c70a9cac40818ae839,19.89,99.90
306151d434933050d958f0db23e970a7#1,306151d434933050d958f0db23e970a7,0baaa6da9c9440c4655efd0762a0edcf,e5a3438891c0bfdb9394643f95273d8e,8.11,20.30
306885325658e5d5783776d310d39a74#1,306885325658e5d5783776d310d39a74,c4baedd846ed09b85f78a781b522f126,a1043bafd471dff536d0c462352beb48,50.71,120.00
3082c654714ec45c9d03de5aa2dacc2a#1,3082c654714ec45c9d03de5aa2dacc2a,5cca824e6a0eebe738c8a6381d0d9349,4e922959ae960d389249c378d1c939f5,8.27,29.00
3085f11ff3b5e4498b311733a6cbd9e2#1,3085f11ff3b5e4498b311733a6cbd9e2,42877980a9990b1391c279582c1aa894,b5e3e38609125694d2ea2417522a60b7,25.38,45.99
30c26d11b6d707abbd543b6d1910106d#1,30c26d11b6d707abbd543b6d1910106d,19ac68e14d04f4207dda95e2fd44a960,0be8ff43f22e456b4e0371b2245e4d01,14.45,99.90
30c55005c29694f8bb42f9d42c659aa5#1,30c55005c29694f8bb42f9d42c659aa5,c3097e07a0a5de0d4b4c836d90c5a284,8b321bb669392f5163d04c59e235e066,17.63,13.70
30cbc667959773c36d34c2ce5e02b4ac#1,30cbc667959773c36d34c2ce5e02b4ac,060890b1af8cc031e9dde49cf544f884,8581055ce74af1daba164fdbd55a40de,48.07,89.58
30f0086bfe1b046a524f8acf1d3eaa11#1,30f0086bfe1b046a524f8acf1d3eaa11,a076986c6dbcb66fb479167aa5a1b68e,670c26e0f1bf8d0576271d5cfaec6d2b,14.77,98.90
30f98311688b9a0cc176d88c32b308d3#1,30f98311688b9a0cc176d88c32b308d3,7bdb28a55646012fb3348058d629d9bc,d23019c84ffae2d5ef2270367b8605fc,17.19,59.90
30f98311688b9a0cc176d88c32b308d3#2,30f98311688b9a0cc176d88c32b308d3,9163c7e81fd68452472912c4cde810aa,b499c00f28f4b7069ff6550af8c1348a,10.32,34.99
30fe274ae9909568c501af6539d4306f#1,30fe274ae9909568c501af6539d4306f,a59fb60fddcc72a9878b7ed5cb69d8e4,7040e82f899a04d1b434b795a43b4617,8.29,14.90
310e0c1bbfe5a00061a55e4fa2341fdc#1,310e0c1bbfe5a00061a55e4fa2341fdc,99a4788cb24856965c36a24e339b6058,4a3ca9315b744ce9f8e9374361493884,21.10,86.90
31209eb386cfc93a1aeacf7d2da74f86#1,31209eb386cfc93a1aeacf7d2da74f86,7c197490eb450e4ef0453e2ac0af9f30,9c0e69c7bf2619675bbadf47b43f655a,17.31,221.50
313ecdf6cb87d671335ffbd49eeb13c9#1,313ecdf6cb87d671335ffbd49eeb13c9,3ba2b0de14984ce8f072c58be8d701dd,3ca08eeb8d5595949fed424bd3677742,16.14,99.90
31426d292a5d34315a18ac11d6eef7eb#1,31426d292a5d34315a18ac11d6eef7eb,ef703385b2707af7f9af3e185679811c,a3e9a2c700480d9bb01fba070ba80a0e,13.57,79.00
31570df15e703d337b7b8a1d1ddcab6b#1,31570df15e703d337b7b8a1d1ddcab6b,98a8c2fa16d7239c606640f5555768e4,001cca7ae9ae17fb1caed9dfb1094831,36.85,110.00
315ab79b5d15b5e9304d729579d36a42#1,315ab79b5d15b5e9304d729579d36a42,e3e8e08714c40e0101bd225f06bf4fef,f8db351d8c4c4c22c6835c19a46f01b0,10.96,23.90
316495342fc714e50303c6cf4feea79f#1,316495342fc714e50303c6cf4feea79f,4858799008e3cd4fcab9c61fbc63a2a0,6edacfd9f9074789dad6d62ba7950b9c,7.78,40.90
31663706a4dce48b09b134795a339baf#1,31663706a4dce48b09b134795a339baf,2f13d1dc8b4e1d9d8027be50339546a9,1025f0e2d44d7041d6cf58b6550e0bfa,18.54,105.00
317bfcd79627d89d54a917da6e066beb#1,317bfcd79627d89d54a917da6e066beb,2e511b5741ab14e7f5294df6f1310b03,00fc707aaaad2d31347cf883cd2dfe10,13.89,110.00
31abfb3d839221bf8dc8165fbd494c2f#1,31abfb3d839221bf8dc8165fbd494c2f,c4baedd846ed09b85f78a781b522f126,a1043bafd471dff536d0c462352beb48,23.69,99.99
31b157fa9491800710e3feeb482ccee9#1,31b157fa9491800710e3feeb482ccee9,5113c9a5037013b0a750444df6dec60f,54a1852d1b8f10312c55e906355666ee,12.47,109.90
31b9cf3309387ffd343b19690e6985a0#1,31b9cf3309387ffd343b19690e6985a0,e0d64dcfaa3b6db5c54ca298ae101d05,4869f7a5dfa277a7dca6462dcf3b52b2,12.81,187.00
31d6ca721a02109e3f90202f01c62a4a#1,31d6ca721a02109e3f90202f01c62a4a,19944bc70a13c9b62e18a2bc7e913bb6,0bae85eb84b9fb3bd773911e89288d54,19.32,24.95
31dccf9e7042d47f0c7e77a6952d9ec6#1,31dccf9e7042d47f0c7e77a6952d9ec6,ec242882027ee23182f0e790e4117128,4a3ca9315b744ce9f8e9374361493884,14.68,52.90
31ebb964e83b9262b17cf1583a3eb45f#1,31ebb964e83b9262b17cf1583a3eb45f,e40dacc1c350d93c25ee648abbdd9236,7c67e1448b00f6e969d365cea6b010ab,23.38,139.94
31ebb964e83b9262b17cf1583a3eb45f#2,31ebb964e83b9262b17cf1583a3eb45f,68a058d125ba1544e726898f0b8c0523,7c67e1448b00f6e969d365cea6b010ab,20.45,119.99
31ef15cb5a3faa4df17e96b09cd8c1a1#1,31ef15cb5a3faa4df17e96b09cd8c1a1,da023890ca0515244ea89dc905faceba,8b321bb669392f5163d04c59e235e066,14.10,19.90
31effa440b34ae0432d83ef645db463a#1,31effa440b34ae0432d83ef645db463a,7a10781637204d8d10485c71a6108a2e,4869f7a5dfa277a7dca6462dcf3b52b2,0.00,199.00
32219b8b14d2170cb4d16cf24c5d6025#1,32219b8b14d2170cb4d16cf24c5d6025,4a300735bc293723103db0d0c1bc1585,6f892e20a171e98efe17fdb971ff319b,14.25,70.90
323b3a9ecc47294402658286cce4f37f#1,323b3a9ecc47294402658286cce4f37f,ed77034b92386a1a8cfd3c648d715dde,c9c7905cffc4ef9ff9f113554423e671,15.23,17.00
3241baf723e29f140a6ff9082b7f9aca#1,3241baf723e29f140a6ff9082b7f9aca,a630323d497e2acc89574e8b792c6936,3bb548e3cb7f70f28e3f11ee9dce0e59,13.41,182.90
3241baf723e29f140a6ff9082b7f9aca#2,3241baf723e29f140a6ff9082b7f9aca,a630323d497e2acc89574e8b792c6936,3bb548e3cb7f70f28e3f11ee9dce0e59,13.41,182.90
324213c21d2577b17bca52fb418cce03#1,324213c21d2577b17bca52fb418cce03,cbf96c04205dc933b89e025748c2a057,09bad886111255c5b5030314fc7f1a4a,19.87,97.50
3246fdc7c13d566c0081c78d49ab6515#1,3246fdc7c13d566c0081c78d49ab6515,ec96b7b4e1401281edb9465d0d689cae,5011f0d93373a4c5753adf58ca77af8d,9.94,34.99
324bba1a05579faca9bea05049eda757#1,324bba1a05579faca9bea05049eda757,e0d64dcfaa3b6db5c54ca298ae101d05,4869f7a5dfa277a7dca6462dcf3b52b2,27.14,151.90
32569fba210ee051f2c62dff9d4344ed#1,32569fba210ee051f2c62dff9d4344ed,cc971e0365873137b8bef2ebad633e6f,7a67c85e85bb2ce8582c35f2203ad736,21.17,239.99
326247b4caae19ff40a5b56cb9534c6f#1,326247b4caae19ff40a5b56cb9534c6f,3abefa3ab32440bb6f5937c65c6652f8,b2ba3715d723d245138f291a6fe42594,8.72,49.90
326247b4caae19ff40a5b56cb9534c6f#2,326247b4caae19ff40a5b56cb9534c6f,3abefa3ab32440bb6f5937c65c6652f8,b2ba3715d723d245138f291a6fe42594,8.72,49.90
326247b4caae19ff40a5b56cb9534c6f#3,326247b4caae19ff40a5b56cb9534c6f,3abefa3ab32440bb6f5937c65c6652f8,b2ba3715d723d245138f291a6fe42594,8.72,49.90
328b0c9d60ee7e960061a7860b964ffe#1,328b0c9d60ee7e960061a7860b964ffe,a4f54c9dd963683598b8de115aa031be,8bb48dc19fccaa8613b6229bf7f452a2,15.10,45.60
32931b358e8eb9042cf278a4e233321f#1,32931b358e8eb9042cf278a4e233321f,21fd3b391a97c2fedab9d0efdd183a93,9de4643a8dbde634fe55621059d92273,23.91,488.99
32bda40452bf0485c310bca24eb53886#1,32bda40452bf0485c310bca24eb53886,8899e549604c83a99da5fd3ec51d955d,ce27a3cc3c8cc1ea79d11e561e9bebb6,12.88,31.99
32c28df30cefeb8eb92d79d4adba2e1e#1,32c28df30cefeb8eb92d79d4adba2e1e,c342f482010f1ec6d94f55102e4994b9,dfa0c4c6229ab200a4a1336b4d7128ff,13.61,44.00
32e4fa9bb468884309b58b9348de70c3#1,32e4fa9bb468884309b58b9348de70c3,6d0d7c2d9a4b8b79dbc12c47c74349dd,709e16e2b25c7474d980076c6bfc4806,13.07,59.00
32e4fa9bb468884309b58b9348de70c3#2,32e4fa9bb468884309b58b9348de70c3,6d0d7c2d9a4b8b79dbc12c47c74349dd,709e16e2b25c7474d980076c6bfc4806,13.07,59.00
331d08be3644402c007ee13cf7e21533#1,331d08be3644402c007ee13cf7e21533,eb8c629f70275fd1c4f809116cce1efc,1025f0e2d44d7041d6cf58b6550e0bfa,10.09,35.00
331d08be3644402c007ee13cf7e21533#2,331d08be3644402c007ee13cf7e21533,eb8c629f70275fd1c4f809116cce1efc,1025f0e2d44d7041d6cf58b6550e0bfa,10.09,35.00
33209e0f87b2ed543a0876812c9c5c40#1,33209e0f87b2ed543a0876812c9c5c40,e605538d760f85a1652bc128c724ab31,41b39e28db005d9731d9d485a83b4c38,37.05,159.90
3324048ac2f2df01f583f71758589776#1,3324048ac2f2df01f583f71758589776,ff907ae86deaa05b65cfb3b14166e7c7,a5cba26a62b8b4d0145b68b841e62e7f,12.69,79.90
332ca38a4294471ec2b7ebbff5275d23#1,332ca38a4294471ec2b7ebbff5275d23,4c82c8d31845d751d797debc3d03697f,ce27a3cc3c8cc1ea79d11e561e9bebb6,10.96,29.74
333c80174d4ab24df54210511f4ecbd0#1,333c80174d4ab24df54210511f4ecbd0,5fbfa85126d6e59188d7da79f21e9687,17e34d8224d27a541263c4c64b11a56b,12.81,314.99
334020252534196b67dbda2c892932e1#1,334020252534196b67dbda2c892932e1,c403e106353e1aa40efe783ecb39ed7a,d2374cbcbb3ca4ab1086534108cc3ab7,13.37,38.90
335867dcacb4762eddb7773881b73808#1,335867dcacb4762eddb7773881b73808,a92930c327948861c015c919a0bcb4a8,6560211a19b47992c3666cc44a7e94c0,15.65,78.00
336e923c0b5e6d95d3d0644bf4c516c4#1,336e923c0b5e6d95d3d0644bf4c516c4,9a78fb9862b10749a117f7fc3c31f051,a7f13822ceb966b076af67121f87b063,34.56,169.96
336f7fe8abc3af0bf30d0cf7204ec20f#1,336f7fe8abc3af0bf30d0cf7204ec20f,42a2c92a0979a949ca4ea89ec5c7b934,813348c996469b40f2e028d5429d3495,14.13,59.90
338d39656f66d84fdf7b2d9b578121bf#1,338d39656f66d84fdf7b2d9b578121bf,8640f0c0e2d0af93274cad7452f80034,01fdefa7697d26ad920e9e0346d4bd1b,16.21,64.90
33a3edb84b9df4cb49546859b990ac6d#1,33a3edb84b9df4cb49546859b990ac6d,389d119b48cf3043d311335e499d9c6b,1f50f920176fa81dab994f9023523100,17.60,49.90
33c2430c9d2f05d9d244895aa53b4a82#1,33c2430c9d2f05d9d244895aa53b4a82,d68e8addce6282d07c77214c6acc8885,a080fc8a850289b27500f6b49cca2553,18.79,130.00
33cf8e9da9865079f64965b83061baae#1,33cf8e9da9865079f64965b83061baae,282606dd11c6108bfa47f0e4b0918cfc,d91fb3b7d041e83b64a00a3edfb37e4f,37.21,199.60
33cfd07a622a67d9cd660aa9177b909f#1,33cfd07a622a67d9cd660aa9177b909f,962a6951154f98f2c8e9a5b8b2bcf4a9,1025f0e2d44d7041d6cf58b6550e0bfa,12.43,75.00
33d4257aa190f034f74c6626a12b6e53#1,33d4257aa190f034f74c6626a12b6e53,7aac5971b0560a816c14f6b6e9185bcc,40d54b51e962dbe09cabbcfd33298dee,18.72,209.99
33ef079ec39c1b46e6e552e038e67c5b#1,33ef079ec39c1b46e6e552e038e67c5b,ace5d86cf1ac63cdb76f49e5cd23d2f8,cca3071e3e9bb7d12640c9fbe2301306,11.75,50.90
341dc4ea81fabe7de6af564b72fcf3e2#1,341dc4ea81fabe7de6af564b72fcf3e2,d76c049f36a5b4975aa3cf095a6fa499,3bb548e3cb7f70f28e3f11ee9dce0e59,37.78,124.85
34276839abbc2d596eb36540d36c624c#1,34276839abbc2d596eb36540d36c624c,83b00325c13c44245b2c3a2befa62a0e,ad781527c93d00d89a11eecd9dcad7c1,57.79,159.99
343076b69aa1f03ee4beb49cf6baee58#1,343076b69aa1f03ee4beb49cf6baee58,f1d4ce8c6dd66c47bbaa8c6781c2a923,1f9ab4708f3056ede07124aad39a2554,31.97,174.90
3431f838d49b42723b060fa367b3d294#1,3431f838d49b42723b060fa367b3d294,f7c72fa5d77c897b79b13a5f86f27b02,b2ba3715d723d245138f291a6fe42594,10.14,189.90
3440f090efa1949bc4e9ebd0b89b2b6c#1,3440f090efa1949bc4e9ebd0b89b2b6c,0c3256090b6cc52703b152c874827cd7,3985a3c45be355a4c57fde108bfabd1c,29.55,39.90
3449aa90c200ac98335249ce9f0e3151#1,3449aa90c200ac98335249ce9f0e3151,2eb2543712366c95191841792a725a23,5a05a16bb50629ee31afab8a6d4c2674,13.47,49.90
344c86e9cc82d497519e09dc351d28ff#1,344c86e9cc82d497519e09dc351d28ff,b5e13c9a353102f79c6206ff5cb61a50,a49928bcdf77c55c6d6e05e09a9b4ca5,11.83,89.90
34513ce0c4fab462a55830c0989c7edb#1,34513ce0c4fab462a55830c0989c7edb,f7e0fa615b386bc9a8b9eb52bc1fff76,87142160b41353c4e5fca2360caf6f92,16.13,98.00
3459f554a17b52bc945b6cb98f90142e#1,3459f554a17b52bc945b6cb98f90142e,68d6b012711637d70d3c4e295caaca13,bc302730ea8cf49b5c74f579febb5bbf,7.39,21.99
3480c6733692db0895d7f240dc18d9d6#1,3480c6733692db0895d7f240dc18d9d6,d017a2151d543a9885604dc62a3d9dcc,6560211a19b47992c3666cc44a7e94c0,7.78,49.00
34871174fe1f4c68f7efac5e5b3fbbde#1,34871174fe1f4c68f7efac5e5b3fbbde,c7a94c6dde9d81dc864941084dbdfe45,8f2ce03f928b567e3d56181ae20ae952,11.62,85.90
34b04c30d0f21489e3871bb9083582f6#1,34b04c30d0f21489e3871bb9083582f6,952670bc019a73f0933157ec82ff6e4f,37be5a7c751166fbc5f8ccba4119e043,15.11,214.99
34b796020f4e844c32a2be513b713f4e#1,34b796020f4e844c32a2be513b713f4e,1a4949c8e8e15e002d012272e49817ea,d6b1ce66b035a475f00c017792ff9769,18.49,56.00
34b796020f4e844c32a2be513b713f4e#2,34b796020f4e844c32a2be513b713f4e,1a4949c8e8e15e002d012272e49817ea,d6b1ce66b035a475f00c017792ff9769,18.49,56.00
34bc0a0bfffcb81d3b412e77e2933a4a#1,34bc0a0bfffcb81d3b412e77e2933a4a,750dcfda0a9788bba89c94bb82a322db,53e4c6e0f4312d4d2107a8c9cddf45cd,11.15,22.99
34c194055d9ef88a32906284191174df#1,34c194055d9ef88a32906284191174df,1176fc831c22bd69f919a091f888fd65,0c7f30ae9b147eca07affbef92832a6a,20.43,39.90
34d7c2c94f8f4d4f2153adcb60b22145#1,34d7c2c94f8f4d4f2153adcb60b22145,6c3effec7c8ddba466d4f03f982c7aa3,37515688008a7a40ac93e3b2e4ab203f,11.85,19.90
3505a2f5fdc9c1c19d2eea9bfdac56c4#1,3505a2f5fdc9c1c19d2eea9bfdac56c4,4a8388d725082add032c3a248d515142,cea729054f157f5870bdd321a958d994,37.27,51.90
351126ee473c51592cb591efea295181#1,351126ee473c51592cb591efea295181,d950221a89e7555306dc5daef996e134,612170e34b97004b3ba37eae81836b4c,18.99,91.99
35298b52820bdcc64b7bf71ccc28a36c#1,35298b52820bdcc64b7bf71ccc28a36c,f731f8587d4088c174397e010cf892a9,cc419e0650a3c5ba77189a1882b7556a,25.68,56.99
3529da555e9238eaa0ac000c0ee4fb05#1,3529da555e9238eaa0ac000c0ee4fb05,7c1bd920dbdf22470b68bde975dd3ccf,cc419e0650a3c5ba77189a1882b7556a,13.43,58.99
354310406adf3de2d6793865cca4eb97#1,354310406adf3de2d6793865cca4eb97,f5f0b722d7662e8939727fb49e45d046,7e93a43ef30c4f03f38b393420bc753a,19.07,759.99
354ca44327bb555017ef42fd921ada11#1,354ca44327bb555017ef42fd921ada11,0de1e69dff6f40f9f71be7034a8bb8d2,620c87c171fb2a6dd6e8bb4dec959fc6,18.00,349.90
3550480abae8b6120d0c8d5ca9bbbdfd#1,3550480abae8b6120d0c8d5ca9bbbdfd,7a8dfec813ae58cfaa3e1ef9f534adab,4c18691b6037662be2df78a765d98ab5,22.93,36.50
3562e5cbf3effd83e186fe72ebb92f95#1,3562e5cbf3effd83e186fe72ebb92f95,b3cf0a98f31b76ed0cec13d9c77102c4,1bb2bdb95f4841f1bba2c0d2cd83d3c9,14.10,27.93
35660aec0cc42b6257e24281ee0e6255#1,35660aec0cc42b6257e24281ee0e6255,aba86c093ccdbac75b09111d57e50004,7c67e1448b00f6e969d365cea6b010ab,25.40,129.60
3568894fa3afedc367d3a4816983dceb#1,3568894fa3afedc367d3a4816983dceb,dfb92838905ead933a01256a80edc894,76d5af76d0271110f9af36c92573f765,19.53,320.00
356ed2aedda45710304b7995223e54df#1,356ed2aedda45710304b7995223e54df,b60856ce32d90658dbf99b9485327c25,8b321bb669392f5163d04c59e235e066,14.10,9.00
3577c461493c5ac55453a02540f6c430#1,3577c461493c5ac55453a02540f6c430,5411e9269501a870cabf632f05655131,3d871de0142ce09b7081e2b9d1733cb1,18.15,129.00
35a43762d907c68ab2a6a697fe52a336#1,35a43762d907c68ab2a6a697fe52a336,35afc973633aaeb6b877ff57b2793310,4a3ca9315b744ce9f8e9374361493884,21.56,86.90
35b5262480e3a45052ad1b8070395e36#1,35b5262480e3a45052ad1b8070395e36,c6bc6e6265a9e3e202b0e843c983e77f,1835b56ce799e6a4dc4eddc053f04066,12.83,55.99
35b7d83c8629ba8d0f718d9d293cf436#1,35b7d83c8629ba8d0f718d9d293cf436,a60613d36f37a7b27d3344f40f6a7945,ad420dd0c4f92f8af951ac24b86d0cf5,19.22,160.00
35c369ca367805c6b6c59ce554768eef#1,35c369ca367805c6b6c59ce554768eef,617186c3d97ea56c9c683a8a3974e8c1,cc419e0650a3c5ba77189a1882b7556a,9.41,84.99
35db0e3e9fffd2d0187b56f434931db4#1,35db0e3e9fffd2d0187b56f434931db4,ce6bbfa347690099b21b9d688772d5ab,c9c7905cffc4ef9ff9f113554423e671,15.95,169.99
35e836760fcb033c916131ff094d1d21#1,35e836760fcb033c916131ff094d1d21,f819f0c84a64f02d3a5606ca95edd272,7d13fca15225358621be4086e1eb0964,19.94,499.90
3606d0126c19d4197f835572f5162c20#1,3606d0126c19d4197f835572f5162c20,4aa6014eceb682077f9dc4bffebc05b0,b8bc237ba3788b23da09c0f1f3a3288c,46.48,289.00
360d163a85ba5960c9c1f0880fcac099#1,360d163a85ba5960c9c1f0880fcac099,763c99ba797c7d691e58bec3d42843bf,53e4c6e0f4312d4d2107a8c9cddf45cd,9.34,19.99
362cc20bf09835f4398cedd319fb7d8e#1,362cc20bf09835f4398cedd319fb7d8e,a5bc1334f1762ce0a844f3f694dc08e1,1900267e848ceeba8fa32d80c1a5f5a8,27.22,69.99
364bfe8be0f9a89a9a817d0e8ecd859c#1,364bfe8be0f9a89a9a817d0e8ecd859c,0b814a3c8fa6dbb849df7c28c1bd6831,3ade81dab5a172b88e1871c28ae05260,28.04,169.00
36530871a5e80138db53bcfd8a104d90#1,36530871a5e80138db53bcfd8a104d90,ba4bfbf74dbe7ab37e263b9326da0523,f8db351d8c4c4c22c6835c19a46f01b0,26.89,36.90
369423839b4d9789d69665b7c2361443#1,369423839b4d9789d69665b7c2361443,719845ce971819fd01ef5e1e9441390b,46dc3b2cc0980fb8ec44634e21d2718e,15.80,149.99
369423839b4d9789d69665b7c2361443#2,369423839b4d9789d69665b7c2361443,719845ce971819fd01ef5e1e9441390b,46dc3b2cc0980fb8ec44634e21d2718e,15.80,149.99
36995f50cacc28693fffcdb6af6cfedc#1,36995f50cacc28693fffcdb6af6cfedc,f422d0d9f8b5f7c27289382b14b61248,1554a68530182680ad5c8b042c3ab563,17.21,66.99
369cb139024a5e7dcc497edd71a6f244#1,369cb139024a5e7dcc497edd71a6f244,d017a2151d543a9885604dc62a3d9dcc,6560211a19b47992c3666cc44a7e94c0,14.10,49.00
36a5fd80b9f8ee414ac234368584a876#1,36a5fd80b9f8ee414ac234368584a876,29c9a765d2ce9ee6d6ee72d6c316b9ef,244c2f1bff6afe1f2eaf9bfe9b2aed38,31.00,99.00
36a6432a0a4312955a3e57af99e83b80#1,36a6432a0a4312955a3e57af99e83b80,56a5da29b4975931b470aa9d61ced8d3,1d4587203296c8f4ad134dc286fa6db0,15.41,44.90
36cd1ce42b6013f372ceb0a80b2a1b7c#1,36cd1ce42b6013f372ceb0a80b2a1b7c,58249dbd9270974a6a9d8f0222410165,0241d4d5d36f10f80c644447315af0bd,34.55,295.00
36da3594f270f9d28bae07df5974d240#1,36da3594f270f9d28bae07df5974d240,24c66f106f642621e524291a895c9032,620c87c171fb2a6dd6e8bb4dec959fc6,14.64,149.90
36de74432623754a27b12d81c299f10b#1,36de74432623754a27b12d81c299f10b,13c68a908e3ec61b48544be41a74e8cd,0c8380b62e38e8a1e6adbeba7eb9688c,42.54,222.30
36ebb4199031e72a1fa964549b88c377#1,36ebb4199031e72a1fa964549b88c377,e7db7c40ea6647c808d48581f1308d88,1d8dbc4f32378d715c717c1c1fc57bae,23.35,109.90
37104fd8b73d0691fda9491fe8906808#1,37104fd8b73d0691fda9491fe8906808,1dceebcc5f23c02ea23e16d5bedca000,4e922959ae960d389249c378d1c939f5,16.11,45.00
37104fd8b73d0691fda9491fe8906808#2,37104fd8b73d0691fda9491fe8906808,1dceebcc5f23c02ea23e16d5bedca000,4e922959ae960d389249c378d1c939f5,16.11,45.00
371f13dd168ce30a881e0db8cf3929fb#1,371f13dd168ce30a881e0db8cf3929fb,15ae68f4be12b1e7037da33a1ef9753a,2528513dd95219a6013d4d05176e391a,66.87,599.00
373050e6af734517549f69f888763324#1,373050e6af734517549f69f888763324,b8dabeb598db5ace52983a669b90238e,53e4c6e0f4312d4d2107a8c9cddf45cd,17.41,72.00
3735720b8c1cd4212fa0866a8e58a049#1,3735720b8c1cd4212fa0866a8e58a049,de80c37c338574091896b7fdc81dc376,5b85809efd0d0e4dea1a9544e1280ed9,19.21,189.90
37575790ea3501cfd8c51bfe42e08950#1,37575790ea3501cfd8c51bfe42e08950,777c635c0e75758c283037a6ae684c20,ce616e1913288884e7742faac9d981db,8.88,26.90
375f80ffc05feb35ce2680f1fa490575#1,375f80ffc05feb35ce2680f1fa490575,b23cca4f37391d03408aed65983bdc40,fc99f99385ae90f66f01733856fb88c9,21.12,89.90
376a342d70faa7a733b871acc701def8#1,376a342d70faa7a733b871acc701def8,cae79e3b5c787c231543fa415a20b5cc,56642bcb79900e777d68e91915cb4267,14.10,28.00
377627ea55b004e8d55a2af17ba3c0e1#1,377627ea55b004e8d55a2af17ba3c0e1,e8ac63e69971f9cf0bd7a7f78b8841ab,6560211a19b47992c3666cc44a7e94c0,8.26,199.00
378035ea5017f82d47a885f52fff9be1#1,378035ea5017f82d47a885f52fff9be1,e168af8b2f0d9319737c6a7a37904f9e,3586b8580d9c917874e053a1bb37b5ff,14.52,18.90
3783e0b4f1ef0985e0d9aca4629f756b#1,3783e0b4f1ef0985e0d9aca4629f756b,fc1d8637c0268af3db482c14b7ef8e75,da8622b14eb17ae2831f4ac5b9dab84a,12.14,149.90
378aab9f026bcce6c5d6b5b6453be88a#1,378aab9f026bcce6c5d6b5b6453be88a,adf8f4e4c2e176a9e7437e484066f769,e5a3438891c0bfdb9394643f95273d8e,7.71,13.30
378d03578566e65bc195cc5296a31526#1,378d03578566e65bc195cc5296a31526,2604055d4992311bc72b115b6d5adda9,440dd6ab244315c632130ecfb63827b1,14.66,234.00
37d6c8f1b209eab8d1b6522a1a3e4d88#1,37d6c8f1b209eab8d1b6522a1a3e4d88,111d0b1e69f349615615113cf6b275fa,6d66611d7c44cc30ce351abc49a68421,9.34,25.90
37e32b54f25d2472acbc642f7e539a36#1,37e32b54f25d2472acbc642f7e539a36,617186c3d97ea56c9c683a8a3974e8c1,cc419e0650a3c5ba77189a1882b7556a,14.34,84.99
38097aba0f729783af8bf48eabf5e496#1,38097aba0f729783af8bf48eabf5e496,306dcbc0bb646b50b3d86c6803558347,b6d44737c043328708f6749c2dbe50bd,17.93,39.90
38097aba0f729783af8bf48eabf5e496#2,38097aba0f729783af8bf48eabf5e496,306dcbc0bb646b50b3d86c6803558347,b6d44737c043328708f6749c2dbe50bd,17.93,39.90
38097aba0f729783af8bf48eabf5e496#3,38097aba0f729783af8bf48eabf5e496,306dcbc0bb646b50b3d86c6803558347,b6d44737c043328708f6749c2dbe50bd,17.93,39.90
38171cba31c7211ce21559574998ffdd#1,38171cba31c7211ce21559574998ffdd,55af6f61ee17f7290ce7bb14b6e38a60,79ebd9a61bac3eaf882805ed4ecfa12a,20.08,119.90
3821dc9ac1b25bed42324d0885b0a930#1,3821dc9ac1b25bed42324d0885b0a930,33900d427fa4bd3f509cdacda72e84a3,c731d18cea9bf687ffee82a241c25b11,27.06,140.00
3821dc9ac1b25bed42324d0885b0a930#2,3821dc9ac1b25bed42324d0885b0a930,33900d427fa4bd3f509cdacda72e84a3,c731d18cea9bf687ffee82a241c25b11,27.06,140.00
3860898db238028285b1e05b5ab31238#1,3860898db238028285b1e05b5ab31238,c04b8195870068ff5c495f269a0bc993,ba143b05f0110f0dc71ad71b4466ce92,19.53,48.99
38957bce5d0653b7a5b419556e7b9ba3#1,38957bce5d0653b7a5b419556e7b9ba3,cb48e30ec967ad7cf282f8b417e397e2,9e6229250fedbe05838fef417b74e7fb,18.18,149.90
38971812f1db9e4a30885e5574dcbe53#1,38971812f1db9e4a30885e5574dcbe53,cbf5cf4e5d906cda4c6d91d5b7b15e8b,edb1ef5e36e0c8cd84eb3c9b003e486d,3.14,149.65
38971812f1db9e4a30885e5574dcbe53#2,38971812f1db9e4a30885e5574dcbe53,c5cd81e7dcab1a6baed9cedff7c531ef,d566c37fa119d5e66c4e9052e83ee4ea,39.29,67.90
38a7d2cc64bcabb5595e709def8dba7e#1,38a7d2cc64bcabb5595e709def8dba7e,54d9ac713e253fa1fae9c8003b011c2a,955fee9216a65b617aa5c0531780ce60,15.98,29.50
38aa75897750a332bf16c880772df768#1,38aa75897750a332bf16c880772df768,6cc44821f36f3156c782da72dd634e47,da8622b14eb17ae2831f4ac5b9dab84a,11.86,109.90
38b7efdf33dd5561f4f5d4f6e07b0414#1,38b7efdf33dd5561f4f5d4f6e07b0414,8988d11aace15e3c9e25763c6d87dcf5,891071be6ba827b591264c90c2ae8a63,14.10,29.99
38c1e3d4ed6a13cd0cf612d4c09766e9#1,38c1e3d4ed6a13cd0cf612d4c09766e9,73c92dd0decac87c55334f6ae653ad36,080199a181c46c657dc5aa235411be3b,9.45,179.49
38c4ae942b818085578157aabd4abf9e#1,38c4ae942b818085578157aabd4abf9e,d1c427060a0f73f6b889a5c7c61f2ac4,a1043bafd471dff536d0c462352beb48,54.65,129.00
38c529a4eb301fab3df50bd0e3c0ecdf#1,38c529a4eb301fab3df50bd0e3c0ecdf,ba2c575c1739bce3944c1480d5ca934b,391fc6631aebcf3004804e51b40bcf1e,50.68,520.20
38d6205cb4508e8d63dcbae0aac1fe96#1,38d6205cb4508e8d63dcbae0aac1fe96,2948658cb6abc82847412be7201bfc4c,955fee9216a65b617aa5c0531780ce60,34.31,110.00
38d7ca365470a06bd907802a6a62d83a#1,38d7ca365470a06bd907802a6a62d83a,db7f3f42ccab32fa6328b3063b278bcc,7299e27ed73d2ad986de7f7c77d919fa,15.10,38.00
38dcebae9b5bd88cd2acd6f8f787336d#1,38dcebae9b5bd88cd2acd6f8f787336d,389d119b48cf3043d311335e499d9c6b,1f50f920176fa81dab994f9023523100,17.67,59.90
38e56e4a15bae88b8f5115849c500e77#1,38e56e4a15bae88b8f5115849c500e77,bfae0d55eef43da69474aadac456cbe4,4d6d651bd7684af3fffabd5f08d12e5a,19.11,175.00
3909091186fad2ea417f3166d4067808#1,3909091186fad2ea417f3166d4067808,13ed40194df36dfe1dc2bf7e4ce3bcf2,391fc6631aebcf3004804e51b40bcf1e,13.44,59.81
390d4039e108e33c6a93031f5f3f9e0d#1,390d4039e108e33c6a93031f5f3f9e0d,3becff10d1deb92b02f2a1ee62a04524,5b8154610ebb21fb90eb587365e673df,36.29,419.00
3923e3ade70348985bd2ca389905cf19#1,3923e3ade70348985bd2ca389905cf19,7bdb28a55646012fb3348058d629d9bc,d23019c84ffae2d5ef2270367b8605fc,18.25,59.90
3928ee08774d7c7850f58871b25ce3ec#1,3928ee08774d7c7850f58871b25ce3ec,a671b5c0b737258c5a3262826e3dd9c5,fa1a9dec3a9940c072684a46728bf1fc,23.77,137.90
394f1635c89b6816274552e7caa43099#1,394f1635c89b6816274552e7caa43099,14bc0f89b7126bb00dfa6432d85340de,4869f7a5dfa277a7dca6462dcf3b52b2,16.07,188.00
397734101cdc7f8ac3663089a968a763#1,397734101cdc7f8ac3663089a968a763,3570caaeaa3f5a1ae76392bb2b4155f9,7008613ea464bad5cb9b83456e1e6a8f,25.25,58.00
397f4ed009841e83e71435ab9376cc8c#1,397f4ed009841e83e71435ab9376cc8c,4dc2ff2b31e5b034eac68824c9394902,77530e9772f57a62c906e1c21538ab82,45.96,299.00
39a0eaa2a980c810beaf68d76e52fa96#1,39a0eaa2a980c810beaf68d76e52fa96,ef0e165d773ec293c5aeb5470a08b183,7ddcbb64b5bc1ef36ca8c151f6ec77df,18.17,179.99
39a484e6a644f8edeb11c2c8ed218069#1,39a484e6a644f8edeb11c2c8ed218069,9bfc55df037ce3ac01bfd84781adf7e5,7d13fca15225358621be4086e1eb0964,16.57,590.00
39ca4fbb87367cf7440fc32125b86202#1,39ca4fbb87367cf7440fc32125b86202,72172e982e8b92155069e4201c92c0bb,e9779976487b77c6d4ac45f75ec7afe9,10.96,28.00
39e9813f11fbc948f71cfaf189976662#1,39e9813f11fbc948f71cfaf189976662,0bb7cb61f1957f79dac582ab66ccdc1f,e26901d5ab434ce92fd9b5c256820a4e,14.52,23.90
3a129877493c8189c59c60eb71d97c29#1,3a129877493c8189c59c60eb71d97c29,7e857e35018e4a05b7d124d1628dc1f0,3fd1e727ba94cfe122d165e176ce7967,15.10,35.90
3a25cded45c3f7fe9dee01dceed4a97a#1,3a25cded45c3f7fe9dee01dceed4a97a,83cf2637b3c035693ee58369b791d966,05d2173d43ea568aa0540eba70d2ca76,25.25,58.00
3a31fc2eeec3c45ebdb6a390a5b1d3e2#1,3a31fc2eeec3c45ebdb6a390a5b1d3e2,5599be6fe59cd2257edfdec9d45442e0,116ccb1a1604bc88e4d234a8c23f33de,14.10,16.00
3a353ddf8b0cac74d4b4376f526283cd#1,3a353ddf8b0cac74d4b4376f526283cd,cf600a2ef17c0e0d1ab1f65b0b6420f1,14a08204d03bb6b6bde8029f801ae0eb,11.15,60.00
3a39e6f440a811e9d4ad1bf47dd6c14d#1,3a39e6f440a811e9d4ad1bf47dd6c14d,72c0ede833dac61a24ac9a7c394066a5,3d871de0142ce09b7081e2b9d1733cb1,16.11,29.90
3a69cf7fb9acd41b2781253402540b9b#1,3a69cf7fb9acd41b2781253402540b9b,cec09725da5ed01471d9a505e7389d37,4d6d651bd7684af3fffabd5f08d12e5a,16.12,59.90
3a6be3906d26bffb0ee2c640eb2ac480#1,3a6be3906d26bffb0ee2c640eb2ac480,d2f1cd931c7b76fefa93547cc1b4881b,f7720c4fa8e3aba4546301ab80ea1f1b,16.40,18.75
3a6be3906d26bffb0ee2c640eb2ac480#2,3a6be3906d26bffb0ee2c640eb2ac480,76426979761800347e9ea486ece96976,f7720c4fa8e3aba4546301ab80ea1f1b,16.41,16.75
3a830ecb5338f0ff69822d388b64822e#1,3a830ecb5338f0ff69822d388b64822e,bb1865456593db5a35bcc2b23174a09d,04aa0a1c5ce6b222003403a3e11c3cc0,98.02,109.00
3a84d8311ec3bc442b8e2413a6b770c6#1,3a84d8311ec3bc442b8e2413a6b770c6,42ec84ace63b58b8c5a7ba7be01d5fb8,2a84855fd20af891be03bc5924d2b453,31.57,99.90
3aafcd1ad1ad58bf5b66b06ed8935de9#1,3aafcd1ad1ad58bf5b66b06ed8935de9,d692d19cee022f7acab76373f297ad6a,00ee68308b45bc5e2660cd833c3f81cc,17.14,127.00
3ab5bdee7463665002059afbc68144b3#1,3ab5bdee7463665002059afbc68144b3,57f2de7e1c6028c7d38a50cff155c794,9616352088dcf83a7c06637f4ebf1c80,13.37,39.00
3acf8c12de0c5a31ce57671e97cb48a1#1,3acf8c12de0c5a31ce57671e97cb48a1,664fa109c2fdc2f1c8f1ec2b6863fe5c,46dc3b2cc0980fb8ec44634e21d2718e,16.42,219.99
3ad68235680db3c8a491e0362402fd96#1,3ad68235680db3c8a491e0362402fd96,97b3b8e8ed22d0ceb3b3c520e806a334,8b321bb669392f5163d04c59e235e066,7.78,14.60
3b14820d642ea72e95df3289b6539c1c#1,3b14820d642ea72e95df3289b6539c1c,6b82bdfc88a9241c396addd75f5c8baa,213b25e6f54661939f11710a6fddb871,19.50,75.90
3b2124c60aeceeefe963adfc35d0310d#1,3b2124c60aeceeefe963adfc35d0310d,a5341e3f8155dbb3e62323d3ea289729,ff063b022a9a0aab91bad2c9088760b7,20.05,79.50
3b2ca3293a7ce539ea2379d704fa37ce#1,3b2ca3293a7ce539ea2379d704fa37ce,33e0cfd1cd80a0491da068d7a7f93ff8,dd2bdf855a9172734fbc3744021ae9b9,14.97,169.90
3b2cfa22d9226264ad6c05510c4a3ef3#1,3b2cfa22d9226264ad6c05510c4a3ef3,aa8bc5595ba5d066c744e14995402cdd,fe2032dab1a61af8794248c8196565c9,15.70,279.00
3b39d2ddd9066f382c924cc2c51dc584#1,3b39d2ddd9066f382c924cc2c51dc584,7cd29da0653abeb444703cc5a957f479,620c87c171fb2a6dd6e8bb4dec959fc6,15.10,37.90
3b3c727f2f017c3efa05f74a729727d0#1,3b3c727f2f017c3efa05f74a729727d0,55945cf4a4e6def88dcc8996a581608a,9b013e03b2ab786505a1d3b5c0756754,18.59,101.49
3b4ad687e7e5190db827e1ae5a8989dd#1,3b4ad687e7e5190db827e1ae5a8989dd,6026308f343d15d492324e7e35ba5685,966cb4760537b1404caedd472cc610a5,21.01,844.00
3b4f91054cb9728a62114d3103612374#1,3b4f91054cb9728a62114d3103612374,37f9b5f1e37fc317e03a93b80915992b,7c67e1448b00f6e969d365cea6b010ab,17.42,139.99
3b7a0831b87f721284d340cd1b55fb91#1,3b7a0831b87f721284d340cd1b55fb91,a92e80a616f43e92e581a60fa5b30dfb,6b243f80ed07b10f0e8aa0f21a205f3c,15.10,44.90
3b881091c6fc2687191b01c705287c13#1,3b881091c6fc2687191b01c705287c13,e7cc48a9daff5436f63d3aad9426f28b,53243585a1d6dc2643021fd1853d8905,19.34,170.00
3badf985142f06c3bf4da07d49992716#1,3badf985142f06c3bf4da07d49992716,78119fbfa709d07b86f5ccf15043c6d6,b33e7c55446eabf8fe1a42d037ac7d6d,12.90,199.98
3bb580c88504df63102b61f70164fb75#1,3bb580c88504df63102b61f70164fb75,fe6a9515d655fa7936b8a7c841039f34,dc317f341ab0e22f39acbd9dbf9b4a1f,69.21,249.90
3bbbeac55063ea854a8b5d32a2cbf8b0#1,3bbbeac55063ea854a8b5d32a2cbf8b0,ba90d9569ff1f3add3d6bc10532688f9,d558ebe531605a1285ab2b1bc3256dfb,19.94,139.00
3bc5517fcadd466c8f345fef8e529e95#1,3bc5517fcadd466c8f345fef8e529e95,389d119b48cf3043d311335e499d9c6b,1f50f920176fa81dab994f9023523100,17.67,59.90
3bc5517fcadd466c8f345fef8e529e95#2,3bc5517fcadd466c8f345fef8e529e95,389d119b48cf3043d311335e499d9c6b,1f50f920176fa81dab994f9023523100,17.67,59.90
3bc77ce8be27211bac313c2daa402d1a#1,3bc77ce8be27211bac313c2daa402d1a,f497ba62f1d6b4f6a3a3266fa8623ad3,6df688df543f90e9b38f4319e75a9d88,8.78,58.20
3c04118e4788bb999f7371015e3dbdbe#1,3c04118e4788bb999f7371015e3dbdbe,b71ed32edb9ce4684e10a11309011b60,5a93f3ab0ef4c84ed5e1b5dbf23978bc,11.85,10.00
3c333445207b077f35c9e81a7e7c7273#1,3c333445207b077f35c9e81a7e7c7273,e84e2fd4fd9f8789bd8cb6deaca58d30,ba89796db68db180bd389de96b2ff3b6,14.73,59.90
3c3fa8869e142a240f57aef59c095f6c#1,3c3fa8869e142a240f57aef59c095f6c,d06466afa11453b6450b70992c90ece7,db2956745b3a8e9f3785c99f34b5d25e,20.43,208.00
3c5b8e9f31061a7aeb8531216a18606d#1,3c5b8e9f31061a7aeb8531216a18606d,48f45fb4d7e27353b8abef59be38b65e,8b28d096634035667e8263d57ba3368c,13.72,99.90
3c8876b8e5a484c81a1aa6c8bc4e65d6#1,3c8876b8e5a484c81a1aa6c8bc4e65d6,77cc62dc80ebe12a0452d1ce0565acdc,218d46b86c1881d022bce9c68a7d4b15,33.24,113.00
3c8f1081e21484680c3885d3bb35272c#1,3c8f1081e21484680c3885d3bb35272c,3efd399c5d016b9e6a5ad3196eade44f,503c1de08ae81a2d86f17951b204db55,17.74,213.00
3c8f34ce6765b01eb78b79eec5617971#1,3c8f34ce6765b01eb78b79eec5617971,20f160a9cf2e856ee5eba259e9ae33f9,17e34d8224d27a541263c4c64b11a56b,15.93,167.92
3c901df8e80c646961877910379f4c1d#1,3c901df8e80c646961877910379f4c1d,c5841303f830680eb1cdda8be0ff35bf,b561927807645834b59ef0d16ba55a24,15.10,38.00
3c9a3ff1e41cb58bb8a24ae6f6eea080#1,3c9a3ff1e41cb58bb8a24ae6f6eea080,0bbdc963004d9b2fd3427ee3c5ae3608,06df0c10d34e459d9672bc77388742eb,15.21,299.00
3cb69ccd08eea344a68a66e8ce49a282#1,3cb69ccd08eea344a68a66e8ce49a282,3236ebd1684fa3ff2b74858fcd9ea688,6ec1a01e866584bb679eb9b098345919,13.44,59.40
3cdd33ec05cf28374828827789437fc3#1,3cdd33ec05cf28374828827789437fc3,99a4788cb24856965c36a24e339b6058,4a3ca9315b744ce9f8e9374361493884,13.00,79.90
3ce16e50c1842ad30631811796a31afc#1,3ce16e50c1842ad30631811796a31afc,0fdfe56a4dfd7aab5a321fe89f7fc63d,d1c281d3ae149232351cd8c8cc885f0d,15.91,113.99
3d087f98b006ae162b5e3b56e7bfdb4a#1,3d087f98b006ae162b5e3b56e7bfdb4a,306599a052830af3cfebe42ee7a79dde,53e4c6e0f4312d4d2107a8c9cddf45cd,17.64,55.00
3d0ad2666f5de49d63ad8ed0af80d3bc#1,3d0ad2666f5de49d63ad8ed0af80d3bc,798edd0e46657089dcdd3ae893a5b015,7354220fb240bde543b3c40c060d41e7,43.12,120.00
3d17947832f443d603d5329d4f42b210#1,3d17947832f443d603d5329d4f42b210,d0349534ab9b46b98d13a53051310f24,229c3efbfb0ea2058de4ccdfbc3d784a,13.59,67.00
3d205e6a3bde8bd5a480aba4d26dd315#1,3d205e6a3bde8bd5a480aba4d26dd315,16cb37c8d7713ae295b4c1a92a3f338c,2f4b0d3b9634b647d4edee577d7ebb7e,7.78,34.90
3d242cd631044a419d68e504892eacda#1,3d242cd631044a419d68e504892eacda,ce149636a055d9eded4cde55da9ebd3b,a6fe7de3d16f6149ffe280349a8535a0,11.92,59.90
3d34d8e3ea34d73617a75deea86ced48#1,3d34d8e3ea34d73617a75deea86ced48,99a4788cb24856965c36a24e339b6058,4a3ca9315b744ce9f8e9374361493884,16.26,89.90
3d4359c9a8031f632995e7923608dd4d#1,3d4359c9a8031f632995e7923608dd4d,9c1f132d460c48b30f756f3585d4a894,921323538c9f1c4e816f2720eac02bea,9.59,119.90
3d47aacc4c27ad170b1004695eb0c359#1,3d47aacc4c27ad170b1004695eb0c359,7f72a8900b3d2fc8fa2635b7836d6e6e,7299e27ed73d2ad986de7f7c77d919fa,22.39,64.99
3d4a36b2720a815f829c5e1f82bbd0d5#1,3d4a36b2720a815f829c5e1f82bbd0d5,318fda70a35e94c586339fe51eafbe7d,98dac6635aee4995d501a3972e047414,14.24,22.66
3d4a36b2720a815f829c5e1f82bbd0d5#2,3d4a36b2720a815f829c5e1f82bbd0d5,318fda70a35e94c586339fe51eafbe7d,98dac6635aee4995d501a3972e047414,14.24,22.66
3d4a36b2720a815f829c5e1f82bbd0d5#3,3d4a36b2720a815f829c5e1f82bbd0d5,318fda70a35e94c586339fe51eafbe7d,98dac6635aee4995d501a3972e047414,14.24,22.66
3d6031aba8562253267cc241b6113b98#1,3d6031aba8562253267cc241b6113b98,f3b5bbdfd20be94cc96583501d2819ce,a416b6a846a11724393025641d4edd5e,10.05,151.74
3d7fb1dd6ff6f0eedb9976eda81e4a95#1,3d7fb1dd6ff6f0eedb9976eda81e4a95,422879e10f46682990de24d770e7f83d,1f50f920176fa81dab994f9023523100,13.41,49.00
3d89350fbbbebf725356d7abe70f17a0#1,3d89350fbbbebf725356d7abe70f17a0,b80921007ed3f68cf6e536e6daf08610,ea8482cd71df3c1969d7b9473ff13abc,14.10,29.99
3d965a3a3a9aae822a8f40ddf0184df1#1,3d965a3a3a9aae822a8f40ddf0184df1,a92930c327948861c015c919a0bcb4a8,6560211a19b47992c3666cc44a7e94c0,7.81,78.00
3db52c1df4d52ab19d7e7365d647f6fc#1,3db52c1df4d52ab19d7e7365d647f6fc,b046862b2553fe4962392cdc93a2ae93,b1a81260566c1bac3114a6d124413f27,15.41,189.90
3dbf60040199f502ec5dd67f86b804ab#1,3dbf60040199f502ec5dd67f86b804ab,3d22445510fe5a03299a8d2a5da7abf4,a416b6a846a11724393025641d4edd5e,17.05,326.66
3dcc4c9174a04ed82d42905c7dd139e7#1,3dcc4c9174a04ed82d42905c7dd139e7,7f0362988b16ac7b5f65dc5fd0fbc77f,5656537e588803a555b8eb41f07a944b,15.79,20.89
3dcf2c01583e72e6d43ea642b44274b5#1,3dcf2c01583e72e6d43ea642b44274b5,340e3e28357bb29f7612c86c13d9729a,cc419e0650a3c5ba77189a1882b7556a,16.05,49.99
3dddd02cc38fbaa0a544a1e928aee40e#1,3dddd02cc38fbaa0a544a1e928aee40e,a70d74f54feefedd8108c45553766340,a6fe7de3d16f6149ffe280349a8535a0,12.79,49.90
3de1449e72332066f82b8130406dfeb3#1,3de1449e72332066f82b8130406dfeb3,1eba879220bd0981a0e2fbab499ed4e1,5058e8c1e82653974541e83690655b4a,29.15,89.99
3df54c9248f6d2eef8f08ad39f422abd#1,3df54c9248f6d2eef8f08ad39f422abd,7c6ae4d12d2754ca0826ad17792c554e,e9779976487b77c6d4ac45f75ec7afe9,9.01,180.49
3e1c06f2560af40104080f8790989a33#1,3e1c06f2560af40104080f8790989a33,ab1f9387c0627dd24000bfbc54fdeee0,8b321bb669392f5163d04c59e235e066,15.23,12.25
3e2c9148e8b9cca0ec6d480ee316ecb8#1,3e2c9148e8b9cca0ec6d480ee316ecb8,f28a5b15b3dba915b2df1b23be439ab8,e89c4adbe7b1d0819dbb636e16461cf1,13.71,42.90
3e52730ef2fac6c1dc97b85aa5180ff0#1,3e52730ef2fac6c1dc97b85aa5180ff0,2b5000342506556984dc8d0dcdbd4921,d91fb3b7d041e83b64a00a3edfb37e4f,18.44,80.00
3e6fcbe51e870332ced599c465eb6df0#1,3e6fcbe51e870332ced599c465eb6df0,abf7c583f35ff13ce82c05debdef8ef0,cea729054f157f5870bdd321a958d994,9.63,126.00
3e8beb10c7fe2966555446e8575a88b7#1,3e8beb10c7fe2966555446e8575a88b7,437c05a395e9e47f9762e677a7068ce7,7f7b8245c336066a1f9933c359f11d77,7.62,50.75
3e8de743dd3009df8fc34e0555124ed8#1,3e8de743dd3009df8fc34e0555124ed8,2d0090282bd77e1ae0f6336ba500facf,4371b634e0efc0e22b09b52907d9d469,7.78,30.00
3eb08a4c95b522bed075ec059ad858ab#1,3eb08a4c95b522bed075ec059ad858ab,fcf6ad274391aea29f5d6e5ef9da5050,5cf13accae3222c70a9cac40818ae839,13.34,89.70
3eb08a4c95b522bed075ec059ad858ab#2,3eb08a4c95b522bed075ec059ad858ab,bcf64c2356ded745b81b4348a8a763e1,5cf13accae3222c70a9cac40818ae839,31.77,89.70
3ec275bc012162de739c7ab6dcf11677#1,3ec275bc012162de739c7ab6dcf11677,a412a4cce5810a2d4fc9ce36664a929b,8581055ce74af1daba164fdbd55a40de,13.08,75.00
3ec2c982a9497e2aa32da12b18ce7266#1,3ec2c982a9497e2aa32da12b18ce7266,a48a82499de633cdd782856d69789b62,3a3c180dd702a725bd0ba4117689239e,35.48,41.90
3ecb666eda6d2ebb9348dfc65c32252c#1,3ecb666eda6d2ebb9348dfc65c32252c,dfb97c88e066dc22165f31648efe1312,8581055ce74af1daba164fdbd55a40de,27.29,139.00
3edc1d26d1bd92c3c56e12bf85979f87#1,3edc1d26d1bd92c3c56e12bf85979f87,a129c8279ee7fa447a6e8726f619dac7,7238a95bb63ef7e498389fb863b834a1,60.16,329.00
3eecd0cb5bdd21bfa681cf52426d0cb7#1,3eecd0cb5bdd21bfa681cf52426d0cb7,33ab88b1e48538d846cd26ea55d34108,8b321bb669392f5163d04c59e235e066,8.29,17.99
3ef7c7b43ae449415675a6c34720b78e#1,3ef7c7b43ae449415675a6c34720b78e,b15b38f8a24ce6254dfa5bc5a06f18c5,8f580d36c1e9d6fbce95283403c7d447,19.82,383.50
3f0c7e7bedf15ae58cd1c2148d5786e3#1,3f0c7e7bedf15ae58cd1c2148d5786e3,63085bb4366ded27bcb63cbb59b4103a,5dceca129747e92ff8ef7a997dc4f8ca,23.21,388.00
3f3913e8c7fd221ac82a34ffa20b93ee#1,3f3913e8c7fd221ac82a34ffa20b93ee,880be32f4db1d9f6e2bec38fb6ac23ab,fa40cc5b934574b62717c68f3d678b6d,10.66,44.90
3f4f4efff28e8872522bbba90393b7df#1,3f4f4efff28e8872522bbba90393b7df,2052b3c5e08893e567c2fb7778476c75,be8e909810184b9b19e886129149d8e5,16.11,44.99
3f50f62b343cd447c0fd8af4196bdc33#1,3f50f62b343cd447c0fd8af4196bdc33,24bc2932a12c983f8e76d828b65cf39b,5a413ade68e8f8d93071a7f52a64cb9e,8.55,55.00
3f596c69e8e78788530d898331118c7c#1,3f596c69e8e78788530d898331118c7c,2eb384017334e47db9ccf364216799df,98dac6635aee4995d501a3972e047414,23.22,21.15
3f6a06dd65ecc8c3c8bf73dd9f5ade29#1,3f6a06dd65ecc8c3c8bf73dd9f5ade29,dc9a06452ff10a147f0f14cd4b8f5580,1eade46fba20122dc4aefb379f8c636b,57.51,104.99
3f849648ffbabb0562c7668f212e3e88#1,3f849648ffbabb0562c7668f212e3e88,7bbf8eb1681f6f8ec4b6f0c1c6934718,a673821011d0cec28146ea42f5ab767f,16.46,69.90
3f8de2b9993f91abd12ec356200ba02c#1,3f8de2b9993f91abd12ec356200ba02c,cec09725da5ed01471d9a505e7389d37,4d6d651bd7684af3fffabd5f08d12e5a,16.12,69.90
3f8ef8494797fd747668dde5870c1a76#1,3f8ef8494797fd747668dde5870c1a76,48882f9b2e661cb01f564f54b92aa881,3dbbce181edfaa4a597ec858c382d2ec,14.10,19.90
3fa59277573f0fe06ece044ebec2eb02#1,3fa59277573f0fe06ece044ebec2eb02,091af6c2d579fe0926b4fcb8db07f78e,4d6d651bd7684af3fffabd5f08d12e5a,12.05,79.00
3fa8403b65d7e40a6d9ceed8802b4d96#1,3fa8403b65d7e40a6d9ceed8802b4d96,cc041329dc20f1f8c48eb9861c6084dd,f5f46307a4d15880ca14fab4ad9dfc9b,14.56,99.00
3fa91d0a7193cb9564de5db19fdbbd47#1,3fa91d0a7193cb9564de5db19fdbbd47,069a004edf898d16c9331bafd6ac7f46,7722b1df1b0e383e000397b2c11e3e19,8.88,60.00
3faea9ccc65ef88c63119314772b5598#1,3faea9ccc65ef88c63119314772b5598,7c1bd920dbdf22470b68bde975dd3ccf,cc419e0650a3c5ba77189a1882b7556a,7.78,59.99
3faf126d8a3b0684272791cd3c6cf3fe#1,3faf126d8a3b0684272791cd3c6cf3fe,e4d325bd1eea550509bdbbc5c3301fc1,7178f9f4dd81dcef02f62acdf8151e01,18.21,349.90
3fb155b4897652f5cdf1b5efff32a465#1,3fb155b4897652f5cdf1b5efff32a465,1dec4c88c685d5a07bf01dcb0f8bf9f8,712e6ed8aa4aa1fa65dab41fed5737e4,37.27,559.00
3fdc7dae10900f3b484cae506870d823#1,3fdc7dae10900f3b484cae506870d823,8338cef8355d238f43711dcb9c0657b2,cca3071e3e9bb7d12640c9fbe2301306,12.69,45.90
3fe4dbcdb046a475dbf25463c1ca78bd#1,3fe4dbcdb046a475dbf25463c1ca78bd,8ad5422c2f13436a172cbdd5f2faa00e,d91fb3b7d041e83b64a00a3edfb37e4f,16.11,35.90
3ff220e93d03aad9bb6767d90ac0e846#1,3ff220e93d03aad9bb6767d90ac0e846,6ed0ed10d62b45f3de46933b0b2989a6,c6bda72e4dbf5c5866b13cb1810c6d03,17.02,109.90
3ff9af2618b202584a161c19718bf577#1,3ff9af2618b202584a161c19718bf577,02706657691ad03bacea6d0d0d69d13d,ad97a199236354e53fcd91a5a913e9a2,31.63,759.05
40001f4b6e1a35f0b99fc4f44078ab27#1,40001f4b6e1a35f0b99fc4f44078ab27,afeeea6271148ee1bb15173b8187c431,53243585a1d6dc2643021fd1853d8905,26.36,189.90
4030d047c111d2d8a990c6ccfd9e4081#1,4030d047c111d2d8a990c6ccfd9e4081,d0efdc4a1cc12f88f6a290fda8861fa7,a3e9a2c700480d9bb01fba070ba80a0e,17.60,40.00
4030d047c111d2d8a990c6ccfd9e4081#2,4030d047c111d2d8a990c6ccfd9e4081,1aa2ed670a95e9f475723707a7c3f386,a3e9a2c700480d9bb01fba070ba80a0e,17.60,40.00
403b97836b0c04a622354cf531062e5f#1,403b97836b0c04a622354cf531062e5f,638bbb2a5e4f360b71f332ddfebfd672,c4af86330efa7a2620772227d2d670c9,77.45,1299.00
4059a20ed837ba80adc17e94bf2f852f#1,4059a20ed837ba80adc17e94bf2f852f,3b0f7951038b105522c2d566b54421f7,562fc2f2c2863ab7e79a9e4388a58a14,14.10,29.99
405a30197dbb4ed83804a680c2bbae9b#1,405a30197dbb4ed83804a680c2bbae9b,19f0917ba5781b978298ffcd9ae225c1,43f8c9950d11ecd03a0304a49e010da6,7.88,89.99
40654581b4282e70a554c9eb51fc8a91#1,40654581b4282e70a554c9eb51fc8a91,78ae9099d0b8c74be6cb8deb9bd84f8a,951e8cef368f09bb3f3d03c00ca4702c,12.94,39.99
407408433ee2a9ed77984aa5a06e2b2e#1,407408433ee2a9ed77984aa5a06e2b2e,126789406f4159e6f8ceb1910c164fe9,1da3aeb70d7989d1e6d9b0e887f97c23,16.18,59.99
4091d93f24146cb228adc17dad467e8f#1,4091d93f24146cb228adc17dad467e8f,919b08607e72077425654ac5fc0b5528,2a261b5b644fa05f4f2700eb93544f2c,54.57,70.00
409e4a6eadbdc33f16ccf0bda01eec1f#1,409e4a6eadbdc33f16ccf0bda01eec1f,17704da54fb7512da5a72cc3b227185e,a416b6a846a11724393025641d4edd5e,16.02,179.90
409e6afee2a8d16df0be7d30f6278067#1,409e6afee2a8d16df0be7d30f6278067,675921526583e0b3096c3f811d46a7a0,52ac6f920b7280e4c6d30dd94de6259b,101.29,499.90
40abd692ba634788bde537d1aff36222#1,40abd692ba634788bde537d1aff36222,35ad08ea141acf7c484c97075944610f,c33a5c3c983090c8b78a28e65052a20d,13.75,69.90
40aecb2022cf80ba1efc9b0ddf5cd690#1,40aecb2022cf80ba1efc9b0ddf5cd690,75d6b6963340c6063f7f4cfcccfe6a30,cc419e0650a3c5ba77189a1882b7556a,25.43,56.99
40c5e18f7d112b59b3e5113a59a905b3#1,40c5e18f7d112b59b3e5113a59a905b3,595fac2a385ac33a80bd5114aec74eb8,ef0ace09169ac090589d85746e3e036f,8.78,119.90
40db493fa22b26e65d2677bcc2c67344#1,40db493fa22b26e65d2677bcc2c67344,500870614ddcf5bd84f7d26861026c8a,92eb0f42c21942b6552362b9b114707d,15.23,11.87
40deb01ced4c0d076432514cea0a091e#1,40deb01ced4c0d076432514cea0a091e,5581bb179770e44255d6bb9b9e1bcca9,3c03b12bab54d8b37d79d914bfdb1aa0,7.55,18.89
40df926a6d695cec9507ed972fa8b2f6#1,40df926a6d695cec9507ed972fa8b2f6,aba86c093ccdbac75b09111d57e50004,7c67e1448b00f6e969d365cea6b010ab,11.52,129.60
40ef667b4259d5f521a0fd1a093d0415#1,40ef667b4259d5f521a0fd1a093d0415,4535b0e1091c278dfd193e5a1d63b39f,ba143b05f0110f0dc71ad71b4466ce92,9.13,53.99
40f036012bb1fb0195ebf7d43b034d72#1,40f036012bb1fb0195ebf7d43b034d72,15859e3a8aaa3c192c10a91d8722abd5,e5a38146df062edaf55c38afa99e42dc,26.81,299.90
40ff15fd1f4a802dd323bd89a6967b5c#1,40ff15fd1f4a802dd323bd89a6967b5c,957e5bb30136d08f9e4f128d0fe9c393,f46490624488d3ff7ce78613913a7711,7.39,38.00
4109e4ec2678abadacc06e7a540fec03#1,4109e4ec2678abadacc06e7a540fec03,9b5db368c0daee4e693aa981f17d0010,9dda5bbacd45e18d6485fee649205d09,14.08,37.90
411b8901b201804f134429744b17b686#1,411b8901b201804f134429744b17b686,fa4e8255202fd921350a6fc716710dae,2b3e4a2a3ea8e01938cabda2a3e5cc79,9.00,248.99
41267d204131714c919730fc9cf0adee#1,41267d204131714c919730fc9cf0adee,94f49b07158ceba23362f72f24e04962,7a67c85e85bb2ce8582c35f2203ad736,12.81,229.99
412fccb2b44a99b36714bca3fef8ad7b#1,412fccb2b44a99b36714bca3fef8ad7b,d04bbac48960ecb7ea311b00ca6e1cb7,7681ef142fd2c19048da7430856b5588,38.88,102.00
413158eae01863d8624661dc2aafcfce#1,413158eae01863d8624661dc2aafcfce,9a7c0784b8058269d176b3089c946ed0,1900267e848ceeba8fa32d80c1a5f5a8,15.13,54.99
4137fd6f4e14b76a3a0c9ad52bcd5e8e#1,4137fd6f4e14b76a3a0c9ad52bcd5e8e,401b5632c06c51319df083f1245a96ca,5656537e588803a555b8eb41f07a944b,15.98,76.89
416bffd2b6f30043b4c631f9109782f3#1,416bffd2b6f30043b4c631f9109782f3,e59dd207c69d86e890febadc796d1078,1c68394e931a64f90ea236c5ea590300,13.14,144.41
4173123220bd4c3bd19044ee5f76c467#1,4173123220bd4c3bd19044ee5f76c467,b141c668aca84c5877a5c66bd94fedc8,da8622b14eb17ae2831f4ac5b9dab84a,15.10,29.90
418018cd21bcca5f7cc37f9f17ac1466#1,418018cd21bcca5f7cc37f9f17ac1466,5d90b82ad1fdff812987fa28158b7984,1c129092bf23f28a5930387c980c0dfc,16.60,39.90
418764469a9e73f76f56783c1863bd05#1,418764469a9e73f76f56783c1863bd05,f7c98cd8b2d4d3b9a2d1322721e60a5a,e94b64dc6979b302a5a5be1662c83bb6,17.80,124.17
418aaa61ff9515614340e03422fed9c9#1,418aaa61ff9515614340e03422fed9c9,5bfc7506459ae2a7b4b573fe557a58e1,4a3ca9315b744ce9f8e9374361493884,15.70,69.90
4190ab61a7fced69f3ee84d1da1120cc#1,4190ab61a7fced69f3ee84d1da1120cc,7053ea870121d9f77c255101139dd0e9,4b5f66b7adcf57f1ecc0d3c07dd6b177,38.76,172.50
419158f0fcd3a19edca60d45d531849e#1,419158f0fcd3a19edca60d45d531849e,2f13d1dc8b4e1d9d8027be50339546a9,1025f0e2d44d7041d6cf58b6550e0bfa,18.61,105.00
4197f94f8bddd171804b1360fa78d368#1,4197f94f8bddd171804b1360fa78d368,86e929e4090ee647cecc0426ad4b928e,e9779976487b77c6d4ac45f75ec7afe9,26.45,21.50
41bb5cee06dbf170878a9ef93ac7e7f5#1,41bb5cee06dbf170878a9ef93ac7e7f5,43ee88561093499d9e571d4db5f20b79,23613d49c3ac2bd302259e55c06c050c,12.79,10.90
41c284ffd871324eadf06fc989583619#1,41c284ffd871324eadf06fc989583619,ac20a9614b6db9e7289b85c4f4b6216a,d91fb3b7d041e83b64a00a3edfb37e4f,19.32,40.00
41d1a34204ce66a59daa5590f05cc4fa#1,41d1a34204ce66a59daa5590f05cc4fa,fd0c762860528d119344e1377b574fc5,4371b634e0efc0e22b09b52907d9d469,15.10,50.00
41db0ab7c0c615a697ca63860cd13a33#1,41db0ab7c0c615a697ca63860cd13a33,130482add9fd75ccb6c57ba007694a2d,87142160b41353c4e5fca2360caf6f92,25.57,105.00
41de3b8bbb80e2cc80c8d446a752d2fb#1,41de3b8bbb80e2cc80c8d446a752d2fb,232906919fb046e3d050f8dd336b2634,7f7b8245c336066a1f9933c359f11d77,7.71,8.90
41de3b8bbb80e2cc80c8d446a752d2fb#2,41de3b8bbb80e2cc80c8d446a752d2fb,232906919fb046e3d050f8dd336b2634,7f7b8245c336066a1f9933c359f11d77,7.71,8.90
41ec8df2674e2577b8efdc3f54e2b779#1,41ec8df2674e2577b8efdc3f54e2b779,5f504b3a1c75b73d6151be81eb05bdc9,834f3294fba9f932f56edc879193f925,90.95,618.00
41f5e1d98c342beaa1234b59c89d9f6b#1,41f5e1d98c342beaa1234b59c89d9f6b,a71d0bc0c279b81bda788ecaca585ca5,4a3ca9315b744ce9f8e9374361493884,13.59,299.00
4207ad8e0e4e4070f271c930d25f72d7#1,4207ad8e0e4e4070f271c930d25f72d7,368c6c730842d78016ad823897a372db,1f50f920176fa81dab994f9023523100,17.67,59.90
4207ad8e0e4e4070f271c930d25f72d7#2,4207ad8e0e4e4070f271c930d25f72d7,368c6c730842d78016ad823897a372db,1f50f920176fa81dab994f9023523100,17.67,59.90
420d28103f84eb7c76bede8dddea608c#1,420d28103f84eb7c76bede8dddea608c,8fad1e543221d7d6867e756d4bc5e286,b2ac621f0d0322434d04a12b078b9369,7.90,45.00
421266486e0fff23de13b5302127280e#1,421266486e0fff23de13b5302127280e,91ebe9416c3c012500b800bd56e5f836,79ebd9a61bac3eaf882805ed4ecfa12a,18.27,99.90
421a29f5936d35b40acaa102627113f2#1,421a29f5936d35b40acaa102627113f2,48f45fb4d7e27353b8abef59be38b65e,8b28d096634035667e8263d57ba3368c,23.28,99.90
4246e30f95848b444d4b0a5e6bf3fdfd#1,4246e30f95848b444d4b0a5e6bf3fdfd,9e4cc01dcef75a47d9cd6c816d874cca,1e8b33f18b4f7598d87f5cbee2282cc2,30.70,159.90
4254f084673c8b5d85ad824fae3aa522#1,4254f084673c8b5d85ad824fae3aa522,fa4e8255202fd921350a6fc716710dae,2b3e4a2a3ea8e01938cabda2a3e5cc79,9.12,265.99
42752f96b7094cee19928f7b4317d7c9#1,42752f96b7094cee19928f7b4317d7c9,d2085f7e0f9533605386960fc7e987ec,aac29b1b99776be73c3049939652091d,16.79,12.49
42895607072db349b61edb6cdbc363a3#1,42895607072db349b61edb6cdbc363a3,f1c7f353075ce59d8a6f3cf58f419c9c,37be5a7c751166fbc5f8ccba4119e043,28.67,185.00
42bcfd11cc83efc775637358296f6b48#1,42bcfd11cc83efc775637358296f6b48,94e6f132095f2a1ee6a6ba8330a9f9c0,2138ccb85b11a4ec1e37afbd1c8eda1f,17.35,26.99
42c99d4e378b852657e71d810ef1858c#1,42c99d4e378b852657e71d810ef1858c,c4d92c32b2e02363d3f087c7156a523c,d5c530f4884a75ae0dba9c148718d278,16.11,13.45
42d8cfd4e239b47ae745848a8bdd5193#1,42d8cfd4e239b47ae745848a8bdd5193,c045b19fdb30a3035c56d04c6fe2e622,259f7b5e6e482c230e5bfaa670b6bb8f,13.08,54.90
430545209b9cc4b7ef7ae765a54816a7#1,430545209b9cc4b7ef7ae765a54816a7,5825c8e4e13409ac13639e711804cce6,d379f449f2a3b271bc01c0782020f705,37.48,589.00
431deec11a68067a1366683c3614d364#1,431deec11a68067a1366683c3614d364,fecf6223a3494f35362f670e571d2a04,3db66a856d18a9cba7c9241fc5221c50,16.25,69.90
432aaf21d85167c2c86ec9448c4e42cc#1,432aaf21d85167c2c86ec9448c4e42cc,72d3bf1d3a790f8874096fcf860e3eff,0bae85eb84b9fb3bd773911e89288d54,16.11,38.25
432be65264b4055058984c2078e5d487#1,432be65264b4055058984c2078e5d487,5a848e4ab52fd5445cdc07aab1c40e48,c826c40d7b19f62a09e2d7c5e7295ee2,8.63,122.99
4338e6bc70fcf731f6d799f56c66b6cb#1,4338e6bc70fcf731f6d799f56c66b6cb,b216627ec2c376d682722970832aa2c1,1900267e848ceeba8fa32d80c1a5f5a8,15.34,83.99
4338e6bc70fcf731f6d799f56c66b6cb#2,4338e6bc70fcf731f6d799f56c66b6cb,b216627ec2c376d682722970832aa2c1,1900267e848ceeba8fa32d80c1a5f5a8,15.34,83.99
43439c4b45b39d5a7d27a31d6cebe43c#1,43439c4b45b39d5a7d27a31d6cebe43c,eb4e1e1c54ecc1c4ff689edf7dd7753d,a3a38f4affed601eb87a97788c949667,16.89,64.90
4347279deb067c6731c1c97237921d18#1,4347279deb067c6731c1c97237921d18,6ae38d49db7fc65ad1779828542aecba,eeb6de78f79159600292e314a77cbd18,17.36,229.00
43488f856ed3fa3e7d3f8228755d383b#1,43488f856ed3fa3e7d3f8228755d383b,674d9e3c3964c35239687c920b19a307,2138ccb85b11a4ec1e37afbd1c8eda1f,25.63,29.99
434d158e96bdd6972ad6e6d73ddcfd22#1,434d158e96bdd6972ad6e6d73ddcfd22,c7df652246ed7b3300aaf46960c141e4,a5cba26a62b8b4d0145b68b841e62e7f,63.17,445.00
434d3eec8dd031c322077fb2452e53a0#1,434d3eec8dd031c322077fb2452e53a0,ec72556b5da399d24fe06338e816a9ac,fd386aa7bed2af3c7035c65506c9b4a3,8.29,68.00
43698bc1371b83853814e6a6afcc89f8#1,43698bc1371b83853814e6a6afcc89f8,78efe838c04bbc568be034082200ac20,0241d4d5d36f10f80c644447315af0bd,26.78,99.90
4380bb6c7d8375926bbea2c8b514dc8c#1,4380bb6c7d8375926bbea2c8b514dc8c,b9023d686fca0dca3ac844814e92e92b,8b321bb669392f5163d04c59e235e066,14.10,21.90
4389819b71f1f23563fa9eadadc12a06#1,4389819b71f1f23563fa9eadadc12a06,6cdd53843498f92890544667809f1595,ccc4bbb5f32a6ab2b7066a4130f114e3,23.27,349.90
43a95930524a9c5388fa5e417dc23241#1,43a95930524a9c5388fa5e417dc23241,f819f0c84a64f02d3a5606ca95edd272,4869f7a5dfa277a7dca6462dcf3b52b2,22.07,689.00
43b2cd469a6cee268b9be121cbaf17ba#1,43b2cd469a6cee268b9be121cbaf17ba,1f8aad0f80f6d061b4d09e538ad496d7,e883aa812c37a7413226856f4579fe91,10.50,59.90
43b2cd469a6cee268b9be121cbaf17ba#2,43b2cd469a6cee268b9be121cbaf17ba,1f8aad0f80f6d061b4d09e538ad496d7,e883aa812c37a7413226856f4579fe91,10.50,59.90
43d88b0e949865904334dd5b3ca63f50#1,43d88b0e949865904334dd5b3ca63f50,2028bf1b01cafb2d2b1901fca4083222,cc419e0650a3c5ba77189a1882b7556a,8.29,49.99
43deb523bd34a18110a37cdbfbd79096#1,43deb523bd34a18110a37cdbfbd79096,b2572a992f6ea1d1a7eb518d54e64620,6edacfd9f9074789dad6d62ba7950b9c,12.00,113.90
43df363e546c5d4be691fee79394213d#1,43df363e546c5d4be691fee79394213d,e82b2802625252b6d72b3e1d36f82670,1da3aeb70d7989d1e6d9b0e887f97c23,7.78,19.99
43e99f3020b420b8aff15449ff4f7561#1,43e99f3020b420b8aff15449ff4f7561,6c3effec7c8ddba466d4f03f982c7aa3,37515688008a7a40ac93e3b2e4ab203f,16.95,34.20
43f312594026fc6c67ccf619afe600d1#1,43f312594026fc6c67ccf619afe600d1,2ffdf10e724b958c0f7ea69e97d32f64,4869f7a5dfa277a7dca6462dcf3b52b2,16.32,224.90
43f9a3d3e9d95525bfce717e31f72a56#1,43f9a3d3e9d95525bfce717e31f72a56,b72a8fd99d59007948419121f2a5056e,236585a4ddb5fea9fa40233e2249ed91,13.83,69.99
44029f83c215c9ede6c231dda3ab2219#1,44029f83c215c9ede6c231dda3ab2219,2b939dc9b176d7fa21594d588815d4a4,dbc22125167c298ef99da25668e1011f,17.97,102.90
440b1d08fad401242f385a54ae6f0d33#1,440b1d08fad401242f385a54ae6f0d33,1e946cab712f702ca325f609894b7962,218d46b86c1881d022bce9c68a7d4b15,12.69,39.00
44146c842a47dc05b44bfd3c0334d47c#1,44146c842a47dc05b44bfd3c0334d47c,694f7daacd749d7bde487e0f9675c5b8,3f3486b61f45078d4f31ee5e43d8c5bb,38.53,69.00
44189362b3e194ad2769caf5cb94b8d8#1,44189362b3e194ad2769caf5cb94b8d8,9c7c72948a0e56fdaa07985b71dffe18,59b22a78efb79a4797979612b885db36,15.10,26.90
442dccfb1443cb7035f2b7810f974dd9#1,442dccfb1443cb7035f2b7810f974dd9,b83738ac1903f7c8f0ed378cb085909c,c003204e1ab016dfa150abc119207b24,45.46,129.90
4438691d291f7a436db5665e8d010ac9#1,4438691d291f7a436db5665e8d010ac9,e4e9fa024c5f014419b395452a41987c,e2aee0892199b1d92530e371abd825bf,65.65,119.90
443a73a22cd4e0078a47c275b358b786#1,443a73a22cd4e0078a47c275b358b786,90c3564fa89e67d5e1b4898dd43cebc9,2c9e548be18521d1c43cde1c582c6de8,18.23,25.90
443a73a22cd4e0078a47c275b358b786#2,443a73a22cd4e0078a47c275b358b786,90c3564fa89e67d5e1b4898dd43cebc9,2c9e548be18521d1c43cde1c582c6de8,18.23,25.90
444ebbf5602b5acdad22e0b4a9951bda#1,444ebbf5602b5acdad22e0b4a9951bda,0454c95c31d75e5f86c354896a3d9814,2528513dd95219a6013d4d05176e391a,73.72,299.00
44558a1547e448b41c48c4087fe32ddd#1,44558a1547e448b41c48c4087fe32ddd,7ac6cda1ec564b21b2daa9dc0973c1df,de23c3b98a88888289c6f5cc1209054a,10.21,199.99
445d0c0872352cc8c31b797c707f4c47#1,445d0c0872352cc8c31b797c707f4c47,ab1f9387c0627dd24000bfbc54fdeee0,8b321bb669392f5163d04c59e235e066,7.78,12.25
4460d444aff619a6e34f6080d64a3e73#1,4460d444aff619a6e34f6080d64a3e73,77922dd87928c2cf9225946dac2a27a7,5343d0649eca2a983820bfe93fc4d17e,16.36,56.00
446634c9e8e8c3a70fef1507c82d5c68#1,446634c9e8e8c3a70fef1507c82d5c68,2ffdf10e724b958c0f7ea69e97d32f64,4869f7a5dfa277a7dca6462dcf3b52b2,35.37,224.90
446e20f85f1b9cf552376d6f31c983b2#1,446e20f85f1b9cf552376d6f31c983b2,9e28a904bf99a4b3d1548580a906b3e7,7142540dd4c91e2237acb7e911c4eba2,29.21,59.90
4473dab90d5c08b597499e973725804a#1,4473dab90d5c08b597499e973725804a,b1631003bdbc3b1e876f83a7d851d74a,cc419e0650a3c5ba77189a1882b7556a,8.72,56.99
44a10a741d51010c1440fc7337b5ff6e#1,44a10a741d51010c1440fc7337b5ff6e,cec09725da5ed01471d9a505e7389d37,4d6d651bd7684af3fffabd5f08d12e5a,20.98,69.90
44bb5734f29017e33add235fbdf83b90#1,44bb5734f29017e33add235fbdf83b90,ca7a479258a82d50745a75fc9a916475,31561f325664a8a7aba4c8d0c3a9b3db,23.15,49.49
44e5e4871a2b86afa53f08e86001bca5#1,44e5e4871a2b86afa53f08e86001bca5,9483476ac5b7549f7df5ff12fb6fb5d9,615005a3ef192c00c6f0e977cee3d2bc,8.27,23.40
44f656d7fbb37d161491617473307a59#1,44f656d7fbb37d161491617473307a59,3570caaeaa3f5a1ae76392bb2b4155f9,7008613ea464bad5cb9b83456e1e6a8f,46.94,58.00
44fdca9e41cfd8248c3ac1e369447eff#1,44fdca9e41cfd8248c3ac1e369447eff,0e2d365a247d105fefc31b17ab8706d9,289cdb325fb7e7f891c38608bf9e0962,16.03,132.20
4516c79ac42f6a567bf4d1209eba2b33#1,4516c79ac42f6a567bf4d1209eba2b33,951375c9c10ed889b35034522e5a334e,2d22fc3089eb907b29ebff50581fb472,18.67,112.90
4519d054994236d26b04aba27498afb9#1,4519d054994236d26b04aba27498afb9,e7a7e6b2b4959a39ac5ca07aa21e09ea,2e90cb1677d35cfe24eef47d441b7c87,14.52,18.16
4534a8dd8fc9a1eccddc2bc6a7fd2ba2#1,4534a8dd8fc9a1eccddc2bc6a7fd2ba2,78f29023586e374cdc3773ce0af6bd2c,960945e1a9535cbc0cd6ddd35fbe7ae8,22.07,141.40
45545b0586d46e77f4758cb7a15320b9#1,45545b0586d46e77f4758cb7a15320b9,2136c70bbe723d338fab53da3c03e6dc,6560211a19b47992c3666cc44a7e94c0,7.46,29.00
4570fa83dbb31a563e06db0a554b951e#1,4570fa83dbb31a563e06db0a554b951e,7a27d105703555063bfa42ea2bfb32c8,77530e9772f57a62c906e1c21538ab82,23.17,299.00
45a857702c4695511eff5f2d40cfa75d#1,45a857702c4695511eff5f2d40cfa75d,efa490145b5cc82438b6a6de691535fa,8d956fec2e4337affcb520f56fd8cbfd,18.23,46.99
45ac1d4b219993bf334080eac1585166#1,45ac1d4b219993bf334080eac1585166,34dc9ba20762290886d4d94d07a102e3,5b925e1d006e9476d738aa200751b73b,17.37,119.00
45b0a671da62d1c868294b22b4837dca#1,45b0a671da62d1c868294b22b4837dca,d1c427060a0f73f6b889a5c7c61f2ac4,a1043bafd471dff536d0c462352beb48,40.37,149.00
45bfddf12e8fd3de8dbda7b7208ec90e#1,45bfddf12e8fd3de8dbda7b7208ec90e,89e4362d74afa10ac57f8d67210132a6,dbc22125167c298ef99da25668e1011f,14.98,96.80
45ed6e85398a87c253db47c2d9f48216#1,45ed6e85398a87c253db47c2d9f48216,75d6b6963340c6063f7f4cfcccfe6a30,cc419e0650a3c5ba77189a1882b7556a,14.15,56.99
4630b9ea86d473a936d6dd589cee8b22#1,4630b9ea86d473a936d6dd589cee8b22,b61ca163d698bd09698b6876a3e945e6,e45edf75f568ed2f93f78d060e246e25,15.26,22.90
4639a7b40270fb97291d74d41ba89a6d#1,4639a7b40270fb97291d74d41ba89a6d,dd0dcee76f9c12fff4bc0eb641d57c7f,8b321bb669392f5163d04c59e235e066,14.10,23.70
463dc1b7fe6a8f19d740aba99d88ab73#1,463dc1b7fe6a8f19d740aba99d88ab73,7c1bd920dbdf22470b68bde975dd3ccf,cc419e0650a3c5ba77189a1882b7556a,17.66,58.99
4652332a6a0d39960cdec082ef7b52b8#1,4652332a6a0d39960cdec082ef7b52b8,aca2eb7d00ea1a7b8ebd4e68314663af,955fee9216a65b617aa5c0531780ce60,12.43,69.90
4652332a6a0d39960cdec082ef7b52b8#2,4652332a6a0d39960cdec082ef7b52b8,aca2eb7d00ea1a7b8ebd4e68314663af,955fee9216a65b617aa5c0531780ce60,12.43,69.90
468c2f34312a6d270a20c7aef082041c#1,468c2f34312a6d270a20c7aef082041c,759c85bda80286f647f1f71b847c6457,f8db351d8c4c4c22c6835c19a46f01b0,15.10,35.90
4692a9af537563c6a43b14abe7bd951d#1,4692a9af537563c6a43b14abe7bd951d,777d2e438a1b645f3aec9bd57e92672c,4a3ca9315b744ce9f8e9374361493884,11.88,69.90
4695874459264348f76f20abb7897ec3#1,4695874459264348f76f20abb7897ec3,9453bde60c4ee52155c963641736cfc5,5c243662ce92d84573bfaff24c3e3700,20.55,467.00
469a464be162099fa2c0e8f1cfc871db#1,469a464be162099fa2c0e8f1cfc871db,ecac132b51e1c9c36430c6f9be9903a3,391fc6631aebcf3004804e51b40bcf1e,17.60,24.90
469c8cf0bafa84bcc6a10629bc4016b3#1,469c8cf0bafa84bcc6a10629bc4016b3,aa5889064ca9c81e3a9dc65dd018187c,2e13c71026e1a39ba5cc1b86dcb679aa,18.86,152.00
46b7b64f475329c65fb18b99c7fb373b#1,46b7b64f475329c65fb18b99c7fb373b,53759a2ecddad2bb87a079a1f1519f73,1f50f920176fa81dab994f9023523100,17.66,59.00
46c22ce0488991c798933effd2b57574#1,46c22ce0488991c798933effd2b57574,a50acd33ba7a8da8e9db65094fa990a4,8581055ce74af1daba164fdbd55a40de,22.29,117.30
46f3c70ec2c3e58a0c126aeb5d10d9b9#1,46f3c70ec2c3e58a0c126aeb5d10d9b9,8e630a6101b33d99671d79b67b87052d,2528513dd95219a6013d4d05176e391a,96.61,599.00
46f6ed73fe09537a68e37e5b67fcdd01#1,46f6ed73fe09537a68e37e5b67fcdd01,f40876e0ef3cd5f9132b1f16b04b1346,620c87c171fb2a6dd6e8bb4dec959fc6,13.58,99.90
4709741e829775567b92abc42437b461#1,4709741e829775567b92abc42437b461,b4b817e5f2c4efc8253b4b679c653847,972d0f9cf61b499a4812cf0bfa3ad3c4,23.24,94.50
47120c8873cf3ca85fec9f20ec00a032#1,47120c8873cf3ca85fec9f20ec00a032,cdc4af478fef19f03f1d0353c00271cd,3d871de0142ce09b7081e2b9d1733cb1,11.85,19.90
471d17c72b833d90af58cd4fc9bd5942#1,471d17c72b833d90af58cd4fc9bd5942,154e7e31ebfa092203795c972e5804a6,cc419e0650a3c5ba77189a1882b7556a,17.63,23.99
47378b461210a310c95e17323f7dd726#1,47378b461210a310c95e17323f7dd726,72af228db018a06518f1b2a8c070a2ac,83e197e95a1bbabc8c75e883ed016c47,19.15,124.99
47399920ee7546351440204086acb793#1,47399920ee7546351440204086acb793,58efb9b638561ce132216a9a612513e2,701938c450705b8ae65fc923b70f35c7,37.13,103.99
47399920ee7546351440204086acb793#2,47399920ee7546351440204086acb793,58efb9b638561ce132216a9a612513e2,701938c450705b8ae65fc923b70f35c7,37.13,103.99
47399920ee7546351440204086acb793#3,47399920ee7546351440204086acb793,58efb9b638561ce132216a9a612513e2,701938c450705b8ae65fc923b70f35c7,37.13,103.99
47399920ee7546351440204086acb793#4,47399920ee7546351440204086acb793,58efb9b638561ce132216a9a612513e2,701938c450705b8ae65fc923b70f35c7,37.13,103.99
47399920ee7546351440204086acb793#5,47399920ee7546351440204086acb793,58efb9b638561ce132216a9a612513e2,701938c450705b8ae65fc923b70f35c7,37.13,103.99
47399920ee7546351440204086acb793#6,47399920ee7546351440204086acb793,58efb9b638561ce132216a9a612513e2,701938c450705b8ae65fc923b70f35c7,37.13,103.99
476984a30a6929077bedabbefc98ce38#1,476984a30a6929077bedabbefc98ce38,2ff995aead9c63a1f37a07b3664ead37,8b9d6eec4a7eb7d0f9d579ce0b38324d,30.28,68.00
47770eb9100c2d0c44946d9cf07ec65d#1,47770eb9100c2d0c44946d9cf07ec65d,aa4383b373c6aca5d8797843e5594415,4869f7a5dfa277a7dca6462dcf3b52b2,19.22,159.90
477ee3f21cb7374ecfa12433c30f53f5#1,477ee3f21cb7374ecfa12433c30f53f5,a9ccb9dca11ae8ca804b47417d0411f2,3ab971ce71839580d2ae5b4e40fe8044,25.27,169.90
478232e63af0da7ce4c2e2081629ccfe#1,478232e63af0da7ce4c2e2081629ccfe,a298a105818dce6878b787e4af6cff7d,e26901d5ab434ce92fd9b5c256820a4e,25.84,79.90
478427fc9787c3fe1edf66c81e466623#1,478427fc9787c3fe1edf66c81e466623,f5e3c48bff299925879d1507ab662a2b,744dac408745240a2c2528fb1b6028f3,18.45,528.00
47aa4816b27ba60ec948cd019cc1afc1#1,47aa4816b27ba60ec948cd019cc1afc1,1501b0033c68a37fa9560033a440e529,33cbbec1e7e1044aaf11d152172c776f,18.47,53.44
47cdb12caf2067098633bc9a0d3679f7#1,47cdb12caf2067098633bc9a0d3679f7,d1c427060a0f73f6b889a5c7c61f2ac4,a1043bafd471dff536d0c462352beb48,25.00,119.99
47de8637746123051630916b1ab338cf#1,47de8637746123051630916b1ab338cf,817e1c2d22418c36386406ccacfa53e8,624f4ece8da4aafb77699233d480f8ef,16.82,159.00
47eb628894a1aa066bafb6d3de07da4b#1,47eb628894a1aa066bafb6d3de07da4b,2a46d3a8cb337e4c4b5db2d6df599cea,c003204e1ab016dfa150abc119207b24,40.10,109.90
47f1d4cd72cfee577340ecb01a3e8028#1,47f1d4cd72cfee577340ecb01a3e8028,70615110b87b5e185d019c1968084752,0432ead42b6c8a0bdf68154add917fdf,13.60,299.90
47f3a8b9c3d8dffb6f878768c73b0971#1,47f3a8b9c3d8dffb6f878768c73b0971,878446a0acbf50aaffcad66218c018ea,cca3071e3e9bb7d12640c9fbe2301306,23.22,91.00
4801b9cf238c2c9098bd66a5f092c2da#1,4801b9cf238c2c9098bd66a5f092c2da,53b36df67ebb7c41585e8d54d6772e08,4869f7a5dfa277a7dca6462dcf3b52b2,19.28,133.00
4813c50e3548fa87684c05b730ecccee#1,4813c50e3548fa87684c05b730ecccee,4ebab6a2135a2477b657bda38646b64b,406822777a0b9eb5c50e442dd4cd3ec5,15.10,25.90
48152543286e71de6452df5ae4bd069c#1,48152543286e71de6452df5ae4bd069c,4c2a4ab2efb349db80f195f4b122eb6b,7d456afc660226829370f3173d14520c,9.14,56.00
481bba01f1c9a6070e8bdcaf7965b1e0#1,481bba01f1c9a6070e8bdcaf7965b1e0,568c923625669145cc9a644856fccd14,3c487ae8f8d7542beff5788e2e0aea83,38.30,229.90
481f2db41ea6571226192db2b584fa6e#1,481f2db41ea6571226192db2b584fa6e,2636a9812d151c718b53387171ce08be,b17b679f4f5ce2e03ce6968c62648246,14.52,30.97
485c8e15ad0c30dc2d7aaf0165572c19#1,485c8e15ad0c30dc2d7aaf0165572c19,e3991d2e1045bf9b4f3474f50d5df842,0ffa40d54288e4f3499b8780dd0f144f,22.12,59.00
489b4af31f96f42648f0c0636a51b289#1,489b4af31f96f42648f0c0636a51b289,ee406bf28024d97771c4b1e8b7e8e219,7a67c85e85bb2ce8582c35f2203ad736,12.22,144.99
48a928c553c276852b35ce90fedfeee2#1,48a928c553c276852b35ce90fedfeee2,6a8631b72a2f8729b91514db87e771c0,128639473a139ac0f3e5f5ade55873a5,16.79,25.90
48ac627a65c15df7cebf426bda6e6077#1,48ac627a65c15df7cebf426bda6e6077,6e86c76c9073070701739dc4fae68a6b,1025f0e2d44d7041d6cf58b6550e0bfa,39.69,108.00
48ac627a65c15df7cebf426bda6e6077#2,48ac627a65c15df7cebf426bda6e6077,6e86c76c9073070701739dc4fae68a6b,1025f0e2d44d7041d6cf58b6550e0bfa,39.69,108.00
48b2a7ba18f76dcb8be971239e41746f#1,48b2a7ba18f76dcb8be971239e41746f,c0c5899d3df29722ba3f12be79dfeb10,42b729f859728f5079499127a9c2ef37,7.58,45.90
48b7d84507eb52608a007fde9d641daa#1,48b7d84507eb52608a007fde9d641daa,88ffcf27478318ba55b1f9d22d65ce97,f3da5b2ff499efb8d4a6d371d175d7dd,8.29,40.80
4906eeadde5f70b308c20c4a8f20be02#1,4906eeadde5f70b308c20c4a8f20be02,ee406bf28024d97771c4b1e8b7e8e219,7a67c85e85bb2ce8582c35f2203ad736,17.26,144.99
491a23e567ce4c273419a63a41ff5876#1,491a23e567ce4c273419a63a41ff5876,4fcb3d9a5f4871e8362dfedbdb02b064,8581055ce74af1daba164fdbd55a40de,19.89,143.80
49267f83c9f436f1147915577fdeb110#1,49267f83c9f436f1147915577fdeb110,82c3ea364e5480f335f6743ee725a921,70a12e78e608ac31179aea7f8422044b,15.10,49.00
492b48333a37f2f70213b81672d4aa06#1,492b48333a37f2f70213b81672d4aa06,ce6e846888716883ea858c8483dc2fef,d91fb3b7d041e83b64a00a3edfb37e4f,7.87,39.80
492bed007520827cbed51959e4ce4385#1,492bed007520827cbed51959e4ce4385,64fc6010136aa59736e148c404e77a54,213b25e6f54661939f11710a6fddb871,18.41,75.90
493bfa3afd1c7c384e300b4f4b511048#1,493bfa3afd1c7c384e300b4f4b511048,b4fc7e84dcaf2fcf3edb234e30362929,c3867b4666c7d76867627c2f7fb22e21,18.12,125.00
493ee0d11061d1869586da75f46e78d1#1,493ee0d11061d1869586da75f46e78d1,ee406bf28024d97771c4b1e8b7e8e219,7a67c85e85bb2ce8582c35f2203ad736,21.93,144.99
4941da6e1a4eef723674c7148152c4f6#1,4941da6e1a4eef723674c7148152c4f6,d1af7952c3c2ac8dfdc63210af2299e6,1e8b33f18b4f7598d87f5cbee2282cc2,16.88,159.90
4941da6e1a4eef723674c7148152c4f6#2,4941da6e1a4eef723674c7148152c4f6,2abf28861922ed5da75726c7f3eb58f4,4992e76a42cb3aad7a7047e0d3d7e729,11.81,39.90
4969634a191db1f7ef36954434938327#1,4969634a191db1f7ef36954434938327,1dbd121a455304b1f6f0b548e9cc23b2,537eb890efff034a88679788b647c564,7.66,34.90
4974bc485d07cad8b6e5000a345bcd50#1,4974bc485d07cad8b6e5000a345bcd50,eacefda22c08419cb191cfa6ba838eae,0ed6ce5d87fd9c69eaacaeb778d67235,15.23,19.90
498a0b00b1c51a95e61baebf6379d76b#1,498a0b00b1c51a95e61baebf6379d76b,5d6bea33648f018dbb563f3a2fab09f3,1025f0e2d44d7041d6cf58b6550e0bfa,42.03,150.00
499331448de4dfe6a702b8550821720b#1,499331448de4dfe6a702b8550821720b,bfc121a2f5d97868f3a02ae6c5b5f5a2,da8622b14eb17ae2831f4ac5b9dab84a,19.08,114.90
49afa8bc01b5b6aa01e875a0785cc7bf#1,49afa8bc01b5b6aa01e875a0785cc7bf,25a2985f8f3f93ddf1c1d26847658dad,8d956fec2e4337affcb520f56fd8cbfd,19.04,22.49
49b1ad01e0a81bc85a617086103e415d#1,49b1ad01e0a81bc85a617086103e415d,a7d756e8f7c4b7e5b679e248a57d91ec,0ebd97a106433a45a4aebe57c1799778,34.57,109.90
49b9d47f2bb04361f15cf1537390dd60#1,49b9d47f2bb04361f15cf1537390dd60,b6cefe1d620b9208fe6fae76b2c72887,d98eec89afa3380e14463da2aabaea72,15.75,65.00
49d82571c200aac8b226cae094dc8f0c#1,49d82571c200aac8b226cae094dc8f0c,9da950e8c8c482441f1b93955b21c827,ceaec5548eefc6e23e6607c5435102e7,28.76,209.99
49e19ca07e42bde08630a08e50ad980e#1,49e19ca07e42bde08630a08e50ad980e,b1cd1b18e50f570382f52a55898e8987,b2ba3715d723d245138f291a6fe42594,23.35,109.90
49e76d6a1b1f9ff4d04f85b2304ad378#1,49e76d6a1b1f9ff4d04f85b2304ad378,c53ca80f7d74aa37ac1512e8d9a8cb6b,822166ed1e47908f7cfb49946d03c726,14.64,149.99
49e809b11c0445fb0229f28378d3d30d#1,49e809b11c0445fb0229f28378d3d30d,47920da896bbd89e851429c78a7a7a8b,7c67e1448b00f6e969d365cea6b010ab,45.73,179.99
4a0217620e6f7eeca8f035dbbd03a174#1,4a0217620e6f7eeca8f035dbbd03a174,17823ffd2de8234f0e885a71109613a4,46dc3b2cc0980fb8ec44634e21d2718e,35.08,219.99
4a1340ea38a829e0ea96cd19d7a0f951#1,4a1340ea38a829e0ea96cd19d7a0f951,389d119b48cf3043d311335e499d9c6b,1f50f920176fa81dab994f9023523100,13.37,49.90
4a34aa679137ec3d1b3ad0c4c8b7a7e5#1,4a34aa679137ec3d1b3ad0c4c8b7a7e5,d1c427060a0f73f6b889a5c7c61f2ac4,a1043bafd471dff536d0c462352beb48,65.89,129.00
4a3e33350d1fd4eace1585032a97ee06#1,4a3e33350d1fd4eace1585032a97ee06,7a2ce7934c70419330eaf46f20b159a0,9baf5cb77970f539089d09a38bcec5c3,15.06,106.99
4a4ed9ed7922304a569ed850baba99c6#1,4a4ed9ed7922304a569ed850baba99c6,3f31ad7df5482b3e8fcaac6ea060574f,d9a84e1403de8da0c3aa531d6d108ba6,18.23,14.90
4a5cc9b4e332e03d76bf553a7f2fa5d3#1,4a5cc9b4e332e03d76bf553a7f2fa5d3,c2ccc78b5a924096d5274ca6a3118e47,709e16e2b25c7474d980076c6bfc4806,16.88,159.90
4a662ab61cb0e83833f4b6ff3ed84792#1,4a662ab61cb0e83833f4b6ff3ed84792,9fbfc0d1a475bb65f9c0e39bb927a99a,ec80e49e69745ab6c14f984bf2149423,14.53,298.00
4aa9da5533740e416c8a3ccb338e5c49#1,4aa9da5533740e416c8a3ccb338e5c49,236b6ad1fbcdd18244aa773558d42b6d,6a8b085f816a1f75f92dbac6eb545f8f,15.10,19.90
4aae1a10a22651fe5b76379eb4b34d12#1,4aae1a10a22651fe5b76379eb4b34d12,cbc4a99acf6db47e07c3f743d1a4045e,3935fe5fe0f82787a9dcb8deb62be09d,23.33,112.99
4ad1105e12f275c3475462d6811caf8b#1,4ad1105e12f275c3475462d6811caf8b,cc971e0365873137b8bef2ebad633e6f,7a67c85e85bb2ce8582c35f2203ad736,31.09,239.99
4af91349921618b7fe12e5b417b3fc7d#1,4af91349921618b7fe12e5b417b3fc7d,19421075ae0b585f2dc13ff149e2119d,4c2b230173bb36f9b240f2b8ac11786e,11.85,45.90
4afa896b00f5e0ed1bb02ca2e8329392#1,4afa896b00f5e0ed1bb02ca2e8329392,58306668d7263e8ebd2d5c69ef31cc23,6ec1a01e866584bb679eb9b098345919,35.88,82.99
4b3a605942f29d490cb74bd6ace6b9f0#1,4b3a605942f29d490cb74bd6ace6b9f0,ffd4bf4306745865e5692f69bd237893,d98eec89afa3380e14463da2aabaea72,8.11,29.99
4b3fd3a64d55a7c04cdb0ed9af1e3016#1,4b3fd3a64d55a7c04cdb0ed9af1e3016,0c002598a0876501a172ffcea9496008,ea67327e24487bdfac5fbfa37ea124df,32.99,228.00
4b673ab5e166be0e06ffbac98732264b#1,4b673ab5e166be0e06ffbac98732264b,765828bfddc553298bd28c90187d5aaa,f46490624488d3ff7ce78613913a7711,46.93,37.90
4b7836c7fde2f69b09ca54addb676d28#1,4b7836c7fde2f69b09ca54addb676d28,aa385fbb4c463036286d169216104912,7a9c12e235c36247c3c81f50d6ea9cea,14.55,54.98
4b80b55b32a3549ec05578e46a0f4021#1,4b80b55b32a3549ec05578e46a0f4021,43cc8e4d981bc04b9d78b12e8a908d41,6061155addc1e54b4cfb51c1c2a32ad8,51.39,1240.00
4b81239fe83a49acf69014a6819d45f7#1,4b81239fe83a49acf69014a6819d45f7,33b9801fec06f14bb7d33af01769bb3f,688756f717c462a206ad854c5027a64a,16.39,28.80
4b81496f1e0fd587a7394ba1e1b8aebb#1,4b81496f1e0fd587a7394ba1e1b8aebb,5ac3db3f4250d6add6afca7518ea7ed9,5c853bb56f70f4d14218944bae111d7a,10.96,7.80
4b8267d1f715adb8eb69ac677662c100#1,4b8267d1f715adb8eb69ac677662c100,a62e25e09e05e6faf31d90c6ec1aa3d1,634964b17796e64304cadf1ad3050fb7,9.85,105.00
4b8267d1f715adb8eb69ac677662c100#2,4b8267d1f715adb8eb69ac677662c100,a62e25e09e05e6faf31d90c6ec1aa3d1,634964b17796e64304cadf1ad3050fb7,9.85,105.00
4b8332fdbf824168f691498b79e5e556#1,4b8332fdbf824168f691498b79e5e556,f8c6a76085bd3b4341cccb774b554c82,aaed1309374718fdd995ee4c58c9dfcd,17.07,187.20
4b87488fb6269f8321508923b95da4d6#1,4b87488fb6269f8321508923b95da4d6,ed739dfa91e2c770354726fe0bf9cc72,57df9869a600bd6b7c405f2a862eccfb,13.47,25.00
4b939b269e876343e876d466afcb69d1#1,4b939b269e876343e876d466afcb69d1,d5b703c271f43f9c588a6f512a00f77e,fa40cc5b934574b62717c68f3d678b6d,14.10,34.90
4bb3eed0b423bcae4c063a401e17308e#1,4bb3eed0b423bcae4c063a401e17308e,1c93b38903bf11d9a9bd28f3c65481d6,4a3ca9315b744ce9f8e9374361493884,61.85,230.00
4bb3eed0b423bcae4c063a401e17308e#2,4bb3eed0b423bcae4c063a401e17308e,946b20e2799c73ad1f8f95440f723ce4,4a3ca9315b744ce9f8e9374361493884,61.85,210.00
4bb3eed0b423bcae4c063a401e17308e#3,4bb3eed0b423bcae4c063a401e17308e,4d687600c495f2049542171633cf1f77,4a3ca9315b744ce9f8e9374361493884,61.85,210.00
4bb429b2f70ff5c85e7fdcecb5efa852#1,4bb429b2f70ff5c85e7fdcecb5efa852,5cd07c84a1c25575ac2fc3fa73f1d952,86bb7c4b535e49a541baf3266b1c95b1,21.44,597.90
4bb6e6f5af26e1f5951d934386615406#1,4bb6e6f5af26e1f5951d934386615406,3fbc0ef745950c7932d5f2a446189725,06a2c3af7b3aee5d69171b0e14f0ee87,27.75,66.99
4bc02ff9a093f3cc4119a960969f5f74#1,4bc02ff9a093f3cc4119a960969f5f74,68fcd6e074680a12b9fa38a42bbfec1c,fa1c13f2614d7b5c4749cbc52fecda94,15.97,174.90
4bd80487e45eb96ed277f47d7b9dca63#1,4bd80487e45eb96ed277f47d7b9dca63,9ad536de496ccba6e4a9ac7be933ad9d,7ddcbb64b5bc1ef36ca8c151f6ec77df,14.67,494.99
4bf27cd715a4b7ccb0ea582b5b5fd639#1,4bf27cd715a4b7ccb0ea582b5b5fd639,14dffa241a078aeaebaef48a49e807ca,fa40cc5b934574b62717c68f3d678b6d,15.75,64.90
4c217e3cc24f803307dea7d619377def#1,4c217e3cc24f803307dea7d619377def,3fbc0ef745950c7932d5f2a446189725,06a2c3af7b3aee5d69171b0e14f0ee87,19.38,66.99
4c342c53eed805e5712a130cccf665ee#1,4c342c53eed805e5712a130cccf665ee,601a360bd2a916ecef0e88de72a6531a,7a67c85e85bb2ce8582c35f2203ad736,38.39,119.99
4c3499a7df623b40778ee01a90811a2f#1,4c3499a7df623b40778ee01a90811a2f,d5991653e037ccb7af6ed7d94246b249,25c5c91f63607446a97b143d2d535d31,18.30,149.84
4c3e9e2bce3a3234a9255f390683e3af#1,4c3e9e2bce3a3234a9255f390683e3af,15859e3a8aaa3c192c10a91d8722abd5,e5a38146df062edaf55c38afa99e42dc,13.30,299.90
4c460fdf49b517270b6258ba2d3c1ef9#1,4c460fdf49b517270b6258ba2d3c1ef9,9a7c6041fa9592d9d9ef6cfe62a71f8c,439a47cc365d6e3bd526812ea9de3c29,11.91,127.50
4c52483789e169329b0dc09e8139b7e2#1,4c52483789e169329b0dc09e8139b7e2,1a080577618e7fe4d9ddd8fb2b47a964,4869f7a5dfa277a7dca6462dcf3b52b2,16.33,690.00
4c57f545143e8865ca2347d8cba154a7#1,4c57f545143e8865ca2347d8cba154a7,cac9e5692471a0700418aa3400b9b2b1,7ea5bfa6c340f58f8e71fc1f0412b0d6,14.62,124.99
4c5ad8021308604b11f7badf742189dc#1,4c5ad8021308604b11f7badf742189dc,541d7793096f512080b5b5c25ce3c44f,e9d99831abad74458942f21e16f33f92,17.63,8.50
4c6c2cdc8af14d43707dd3e71c1f54cc#1,4c6c2cdc8af14d43707dd3e71c1f54cc,aa280035c50ba62c746480a59045eec4,fa40cc5b934574b62717c68f3d678b6d,15.79,44.99
4c7ee4e8074ee13226ddac13d14b0989#1,4c7ee4e8074ee13226ddac13d14b0989,90df1d60e33ed1bdadec994d809f4bfd,d66c305afaec317ebee552073a674429,17.09,5.30
4c7ee4e8074ee13226ddac13d14b0989#2,4c7ee4e8074ee13226ddac13d14b0989,90df1d60e33ed1bdadec994d809f4bfd,d66c305afaec317ebee552073a674429,17.09,5.30
4c7ee4e8074ee13226ddac13d14b0989#3,4c7ee4e8074ee13226ddac13d14b0989,90df1d60e33ed1bdadec994d809f4bfd,d66c305afaec317ebee552073a674429,17.09,5.30
4c7ee4e8074ee13226ddac13d14b0989#4,4c7ee4e8074ee13226ddac13d14b0989,90df1d60e33ed1bdadec994d809f4bfd,d66c305afaec317ebee552073a674429,17.09,5.30
4c8c092a897404409eb4858b2c35f100#1,4c8c092a897404409eb4858b2c35f100,2216232cbfdfdc984d20cd53acb7aba8,ed4311e67debd72b8610a5347a743087,17.25,140.00
4c9ad1ec8d135d9f6cda60ba64fdc5bf#1,4c9ad1ec8d135d9f6cda60ba64fdc5bf,e1ecd7384e97b1ca3f7b1601c78728c9,4830e40640734fc1c52cd21127c341d4,52.36,30.00
4c9de71242c212430ae070b7d2f837e7#1,4c9de71242c212430ae070b7d2f837e7,27bd615168b15793cc060588b2aadd60,28a26ebce31d5918b181ede016fd693b,17.14,29.90
4cbe8de031dbae0b80286a23fdc1cf91#1,4cbe8de031dbae0b80286a23fdc1cf91,54d9ac713e253fa1fae9c8003b011c2a,955fee9216a65b617aa5c0531780ce60,19.84,29.50
4cc22fa6b7267027aac4151271636112#1,4cc22fa6b7267027aac4151271636112,b6c9cd6e3f66939d3156d1def59b7639,7adbd3210a7b3cc2235e225eef33574d,22.83,78.90
4cd02e8d4d592a91c4c7c1eac9fb7660#1,4cd02e8d4d592a91c4c7c1eac9fb7660,671d1f1a67e731435bc7a91569004038,0509040ea3fe50071181bbc359eb7738,15.11,41.50
4cd9478b63edacb631dcf780b036b157#1,4cd9478b63edacb631dcf780b036b157,500870614ddcf5bd84f7d26861026c8a,ef506c96320abeedfb894c34db06f478,12.79,14.00
4ce4fb772277f3a13a61a93b7f19d62e#1,4ce4fb772277f3a13a61a93b7f19d62e,b96665121d5d14f5da703d30f116a56c,00fc707aaaad2d31347cf883cd2dfe10,20.11,150.90
4ceb9336411700f9568db2ef11bda594#1,4ceb9336411700f9568db2ef11bda594,9abb00920aae319ef9eba674b7d2e6ff,1771297ac436903d1dd6b0e9279aa505,14.52,40.00
4ceb9336411700f9568db2ef11bda594#2,4ceb9336411700f9568db2ef11bda594,9abb00920aae319ef9eba674b7d2e6ff,1771297ac436903d1dd6b0e9279aa505,14.52,40.00
4ceb9336411700f9568db2ef11bda594#3,4ceb9336411700f9568db2ef11bda594,9abb00920aae319ef9eba674b7d2e6ff,1771297ac436903d1dd6b0e9279aa505,14.52,40.00
4ceb9336411700f9568db2ef11bda594#4,4ceb9336411700f9568db2ef11bda594,9abb00920aae319ef9eba674b7d2e6ff,1771297ac436903d1dd6b0e9279aa505,14.52,40.00
4cf05124a340f768d9d89d5b91a6af97#1,4cf05124a340f768d9d89d5b91a6af97,82e4ad16521ca131d95e198d507db370,128639473a139ac0f3e5f5ade55873a5,12.48,18.90
4cf225bc6f9bf421b97987161b23cc57#1,4cf225bc6f9bf421b97987161b23cc57,249360ba4e41990fed4dd4398fd1893a,855668e0971d4dfd7bef1b6a4133b41b,18.42,45.00
4cff7f0b5c2c6d7be3f10d0d202cbc2f#1,4cff7f0b5c2c6d7be3f10d0d202cbc2f,90509918fbc0f45016520d833ae25f78,45213867cefbf2cd4c6177e10216a951,47.85,322.75
4d0d3e6d52ebda96d3ff80f913a49cee#1,4d0d3e6d52ebda96d3ff80f913a49cee,dc52f0f5d3ec37a93eaf956cde4e5d2c,6560211a19b47992c3666cc44a7e94c0,7.78,49.00
4d0fce2314e3a88cb7371a111cf69f41#1,4d0fce2314e3a88cb7371a111cf69f41,d9bdf643d95cb89844c0da1a0df1d16e,058fd0aa2bfdb2274e05e1ae971dabb6,15.59,120.00
4d19a84d4fe92e95e982b879faa52c20#1,4d19a84d4fe92e95e982b879faa52c20,eb1c2951b5beaa83e9a1ad096c9a2b0d,ef506c96320abeedfb894c34db06f478,14.10,37.99
4d2d8a4224215f680cc5221011347401#1,4d2d8a4224215f680cc5221011347401,382d3a69f930988d7ad77f78f31c0944,218d46b86c1881d022bce9c68a7d4b15,15.57,117.00
4d315c56f2d8d8d27bf1a1365d41c923#1,4d315c56f2d8d8d27bf1a1365d41c923,a1b5a3e2a2233424b6c4ce31f31aa8db,7c67e1448b00f6e969d365cea6b010ab,34.87,112.94
4d41aecae7fc035c91789128309fb7b0#1,4d41aecae7fc035c91789128309fb7b0,0354c6a8cb8961e29b70e564b93861fe,a3a38f4affed601eb87a97788c949667,14.52,34.99
4d44526e9f5875e440f58363f5a621de#1,4d44526e9f5875e440f58363f5a621de,10335f29114548c89998eb43398f58e5,6560211a19b47992c3666cc44a7e94c0,7.77,129.00
4d4ef6cd8147028ffd8c18dc0f6e3050#1,4d4ef6cd8147028ffd8c18dc0f6e3050,027cdd14a677a5834bc67a9789db5021,81f89e42267213cb94da7ddc301651da,18.58,69.00
4d630f57194f5aba1a3d12ce23e71cd9#1,4d630f57194f5aba1a3d12ce23e71cd9,62bf07cdb14270c48cf42ca0312986aa,04e38a233f726ef161074ab1c9b0399a,40.33,199.90
4d81d50f72f166b704ba664c8a1ddbd6#1,4d81d50f72f166b704ba664c8a1ddbd6,419a18f1940972e64957006dbfbf318e,1354d51653f645349064725ed204e85e,18.93,150.00
4d8a7251d3f4f82c05c207b52ccd25f3#1,4d8a7251d3f4f82c05c207b52ccd25f3,f1b5bab9091189a35c60f52afb5bcfa0,6f229cc508fc6915ed5c499efd93baa4,23.78,139.90
4d95703047b8a80cf5796b7478900ec7#1,4d95703047b8a80cf5796b7478900ec7,f10d3472b287e627cf92e5ff1d8b88f2,41b39e28db005d9731d9d485a83b4c38,11.85,39.90
4d95703047b8a80cf5796b7478900ec7#2,4d95703047b8a80cf5796b7478900ec7,f10d3472b287e627cf92e5ff1d8b88f2,41b39e28db005d9731d9d485a83b4c38,11.85,39.90
4da3bd761ca73d692ae0f5c252495546#1,4da3bd761ca73d692ae0f5c252495546,4d8f78374f31cd4b4932c1f2a42c4674,7a425d299613df3e613bcf9d2eaf5c49,7.94,18.50
4da937ffa1e058f52a9eeb89187d65b5#1,4da937ffa1e058f52a9eeb89187d65b5,2136c70bbe723d338fab53da3c03e6dc,6560211a19b47992c3666cc44a7e94c0,18.30,29.00
4dadcd5f9e682c17fdc6dded70c048e0#1,4dadcd5f9e682c17fdc6dded70c048e0,337c81a0f9e751b6cbdf56680a33c365,a17f621c590ea0fab3d5d883e1630ec6,15.10,26.33
4dba50963d750e691239a5fb64bed86f#1,4dba50963d750e691239a5fb64bed86f,54d04fc6ad1839346b6fe2c94687fd74,e5475dcab1e07b63d7f6e902d8f5eda8,16.38,59.00
4dcc01481b7ab4f5f37c8eb4c4c67841#1,4dcc01481b7ab4f5f37c8eb4c4c67841,ee0c1cf2fbeae95205b4aa506f1469f0,cc419e0650a3c5ba77189a1882b7556a,18.26,53.99
4dd077c76e72e73742c4af14ebfbd4d1#1,4dd077c76e72e73742c4af14ebfbd4d1,6fe2e0bce49965a508008e08ee9f575e,4e7c18b98d84e05cbae3ff0ff03846c2,42.62,109.00
4df92d82d79c3b52c7138679fa9b07fc#1,4df92d82d79c3b52c7138679fa9b07fc,de533fe5b9448ea9792195806938dbf5,1025f0e2d44d7041d6cf58b6550e0bfa,12.40,196.80
4e21387c48145e5e07a1d552b1a69776#1,4e21387c48145e5e07a1d552b1a69776,00baba5b58e274d0332a0c8a0a66f877,d3f39f05462b79a4562d35893a28f159,11.85,47.90
4e2160ff7a61b2bf4fbd2e527ea924d3#1,4e2160ff7a61b2bf4fbd2e527ea924d3,72d3bf1d3a790f8874096fcf860e3eff,0bae85eb84b9fb3bd773911e89288d54,16.11,38.25
4e49c4d84e4e416dfa56e61889b7113d#1,4e49c4d84e4e416dfa56e61889b7113d,8b50a72d52d7a91fb19d19fbe069e2f2,9f505651f4a6abe901a56cdc21508025,12.79,44.99
4e4d9ab79db69a4bd0d79833bfce91f3#1,4e4d9ab79db69a4bd0d79833bfce91f3,1632189d4c3d9e64cf3fd110b93f1a19,e5a3438891c0bfdb9394643f95273d8e,15.10,41.30
4e53a913dfd522beb67229c2784dde5b#1,4e53a913dfd522beb67229c2784dde5b,2948658cb6abc82847412be7201bfc4c,955fee9216a65b617aa5c0531780ce60,34.38,120.00
4e7ca1c32e075c6efd8bdffeac2be58a#1,4e7ca1c32e075c6efd8bdffeac2be58a,58a56598bd27e4169dd5ab99d2eee335,8d956fec2e4337affcb520f56fd8cbfd,7.39,23.99
4ea3508e2de6e58640c0efe3ef758829#1,4ea3508e2de6e58640c0efe3ef758829,7ac3d0879c16f4e7e9a6a45d576e0efa,ad738d3fcf42655ed15c4960b7b6c601,15.89,65.00
4edca0186e467f58fe99ab648f604ce8#1,4edca0186e467f58fe99ab648f604ce8,d04bbac48960ecb7ea311b00ca6e1cb7,0dd184061fb0eaa7ca37932c68ab91c5,24.86,104.00
4eeecb9e657525024b9b538730c5f974#1,4eeecb9e657525024b9b538730c5f974,91b08d34d0ba4db44da2dc382867ba49,b76dba6c951ab00dc4edf0a1aa88037e,18.23,12.99
4ef04edb491b8cc23eabe782ced6715c#1,4ef04edb491b8cc23eabe782ced6715c,980f472a1354c8366960f7c4528c470e,06a2c3af7b3aee5d69171b0e14f0ee87,27.25,56.99
4efb9f3d8ba57d35f9f884744e757265#1,4efb9f3d8ba57d35f9f884744e757265,9c422a519119dcad7575db5af1ba540e,2b3e4a2a3ea8e01938cabda2a3e5cc79,14.10,49.99
4f1330720e5aa2d61a474c63620fc42b#1,4f1330720e5aa2d61a474c63620fc42b,33fac76e7f17367dedaef7954bbb33b4,56642bcb79900e777d68e91915cb4267,16.87,88.00
4f248cce45f86c074a86cbf117d2b1b5#1,4f248cce45f86c074a86cbf117d2b1b5,ae5f5d4cad780bc59652d9ca6ba3b1a7,89f69225956f951295ca4c7fb1266553,14.72,79.90
4f32c93f66aadbd682294f5cedde7c18#1,4f32c93f66aadbd682294f5cedde7c18,78119fbfa709d07b86f5ccf15043c6d6,4869f7a5dfa277a7dca6462dcf3b52b2,38.08,199.00
4f38a875c972c4803a792f62b999b4cd#1,4f38a875c972c4803a792f62b999b4cd,2eb3c639a21ca3eeabf2ec13bf7bc46d,ea67327e24487bdfac5fbfa37ea124df,19.68,228.00
4f392bdcc6b33f1b56ae0fd844343bbb#1,4f392bdcc6b33f1b56ae0fd844343bbb,283dc451ad3918badb976d56ff887289,da8622b14eb17ae2831f4ac5b9dab84a,13.58,79.90
4f39a94d6e474819d898d6df7d394996#1,4f39a94d6e474819d898d6df7d394996,15f773b4fea5b2ab681b02620b0c3a95,82e0a475a88cc9595229d8029273f045,19.25,79.00
4f39a94d6e474819d898d6df7d394996#2,4f39a94d6e474819d898d6df7d394996,15f773b4fea5b2ab681b02620b0c3a95,82e0a475a88cc9595229d8029273f045,19.25,79.00
4f4cdcc0b6af1eb7d23872ddc92b5d05#1,4f4cdcc0b6af1eb7d23872ddc92b5d05,a7d06b7704b157e36c45b898fa555dd5,534a01cc6df1e034e05c32028a291fa2,7.78,38.90
4f5fa78eddf28c3f669aa1554fe38622#1,4f5fa78eddf28c3f669aa1554fe38622,9f7b48e2d4e4d7375f71a10791faa1b8,259f7b5e6e482c230e5bfaa670b6bb8f,26.57,69.90
4f7ce3efe568a5e57290a9fa3e45b1f5#1,4f7ce3efe568a5e57290a9fa3e45b1f5,cb460986a447ed00da792526bf6189e4,ea566164622c6b439516ab18062c42cd,32.67,1695.00
4f7e398a1ddb1c349465b42b6865c60b#1,4f7e398a1ddb1c349465b42b6865c60b,63d117fa87d2dff89156e2c9d885dba7,75d34ebb1bd0bd7dde40dd507b8169c3,21.85,149.99
4f869174cbff0495e39adbe5a6c4c040#1,4f869174cbff0495e39adbe5a6c4c040,d934d5a5c12e50df26c0669f578e2621,080102cd0a76b09e0dcf55fcacc60e05,14.13,53.99
4fa1b6d5d3ca98e8def932544cc51b90#1,4fa1b6d5d3ca98e8def932544cc51b90,c0abb5707b6d57b4e7d9797222a77fc8,2e1c9f22be269ef4643f826c9e650a52,8.92,80.49
4fc42727f0b542099a7568206da01fa6#1,4fc42727f0b542099a7568206da01fa6,4c2394abfbac7ff59ec7a420918562fa,cc419e0650a3c5ba77189a1882b7556a,15.35,84.99
4fe2e8b329e56a00aba9b0136b46f00f#1,4fe2e8b329e56a00aba9b0136b46f00f,53bd0c908c6ab820c9828763348728ef,cca3071e3e9bb7d12640c9fbe2301306,13.07,69.90
4fe2fd5509bca02cbd39aa5b3eeb2a8f#1,4fe2fd5509bca02cbd39aa5b3eeb2a8f,71d22271ee986bf5a46a2c199da0265b,259f7b5e6e482c230e5bfaa670b6bb8f,11.30,39.90
4ff67d3d6e7ebcbcf5cd40998e8a3d2a#1,4ff67d3d6e7ebcbcf5cd40998e8a3d2a,02a3073438c0d024f60e34a05bd340c4,60562ab00b8054280520d390c8c0045c,20.13,166.00
4ff907acfe03d4b4eccece88f700eb43#1,4ff907acfe03d4b4eccece88f700eb43,3e45fc327c9740f1ae03383a8e201968,e9779976487b77c6d4ac45f75ec7afe9,13.12,22.89
4ff907acfe03d4b4eccece88f700eb43#2,4ff907acfe03d4b4eccece88f700eb43,0042f1a9a7e0edd1400c6cd0fda065f8,a5a1bfcf728ab0e19182959cf0771ee4,7.00,39.90
5005cef43694f92d85586692652e5216#1,5005cef43694f92d85586692652e5216,1613b819ab5dae53aead2dbb4ebdb378,16090f2ca825584b5a147ab24aa30c86,18.31,29.99
500e36e71ec5080f1935acac38e0f8c1#1,500e36e71ec5080f1935acac38e0f8c1,dc0289c8cd78fb2f6c41bb8be865cbec,fcb5ace8bcc92f75707dc0f01a27d269,15.40,42.60
5028b62d8f474883ae57b5da1ffd1e8a#1,5028b62d8f474883ae57b5da1ffd1e8a,ff7fccf8513f360157f0660fe51d1d88,440dd6ab244315c632130ecfb63827b1,38.67,159.90
5039c86e0392fa512d40a377555e64c3#1,5039c86e0392fa512d40a377555e64c3,be5f0f785e9495b018017045cc207457,6edacfd9f9074789dad6d62ba7950b9c,10.96,38.90
504ec2b6f69e898c557955750272d563#1,504ec2b6f69e898c557955750272d563,1095f63b46911593e051ed9a0d31fe87,891071be6ba827b591264c90c2ae8a63,5.37,28.99
504ec2b6f69e898c557955750272d563#2,504ec2b6f69e898c557955750272d563,23384f296aa1bf6461d22912093a9847,891071be6ba827b591264c90c2ae8a63,9.41,20.00
5062a18a32fe0f9975f7a1630a0a67dd#1,5062a18a32fe0f9975f7a1630a0a67dd,44fded21627553d1886d459384bbce06,8b321bb669392f5163d04c59e235e066,50.85,15.00
507240e305d631056d7ced5d5ab0eb9a#1,507240e305d631056d7ced5d5ab0eb9a,fe83af233315b04d9093c7edbcf789dd,1127b7f2594683f2510f1c2c834a486b,11.15,48.32
509c69c52df2779cbec8cf7772c5bf00#1,509c69c52df2779cbec8cf7772c5bf00,3d5837f86205fe83f03fb5f7e4d5b9cf,9d4db00d65d7760644ac0c14edb5fd86,53.12,109.80
50c67fc0ce3ee7959b7dfeeabfbe6b78#1,50c67fc0ce3ee7959b7dfeeabfbe6b78,5cc23f2c72b47d7b95f4df9855848a46,1e8b33f18b4f7598d87f5cbee2282cc2,13.67,159.90
50c71607b83f5edc9a65e7c7d9910b1a#1,50c71607b83f5edc9a65e7c7d9910b1a,99a4788cb24856965c36a24e339b6058,4a3ca9315b744ce9f8e9374361493884,15.38,89.90
50fe82ce977520094518dd8618d7331a#1,50fe82ce977520094518dd8618d7331a,d245838e3d0b2b51d751ccdc98885a8e,cc419e0650a3c5ba77189a1882b7556a,7.39,6.00
5108acfe22756c07a696f4ff210790a8#1,5108acfe22756c07a696f4ff210790a8,0b0c04563408d8d1187cdbd6292a89fa,891071be6ba827b591264c90c2ae8a63,7.39,29.99
511629b91fcfb73e2e7ee747102a9ffd#1,511629b91fcfb73e2e7ee747102a9ffd,16ec3cff48acf77c13de21217bcc8af0,dbb9b48c841a0e39e21f98e1a6b2ec3e,14.11,155.90
511c9c59155679bf85e46829de6bf067#1,511c9c59155679bf85e46829de6bf067,32ab984210a9cc604931ba8408ec6994,7a2d2949aea47fab95fd98d6c9f618b1,19.82,242.00
511da260161b881c22b3608bed0044e5#1,511da260161b881c22b3608bed0044e5,72172e982e8b92155069e4201c92c0bb,e9779976487b77c6d4ac45f75ec7afe9,25.63,37.49
5164933efe0cd14f31424b9badf81f19#1,5164933efe0cd14f31424b9badf81f19,821a07e1e2a0382df1f3761ae3cd435c,da8622b14eb17ae2831f4ac5b9dab84a,12.00,129.90
517b4b7e7f723df3693ae71473078d73#1,517b4b7e7f723df3693ae71473078d73,60c93709754c1b56d6fcc7187a4810f3,53e4c6e0f4312d4d2107a8c9cddf45cd,17.75,72.00
5189eca8aa65ca525e4929c6f6a758d1#1,5189eca8aa65ca525e4929c6f6a758d1,9453bde60c4ee52155c963641736cfc5,5c243662ce92d84573bfaff24c3e3700,19.30,467.00
51b0dccc8596ce37a930dff2d63a10a2#1,51b0dccc8596ce37a930dff2d63a10a2,bace90a7338e9d31371ad47811cf4c7d,1a3df491d1c4f1589fc2b934ada68bf2,17.78,99.90
51c68b0aedaa22a0b426f5635ac439b1#1,51c68b0aedaa22a0b426f5635ac439b1,9fc063fd34fed29ccc57b7f8e8d03388,ccc4bbb5f32a6ab2b7066a4130f114e3,29.44,370.00
51ceba3ba51d4b4543e7f78e181e0ba9#1,51ceba3ba51d4b4543e7f78e181e0ba9,7c68e7297c7df2535c9f0dcd61007f64,bb135baca94c82fcb731335ad5b04a03,10.96,9.90
51ceba3ba51d4b4543e7f78e181e0ba9#2,51ceba3ba51d4b4543e7f78e181e0ba9,7c68e7297c7df2535c9f0dcd61007f64,bb135baca94c82fcb731335ad5b04a03,10.96,9.90
51ceba3ba51d4b4543e7f78e181e0ba9#3,51ceba3ba51d4b4543e7f78e181e0ba9,7c68e7297c7df2535c9f0dcd61007f64,bb135baca94c82fcb731335ad5b04a03,10.96,9.90
51ceba3ba51d4b4543e7f78e181e0ba9#4,51ceba3ba51d4b4543e7f78e181e0ba9,7c68e7297c7df2535c9f0dcd61007f64,bb135baca94c82fcb731335ad5b04a03,10.96,9.90
51ceba3ba51d4b4543e7f78e181e0ba9#5,51ceba3ba51d4b4543e7f78e181e0ba9,7c68e7297c7df2535c9f0dcd61007f64,bb135baca94c82fcb731335ad5b04a03,10.96,9.90
51fc12a7908ea200b269a6ecfb3e7740#1,51fc12a7908ea200b269a6ecfb3e7740,23384f296aa1bf6461d22912093a9847,891071be6ba827b591264c90c2ae8a63,10.96,20.00
520ddcbcf0082ed43b0a73ce1127f073#1,520ddcbcf0082ed43b0a73ce1127f073,566a4f2c4385f36d15c00dfcaae132d1,8b321bb669392f5163d04c59e235e066,11.85,21.90
523156bbb727eaea16d8a2880296d26c#1,523156bbb727eaea16d8a2880296d26c,6f3b5b605d91b7439c5e3f5a8dffeea7,7d13fca15225358621be4086e1eb0964,17.19,145.00
52324f390c9414a6c6b4a2f1b24964b4#1,52324f390c9414a6c6b4a2f1b24964b4,1f112631857414c63be3c00b6d8bf45f,fa1c13f2614d7b5c4749cbc52fecda94,36.60,399.90
5236307716393b7114b53ee991f36956#1,5236307716393b7114b53ee991f36956,3aa071139cb16b67ca9e5dea641aaa2f,b561927807645834b59ef0d16ba55a24,17.99,248.00
523d7597c0c82db94fd16b4213e2f0ab#1,523d7597c0c82db94fd16b4213e2f0ab,0db0a25da8420d8e6d918b552c3c4891,89bc797e2e29667aa035d4368f9b7f92,14.52,15.90
524328eaaeddfd8aa01dc3897ad69935#1,524328eaaeddfd8aa01dc3897ad69935,91e2aac5302f657c8fdf3040124d8809,2a84855fd20af891be03bc5924d2b453,36.02,99.90
52432d42fb818ca588e38c5067f73c3f#1,52432d42fb818ca588e38c5067f73c3f,6e835aea84ae8eb68b8c14878dd43b30,4d6d651bd7684af3fffabd5f08d12e5a,16.12,69.90
5246f33ed41cfa5f5b8f64e7bc8cf0c2#1,5246f33ed41cfa5f5b8f64e7bc8cf0c2,0581c05e8e3c0d17ea0ef8904419ec00,53e4c6e0f4312d4d2107a8c9cddf45cd,17.20,52.00
526043f9d39d510f7a79547410cd3318#1,526043f9d39d510f7a79547410cd3318,dc52f0f5d3ec37a93eaf956cde4e5d2c,6560211a19b47992c3666cc44a7e94c0,15.10,49.00
526e735eb29aafd817d59ca159eb7aab#1,526e735eb29aafd817d59ca159eb7aab,610c673331ac3c4fa0f393ce5af9aa2e,8b321bb669392f5163d04c59e235e066,17.63,13.65
5295794ed329bd3ffd4581bc4a0627a5#1,5295794ed329bd3ffd4581bc4a0627a5,6f544a62e85efa4d7a5e135482b31d79,232a6014e7b10cba61c6c2b2ea6bb4b0,37.97,118.90
529e1bb30ba6e4c420219a539593eee0#1,529e1bb30ba6e4c420219a539593eee0,17764de01dd9ad50ae317792ad2e2868,b55638ad525e906c698fa2ce742c1742,16.17,59.00
52b828f13e08788433adad4a7d135779#1,52b828f13e08788433adad4a7d135779,83b00325c13c44245b2c3a2befa62a0e,ad781527c93d00d89a11eecd9dcad7c1,36.84,139.99
52e5445828db681d83dccb33a15ecac4#1,52e5445828db681d83dccb33a15ecac4,e0d64dcfaa3b6db5c54ca298ae101d05,4869f7a5dfa277a7dca6462dcf3b52b2,24.06,170.00
52f166ce5fa053bbb27d317e4fd231b7#1,52f166ce5fa053bbb27d317e4fd231b7,63085bb4366ded27bcb63cbb59b4103a,5dceca129747e92ff8ef7a997dc4f8ca,18.51,428.00
5308fdab519f7478ef64894128fbbee4#1,5308fdab519f7478ef64894128fbbee4,1b93af229a5768eaaed2064722b1c1dc,213b25e6f54661939f11710a6fddb871,18.79,129.95
531adaed1a1981c1cf381bbf3a4a3895#1,531adaed1a1981c1cf381bbf3a4a3895,2a2d22ae30e026f1893083c8405ca522,1a3df491d1c4f1589fc2b934ada68bf2,23.81,134.90
53239db74c7835641f106ef90b3d0100#1,53239db74c7835641f106ef90b3d0100,a01df785213c3ea6d2a918f9095af482,41b39e28db005d9731d9d485a83b4c38,35.00,119.90
53302305754d77daab8c64a29db8d8c4#1,53302305754d77daab8c64a29db8d8c4,be9ab5610721c60c477717f7025d713e,b494891378bd8f4560abe576c52deacd,19.40,69.90
533e104c4193cf07d264603f7800fb71#1,533e104c4193cf07d264603f7800fb71,f142a5ca78eb112cafbcf29f9a43eca7,02a2272692e13558373c66db98f05e2e,14.52,29.99
5342639ad4af90638a48134b744df827#1,5342639ad4af90638a48134b744df827,d9ee0c2943c9663aef6a2bc0411cbc14,cca3071e3e9bb7d12640c9fbe2301306,18.00,107.61
5342acb7b183acec77f59e4d78f7c804#1,5342acb7b183acec77f59e4d78f7c804,0da9ffd92214425d880de3f94e74ce39,001cca7ae9ae17fb1caed9dfb1094831,38.21,112.00
534c285356eb06898b7ea7edbb14476b#1,534c285356eb06898b7ea7edbb14476b,bd6eb9532e448ca538cec41d0b9dc228,f5a590cf36251cf1162ea35bef76fe84,24.10,255.00
5361ae7742cca11bdce02eba111d345a#1,5361ae7742cca11bdce02eba111d345a,0cf573090c66bb30ac5e53c82bdb0403,99eaacc9e6046db1c82b163c5f84869f,11.02,59.00
5370a96022220f889db213211b32740d#1,5370a96022220f889db213211b32740d,b192be433004cc1f10b467c0e9ea309b,de722cd6dad950a92b7d4f82673f8833,15.71,179.90
5384eba8f22866695801e33c6dc25745#1,5384eba8f22866695801e33c6dc25745,a695ab8413ea83619cde9b18292d6aa1,1da366cade6d8276e7d8beea7af5d4bf,20.80,40.00
538917e9e6d39e4e2f6d7480f7c2479e#1,538917e9e6d39e4e2f6d7480f7c2479e,0eb5d1d033dcdd7b9b11658ce84ee8e9,7a2d2949aea47fab95fd98d6c9f618b1,24.77,110.00
5394217c78ea24ee2b377c043b6bd7d9#1,5394217c78ea24ee2b377c043b6bd7d9,2d0756de18a80990e11ec355070dd85a,76d5af76d0271110f9af36c92573f765,27.20,658.90
53ad0f90be4c36080d70c96aa70eafe9#1,53ad0f90be4c36080d70c96aa70eafe9,ac44def10e24998cdee20a208d691127,8160255418d5aaa7dbdc9f4c64ebda44,17.85,85.90
53cbf33b674d602f6746cb90a9d874fd#1,53cbf33b674d602f6746cb90a9d874fd,35afc973633aaeb6b877ff57b2793310,4a3ca9315b744ce9f8e9374361493884,12.13,89.90
53cdb2fc8bc7dce0b6741e2150273451#1,53cdb2fc8bc7dce0b6741e2150273451,595fac2a385ac33a80bd5114aec74eb8,289cdb325fb7e7f891c38608bf9e0962,22.76,118.70
53cf21aea186e583d69fe8d531829e3c#1,53cf21aea186e583d69fe8d531829e3c,82fd0e5d33b58ad696f75449679c1470,cd68562d3f44870c08922d380acae552,16.64,125.50
53f0bd64140840f70f00c89e7a19fdf2#1,53f0bd64140840f70f00c89e7a19fdf2,575a896d07cd269eb0b2b8762e0be261,4d6d651bd7684af3fffabd5f08d12e5a,51.75,179.00
53f3f52eca823461e5ee857dd46fb101#1,53f3f52eca823461e5ee857dd46fb101,3225c54bb2785c33f49f50398fcdb88c,4869f7a5dfa277a7dca6462dcf3b52b2,16.70,278.00
5413211efa4372ef637627d1e59d2f82#1,5413211efa4372ef637627d1e59d2f82,efa1b15e58071189595afce796e08bdd,fa1c13f2614d7b5c4749cbc52fecda94,8.30,148.80
541e98fb4e0b225dbc4493ae9d53eeb3#1,541e98fb4e0b225dbc4493ae9d53eeb3,ba9f160a6ae1c23f25d690fd06fe4fd8,ac3508719a1d8f5b7614b798f70af136,45.69,120.90
542e3cb5f8f6657a8822ad52a57552ed#1,542e3cb5f8f6657a8822ad52a57552ed,296ae6fd1ff55a39b63dbbb3ea7a36a0,2528513dd95219a6013d4d05176e391a,57.66,169.00
543a9bf05657bd3c5099de23d13139a1#1,543a9bf05657bd3c5099de23d13139a1,97b91c8032defad1460e5225a0049161,d93844a9c55ba7ce353388bcf849ea56,38.68,179.90
543a9bf05657bd3c5099de23d13139a1#2,543a9bf05657bd3c5099de23d13139a1,6af944d65385c537dd7fb26787c7dae3,d93844a9c55ba7ce353388bcf849ea56,23.21,79.90
5447160f15621601fa9ba2b94f4906b3#1,5447160f15621601fa9ba2b94f4906b3,461f43be3bdf8844e65b62d9ac2c7a5a,b33e7c55446eabf8fe1a42d037ac7d6d,15.77,146.00
544b98cbee1fc6152e5ede26e1ef2986#1,544b98cbee1fc6152e5ede26e1ef2986,d934d5a5c12e50df26c0669f578e2621,080102cd0a76b09e0dcf55fcacc60e05,14.13,53.99
546c8958ff67b28473cf140ec32a5a91#1,546c8958ff67b28473cf140ec32a5a91,b24af8bca8813bcde4140ff8562f5e47,ea8482cd71df3c1969d7b9473ff13abc,16.79,43.99
546c8958ff67b28473cf140ec32a5a91#2,546c8958ff67b28473cf140ec32a5a91,cb0c2c97fb2fca149a11c2f14027895d,ea8482cd71df3c1969d7b9473ff13abc,16.79,24.99
5487a8ac1699754d975f853ce8bb9321#1,5487a8ac1699754d975f853ce8bb9321,73e0db4719016f90a37238ca8e5a1cab,11305281b50fff20ae8bb473f8e11876,27.20,159.99
54912035e047f9834df97cdfef0d2768#1,54912035e047f9834df97cdfef0d2768,0e40b1ed4cfd3da1962ec91913e54ba8,8b321bb669392f5163d04c59e235e066,7.39,13.65
54ac5ed66a8b2c74a3878d90d805f367#1,54ac5ed66a8b2c74a3878d90d805f367,f97d74310019b255120e4316f4515d74,0ea22c1cfbdc755f86b9b54b39c16043,14.52,39.90
54bc2449fbe0368b74470e4280fe494e#1,54bc2449fbe0368b74470e4280fe494e,78efe838c04bbc568be034082200ac20,0241d4d5d36f10f80c644447315af0bd,32.50,99.90
54c48a1401020a79d5d52ff20cb07aa7#1,54c48a1401020a79d5d52ff20cb07aa7,e1901d5d99ca951543717ea5d1940a36,f00e21b1e91a79653163b7fd8f293ff1,11.31,99.90
54d591a90dbfa19ae578252a9b5a2720#1,54d591a90dbfa19ae578252a9b5a2720,aa0756c28665669298ad1d32c064619e,213b25e6f54661939f11710a6fddb871,23.38,113.85
5504eaa5a86eb25fa666cf2e6b96c701#1,5504eaa5a86eb25fa666cf2e6b96c701,4a3b0111d9c112251e4732b44d1d118b,3a734b715d333a2588a3d54a0c9b8746,14.57,117.00
5506c622c9692ec1a2145b8b8f712eba#1,5506c622c9692ec1a2145b8b8f712eba,7f8b42a3cbe617b6112e0623f0d32fa2,c878515173c84a492ebe50d6b493230b,24.19,189.00
5509f25fd68fac3fe49fc1a532ba33ef#1,5509f25fd68fac3fe49fc1a532ba33ef,78514b0a0cec96621010b7b6a2bfd6c6,30a2f535bb48308f991d0b9ad4a8c4bb,14.10,49.90
550a019d25590b5b3b6d31c0fd3edbbb#1,550a019d25590b5b3b6d31c0fd3edbbb,7d78cbee891d98c76028e3008a230712,f00e21b1e91a79653163b7fd8f293ff1,10.96,30.90
553d47dc490558ea119058262b5f472a#1,553d47dc490558ea119058262b5f472a,28e2aedad93288312a4929b8dd91ec73,f680f85bee2d253556ac91be391d2c82,20.99,59.90
554ed79a85b56443912252c580b0ad02#1,554ed79a85b56443912252c580b0ad02,c7fd13b5e515bffdab855d0812842edb,1025f0e2d44d7041d6cf58b6550e0bfa,16.31,78.00
554ed79a85b56443912252c580b0ad02#2,554ed79a85b56443912252c580b0ad02,c7fd13b5e515bffdab855d0812842edb,1025f0e2d44d7041d6cf58b6550e0bfa,16.31,78.00
555e4d40fb6beea866d46eb6a5a01b41#1,555e4d40fb6beea866d46eb6a5a01b41,83d199d296c44101c8c3b5c9c0cce9ea,850f4f8af5ea87287ac68de36e29107f,12.62,69.99
555e4d40fb6beea866d46eb6a5a01b41#2,555e4d40fb6beea866d46eb6a5a01b41,a140e83c184347be1aa71694fe525537,3d871de0142ce09b7081e2b9d1733cb1,9.41,19.90
5561adcb0fd46da4cad3048fa4e7fc00#1,5561adcb0fd46da4cad3048fa4e7fc00,4d071a22b9cc548b64a75075a4c63151,131fcb0a0c9a47bba4474aacff0f14b7,9.45,99.90
556bbf53c2c22fbb9ef31a414dd444a6#1,556bbf53c2c22fbb9ef31a414dd444a6,9e2d3a8d8ffad53e2e35282a2020221c,1da366cade6d8276e7d8beea7af5d4bf,17.60,49.90
55722f117fa81b20ab36bbfc3c8878dd#1,55722f117fa81b20ab36bbfc3c8878dd,4613efcec95c18902f5e8b117df56188,26e2c91ef821e1ff8985f408788fe35b,19.57,86.40
55779fa8fe072d9f8c92d672154558f2#1,55779fa8fe072d9f8c92d672154558f2,8cee1d824765335c48ccc515c2ecf4b8,4a3ca9315b744ce9f8e9374361493884,23.92,96.00
55779fa8fe072d9f8c92d672154558f2#2,55779fa8fe072d9f8c92d672154558f2,b74d57e3377dd78aace6d070fc48cc88,4a3ca9315b744ce9f8e9374361493884,47.84,65.90
557eb42ce0b29c86666b04ec9496ea59#1,557eb42ce0b29c86666b04ec9496ea59,7ae8d9b8eca8a6daf066e53ddc7034d3,128639473a139ac0f3e5f5ade55873a5,15.10,18.90
559115c14f48d999adcc027b4a702c8b#1,559115c14f48d999adcc027b4a702c8b,5403528d987ad26e8d7cb25940411987,6560211a19b47992c3666cc44a7e94c0,7.78,49.00
5596ba1b51a8d6801a60712a250471a8#1,5596ba1b51a8d6801a60712a250471a8,ecc7e6fab3b3398b08af2baf86214af6,29fe9f200d3fa0c668d2aa1ec7e08dfb,15.31,80.00
55ab3650a53071b34253bdcada9e584b#1,55ab3650a53071b34253bdcada9e584b,d4652fae7ca028fda70d9b7b75432e04,4c498c7345e89aebad651544829beca0,12.86,27.90
55ab4aefca70a7b4b0a8466be48c5bbc#1,55ab4aefca70a7b4b0a8466be48c5bbc,fc1d8637c0268af3db482c14b7ef8e75,da8622b14eb17ae2831f4ac5b9dab84a,12.75,149.90
55ac02b6b194b6cebf53799310fb63bb#1,55ac02b6b194b6cebf53799310fb63bb,c1dfd7dc17df380ed269d0fc905f6e22,4830e40640734fc1c52cd21127c341d4,11.37,49.99
55b2cadb9946209a0283fd636ddc6676#1,55b2cadb9946209a0283fd636ddc6676,72331bc45c5e8665ee12999363bc9186,7b1222c3624aa89b9558b50a2594188c,16.22,209.90
55bd3d21d10786b863b8537b32bc3899#1,55bd3d21d10786b863b8537b32bc3899,32bad49615b7c5da42609b98df97482c,d91fb3b7d041e83b64a00a3edfb37e4f,18.23,16.29
55bde651a2c412e983a9ace2f3e05c5d#1,55bde651a2c412e983a9ace2f3e05c5d,249de764c23f381ef073c7520e0ab799,2ba91c7ad80ff88b23b7db823b43c233,7.60,48.50
55c5b6e322eed3fe3dbbd82da9906019#1,55c5b6e322eed3fe3dbbd82da9906019,3a264b078bf20e98f315ff65c23fa263,46dc3b2cc0980fb8ec44634e21d2718e,19.89,349.99
55c863e656258bebf75d429db9055bec#1,55c863e656258bebf75d429db9055bec,af51d485dc5255ba2e18b21b550156e6,5dceca129747e92ff8ef7a997dc4f8ca,44.62,259.90
55e68a38817afa16c0547a6ebeeff145#1,55e68a38817afa16c0547a6ebeeff145,7094fadc9773845c7d453e51b04289a8,d2374cbcbb3ca4ab1086534108cc3ab7,13.59,81.50
55f6044cecace75277ac3fb0335bf9a5#1,55f6044cecace75277ac3fb0335bf9a5,cf84f4d055494a42ee49d58b5f82afa2,ebd2d60905fb58271facef5596b620d3,17.74,69.90
56142b6c34c40cccb3e3ee8308a4ae76#1,56142b6c34c40cccb3e3ee8308a4ae76,dc66bd48cefb7c7c6ad6684a305b6bf7,1e8b33f18b4f7598d87f5cbee2282cc2,28.90,59.90
562f68d5a8c2d3be1d1b87f06c7b87c0#1,562f68d5a8c2d3be1d1b87f06c7b87c0,39a4610d926a93fee7cfa54319ac3515,955fee9216a65b617aa5c0531780ce60,14.10,220.00
563404de47cdc6763e7eced487016b66#1,563404de47cdc6763e7eced487016b66,490b7f74cbef35be4b6b69bb5f177386,9b00ed88b7fdb95d6ff76e27c1b52d16,11.85,12.50
56472b840118d1bfb244c6cb42581ae6#1,56472b840118d1bfb244c6cb42581ae6,b044bbed524dc39f8465f2d1b5b620f8,e9779976487b77c6d4ac45f75ec7afe9,19.98,299.90
564a38ee15a841a89a3e5c64fc8c0ce6#1,564a38ee15a841a89a3e5c64fc8c0ce6,4a0938478787f49dc07af734b86be96c,6560211a19b47992c3666cc44a7e94c0,15.79,149.00
56515935f0fcb6b511a18dc10a50173f#1,56515935f0fcb6b511a18dc10a50173f,85eed6b3f52d601d2a288e2668b888df,7142540dd4c91e2237acb7e911c4eba2,17.10,429.90
565923f847aad52e7638eb189cce3b51#1,565923f847aad52e7638eb189cce3b51,7fb04722aba7a2b632bac8f9819796f3,f3b80352b986ab4d1057a4b724be19d0,17.81,80.00
566c5bff1142c9d6003a83fd2e8ad1e5#1,566c5bff1142c9d6003a83fd2e8ad1e5,cf8c588a4b9b7599aa4807e78bbc65a9,36a968b544695394e4e9d7572688598f,8.27,8.90
567653c46861b54519b6f4cdee500f0a#1,567653c46861b54519b6f4cdee500f0a,87d6047f661dc87643c40612a6eff3b3,4a1f694197d05fe70026b016a7316b41,27.07,42.99
568b0f8bb1f7efe803f006abfd707e5e#1,568b0f8bb1f7efe803f006abfd707e5e,1a758361b1c10b3ffe3d3373332de319,8d956fec2e4337affcb520f56fd8cbfd,17.63,46.99
5690636f35f3831fe4cf8d5c8e060d99#1,5690636f35f3831fe4cf8d5c8e060d99,2fe0cccc00239f01484b97ba65408800,a3a38f4affed601eb87a97788c949667,18.05,114.90
5691d72069359cd293ac9a14f1bd5e9b#1,5691d72069359cd293ac9a14f1bd5e9b,8c0fd3e89ebf51f2fcff46abbc4eca05,715bbd5ba4e6b74cb0d2f29eb45058b0,37.15,34.90
56a4ac10a4a8f2ba7693523bb439eede#1,56a4ac10a4a8f2ba7693523bb439eede,ab1f9387c0627dd24000bfbc54fdeee0,8b321bb669392f5163d04c59e235e066,12.80,19.90
56a9371475e5344f96ca0933a17215ea#1,56a9371475e5344f96ca0933a17215ea,16cc7a098d176187b6d8e9519fa81585,5656537e588803a555b8eb41f07a944b,22.16,64.89
56ab0ef6726f49b711b84ce62e305c7c#1,56ab0ef6726f49b711b84ce62e305c7c,86bddf117876feb2e7ab68191c9b8bb1,2e3be8a987a30d7544dbbda6861cc14e,19.92,479.00
56af0400ccac703cca01cd9846d29c58#1,56af0400ccac703cca01cd9846d29c58,54a3b009ede4097eff76990e0fa8553c,c3867b4666c7d76867627c2f7fb22e21,18.37,159.90
56bd45163229b35ca0ab490c1e3d3233#1,56bd45163229b35ca0ab490c1e3d3233,6f5cff7499746e6f722c4dcee24f7437,dc4a0fc896dc34b0d5bfec8438291c80,11.95,64.90
56c26c7e1d2d600fc5e6a4a6b0be3aa8#1,56c26c7e1d2d600fc5e6a4a6b0be3aa8,b72b1952fed0f11ff9621862f1272e50,7b07b3c7487f0ea825fc6df75abd658b,11.06,64.80
56ce64b53ec3bb5b0525f21506619f8e#1,56ce64b53ec3bb5b0525f21506619f8e,422879e10f46682990de24d770e7f83d,1f50f920176fa81dab994f9023523100,17.64,49.00
56dc7f1b8195b7fbdd6479f055a203bb#1,56dc7f1b8195b7fbdd6479f055a203bb,060c17562f97e5bb60bc0dfa4dd5b3f2,9f505651f4a6abe901a56cdc21508025,15.23,22.99
56ec7cbe6d41f3fdbbe68de8142b3123#1,56ec7cbe6d41f3fdbbe68de8142b3123,e8316a4667e5870c85e906b1f062bde1,7c67e1448b00f6e969d365cea6b010ab,17.43,99.99
56ecd129e9283080044e40f77065b350#1,56ecd129e9283080044e40f77065b350,c7f8c040002615c99a0aa2ddec4c41e6,4371b634e0efc0e22b09b52907d9d469,14.25,72.00
56ef80c564f6fd57cc662adee0379746#1,56ef80c564f6fd57cc662adee0379746,06e73ddcb54620a36bfdb2e073c4dc40,0ea22c1cfbdc755f86b9b54b39c16043,14.52,34.90
56fdda0cb0aee560cd00b1a571dcb10f#1,56fdda0cb0aee560cd00b1a571dcb10f,656e0eca68dcecf6a31b8ececfabe3e8,e9bc59e7b60fc3063eb2290deda4cced,18.61,72.99
56fdda0cb0aee560cd00b1a571dcb10f#2,56fdda0cb0aee560cd00b1a571dcb10f,656e0eca68dcecf6a31b8ececfabe3e8,e9bc59e7b60fc3063eb2290deda4cced,18.61,72.99
570daa876f56bc4b6b5e503e01318c0e#1,570daa876f56bc4b6b5e503e01318c0e,aa3cf7c656b2a190d0baa54c3be0aed8,0bae85eb84b9fb3bd773911e89288d54,9.94,72.48
5711d8a02451fd508dc8911ee1fb4ac9#1,5711d8a02451fd508dc8911ee1fb4ac9,59bcfc096cb9fa35b5c5294582c78486,5ab05b6d86d417796c69ffd6774ec832,18.10,199.00
5713bef560364e39ec1630ff62449492#1,5713bef560364e39ec1630ff62449492,f67ad6b3366ae186b8d29087e6d5ebd0,16090f2ca825584b5a147ab24aa30c86,11.85,28.00
571b3d06ddb5bba38fac92f4da0778e7#1,571b3d06ddb5bba38fac92f4da0778e7,c92f0e7b9d49a9543558d6532772441b,5dceca129747e92ff8ef7a997dc4f8ca,46.86,129.90
5739eb8dc1389c46e5ff8fc605a6ba44#1,5739eb8dc1389c46e5ff8fc605a6ba44,5bf681c3d83a332fbb49765e3e572145,537eb890efff034a88679788b647c564,7.55,20.90
573b5d93e53ee17f6d7276929890932c#1,573b5d93e53ee17f6d7276929890932c,8707c6feb8f1d552e3d70b590481bec4,d379f449f2a3b271bc01c0782020f705,41.89,160.90
573ef5595dd0028826051b99f5306ad3#1,573ef5595dd0028826051b99f5306ad3,389d119b48cf3043d311335e499d9c6b,1f50f920176fa81dab994f9023523100,13.44,59.90
57665b3fb0f04270d6b333c9d1f80a61#1,57665b3fb0f04270d6b333c9d1f80a61,d1e422d44f28b10c3899b6f494142de0,dfa0c4c6229ab200a4a1336b4d7128ff,15.28,25.90
57694158da92a85b1fcd72de45542073#1,57694158da92a85b1fcd72de45542073,1aa464d8b37fad27aa67da15cb76d312,77530e9772f57a62c906e1c21538ab82,22.58,299.00
577dbf4b3668adb656ec29c2ce049ab1#1,577dbf4b3668adb656ec29c2ce049ab1,407729653f67fdfa6e588c6b0853edd7,ef506c96320abeedfb894c34db06f478,7.78,26.90
5792e0b1c8c8a2bf53af468c9a422c88#1,5792e0b1c8c8a2bf53af468c9a422c88,6d8f2ccbced01ba3165048d784a5cf0c,ececbfcff9804a2d6b40f589df8eef2b,13.15,69.50
57caf8a4f24c13ac1f4ec44f39a18a44#1,57caf8a4f24c13ac1f4ec44f39a18a44,d41dc2f2979f52d75d78714b378d4068,7299e27ed73d2ad986de7f7c77d919fa,15.10,9.00
57cbc8e34a5ceffb92f8b3193e4ffdb8#1,57cbc8e34a5ceffb92f8b3193e4ffdb8,b8b426747049f2d3d6e00b486d47dedb,01fdefa7697d26ad920e9e0346d4bd1b,23.43,89.90
57fac99131db488c097fd2b5a75255dd#1,57fac99131db488c097fd2b5a75255dd,622bad99b4296aade0783ebecdd3fa15,376a891762bbdecbc02b4b6adec3fdda,17.13,98.99
580c882a5805c78546ea65ec6d3690e4#1,580c882a5805c78546ea65ec6d3690e4,48f866f20b5b6015a324210988e73387,4a3ca9315b744ce9f8e9374361493884,18.32,153.00
581ef4e5af5c7bbdcd26579839290635#1,581ef4e5af5c7bbdcd26579839290635,a62e25e09e05e6faf31d90c6ec1aa3d1,634964b17796e64304cadf1ad3050fb7,19.30,108.00
5820a1100976432c7968a52da59e9364#1,5820a1100976432c7968a52da59e9364,1deda1acffb44ed38494667d7e49a9f3,f52c2422904463fdd7741f99045fecb6,18.34,33.90
582ecddc80251f58adb996143e81d6e0#1,582ecddc80251f58adb996143e81d6e0,d04e48982547095af81c231c3d581cb6,d921b68bf747894be13a97ae52b0f386,19.59,245.00
5869074071e0f56e9085dc3742c97b2a#1,5869074071e0f56e9085dc3742c97b2a,a1692a17fad005e22bf5a54353439420,70eea00b476a314817cefde4aad4f89a,20.18,300.00
586b28be2b8f5afe936887ea02ab3494#1,586b28be2b8f5afe936887ea02ab3494,801a8823d2fb3157110897e1af035a5d,6b333a05bf188ef3e1f1662a86bd9855,19.93,99.00
5875e5804ca85e3b4c8dda7a7dfce4cc#1,5875e5804ca85e3b4c8dda7a7dfce4cc,fa243e761ae871597627e917611eeb23,4a3ca9315b744ce9f8e9374361493884,62.97,135.00
5881ef8fbe92b12cbfbe1a210afd221a#1,5881ef8fbe92b12cbfbe1a210afd221a,389d119b48cf3043d311335e499d9c6b,1f50f920176fa81dab994f9023523100,20.99,49.90
589310d3d488112508a26f3e22ba30ca#1,589310d3d488112508a26f3e22ba30ca,762e9c384b4752bbcbea568e3d89856f,30a81d8cf85fb2ada1b1b094c9583a95,11.91,57.99
58a2de891c9d6c4e5b5a36320350bfd2#1,58a2de891c9d6c4e5b5a36320350bfd2,d1c427060a0f73f6b889a5c7c61f2ac4,a1043bafd471dff536d0c462352beb48,65.89,129.00
58ac1947c1a9067b9f416cba6d844a3f#1,58ac1947c1a9067b9f416cba6d844a3f,9820e04e332fc450d6fd975befc1bc28,520b493b57809f446cb0a233bb3e25c7,14.16,110.00
58b198357d2b68044f885a370a585ff3#1,58b198357d2b68044f885a370a585ff3,c6dd917a0be2a704582055949915ab32,7a67c85e85bb2ce8582c35f2203ad736,12.09,99.99
58d4c4747ee059eeeb865b349b41f53a#1,58d4c4747ee059eeeb865b349b41f53a,1613b819ab5dae53aead2dbb4ebdb378,16090f2ca825584b5a147ab24aa30c86,7.46,27.90
58e507b7d867429e6bd5116ea280588d#1,58e507b7d867429e6bd5116ea280588d,c4282015d858b8d5c14c1ec6b9000664,38102b031c2a15e54623d711bfc753d3,34.15,39.00
58ecdd5dee96d19e30c67a29cae63e4d#1,58ecdd5dee96d19e30c67a29cae63e4d,99a4788cb24856965c36a24e339b6058,4a3ca9315b744ce9f8e9374361493884,15.38,89.90
58fcb8ce8784213ace394e1427f50fb7#1,58fcb8ce8784213ace394e1427f50fb7,2ef3cc0d3f3adddc0ef8ecf48989bba2,edc518ba25576a0188a0e8f2c3af186f,11.16,19.98
58fcb8ce8784213ace394e1427f50fb7#2,58fcb8ce8784213ace394e1427f50fb7,2ef3cc0d3f3adddc0ef8ecf48989bba2,edc518ba25576a0188a0e8f2c3af186f,11.16,19.98
593b6eefb72afdf364b30dedb1294414#1,593b6eefb72afdf364b30dedb1294414,fe01b643060a6446e59f58e3021e66b3,2dee2ce60de9709b1a24083217181a1f,20.15,129.90
5943f6d5dc8ba01f970b8ef4d18678cb#1,5943f6d5dc8ba01f970b8ef4d18678cb,d7db906531fe298de06721345a86828e,fa1c13f2614d7b5c4749cbc52fecda94,7.70,118.90
595f598849d89203c28d05d0fbf3f92e#1,595f598849d89203c28d05d0fbf3f92e,c4913f978f6af6755a1dcc8d16e76774,575df70bde3f9f2b30bf8d2e9910d725,11.73,14.85
597bd074d7874048131c67581f0556d4#1,597bd074d7874048131c67581f0556d4,22c5e15506cbdfe5acd1b6a89e607868,a3a38f4affed601eb87a97788c949667,14.59,59.90
598cd40a798aa27cded050fe918ffbe7#1,598cd40a798aa27cded050fe918ffbe7,5145cef9f9e1293cf8cba2c924eb94e9,17a053fcb14bd219540cbde0df490be0,34.07,259.90
598cd40a798aa27cded050fe918ffbe7#2,598cd40a798aa27cded050fe918ffbe7,5145cef9f9e1293cf8cba2c924eb94e9,17a053fcb14bd219540cbde0df490be0,34.07,259.90
59988c783a4c292d49704af7f41fc85f#1,59988c783a4c292d49704af7f41fc85f,c2a9f8aeb7a51580fccc2d1c4f8bceaf,9e6229250fedbe05838fef417b74e7fb,19.21,189.90
59a0b1e1b934789d033dfb98797d9d34#1,59a0b1e1b934789d033dfb98797d9d34,2b939dc9b176d7fa21594d588815d4a4,dbc22125167c298ef99da25668e1011f,38.40,121.90
59af6639bc574148a47076bb16ff485e#1,59af6639bc574148a47076bb16ff485e,11dcc970f7a5581e1bf777b6da3f7096,06579cb253ecd5a3a12a9e6eb6bf8f47,13.51,69.90
59b32faedc12322c672e95ec3716d614#1,59b32faedc12322c672e95ec3716d614,040f34fe061b6024771f641fe922e782,850f4f8af5ea87287ac68de36e29107f,18.58,69.00
59d34e1064930d037d30041b73683aa7#1,59d34e1064930d037d30041b73683aa7,62224b433a431310bf27129938ad9f64,7b07b3c7487f0ea825fc6df75abd658b,12.93,84.94
59dba471cbd7e791c3bb0d83aa705c49#1,59dba471cbd7e791c3bb0d83aa705c49,6adab229374835b551f6402e0dc53267,f8db351d8c4c4c22c6835c19a46f01b0,12.08,49.90
5a00ef28abf9645038a7d37c1639d2c2#1,5a00ef28abf9645038a7d37c1639d2c2,69455f41626a745aea9ee9164cb9eafd,7d13fca15225358621be4086e1eb0964,20.23,180.00
5a0e5ad33542c79b10be87a344ee0086#1,5a0e5ad33542c79b10be87a344ee0086,622bad99b4296aade0783ebecdd3fa15,376a891762bbdecbc02b4b6adec3fdda,12.77,73.90
5a12cbb810a82e746a59a96625577a49#1,5a12cbb810a82e746a59a96625577a49,c6dd917a0be2a704582055949915ab32,7a67c85e85bb2ce8582c35f2203ad736,17.54,99.99
5a1a4a4a31e003b67af6ef6dcb9750db#1,5a1a4a4a31e003b67af6ef6dcb9750db,70aa499facb0946dc40ff974166fd522,55f7a3319d80f7fdf078b8f03e6725fe,27.21,129.49
5a3a0bfe72c4d627e4f13d9aa81d78ad#1,5a3a0bfe72c4d627e4f13d9aa81d78ad,f27aff266ad97e75d4a24c893b2c311e,f62d7bb4a613ec758a03342d46b580b2,110.03,795.00
5a56d595adbe321751c4f42b708ccc35#1,5a56d595adbe321751c4f42b708ccc35,0d2c4e029804235bd546d1f771049ef3,8a432f4e5b471f8da497d7dc517666e2,18.33,64.00
5a630e3d4aeb6fca86404481eb19cfe7#1,5a630e3d4aeb6fca86404481eb19cfe7,f50df9b142a624bf4c4d8495489a207e,de23c3b98a88888289c6f5cc1209054a,14.07,149.99
5a63a60ea2852393994270157cd61e0a#1,5a63a60ea2852393994270157cd61e0a,d7d5562fce331ad958ca6f57057b3526,7a67c85e85bb2ce8582c35f2203ad736,17.67,59.99
5a65b91aff9c0fb03e7971823e104163#1,5a65b91aff9c0fb03e7971823e104163,17f1ae71c27aaad9cee4655e62a50189,6560211a19b47992c3666cc44a7e94c0,7.78,69.00
5a88502f6bbc1f8c972aa98c64830616#1,5a88502f6bbc1f8c972aa98c64830616,99a4788cb24856965c36a24e339b6058,4a3ca9315b744ce9f8e9374361493884,16.24,86.90
5a892744c3b95e66967667046d882541#1,5a892744c3b95e66967667046d882541,483691880798b6f0f657c203494cfe3a,5a05a16bb50629ee31afab8a6d4c2674,19.33,51.50
5aa89bb7eb1a8dca4d70fcd37878c8a4#1,5aa89bb7eb1a8dca4d70fcd37878c8a4,e06f99e79036d681effa3de75989bf22,6560211a19b47992c3666cc44a7e94c0,20.15,59.00
5aa89bb7eb1a8dca4d70fcd37878c8a4#2,5aa89bb7eb1a8dca4d70fcd37878c8a4,e84997d75938765ef99930f908ceedf4,cd6efc47efaabf134f8bdb654e10b4f1,26.20,127.00
5aadbda0877e0d99ba07f785cd29c362#1,5aadbda0877e0d99ba07f785cd29c362,c56400aa5823575d5a92a8f98077490a,7c67e1448b00f6e969d365cea6b010ab,18.74,137.99
5accb23a030458bbfb5eb669903f05b7#1,5accb23a030458bbfb5eb669903f05b7,37dcce9d511e9729330ad4d80de13cfa,e5a3438891c0bfdb9394643f95273d8e,15.10,20.30
5acce57f8d9dfd55fa48e212a641a69d#1,5acce57f8d9dfd55fa48e212a641a69d,0cd9f302c8a5b076ffa5c3567c6705fd,85d9eb9ddc5d00ca9336a2219c97bb13,15.10,27.90
5ad5a1ef522da1732ab963ea1fb6165b#1,5ad5a1ef522da1732ab963ea1fb6165b,f52a0f70e54976873a4a7402349c6105,c1d1ebb4745cc43cb6f05e9c8a705c9a,11.73,13.50
5add03213ad417aab3988852ea890572#1,5add03213ad417aab3988852ea890572,7fb04722aba7a2b632bac8f9819796f3,f3b80352b986ab4d1057a4b724be19d0,17.80,79.00
5b19cc30f1a0a44439a744db5c2cc979#1,5b19cc30f1a0a44439a744db5c2cc979,bb48c8fda6bcf73c9a0178fd1a1a366d,da8622b14eb17ae2831f4ac5b9dab84a,12.79,44.90
5b33e5b23e569f404e6eccbbce3e0aa4#1,5b33e5b23e569f404e6eccbbce3e0aa4,5f504b3a1c75b73d6151be81eb05bdc9,834f3294fba9f932f56edc879193f925,64.74,572.00
5b4bb46d2cabe7e960a2b8bf70af105a#1,5b4bb46d2cabe7e960a2b8bf70af105a,154e7e31ebfa092203795c972e5804a6,cc419e0650a3c5ba77189a1882b7556a,7.78,23.99
5b664e80ddc573f779bc4b33c7a457ea#1,5b664e80ddc573f779bc4b33c7a457ea,33b9801fec06f14bb7d33af01769bb3f,688756f717c462a206ad854c5027a64a,8.88,25.00
5b6793d19c0a49b1815f5a74f8c5a370#1,5b6793d19c0a49b1815f5a74f8c5a370,6d07236d4abe99b5b1cbf368971bf6e7,01fd077212124329bac32490e8ef80d9,18.23,39.00
5b6ef6be2fa71ebc92c95847830eb35f#1,5b6ef6be2fa71ebc92c95847830eb35f,0ac2a75d9c1e9688df3a7730a4ffad14,fc906263ca5083d09dce42fe02247800,14.10,39.90
5b96009a71dc5fabbf4c35fd228e8863#1,5b96009a71dc5fabbf4c35fd228e8863,3c4223262d31fa35043380da246fb0fa,cb3dd9ce66268c7a3ca7241ac70ab58c,9.34,58.90
5b96fa278c2b3c1e29c190ef1b651d08#1,5b96fa278c2b3c1e29c190ef1b651d08,6d2fde7d12bb6ff367dbda120ba8828e,897060da8b9a21f655304d50fd935913,14.52,22.00
5baf114f7f5f649d16ec1bf3cf78279b#1,5baf114f7f5f649d16ec1bf3cf78279b,99e365fea0b15ee63272ff391fdde785,1900267e848ceeba8fa32d80c1a5f5a8,19.32,38.99
5bb67bb01ea5cb177b047ffe340c5c3e#1,5bb67bb01ea5cb177b047ffe340c5c3e,2a209ce7ce3ea3a21cc0b4c36495e9df,d91fb3b7d041e83b64a00a3edfb37e4f,18.28,26.19
5c08c71d1da2a1cbbb12fe54b0419b41#1,5c08c71d1da2a1cbbb12fe54b0419b41,1a405418406359cc2b8815f93bf359c2,4d6d651bd7684af3fffabd5f08d12e5a,20.32,139.90
5c1f2bd7eff419c165428371164d750c#1,5c1f2bd7eff419c165428371164d750c,3c3b94d8e966e0a258d6baaa41549199,b499c00f28f4b7069ff6550af8c1348a,16.37,309.99
5c2d1d55c31db1cbe069dc9b6454b897#1,5c2d1d55c31db1cbe069dc9b6454b897,cdd914e78124a73cc28a165cfc4a0bbc,ba143b05f0110f0dc71ad71b4466ce92,23.46,93.99
5c468b18e44fe58da9d5584b05fd988f#1,5c468b18e44fe58da9d5584b05fd988f,64c8f1a52b407d92518a1f8b79240a70,7d76b645482be4a332374e8223836592,14.10,19.99
5c4e9b69cfdcd45f69531467695237e4#1,5c4e9b69cfdcd45f69531467695237e4,12f066474dfa3c415c169051c5e1967e,7040e82f899a04d1b434b795a43b4617,19.04,17.90
5c51684e9930d09a7f209a96c71064ef#1,5c51684e9930d09a7f209a96c71064ef,55b71bf300a2765a382eaec566df531f,54a1852d1b8f10312c55e906355666ee,11.15,74.99
5c6c22a0e96822517dd3c5ee6cd1fbcf#1,5c6c22a0e96822517dd3c5ee6cd1fbcf,177d3d5bb9d4d29222a222e3b3554f41,3d871de0142ce09b7081e2b9d1733cb1,18.43,169.00
5c6f08e3231f7cff6e6853e225cb7eef#1,5c6f08e3231f7cff6e6853e225cb7eef,bea6df30df5a4d9e7edb50d44857dd54,850f4f8af5ea87287ac68de36e29107f,22.77,789.00
5c83723b6467f6729e47c640005cd148#1,5c83723b6467f6729e47c640005cd148,21634fadc73ca34ac36813b02f1f10c8,7722b1df1b0e383e000397b2c11e3e19,16.43,34.90
5c8a12c2c89e9e65e52260359ac95a15#1,5c8a12c2c89e9e65e52260359ac95a15,7cf14faf0bbe9357dbd24b4a1de69f2d,7c4618c82226628831613e95e9c22f44,7.87,33.90
5ca6beedce6f32eef65de17a1f81d50d#1,5ca6beedce6f32eef65de17a1f81d50d,077599a82ee54960bc4f4c941b0d1359,900ba814c251a692506d7834c1218441,15.14,118.44
5cbc29442f8eaafa46489e988fafa403#1,5cbc29442f8eaafa46489e988fafa403,d7a023eecac412d29d49735e9e9b629f,2953ce3a88f5e3c3b696d77fc9e4c8eb,8.34,25.00
5cc7fd28e4d0a13f20f305037d7234fb#1,5cc7fd28e4d0a13f20f305037d7234fb,5131368354b35ed441caa8ca27244f16,e9779976487b77c6d4ac45f75ec7afe9,17.93,97.49
5cccab268a47c0211857cb529104775c#1,5cccab268a47c0211857cb529104775c,5245dad16589e03f45e496de427b578a,6cd68b3ed6d59aaa9fece558ad360c0a,15.53,109.90
5cd498954e2b37d71b315166809b4bd7#1,5cd498954e2b37d71b315166809b4bd7,896a64a7f34cdfef2c60ce59fa2a148f,82bd0703a4aefd6b599e5bfdaed378fb,15.63,44.90
5cd498954e2b37d71b315166809b4bd7#2,5cd498954e2b37d71b315166809b4bd7,896a64a7f34cdfef2c60ce59fa2a148f,82bd0703a4aefd6b599e5bfdaed378fb,15.63,44.90
5cd498954e2b37d71b315166809b4bd7#3,5cd498954e2b37d71b315166809b4bd7,896a64a7f34cdfef2c60ce59fa2a148f,82bd0703a4aefd6b599e5bfdaed378fb,15.63,44.90
5cfb9fad9f8d6f2ef8a17144088bb622#1,5cfb9fad9f8d6f2ef8a17144088bb622,ca38c039b717207dec906f4fa9a21db7,59fb871bf6f4522a87ba567b42dafecf,9.52,189.99
5d2a19878dfb41966381b1cef483a3c5#1,5d2a19878dfb41966381b1cef483a3c5,69c5919a1b057b3d3d8b58f3b9b4b89d,47efca563408aae19bb7206c2d969ea9,60.56,71.00
5d3459c901e4e1e7b9dd18e09e498131#1,5d3459c901e4e1e7b9dd18e09e498131,688ad0169550f8e2eb0307b61df3ba12,640e21a7d01df7614a3b4923e990d40c,14.78,66.55
5d39411a17c42bca603225f6f89a0207#1,5d39411a17c42bca603225f6f89a0207,509fefd029493821b4be744a1b333694,fa1c13f2614d7b5c4749cbc52fecda94,13.21,109.90
5d5a92f1288cfea0501ef343c74591a9#1,5d5a92f1288cfea0501ef343c74591a9,305307f44f730d8ddd6db6e2efedee64,4a3ca9315b744ce9f8e9374361493884,13.82,65.90
5d6343c55d971fe043e51c84df19bdd9#1,5d6343c55d971fe043e51c84df19bdd9,cfa14c9ef22bd6c41e20df06de9dfa76,ce7d1888639e6fb06b2749cbfdac1ff7,39.26,138.00
5d667669da71ab257891582b76d37194#1,5d667669da71ab257891582b76d37194,d3d2f358e7e92dbbbc0a37d0b7435253,b335c59ab742f751a85db9c411a86739,21.47,139.90
5d78d11ebe819b207a2c7530ca368d0e#1,5d78d11ebe819b207a2c7530ca368d0e,3d92028223ae14160bf1938a522de2b8,7aa4334be125fcdd2ba64b3180029f14,17.23,55.80
5d7f0dc1e401127edfe8b79e174a52c8#1,5d7f0dc1e401127edfe8b79e174a52c8,2f4a64fe9c6430a9626b4745227cd0e8,0bae85eb84b9fb3bd773911e89288d54,16.12,51.80
5d9b75f3bc3582bd9e405962eb147b9d#1,5d9b75f3bc3582bd9e405962eb147b9d,60495adb1f1a49c8aea75e5e56a47a48,0df3984f9dfb3d49ac6366acbd3bbb85,35.95,89.90
5db2ef66c9c43c3ede53f72e6d10760c#1,5db2ef66c9c43c3ede53f72e6d10760c,a7c82583dc20dc8caa7b88a98b8f3cd5,b4ffb71f0cb1b1c3d63fad021ecf93e1,15.19,61.90
5dc0af9bde879bc9546685cc7c1035da#1,5dc0af9bde879bc9546685cc7c1035da,7c55ea4aea1acf1ce11440010f5aa298,955fee9216a65b617aa5c0531780ce60,38.65,399.00
5ddbd5a10844f5d88892b9a051ef648d#1,5ddbd5a10844f5d88892b9a051ef648d,616968e81dfe76aade96cd6f673b6d24,0ef83d7d83ed97cd2a0049ac8be5f88a,15.41,92.65
5e0311cb517d342851ca3b346cd4c5ab#1,5e0311cb517d342851ca3b346cd4c5ab,d6bbda35f0b8505c2f824f1d90295855,fa40cc5b934574b62717c68f3d678b6d,15.13,54.99
5e08f8357b3660485f47d00381feaa6f#1,5e08f8357b3660485f47d00381feaa6f,8100d323ffa1909cfcf9fdf05f20b678,f8db351d8c4c4c22c6835c19a46f01b0,18.32,152.90
5e479fe6d021c55b96aa4799e9046634#1,5e479fe6d021c55b96aa4799e9046634,ff26009ac6b838dc6cffa2d589cdbefb,157c3e4b42f81ac4a44e8b1ca2fe9876,8.98,90.00
5e4c365dd3cf7769a88981f408d069d3#1,5e4c365dd3cf7769a88981f408d069d3,0d86ff0b639e969a11a7b3dce67e181c,3b15288545f8928d3e65a8f949a28291,17.88,89.99
5e57ff5e1c008db89fac24b76655dbe1#1,5e57ff5e1c008db89fac24b76655dbe1,2ff995aead9c63a1f37a07b3664ead37,8b9d6eec4a7eb7d0f9d579ce0b38324d,17.12,69.99
5e57ff5e1c008db89fac24b76655dbe1#2,5e57ff5e1c008db89fac24b76655dbe1,2ff995aead9c63a1f37a07b3664ead37,8b9d6eec4a7eb7d0f9d579ce0b38324d,17.12,69.99
5e5c29987bbb83ed38c9b25a753f978f#1,5e5c29987bbb83ed38c9b25a753f978f,2fec8bf6ad4d8e40874fbc3808f419cb,e5a38146df062edaf55c38afa99e42dc,16.88,89.81
5e6786653a325a061d408b04a91c0233#1,5e6786653a325a061d408b04a91c0233,422879e10f46682990de24d770e7f83d,1f50f920176fa81dab994f9023523100,17.60,49.90
5e84bf559fcc6a7a95c0d302a48c89be#1,5e84bf559fcc6a7a95c0d302a48c89be,852b4b6ded0425a736da9dd818e872b6,e5475dcab1e07b63d7f6e902d8f5eda8,12.91,35.00
5e8d0f2f1e06e715aee3eefe4c175e52#1,5e8d0f2f1e06e715aee3eefe4c175e52,5cd07c84a1c25575ac2fc3fa73f1d952,86bb7c4b535e49a541baf3266b1c95b1,21.44,597.90
5e99f3c445038a0709b2aea8e34ed593#1,5e99f3c445038a0709b2aea8e34ed593,42a2c92a0979a949ca4ea89ec5c7b934,813348c996469b40f2e028d5429d3495,17.13,59.90
5ec8f4e8fe5ee3fd5460b244d0804f9e#1,5ec8f4e8fe5ee3fd5460b244d0804f9e,67217c43d81dea5a93bea48c23f4e156,18a349e75d307f4b4cc646a691ed4216,18.33,65.00
5eca2113141f2c0e048b11bdcb7a0371#1,5eca2113141f2c0e048b11bdcb7a0371,612e4aedc946db0cf1a5b9e1f2f81272,f8db351d8c4c4c22c6835c19a46f01b0,8.27,32.90
5ef28a6d6a0cfcef8e5eb4c151c18e82#1,5ef28a6d6a0cfcef8e5eb4c151c18e82,3fbc0ef745950c7932d5f2a446189725,06a2c3af7b3aee5d69171b0e14f0ee87,51.19,66.99
5f071a8534fb6805fa6ec902f04219e4#1,5f071a8534fb6805fa6ec902f04219e4,a92930c327948861c015c919a0bcb4a8,6560211a19b47992c3666cc44a7e94c0,15.64,77.00
5f649cfbd3c5dabddf7f9ada09b90edd#1,5f649cfbd3c5dabddf7f9ada09b90edd,9e658d39c905e71cc35ec057b88b185b,9d681c7e12db302cb261e721040dde65,22.28,49.90
5f674c43ef69fe052df34f1519f7bc12#1,5f674c43ef69fe052df34f1519f7bc12,6a23c2eb9acc78f8ec403be9c6210dd4,7c67e1448b00f6e969d365cea6b010ab,18.52,114.94
5f67e17e7b6a4989752e40276de7a0e7#1,5f67e17e7b6a4989752e40276de7a0e7,079189201e6c6f0b0f70d118fff53fd5,edb1ef5e36e0c8cd84eb3c9b003e486d,17.51,394.65
5f69f6bf68dce110479aa0bb515b47c8#1,5f69f6bf68dce110479aa0bb515b47c8,8e5e831d742acedb1758e90e18974231,25cf099de44674fde97473224f9d59ab,8.72,30.00
5f71bc83356f39cf9e9b8004f39a989a#1,5f71bc83356f39cf9e9b8004f39a989a,10cdbbacd25110d10f8cbe925ea7853f,7c67e1448b00f6e969d365cea6b010ab,41.79,199.94
5f82d80fc04ae3521ac4cdad135aa9b1#1,5f82d80fc04ae3521ac4cdad135aa9b1,53759a2ecddad2bb87a079a1f1519f73,1f50f920176fa81dab994f9023523100,37.97,59.90
5f890a619c8d23b671705de61578d238#1,5f890a619c8d23b671705de61578d238,9c7c72948a0e56fdaa07985b71dffe18,59b22a78efb79a4797979612b885db36,25.63,26.90
5f8e8bff26bd07b73a3ecf086de33d4a#1,5f8e8bff26bd07b73a3ecf086de33d4a,cda8b52b3a3d0574a74b18bc73da024f,a0d7fbb07bb5ebc3b05980e750db56f3,42.71,99.99
5f8e8bff26bd07b73a3ecf086de33d4a#2,5f8e8bff26bd07b73a3ecf086de33d4a,d19284bf0893e07e80c26fe4ad33458e,79ebd9a61bac3eaf882805ed4ecfa12a,42.71,134.90
5f90a6d7c0262682ff8a77f40e668e1a#1,5f90a6d7c0262682ff8a77f40e668e1a,e67307ff0f15ade43fcb6e670be7a74c,f4aba7c0bca51484c30ab7bdc34bcdd1,14.52,18.99
5fa86014b9702f8c488d3ca356d24dd9#1,5fa86014b9702f8c488d3ca356d24dd9,08a58dc963320d6073623382b9ceb920,8e8a7ce9f2f970dc00e2acf6f6e199f6,14.65,129.00
5fc156541c3cea8af8784a46dbfcd183#1,5fc156541c3cea8af8784a46dbfcd183,6c4f9f5db7665ec7f628f17d459b4aac,06a2c3af7b3aee5d69171b0e14f0ee87,27.51,64.99
5ff96c15d0b717ac6ad1f3d77225a350#1,5ff96c15d0b717ac6ad1f3d77225a350,10adb53d8faa890ca7c2f0cbcb68d777,1900267e848ceeba8fa32d80c1a5f5a8,12.80,19.90
6014de3ed0a310e59ac664e276af54eb#1,6014de3ed0a310e59ac664e276af54eb,f1e297029531521190bb2312a90df567,8a32e327fe2c1b3511609d81aaf9f042,14.11,29.99
6051e6d3da9a50b7325cbe9c81025062#1,6051e6d3da9a50b7325cbe9c81025062,4c77d14c542fcd857dddc3df2e82329c,4c498c7345e89aebad651544829beca0,9.01,249.49
60550084e6b4c0cb89a87df1f3e5ebd9#1,60550084e6b4c0cb89a87df1f3e5ebd9,9b37a918bcf2c8e1064e867cf1df4637,f27e33c6d29b5138fa9967bcd445b6d5,26.89,39.90
605ddab5485410c9c3c11f4ab9a74f6a#1,605ddab5485410c9c3c11f4ab9a74f6a,a334304f952399f2161225628a9d2891,d3f39f05462b79a4562d35893a28f159,15.30,78.00
6060984d92a7f9a5d6f5f99b8815aa64#1,6060984d92a7f9a5d6f5f99b8815aa64,e0cf79767c5b016251fe139915c59a26,da8622b14eb17ae2831f4ac5b9dab84a,8.11,29.90
607911c4ac62f9038b4ec434673e486e#1,607911c4ac62f9038b4ec434673e486e,194e74feac1f84a8ee5a517d4b3e107a,7681ef142fd2c19048da7430856b5588,59.04,899.00
607911c4ac62f9038b4ec434673e486e#2,607911c4ac62f9038b4ec434673e486e,194e74feac1f84a8ee5a517d4b3e107a,7681ef142fd2c19048da7430856b5588,59.04,899.00
6082358a7c7ac731b66ba978a6bb4442#1,6082358a7c7ac731b66ba978a6bb4442,82a61259a621866c4ba63743da29a342,4d6d651bd7684af3fffabd5f08d12e5a,36.26,129.90
60b041f9c97f5cb1d089443156a52836#1,60b041f9c97f5cb1d089443156a52836,7814c273ab16783d73a9863ebfa8b141,1025f0e2d44d7041d6cf58b6550e0bfa,75.01,230.00
60b47c43df5722f9923b79a22c8e671d#1,60b47c43df5722f9923b79a22c8e671d,d3b023772520cd1c6ea58f6701679d4b,3d871de0142ce09b7081e2b9d1733cb1,24.93,89.00
60d0ff4b039dc85b5b738f59b0b044f9#1,60d0ff4b039dc85b5b738f59b0b044f9,e43311c5b307c31b994c47588c59b168,cca3071e3e9bb7d12640c9fbe2301306,10.96,24.90
610d998ea61935583bd897dd101d0e1d#1,610d998ea61935583bd897dd101d0e1d,d189fbf8b5d79a670cebcaaad68d77b2,0d85bbda9889ce1f7e63778d24f346eb,25.26,59.90
611e352f93ae51674ed15e44ec53f99e#1,611e352f93ae51674ed15e44ec53f99e,fc931a514a3e080c336911cccd59145b,116ccb1a1604bc88e4d234a8c23f33de,14.12,53.00
612200d1732f963c7706d8da2517c04d#1,612200d1732f963c7706d8da2517c04d,fb19ac22e32dfecea21afbdde4b97b5f,612170e34b97004b3ba37eae81836b4c,19.71,229.90
6127a28915c32d0c35b55f6ccc3f0c36#1,6127a28915c32d0c35b55f6ccc3f0c36,6f11a80f755a253700b454b4c6ac1cd5,512d298ac2a96d1931b6bd30aa21f61d,8.47,29.99
6127a28915c32d0c35b55f6ccc3f0c36#2,6127a28915c32d0c35b55f6ccc3f0c36,6f11a80f755a253700b454b4c6ac1cd5,512d298ac2a96d1931b6bd30aa21f61d,8.47,29.99
61409da3655a093963f861bd9a96c600#1,61409da3655a093963f861bd9a96c600,3d5c815469b90f2f4b1bf62ddf6aed25,6edacfd9f9074789dad6d62ba7950b9c,15.52,107.90
61460b6c5d52b8e307108f5412907a1c#1,61460b6c5d52b8e307108f5412907a1c,aca2eb7d00ea1a7b8ebd4e68314663af,955fee9216a65b617aa5c0531780ce60,13.08,75.00
61460b6c5d52b8e307108f5412907a1c#2,61460b6c5d52b8e307108f5412907a1c,aca2eb7d00ea1a7b8ebd4e68314663af,955fee9216a65b617aa5c0531780ce60,13.08,75.00
6147a4d49752afd35a119d794e481588#1,6147a4d49752afd35a119d794e481588,ea6d336eee5645b36bd18f202f90c58d,e21a1e8be4715b0fcfd5385643bc49c4,17.78,29.90
614990b55e705d163e360ad21ed63a30#1,614990b55e705d163e360ad21ed63a30,08a60a2b8d7362c5da1b6bc61f7d1191,6d66611d7c44cc30ce351abc49a68421,19.77,113.90
615ae1b88a25a4ac47fbf55c9c847b6e#1,615ae1b88a25a4ac47fbf55c9c847b6e,fa304c5424fd292aed9c35eb36d9f495,609e1a9a6c2539919b8205cf7c4e6ff0,19.65,64.99
6164d50a564536f9c8081d0358573bad#1,6164d50a564536f9c8081d0358573bad,595fac2a385ac33a80bd5114aec74eb8,289cdb325fb7e7f891c38608bf9e0962,9.33,116.90
61898b3ad4d51459e014bc6d4c2e7166#1,61898b3ad4d51459e014bc6d4c2e7166,2948658cb6abc82847412be7201bfc4c,955fee9216a65b617aa5c0531780ce60,18.85,110.00
61977a093913e4c6a6756adb4d3110d9#1,61977a093913e4c6a6756adb4d3110d9,facd7264a689baabdce2373c4feb2dca,c84592044b180dec206770c38603814b,15.23,20.00
61988b318aaf57d18336c629bc42cf1b#1,61988b318aaf57d18336c629bc42cf1b,1f30aacc69904c0d0bf8d05cb2abef72,4a3ca9315b744ce9f8e9374361493884,25.14,135.00
61a85d9f7f064313ebd87019f7a65903#1,61a85d9f7f064313ebd87019f7a65903,83343727db272f1b63942c26cbdfd92f,7b07b3c7487f0ea825fc6df75abd658b,18.00,159.90
61e7365ad2e2ce5a3dbf650586623b7f#1,61e7365ad2e2ce5a3dbf650586623b7f,0a1ca683d91a7cb9b806f3710873bf47,777a0c55737f34ffeb78010f7542ab41,16.76,81.35
61f4d740ca1d5469d7aeb49f65719f3f#1,61f4d740ca1d5469d7aeb49f65719f3f,18f6ea7e8cff29f8053baac6762449f9,f80edd2c5aaa505cc4b0a3b219abf4b8,11.42,56.90
61fca91868781e2844bebf0ba3129950#1,61fca91868781e2844bebf0ba3129950,955d159d5f3a5d16c3808fcb7705224f,066a6914e1ebf3ea95a216c73a986b91,15.10,14.00
61fcbde43b57103de5c19b26489b46f6#1,61fcbde43b57103de5c19b26489b46f6,1e2e095149b3e9ca487d9c2d8c20378b,7d13fca15225358621be4086e1eb0964,40.26,510.00
62076e9aa47cedb799ddc84812264c9e#1,62076e9aa47cedb799ddc84812264c9e,d04857e7b4b708ee8b8b9921163edba3,9f505651f4a6abe901a56cdc21508025,19.45,67.99
620b5f7f730ead80c8dba1202716a29f#1,620b5f7f730ead80c8dba1202716a29f,88b0e43d1df085c4e8c2be324e3785f3,634964b17796e64304cadf1ad3050fb7,15.23,49.90
6225dae3fcc1416785f294cc07f2e4db#1,6225dae3fcc1416785f294cc07f2e4db,0fa8853b873ba06e7d27385fbb1411ca,7c67e1448b00f6e969d365cea6b010ab,38.08,239.99
62299c8f38bd519b17ca538c3232004b#1,62299c8f38bd519b17ca538c3232004b,e2e426d1332240070b0a836a854d057b,cce6ab8d1682639fe45ab70234f1665f,12.23,34.90
624076d477f2670d9f41fd6f70390ec1#1,624076d477f2670d9f41fd6f70390ec1,196908bf446216a714bf739c09522dcd,f00e21b1e91a79653163b7fd8f293ff1,18.97,199.90
6244be66e1870c2392135aa8e2f61aee#1,6244be66e1870c2392135aa8e2f61aee,ed321c2cdae7c40c08ac0eae3d500495,c70c1b0d8ca86052f45a432a38b73958,15.65,110.32
6245ae0abd9de1ae647b5da78c0ea69b#1,6245ae0abd9de1ae647b5da78c0ea69b,8d1cfc0463b545928bfb4e589e017bd4,aae3bfea055532c57fb453ed3ec80b30,11.94,62.80
624ffe16156e4aac5b9ec7ac27ed23c6#1,624ffe16156e4aac5b9ec7ac27ed23c6,040b8534cb74ddaae70c21541f449630,ce248b21cb2adc36282ede306b7660e5,61.60,369.90
625f2a06b46e5cbf695ba96293f76721#1,625f2a06b46e5cbf695ba96293f76721,95380c355d1a589a9f3e7bfe9e5920d3,004c9cd9d87a3c30c522c48c4fc07416,16.23,175.99
6261f3240a8778c656bd28aeb2ba9985#1,6261f3240a8778c656bd28aeb2ba9985,58b0b0b3e6b7f8ecd3874db9c141250d,a673821011d0cec28146ea42f5ab767f,17.83,198.00
626d84eb4cf67fe4d53e9c0d945388fc#1,626d84eb4cf67fe4d53e9c0d945388fc,31c1d1dfbb4b2730140b8bd9248bcd58,da8622b14eb17ae2831f4ac5b9dab84a,9.09,24.90
626e4ba4ac663dadb68a6fe4b0d7b8d4#1,626e4ba4ac663dadb68a6fe4b0d7b8d4,99f5b2240b82bf9387e5cf2fc0335b08,1c68394e931a64f90ea236c5ea590300,16.57,115.52
628287e102c84327f95402d4670434d2#1,628287e102c84327f95402d4670434d2,c88e123d9b0b4aca866a9ed646b7a72f,33a6f4b1e7cdc205511e76ba1b6e0186,19.35,54.99
628287e102c84327f95402d4670434d2#2,628287e102c84327f95402d4670434d2,c88e123d9b0b4aca866a9ed646b7a72f,33a6f4b1e7cdc205511e76ba1b6e0186,19.35,54.99
62a12e4d2a742b2491d7c00d2d79bf52#1,62a12e4d2a742b2491d7c00d2d79bf52,2f774e1d1ee6937ae8294771c662066d,b6e1504972665f739dec4facb9943775,17.73,281.99
62a56f9bfe98de42bcdbe6cc57284dfb#1,62a56f9bfe98de42bcdbe6cc57284dfb,b5e6d813290cd06e3015f41d246512e7,fd386aa7bed2af3c7035c65506c9b4a3,22.90,25.89
62b2adbcbcf4e28df4b998bfb094f3f9#1,62b2adbcbcf4e28df4b998bfb094f3f9,b30d7b0adcdc4a117f455472548155ec,d91fb3b7d041e83b64a00a3edfb37e4f,18.94,120.00
62fcfe5da58296dface200da2e196fcd#1,62fcfe5da58296dface200da2e196fcd,ca9b2caa4f7ec65aeda5825e09dcf99c,5a8e7d5003a1f221f9e1d6e411de7c23,16.18,59.90
62fe29a53926ef67e73c4b5f3e1ba6f3#1,62fe29a53926ef67e73c4b5f3e1ba6f3,a47295965bd091207681b541b26e40a5,ea8482cd71df3c1969d7b9473ff13abc,14.10,27.99
62fffe3cf205e0deb385d92481d3cb40#1,62fffe3cf205e0deb385d92481d3cb40,086351823300e0339f6955b27998c186,33a6f4b1e7cdc205511e76ba1b6e0186,14.56,115.00
62fffe3cf205e0deb385d92481d3cb40#2,62fffe3cf205e0deb385d92481d3cb40,086351823300e0339f6955b27998c186,33a6f4b1e7cdc205511e76ba1b6e0186,14.56,115.00
63098185d431678eef6d6651e235a1f4#1,63098185d431678eef6d6651e235a1f4,9565229244e9341fb8c8069879cf73cd,da8622b14eb17ae2831f4ac5b9dab84a,57.60,149.90
63114fe7881be901a26ef97cbd3b47a8#1,63114fe7881be901a26ef97cbd3b47a8,7c1bd920dbdf22470b68bde975dd3ccf,cc419e0650a3c5ba77189a1882b7556a,7.67,58.99
632caa865e0a254b21fc0ce5e6d02006#1,632caa865e0a254b21fc0ce5e6d02006,16ed6a6e3fce23b741650437fe58d65b,e5a38146df062edaf55c38afa99e42dc,8.98,89.18
633dfa0c56ae5c0c7f2e90620ad55b2f#1,633dfa0c56ae5c0c7f2e90620ad55b2f,0eb8e03d4ef83152c4642b606b5bbdec,cac4c8e7b1ca6252d8f20b2fc1a2e4af,26.51,29.99
634e8f4c0f6744a626f77f39770ac6aa#1,634e8f4c0f6744a626f77f39770ac6aa,69d980b4120a76616d7b237d731d6156,744dac408745240a2c2528fb1b6028f3,15.28,219.00
6373b46dd60ea2f0d7890c131155a0a8#1,6373b46dd60ea2f0d7890c131155a0a8,b92a7304ebad1ca5b393b53b2de5c70a,7c67e1448b00f6e969d365cea6b010ab,30.56,139.99
6379750dac6a8a1e11378e34278ae8df#1,6379750dac6a8a1e11378e34278ae8df,368c6c730842d78016ad823897a372db,1f50f920176fa81dab994f9023523100,13.44,59.90
638f79643fd5681c6e6c6ef1f1ab700d#1,638f79643fd5681c6e6c6ef1f1ab700d,ba74c6b75d2ad7503175809688d5a03c,7d13fca15225358621be4086e1eb0964,19.13,178.99
639b603f09b7050c96e56cd03703437b#1,639b603f09b7050c96e56cd03703437b,5aad359a63cbb4fc35ead44346a3eeb4,d20b021d3efdf267a402c402a48ea64b,10.96,10.99
63e0b9d618055898fd3f289f91fe7009#1,63e0b9d618055898fd3f289f91fe7009,f71f42e2381752836563b70beb542f80,85d9eb9ddc5d00ca9336a2219c97bb13,14.10,31.90
63e4ede8e88252dcabc3a251e84dd7ff#1,63e4ede8e88252dcabc3a251e84dd7ff,dd60cac04e6bcbc919cb1c7dcc473211,febab0275244b9a49a623f0bd613ca2f,15.11,29.90
63feacd35842cf0c330466827955c7fa#1,63feacd35842cf0c330466827955c7fa,8acfff88a4a05f0ce1b0336e47d16825,2a7dc43cecabf23403078e2188437d1d,25.90,25.90
641fb0752bf5b5940c376b3a8bb9dc52#1,641fb0752bf5b5940c376b3a8bb9dc52,60184212dae4e6b0da32bf54271a8c4a,b33e7c55446eabf8fe1a42d037ac7d6d,17.33,369.00
642d9648ee8c3cd7d0a2be2b8816cc91#1,642d9648ee8c3cd7d0a2be2b8816cc91,31a2f42a87890f87d77daebdfabc182e,4c03b9dd4c11ee2cb35c96c49efc9420,29.44,149.00
643efaf4eddc8f0b4f71b1674c882fa4#1,643efaf4eddc8f0b4f71b1674c882fa4,7d9f42ecf65ca91f7e28483c5008dc4b,da8622b14eb17ae2831f4ac5b9dab84a,23.85,149.90
643efaf4eddc8f0b4f71b1674c882fa4#2,643efaf4eddc8f0b4f71b1674c882fa4,7d9f42ecf65ca91f7e28483c5008dc4b,da8622b14eb17ae2831f4ac5b9dab84a,23.85,149.90
646e62df54f3e236eb6d5ff3b31429b8#1,646e62df54f3e236eb6d5ff3b31429b8,a98657f6c266c87a5477b593aa1b7a80,218d46b86c1881d022bce9c68a7d4b15,14.29,182.00
64834bc188a370357ed08e9eabe5f92e#1,64834bc188a370357ed08e9eabe5f92e,e4d325bd1eea550509bdbbc5c3301fc1,7178f9f4dd81dcef02f62acdf8151e01,55.54,455.88
648a268c494bbf8c97c03ec64c2ff4d3#1,648a268c494bbf8c97c03ec64c2ff4d3,422879e10f46682990de24d770e7f83d,1f50f920176fa81dab994f9023523100,8.84,59.90
648a268c494bbf8c97c03ec64c2ff4d3#2,648a268c494bbf8c97c03ec64c2ff4d3,422879e10f46682990de24d770e7f83d,1f50f920176fa81dab994f9023523100,8.84,59.90
649119592692c2ce73021844e7892aa6#1,649119592692c2ce73021844e7892aa6,c2a1ff8408a1c857c8730e4d12da714e,95e03ca3d4146e4011985981aeb959b9,16.74,69.90
649119592692c2ce73021844e7892aa6#2,649119592692c2ce73021844e7892aa6,c2a1ff8408a1c857c8730e4d12da714e,95e03ca3d4146e4011985981aeb959b9,16.74,69.90
649aa4ae69d60a0b65b5270e737081be#1,649aa4ae69d60a0b65b5270e737081be,5d0163a1864ccff91f6949a1b03a37ae,99a54764c341d5dc80b4a8fac4eba3fb,18.69,158.00
649af2abdcd7f8f609dc36ee5d249a2f#1,649af2abdcd7f8f609dc36ee5d249a2f,cb03e4f0503f45854e87afe535e0681d,73a63f72308aa20a46f4b1632018f196,16.05,329.00
64a2b20e6611bf80d933549f4c45ad84#1,64a2b20e6611bf80d933549f4c45ad84,044f05bc9de36e8a693a83e4bc79dd0d,ea8482cd71df3c1969d7b9473ff13abc,15.79,24.99
64a9f2b487f66506d463ca18152280e8#1,64a9f2b487f66506d463ca18152280e8,a9516a079e37a9c9c36b9b78b10169e8,7c67e1448b00f6e969d365cea6b010ab,18.53,116.99
64ab2c6839851c83db137182286cd9e2#1,64ab2c6839851c83db137182286cd9e2,115e606ac8059e4cfa1c6c3310fb365c,1838dd9b8977065acf51d95e0053ea7a,16.32,39.90
64b9bd1556119a5b054cf5baede3fad4#1,64b9bd1556119a5b054cf5baede3fad4,7811ef9c6eed5bb33c3c6f9de751642f,d98eec89afa3380e14463da2aabaea72,15.10,24.99
64ea4c51ad1203229ba011693f35da54#1,64ea4c51ad1203229ba011693f35da54,36f60d45225e60c7da4558b070ce4b60,6973a06f484aacf400ece213dbf3d946,15.38,89.49
64f5fd87174ba865c091f3ceabeaf0e3#1,64f5fd87174ba865c091f3ceabeaf0e3,90f39a309a8c05fa7aa4ef02178059cb,b2ba3715d723d245138f291a6fe42594,10.84,289.90
650ca3873d0a09fb4604deef7817ef60#1,650ca3873d0a09fb4604deef7817ef60,07691def223b4568e8ecb5a5b30574b1,b76dba6c951ab00dc4edf0a1aa88037e,15.10,16.97
650fcf3e2908208ae23c6c93706c50d3#1,650fcf3e2908208ae23c6c93706c50d3,aae9610f8843fbe3931dadce56c0ac94,5bffbafbb22daf6d3bfc216a46db8708,31.46,958.99
6514b8ad8028c9f2cc2374ded245783f#1,6514b8ad8028c9f2cc2374ded245783f,4520766ec412348b8d4caa5e8a18c464,16090f2ca825584b5a147ab24aa30c86,15.17,59.99
6514f4ab77bfe2791416987c6c136b84#1,6514f4ab77bfe2791416987c6c136b84,0e8c1dc0559f4a9a4a9066dc8c56755c,98dac6635aee4995d501a3972e047414,7.39,17.37
65176291fad85f25b92153f7172abbc5#1,65176291fad85f25b92153f7172abbc5,37470d84427730445b3b251bb796d528,d91fb3b7d041e83b64a00a3edfb37e4f,9.44,52.00
651bd7286b2e17e1e3ea7b644870e429#1,651bd7286b2e17e1e3ea7b644870e429,7ab21257ee876b3897bd55046d3d81d3,bfd27a966d91cfaafdb25d076585f0da,14.01,239.00
6522386fefd98cf9293642fb5dcf9342#1,6522386fefd98cf9293642fb5dcf9342,4c505e52bedf9651c08793647c925e65,1835b56ce799e6a4dc4eddc053f04066,11.85,35.00
652c3ffc10b11f6bb6567b4976d901c6#1,652c3ffc10b11f6bb6567b4976d901c6,d68be217281ba1c20f23f94781f29ba4,e63e8bfa530fb16910dd6956e592bb81,8.36,28.90
652c4ec4ac6a529e56176feba143e388#1,652c4ec4ac6a529e56176feba143e388,c638e232871cb1e760eaa7e724bc3eb2,99eaacc9e6046db1c82b163c5f84869f,15.54,195.00
65312c6e4ce03c0fb633a4ac541949d8#1,65312c6e4ce03c0fb633a4ac541949d8,1ebd1450a2b8d51ffda696956426024a,822166ed1e47908f7cfb49946d03c726,13.60,54.99
65475724044e5b94d968124fa141af0c#1,65475724044e5b94d968124fa141af0c,5a848e4ab52fd5445cdc07aab1c40e48,c826c40d7b19f62a09e2d7c5e7295ee2,21.66,122.99
654ba98a499a03473f9780e5c7fc227b#1,654ba98a499a03473f9780e5c7fc227b,35efb9f20785abb24313fa712efa8fdd,9e94fa26a70ede4d26226e918e8706a2,9.94,62.80
654c6463f421d51939eae082dcc3b15e#1,654c6463f421d51939eae082dcc3b15e,422879e10f46682990de24d770e7f83d,1f50f920176fa81dab994f9023523100,0.00,53.90
65650a09e390bf885b72172fb90348cf#1,65650a09e390bf885b72172fb90348cf,2fe0cccc00239f01484b97ba65408800,a3a38f4affed601eb87a97788c949667,20.04,114.90
6596197a74edd396e3d34c53eff4ad6f#1,6596197a74edd396e3d34c53eff4ad6f,bb50f2e236e5eea0100680137654686c,f7ba60f8c3f99e7ee4042fdef03b70c4,13.77,325.00
65b214a5e85949a6fcab64ff7e244426#1,65b214a5e85949a6fcab64ff7e244426,7c1bd920dbdf22470b68bde975dd3ccf,cc419e0650a3c5ba77189a1882b7556a,17.73,59.99
65bbd0719855fe808bb19f62dfa9f42c#1,65bbd0719855fe808bb19f62dfa9f42c,d1c427060a0f73f6b889a5c7c61f2ac4,a1043bafd471dff536d0c462352beb48,41.19,159.99
65bbd0719855fe808bb19f62dfa9f42c#2,65bbd0719855fe808bb19f62dfa9f42c,c4baedd846ed09b85f78a781b522f126,a1043bafd471dff536d0c462352beb48,33.46,120.00
65d7e9625cc211f641191203e231ac24#1,65d7e9625cc211f641191203e231ac24,99a4788cb24856965c36a24e339b6058,4a3ca9315b744ce9f8e9374361493884,15.38,89.90
65d7e9625cc211f641191203e231ac24#2,65d7e9625cc211f641191203e231ac24,35afc973633aaeb6b877ff57b2793310,4a3ca9315b744ce9f8e9374361493884,15.38,89.90
65e6b525bace662c8db890bd33df5299#1,65e6b525bace662c8db890bd33df5299,5328338cfaa16ba10561cd970c73ca11,12b9676b00f60f3b700e83af21824c0e,38.94,199.00
65f78a0e1f8b80c4f6d8d5c6073b8601#1,65f78a0e1f8b80c4f6d8d5c6073b8601,242e1933d9cb1c789d3c6a3f2d083ba0,e48b04bf1aa1ef711caebeb7aede6180,35.38,185.90
660020bc4184db41dc39b332230e94a6#1,660020bc4184db41dc39b332230e94a6,dc881ef926ca402063ea142afc83874c,7aa4334be125fcdd2ba64b3180029f14,13.65,89.99
6613fb221c62895c22ca8a2958d32156#1,6613fb221c62895c22ca8a2958d32156,c2f7953b36a941befe89795854fa2c48,02f623a8eb246f3c5f7c2f96462654e6,24.11,219.00
662823ed689412b9a2e5085620e06070#1,662823ed689412b9a2e5085620e06070,827c4a77226a3e7ef259d61eaa775df9,b14db04aa7881970e83ffa9426897925,22.93,39.90
66305a754211cca47c3a2a59addf19ba#1,66305a754211cca47c3a2a59addf19ba,1f8fc2e117826028a2f1ad01a8638d62,2156f2671501a81034d7d07f217609d0,37.26,499.90
663830a477534735bbdec9de01113fa2#1,663830a477534735bbdec9de01113fa2,6a8631b72a2f8729b91514db87e771c0,128639473a139ac0f3e5f5ade55873a5,13.51,24.90
6639b799469775ff2a696e1bc96b9f58#1,6639b799469775ff2a696e1bc96b9f58,d285360f29ac7fd97640bf0baef03de0,2eb70248d66e0e3ef83659f71b244378,8.66,199.90
664c5e57eb8479a79caeb79fc79699ca#1,664c5e57eb8479a79caeb79fc79699ca,6bd8c7dc9695bdc48adc5960f4fee0ff,b92e3c8f9738272ff7c59e111e108d7c,14.08,49.90
6657640ffd626be03509bc9226994b36#1,6657640ffd626be03509bc9226994b36,ec5a5cf28e0fbef0c5391157203ab8ce,17e34d8224d27a541263c4c64b11a56b,18.45,49.90
665a012cd7368e5609ab518539d91adf#1,665a012cd7368e5609ab518539d91adf,854f1672c41eaa84b3e3a79e06146f63,ea8482cd71df3c1969d7b9473ff13abc,7.39,24.99
66608d7d921ffa9c6409e0a80f383861#1,66608d7d921ffa9c6409e0a80f383861,9d8a0e115e802d845b4ce1eb794d1260,d05ae8f7a5bd1d2a690a44cd079e4e27,8.26,120.00
66656ddf8a0954cd14d95c8d3ed6678c#1,66656ddf8a0954cd14d95c8d3ed6678c,cad2db5e318d7283a234c517b2f28a42,8160255418d5aaa7dbdc9f4c64ebda44,16.50,105.90
6672ea757b340c6ebd644244a2c982ae#1,6672ea757b340c6ebd644244a2c982ae,d017a2151d543a9885604dc62a3d9dcc,6560211a19b47992c3666cc44a7e94c0,7.60,49.00
6699d7eb202a80ad0dd024134fe5ed60#1,6699d7eb202a80ad0dd024134fe5ed60,651fe753ea1d6ad3d5744c1bffd3d6e1,7178f9f4dd81dcef02f62acdf8151e01,16.79,19.90
66baffa0f3497a9c772b66a607bd8c11#1,66baffa0f3497a9c772b66a607bd8c11,52c80cedd4e90108bf4fa6a206ef6b03,a1043bafd471dff536d0c462352beb48,51.12,179.00
66cf92fc3ec94fbafc4edd77e0814818#1,66cf92fc3ec94fbafc4edd77e0814818,de6702c748c719cbd13bb814f006ba22,0ea22c1cfbdc755f86b9b54b39c16043,14.52,29.90
66d03fb3c4b0f80b5db04ef9c260336d#1,66d03fb3c4b0f80b5db04ef9c260336d,a0b7d5a992ccda646f2d34e418fff5a0,95f83f51203c626648c875dd41874c7f,26.11,69.90
66e4624ae69e7dc89bd50222b59f581f#1,66e4624ae69e7dc89bd50222b59f581f,b37b72d5a56f887725c2862184b8cab8,db4350fd57ae30082dec7acbaacc17f9,22.85,22.99
66e4624ae69e7dc89bd50222b59f581f#2,66e4624ae69e7dc89bd50222b59f581f,b37b72d5a56f887725c2862184b8cab8,db4350fd57ae30082dec7acbaacc17f9,22.85,22.99
66e7b21711a5ac0d6b6a5f60e4c79a75#1,66e7b21711a5ac0d6b6a5f60e4c79a75,84a517a0e06ef2a45abff3cab3f0ad0e,897060da8b9a21f655304d50fd935913,15.33,83.23
66f6b3a33b0339acbf55dd71977c4293#1,66f6b3a33b0339acbf55dd71977c4293,e9def91e99c8ecb7c5cef5e31506a056,850f4f8af5ea87287ac68de36e29107f,15.25,69.99
67009d1f213f762960c97b4f8629159c#1,67009d1f213f762960c97b4f8629159c,0b2c18d8e73e17348a011241525cb089,6560211a19b47992c3666cc44a7e94c0,17.83,199.00
670de6983a9948e0bd029dd7ea1210e0#1,670de6983a9948e0bd029dd7ea1210e0,246aa84ea966f137a2d87ef0041fa6ef,3078096983cf766a32a06257648502d1,21.47,139.99
67174eff886029c2cc97d11c74eea9a7#1,67174eff886029c2cc97d11c74eea9a7,40b2a43c74c26b963dd1bd05384663a0,e81e1f9c3e762e620f3fb60a51499e16,34.92,160.00
671da50aeba5a03f468677e421e93b3d#1,671da50aeba5a03f468677e421e93b3d,2b4609f8948be18874494203496bc318,cc419e0650a3c5ba77189a1882b7556a,7.88,89.99
67204cd665c7418b36623b21584dc92c#1,67204cd665c7418b36623b21584dc92c,aece157b74fa793277ecc4e94bedf9a0,3d871de0142ce09b7081e2b9d1733cb1,57.86,169.90
673426deedf113369fd0f139e97ed084#1,673426deedf113369fd0f139e97ed084,b205c1d9481d550412cbac291356e234,9fe7c6641c79970ab48185498f547c09,34.71,130.00
674b530698f9bd8a9167b30ed86bd51d#1,674b530698f9bd8a9167b30ed86bd51d,0c3305267c17b542aecbc2385f5f0794,fe2032dab1a61af8794248c8196565c9,9.73,219.90
67503374d1fbcbe5e3a40324f703ffc8#1,67503374d1fbcbe5e3a40324f703ffc8,922ec0e0e2ca6416b4671198410cbf50,f25e239052084705e17a982bc600ab2a,47.26,79.00
675bc8cd15e6b9225582b9161288670f#1,675bc8cd15e6b9225582b9161288670f,936a034fe3b07b7ae7c87fc8ceb0749d,6560211a19b47992c3666cc44a7e94c0,9.90,249.00
6760e20addcf0121e9d58f2f1ff14298#1,6760e20addcf0121e9d58f2f1ff14298,ccb4503d9d43d245d3b295d0544f988b,527801b552d0077ffd170872eb49683b,13.88,74.90
67730eb2f9468b8c6eb20a45dd477bbd#1,67730eb2f9468b8c6eb20a45dd477bbd,247fa5b4e2f524a22b21ef256ffc23e4,3bdff180c7e1f6551a643b99c265a120,15.11,26.90
678b28f078641e74d50be86b4ecaec7e#1,678b28f078641e74d50be86b4ecaec7e,9abb00920aae319ef9eba674b7d2e6ff,1771297ac436903d1dd6b0e9279aa505,16.05,40.00
67b2034550d68134bdb9bac8c1988c39#1,67b2034550d68134bdb9bac8c1988c39,2b4609f8948be18874494203496bc318,cc419e0650a3c5ba77189a1882b7556a,8.91,79.99
67b47f35ec923e39f1203f3cfa80f5e3#1,67b47f35ec923e39f1203f3cfa80f5e3,07bcd890d449e493b4ec23d05a9e40ee,bd15ee794d5e640d9dd71b665b2ab15b,12.79,28.90
67ba689f4426cad886c40eaf487258b1#1,67ba689f4426cad886c40eaf487258b1,ed836edc15625c202f6ba85dbbe95c3a,6560211a19b47992c3666cc44a7e94c0,17.63,29.00
67ba689f4426cad886c40eaf487258b1#2,67ba689f4426cad886c40eaf487258b1,2136c70bbe723d338fab53da3c03e6dc,6560211a19b47992c3666cc44a7e94c0,17.63,29.00
67c8cb7add4e205c9021501079bc5f66#1,67c8cb7add4e205c9021501079bc5f66,1f24b46fe73e9c77bfdf756f69f3ea8b,a1544b9ea0b2390e020537d4daa89049,8.38,159.90
67d413d255c5eb97d120a90d68e2c3d9#1,67d413d255c5eb97d120a90d68e2c3d9,076e4ce53c8914382e7ff3732511b17e,59fb871bf6f4522a87ba567b42dafecf,8.89,99.99
67d5ce930730430a0260f62e7c291eba#1,67d5ce930730430a0260f62e7c291eba,197cb673852389801377308c616f5738,2e1c9f22be269ef4643f826c9e650a52,8.41,92.49
67d8f4eb477222d7b5b81daa8e007bdd#1,67d8f4eb477222d7b5b81daa8e007bdd,aca2eb7d00ea1a7b8ebd4e68314663af,955fee9216a65b617aa5c0531780ce60,0.00,69.90
67d8f4eb477222d7b5b81daa8e007bdd#2,67d8f4eb477222d7b5b81daa8e007bdd,aca2eb7d00ea1a7b8ebd4e68314663af,955fee9216a65b617aa5c0531780ce60,0.00,69.90
6810999b773bffdb94e8d02004603720#1,6810999b773bffdb94e8d02004603720,cd657380345b2ab760f39105fb163005,ea8482cd71df3c1969d7b9473ff13abc,11.85,24.99
682e90d16332af76ecbdaee2e0c74bf6#1,682e90d16332af76ecbdaee2e0c74bf6,06abf4be826ed1d548e8a22a3d75d912,bbf9ad41dca6603e614efcdad7aab8c4,38.81,599.00
682fba8f9ac0c164d162ff702d6bcc23#1,682fba8f9ac0c164d162ff702d6bcc23,99f265229d46f700208ad7cb1ff48aae,ea8482cd71df3c1969d7b9473ff13abc,16.79,29.99
683b82f268a3ba04ef24ce3490a12d44#1,683b82f268a3ba04ef24ce3490a12d44,0e87ff05afa3ddd73b7920ff4587e0a4,12b9676b00f60f3b700e83af21824c0e,32.99,199.00
684e1a86f45edfeeec53b6e903bcf15c#1,684e1a86f45edfeeec53b6e903bcf15c,b5fd066805e6dbd581736d37d6313bb3,77530e9772f57a62c906e1c21538ab82,22.58,299.00
684f63e89a82f437747c1cd45a099f4d#1,684f63e89a82f437747c1cd45a099f4d,70b8127a4ee86d4b37b3eaf5e337e91b,855668e0971d4dfd7bef1b6a4133b41b,161.73,190.00
68553e9e7b2c06807226ff348142d3ba#1,68553e9e7b2c06807226ff348142d3ba,130482add9fd75ccb6c57ba007694a2d,87142160b41353c4e5fca2360caf6f92,32.17,105.00
686541986ecfb7d9296eb67719973bf0#1,686541986ecfb7d9296eb67719973bf0,3014e35fd70fce29095ced5cdc89f4ce,5656537e588803a555b8eb41f07a944b,15.10,24.89
686e2fc048d3d4677583ebad2a721b6a#1,686e2fc048d3d4677583ebad2a721b6a,4ebab6a2135a2477b657bda38646b64b,7aa4334be125fcdd2ba64b3180029f14,16.11,26.89
68723accfe0d19555872abfbf08ed7d4#1,68723accfe0d19555872abfbf08ed7d4,7e93d6b6ef018d488da72952ce48fb9a,46dc3b2cc0980fb8ec44634e21d2718e,13.34,269.99
688052146432ef8253587b930b01a06d#1,688052146432ef8253587b930b01a06d,d1c427060a0f73f6b889a5c7c61f2ac4,a1043bafd471dff536d0c462352beb48,24.97,119.00
688052146432ef8253587b930b01a06d#2,688052146432ef8253587b930b01a06d,db56f6d2b04c89eae4daba188842fd7b,2a84855fd20af891be03bc5924d2b453,3.12,199.00
68873cf91053cd11e6b49a766db5af1a#1,68873cf91053cd11e6b49a766db5af1a,15a9e834e89eab39d973492882c658d6,a673821011d0cec28146ea42f5ab767f,11.76,79.90
689624d719c9fffa2c4ff8f71da712e4#1,689624d719c9fffa2c4ff8f71da712e4,f9a508234fed38c95437c5a16b847774,522620dcb18a6b31cd7bdf73665113a9,22.19,69.00
689e8820798347950a2649f71c734bd0#1,689e8820798347950a2649f71c734bd0,954ed36fcf28237749ef5616ab0eff87,6560211a19b47992c3666cc44a7e94c0,15.99,79.00
689e8820798347950a2649f71c734bd0#2,689e8820798347950a2649f71c734bd0,27672da99215b426dc0ced05731bccc6,6560211a19b47992c3666cc44a7e94c0,15.99,79.00
68a001baa8dbd45ba5096b470f57a498#1,68a001baa8dbd45ba5096b470f57a498,3e96989101b99f1189a9f03bdd29464e,41ab63a91b8b264e8c8780368bf1dd5b,14.10,45.00
68c3f2fc647e6d809af24b6ccbe84388#1,68c3f2fc647e6d809af24b6ccbe84388,ca4a58d8a97a4e1c5822292d4cfcb4b6,efcd8d2104f1a05d028af7bad20d974b,8.27,49.99
68c3f2fc647e6d809af24b6ccbe84388#2,68c3f2fc647e6d809af24b6ccbe84388,4ee0872b98a6a08ce8c8b65e2502842d,efcd8d2104f1a05d028af7bad20d974b,22.07,69.99
68e48e68da1f50f7c5838ea75e3a20dd#1,68e48e68da1f50f7c5838ea75e3a20dd,a659cb33082b851fb87a33af8f0fff29,817245bcc3badd82bbd222e0366951a6,13.25,84.90
68e48e68da1f50f7c5838ea75e3a20dd#2,68e48e68da1f50f7c5838ea75e3a20dd,a659cb33082b851fb87a33af8f0fff29,817245bcc3badd82bbd222e0366951a6,13.25,84.90
68e48e68da1f50f7c5838ea75e3a20dd#3,68e48e68da1f50f7c5838ea75e3a20dd,a659cb33082b851fb87a33af8f0fff29,817245bcc3badd82bbd222e0366951a6,13.25,84.90
68e48e68da1f50f7c5838ea75e3a20dd#4,68e48e68da1f50f7c5838ea75e3a20dd,a659cb33082b851fb87a33af8f0fff29,817245bcc3badd82bbd222e0366951a6,13.25,84.90
68f0f840a681f5c203a817cdb263b739#1,68f0f840a681f5c203a817cdb263b739,f94648b3948c15f95aad0b5902be6025,7c67e1448b00f6e969d365cea6b010ab,21.37,101.99
690199d6a2c51ff57c6b392d7680cbfd#1,690199d6a2c51ff57c6b392d7680cbfd,75d6b6963340c6063f7f4cfcccfe6a30,cc419e0650a3c5ba77189a1882b7556a,18.26,54.99
691688405bcee3ff9023639514498962#1,691688405bcee3ff9023639514498962,3a53c1796dd7e4050fdfd2f5d4c90f70,3c010235b7345c92f125d14ee232a76b,36.53,320.00
692bd5c2be36c7274148d55f3ab22edc#1,692bd5c2be36c7274148d55f3ab22edc,07c055536ebf10dfbb6c6db6dbfc36e5,cca3071e3e9bb7d12640c9fbe2301306,17.92,45.90
6933367fed43572e9c92d801392b1e65#1,6933367fed43572e9c92d801392b1e65,9cf46f1d4af935182cc2fa4690a77a00,fa1c13f2614d7b5c4749cbc52fecda94,26.35,152.15
693868f7e2e4ec2b5d0f1f35daee6917#1,693868f7e2e4ec2b5d0f1f35daee6917,2078312a2dcf1fcd8a38eabcf5dd033a,30a2f535bb48308f991d0b9ad4a8c4bb,15.10,49.90
6942b8da583c2f9957e990d028607019#1,6942b8da583c2f9957e990d028607019,ee0c1cf2fbeae95205b4aa506f1469f0,cc419e0650a3c5ba77189a1882b7556a,15.13,53.99
6942e86d33b375b95195dda92c2f603d#1,6942e86d33b375b95195dda92c2f603d,30462047cff6376a3f9958b2ea254943,d1c7fa84e48cfa21a0e595167c1c500e,18.23,30.00
694630e7a7713c116a9b7f0ba3377382#1,694630e7a7713c116a9b7f0ba3377382,78efe838c04bbc568be034082200ac20,0241d4d5d36f10f80c644447315af0bd,21.78,99.90
69480e1078841dadad7c1daa54407ad6#1,69480e1078841dadad7c1daa54407ad6,a37c4dc2fd88e896e19c74a6b60a0e84,48162d548f5b1b11b9d29d1e01f75a61,15.17,59.80
6958c1e09a9e49c2071dbb679d577422#1,6958c1e09a9e49c2071dbb679d577422,c6336fa91fbd87c359e44f5dca5a90ed,4c2b230173bb36f9b240f2b8ac11786e,14.10,45.90
695e141b92a0f2bc8a7bff7d621692ed#1,695e141b92a0f2bc8a7bff7d621692ed,0ff3339eba4028a9dc569a61229c465a,9f505651f4a6abe901a56cdc21508025,15.23,18.99
696e3f4fca4491245f7b9425055cda4d#1,696e3f4fca4491245f7b9425055cda4d,0ecade74f3c3fb56a9256d425e7d535c,85d9eb9ddc5d00ca9336a2219c97bb13,14.10,27.90
697a3f72fadd1e5af4740ab0fccd99ed#1,697a3f72fadd1e5af4740ab0fccd99ed,3dee4915c4189291d7c8b79da897ca3a,41b39e28db005d9731d9d485a83b4c38,20.33,119.90
698c42d4d45a628919b9b38241aebf4a#1,698c42d4d45a628919b9b38241aebf4a,c5038055690911ed8e218cceb07acdf8,f8db351d8c4c4c22c6835c19a46f01b0,50.02,368.90
699b7692e65138e6874b4c6f42202974#1,699b7692e65138e6874b4c6f42202974,c92a8559445ec8f63ecf90c7dd910b7d,f419677537694f0462a91990df6ca44f,15.27,55.90
69a2a91fc2f5cf8fd09cf5e9ed2b56ff#1,69a2a91fc2f5cf8fd09cf5e9ed2b56ff,dee65430e13a3daa9011e4f6f04b4981,c8417879a15366a17c30af34c798c332,7.78,65.70
69aea24ee3243d0535ea6e03789bb5fc#1,69aea24ee3243d0535ea6e03789bb5fc,b74d57e3377dd78aace6d070fc48cc88,4a3ca9315b744ce9f8e9374361493884,19.65,65.90
69b4682d3ab5ef1f14a8e9e74638f87e#1,69b4682d3ab5ef1f14a8e9e74638f87e,2ffdf10e724b958c0f7ea69e97d32f64,4869f7a5dfa277a7dca6462dcf3b52b2,14.14,212.00
69bfec47c3230907ad9552f2f1e0c690#1,69bfec47c3230907ad9552f2f1e0c690,5adb6a6b7b1be0e0d89a7b15d1f83251,33cbda8716511e27e556dff9d8418bf2,12.60,28.90
69cfe2f137c308ad6f6d0896ad8189d2#1,69cfe2f137c308ad6f6d0896ad8189d2,f8328e9125f089a968fc6b36116c4bb9,218d46b86c1881d022bce9c68a7d4b15,13.12,112.00
69d4b792fad7f4acff2e38e426f5e3ea#1,69d4b792fad7f4acff2e38e426f5e3ea,2cfd372900c7c65e4c4ed2ccf7a1cfd4,7d13fca15225358621be4086e1eb0964,25.69,569.00
69d7b0fd0e1539d95821f334b42cdfe7#1,69d7b0fd0e1539d95821f334b42cdfe7,52e5fdcb5e51164483d584c75bd3a478,92eb0f42c21942b6552362b9b114707d,17.06,33.87
6a0a8bfbbe700284feb0845d95e0867f#1,6a0a8bfbbe700284feb0845d95e0867f,f8a8f05a35976a91aed5cccc3992c357,4a3ca9315b744ce9f8e9374361493884,17.84,83.90
6a1dff28da32815c94da401e19d2a7f8#1,6a1dff28da32815c94da401e19d2a7f8,cb2047bfd317b05f62cf761708397641,ad87df7699e83b8a91822a4a0b765c3a,10.96,30.00
6a233c2059af7138039e43722cde5874#1,6a233c2059af7138039e43722cde5874,5d66715cc928aadd0074f61332698593,128639473a139ac0f3e5f5ade55873a5,13.47,19.90
6a3cdd7762dfe7bfa407496303097855#1,6a3cdd7762dfe7bfa407496303097855,3ffc8b6c3ae2afbf307cbd802bfb5e4c,977f9f63dd360c2a32ece2f93ad6d306,67.01,90.90
6a4b06a2b62d1f2c69cf1f7a4eae074a#1,6a4b06a2b62d1f2c69cf1f7a4eae074a,e0cf79767c5b016251fe139915c59a26,da8622b14eb17ae2831f4ac5b9dab84a,16.95,29.90
6a4d41fb9165f032ec025794db381fa7#1,6a4d41fb9165f032ec025794db381fa7,601a360bd2a916ecef0e88de72a6531a,7a67c85e85bb2ce8582c35f2203ad736,17.09,119.99
6a5f34bb72296c7b4f4a68b6d742d390#1,6a5f34bb72296c7b4f4a68b6d742d390,72cc36db9008f414bea55e8d38d38049,33cbbec1e7e1044aaf11d152172c776f,23.44,41.52
6a6c7d523fd59eb5bbefc007331af717#1,6a6c7d523fd59eb5bbefc007331af717,73a6530caef9511c04711d12dcef551c,4e42581f08e8cfc7c090f930bac4552a,47.61,129.00
6a73304fb8e96ad11c29d29a1ca00487#1,6a73304fb8e96ad11c29d29a1ca00487,205cf43d203186d5eb440a791a5b7404,d98eec89afa3380e14463da2aabaea72,15.10,29.99
6a7e99c1218ca32aefdff408295eb467#1,6a7e99c1218ca32aefdff408295eb467,f6847515f58b8f340dcc75d150d6a0ab,aaed1309374718fdd995ee4c58c9dfcd,16.81,149.90
6a828279d73f18174dd3b9c653d5213d#1,6a828279d73f18174dd3b9c653d5213d,b1f4ba08a7cc4ec6ba47a54fe99beea4,0747d5bb69f0586cc869d8af4c50f93e,12.35,14.90
6abaa1126b7b6ae01eb168ec3da96dac#1,6abaa1126b7b6ae01eb168ec3da96dac,d017a2151d543a9885604dc62a3d9dcc,6560211a19b47992c3666cc44a7e94c0,18.44,49.00
6abaad69b8b349c3a529b4b91ce18e46#1,6abaad69b8b349c3a529b4b91ce18e46,3dd6c9d499e7c311a29e08afe1fd8fc6,537eb890efff034a88679788b647c564,14.10,42.90
6ac882284d5fcde113962e178ba0edbb#1,6ac882284d5fcde113962e178ba0edbb,88bcd4cc43e257bf69ac62b2540f1c14,86ccac0b835037332a596a33b6949ee1,15.10,33.50
6af5d730993da615e313627e0ac37f87#1,6af5d730993da615e313627e0ac37f87,e89982d4c99a33861236cb1b4f996dec,0cbcee27c791afa0cdcb08587a2013a8,14.95,124.00
6b36830dcd8e168800764cf5077796bf#1,6b36830dcd8e168800764cf5077796bf,cd0c6e2f80f5a0ea7e366b01bcb66154,db4350fd57ae30082dec7acbaacc17f9,15.10,17.99
6b3c0956c89312e2c54f8d1366ecea9a#1,6b3c0956c89312e2c54f8d1366ecea9a,380b4664ba5bb18cc9db78ee6bac3558,6560211a19b47992c3666cc44a7e94c0,15.30,29.00
6b57b46391a662adacf6841b5da8d084#1,6b57b46391a662adacf6841b5da8d084,2722b86640ddc24e1374c2df1ac2a230,72c5da29406b4234927b81855e7b64f6,14.00,299.99
6b654c2dc2e7c610cb22c325fb723057#1,6b654c2dc2e7c610cb22c325fb723057,26a6aaf337b078349b5ec749be2e7a5e,f8db351d8c4c4c22c6835c19a46f01b0,11.97,34.90
6b6634917b74d4db4d32cf09754c061d#1,6b6634917b74d4db4d32cf09754c061d,fbce4c4cb307679d89a3bf3d3bb353b9,c33847515fa6305ce6feb1e818569f13,44.84,149.00
6b67ec6cfd19c0a30f91afb6bd431e8f#1,6b67ec6cfd19c0a30f91afb6bd431e8f,37e7030d6095e672ebf05e2133b1a1bf,3d4b1ae7539303b5704493798893e82c,14.50,107.00
6b67ec6cfd19c0a30f91afb6bd431e8f#2,6b67ec6cfd19c0a30f91afb6bd431e8f,37e7030d6095e672ebf05e2133b1a1bf,3d4b1ae7539303b5704493798893e82c,14.50,107.00
6b67ec6cfd19c0a30f91afb6bd431e8f#3,6b67ec6cfd19c0a30f91afb6bd431e8f,37e7030d6095e672ebf05e2133b1a1bf,3d4b1ae7539303b5704493798893e82c,14.50,107.00
6b7c5703bdc03335b37020877a06625e#1,6b7c5703bdc03335b37020877a06625e,0688d52e92d927814617e26d7702df10,681fce914360217db47784ae28905a96,14.20,65.00
6b82527b954e1c022661d8827cd5ff2f#1,6b82527b954e1c022661d8827cd5ff2f,83fcbcb7aee7d8032262103f5e441ffd,86ccac0b835037332a596a33b6949ee1,17.92,29.99
6b860b35691d486e45dc98e3514ec5f6#1,6b860b35691d486e45dc98e3514ec5f6,c827fb43ad0fb8708f34c2911fdc164b,76d5af76d0271110f9af36c92573f765,30.36,544.00
6b8d21bbe1e219c7b5039f232ca30e46#1,6b8d21bbe1e219c7b5039f232ca30e46,ad2037645597db38527fe3afbe226af2,e9779976487b77c6d4ac45f75ec7afe9,16.15,55.49
6b8dc65729f47b72edbe497fdc431c87#1,6b8dc65729f47b72edbe497fdc431c87,9766505cde62429c3629bb6411cd9dc4,9c690ceacd5c66731bf443ea810195cb,47.90,47.90
6b998c66969da91aea4b8ce0173a5bdd#1,6b998c66969da91aea4b8ce0173a5bdd,41c24b8ce92d1a2cac62db5edfd088b2,4869f7a5dfa277a7dca6462dcf3b52b2,13.15,102.00
6b9ac2a31d647731d9523ae035f17dbc#1,6b9ac2a31d647731d9523ae035f17dbc,2948658cb6abc82847412be7201bfc4c,955fee9216a65b617aa5c0531780ce60,29.03,110.00
6b9b73174454a8a1b0a255b448f5e5bb#1,6b9b73174454a8a1b0a255b448f5e5bb,a92930c327948861c015c919a0bcb4a8,6560211a19b47992c3666cc44a7e94c0,14.30,78.00
6b9e63bef69dd3bfae0ca6dcea8deed6#1,6b9e63bef69dd3bfae0ca6dcea8deed6,668e8ee8f69c3545109fc40f72336e8f,dee656f0f566ed1aa85bd137c943f08f,14.35,109.90
6ba4f2aae2d3d15f3281258017b4552b#1,6ba4f2aae2d3d15f3281258017b4552b,011be89e68e286ac07f51c22ecbb04aa,a3a38f4affed601eb87a97788c949667,42.52,69.90
6ba74355a0bd6d93ae590f6d510958b8#1,6ba74355a0bd6d93ae590f6d510958b8,0705b33fb285827a578fce4899f1b921,318f287a62ab7ac10b703ac37435a231,40.43,22.50
6bb1e842418aac0c9c820afd3bb63a2d#1,6bb1e842418aac0c9c820afd3bb63a2d,f361fccba568fabe00db466f80626d1e,85d9eb9ddc5d00ca9336a2219c97bb13,16.79,15.90
6bbf71e04f4d0e748315be02506a1b63#1,6bbf71e04f4d0e748315be02506a1b63,8bab563be2e3316280e3990af91da7b7,128639473a139ac0f3e5f5ade55873a5,12.48,18.90
6bd15a70199a7500ae1bcb5b7bcccd7c#1,6bd15a70199a7500ae1bcb5b7bcccd7c,5e3555ed62835dd67704d40a72678cfd,bbad7e518d7af88a0897397ffdca1979,14.10,39.90
6be749c0e984143242faa174d084889f#1,6be749c0e984143242faa174d084889f,e7cc48a9daff5436f63d3aad9426f28b,53243585a1d6dc2643021fd1853d8905,24.54,199.00
6bed34f9ca7da44775aa6a7c00ccbc4f#1,6bed34f9ca7da44775aa6a7c00ccbc4f,385a33a408e9c35c9fbc2025c12f3784,1c68394e931a64f90ea236c5ea590300,8.52,75.90
6bfa92d3952f762df12752e4937cd63e#1,6bfa92d3952f762df12752e4937cd63e,5016388edcd982069aa2d39a8a878da7,ac6417315ae5da8f9a38ee11de6f7780,47.81,72.50
6c12feac9a308e1382d9b19cca7f20b2#1,6c12feac9a308e1382d9b19cca7f20b2,d47821b10559fffaefcf3e57d2b5ff76,0df3984f9dfb3d49ac6366acbd3bbb85,12.07,208.90
6c15ee8450a1710e7495723be99f4030#1,6c15ee8450a1710e7495723be99f4030,8a443635fdf9759915c9be5be2e3b862,da8622b14eb17ae2831f4ac5b9dab84a,27.50,109.90
6c1d10d32b895709c06d162678e6bac6#1,6c1d10d32b895709c06d162678e6bac6,3f84f961fb9323a568f07488788a4e6e,ececbfcff9804a2d6b40f589df8eef2b,18.29,58.50
6c2953724cd30669e1b904e179a2346f#1,6c2953724cd30669e1b904e179a2346f,2f5e485bacfeb554bec55cd497c9bc51,4830e40640734fc1c52cd21127c341d4,16.79,49.99
6c2c28420cb6865ced69f6c260c27c24#1,6c2c28420cb6865ced69f6c260c27c24,727a46f0b58a9ef165af9f7ebcfebfa9,9b013e03b2ab786505a1d3b5c0756754,7.87,18.00
6c30510910f5b4d215704b3b2b091161#1,6c30510910f5b4d215704b3b2b091161,de0f5a42f807e66ec0e2803eb10a5a4b,4b0fdb526525f9890eb145bf1534640e,19.00,99.90
6c5727658a49990433c383e058dd39e4#1,6c5727658a49990433c383e058dd39e4,d389bacae4eb98af95b782dae3b7f03a,7e93a43ef30c4f03f38b393420bc753a,13.51,759.00
6c601e45c13b22fa58a1e290b4b14d8f#1,6c601e45c13b22fa58a1e290b4b14d8f,2b4280ae2d10eefdff9b5e1b1a9ebf53,6560211a19b47992c3666cc44a7e94c0,15.10,29.00
6c86cd28bc4a6ac0313b8d3e03131e9f#1,6c86cd28bc4a6ac0313b8d3e03131e9f,5dc01f0525d00d0b349bf2ff92f7d1a2,4e17c65a516f69d023a2ae78b84f28d6,15.59,120.00
6c8accd4cab9d1cccad9d791492d53b2#1,6c8accd4cab9d1cccad9d791492d53b2,4efd35570dbaaa27e216bd8bf3ed4cf3,7c67e1448b00f6e969d365cea6b010ab,14.55,79.99
6cadbcdea4da5368c7a801ce027f23f1#1,6cadbcdea4da5368c7a801ce027f23f1,907578486a0740d13bf3a595047b3549,6ddc28b61be28373b4503a1f61cf98a9,8.59,189.90
6caff58e656c5b6c5769918fd09707c2#1,6caff58e656c5b6c5769918fd09707c2,d787de6a880320609e500adbb90fb9c7,db4350fd57ae30082dec7acbaacc17f9,7.78,15.99
6cb134bb285a64b0425d1fdaa00d4214#1,6cb134bb285a64b0425d1fdaa00d4214,463cdd8acfe23847f35e29076df0bbbd,c3acdfac4e3e97ff87529454fbc03642,32.09,1999.00
6cc4eb51469dec50a6130fe1cd07b7f9#1,6cc4eb51469dec50a6130fe1cd07b7f9,d458378a178cd7cae60052319cebf235,aba1721a889e04decc910aa13b768ef4,8.17,131.00
6ccac061be472c84db514aca9acd26e0#1,6ccac061be472c84db514aca9acd26e0,f62cbf4416c9ef8e1b4e8d5279891f24,8b321bb669392f5163d04c59e235e066,7.78,13.65
6cd474b81add3c3d62536cab3e34aa23#1,6cd474b81add3c3d62536cab3e34aa23,f4d2144023a238288d36db2840a37ea0,612170e34b97004b3ba37eae81836b4c,10.32,170.00
6d02a007afc7698b7dd60ffb07514d1c#1,6d02a007afc7698b7dd60ffb07514d1c,12a3dba07d03c2dedf0c40d6499b55d3,31344c16881c08a8a72c6d2eb29918c1,18.00,189.90
6d231a099f98f5a590ad78db56ae82f1#1,6d231a099f98f5a590ad78db56ae82f1,4ac50dbde931c0a5ed8c33d3dc047351,2e1c9f22be269ef4643f826c9e650a52,7.78,34.49
6d25592267349b322799e2beb687871e#1,6d25592267349b322799e2beb687871e,c3ba4e8d3cb30049213b682e751e9d00,6560211a19b47992c3666cc44a7e94c0,7.91,93.00
6d25592267349b322799e2beb687871e#2,6d25592267349b322799e2beb687871e,c3ba4e8d3cb30049213b682e751e9d00,6560211a19b47992c3666cc44a7e94c0,7.91,93.00
6d46f8b7f485ad93146f9880682d4eb2#1,6d46f8b7f485ad93146f9880682d4eb2,5522d9e4b6d59f452aff650b213369d8,bccf933e006e9b94a6184af782963e77,12.69,49.39
6d5f62b312ef08610aa99b1a365ec10b#1,6d5f62b312ef08610aa99b1a365ec10b,013298e0648d412de0d65690045493bc,57e632711dec9ec14ca7546769483e7e,22.28,49.90
6d60cc495dfb5a5851f56f188c4e4059#1,6d60cc495dfb5a5851f56f188c4e4059,015f06d7b83e5a6f7d1765fb5d8bdfa6,dc8798cbf453b7e0f98745e396cc5616,10.96,24.90
6d646ecd1e4497544257783077e9ce14#1,6d646ecd1e4497544257783077e9ce14,3c62f48140fdc7650a63b182fe3b9e4d,0c8380b62e38e8a1e6adbeba7eb9688c,17.19,64.50
6d710101fb9f067dd5385ea1b6021946#1,6d710101fb9f067dd5385ea1b6021946,db624f08f4e059241d3842eb750ecd7b,7fc87cc3e89b3d1d5cabdca32f8485aa,8.88,13.90
6d785f644bb980fb780ae00dcac90210#1,6d785f644bb980fb780ae00dcac90210,1fce7b244f4a45431713165a869f5f32,17e34d8224d27a541263c4c64b11a56b,19.99,146.21
6d7de866a140b19d09e825b2a4e944c7#1,6d7de866a140b19d09e825b2a4e944c7,aca2eb7d00ea1a7b8ebd4e68314663af,955fee9216a65b617aa5c0531780ce60,0.00,69.90
6d7de866a140b19d09e825b2a4e944c7#2,6d7de866a140b19d09e825b2a4e944c7,aca2eb7d00ea1a7b8ebd4e68314663af,955fee9216a65b617aa5c0531780ce60,0.00,69.90
6da34f9b88619e4ba847c49363dfb425#1,6da34f9b88619e4ba847c49363dfb425,9bb2d066e4b33b624cbdfec7d50b3dcb,5cf13accae3222c70a9cac40818ae839,16.46,99.90
6da61def5ee2d55fc6b9dfbc43efca0b#1,6da61def5ee2d55fc6b9dfbc43efca0b,fcf28afb1353f2f12ea041dd74954226,ea8482cd71df3c1969d7b9473ff13abc,37.04,27.99
6dab6db52d5bc33fff997ca478ef2f5c#1,6dab6db52d5bc33fff997ca478ef2f5c,ce9b5e2f3503d1142f9c9866db452633,d94ba08b99bedd6a5f6c875ecc4a6fac,26.89,59.90
6db5e7f2c9cd83bcf07b97044be2c0df#1,6db5e7f2c9cd83bcf07b97044be2c0df,b0517edd4454b9c2537f65826f500a2f,f0b47fbbc6dee9aafe415a6e33051b3f,8.88,22.90
6dc866fe5592428e07b710b6dd22a920#1,6dc866fe5592428e07b710b6dd22a920,d4f91ac96799dc3d9221293e29892e30,afa6714acee029b2dfdf357e5579cc03,39.11,119.99
6de3383be650cfe96aed26171ad65c47#1,6de3383be650cfe96aed26171ad65c47,9d8a0e115e802d845b4ce1eb794d1260,d05ae8f7a5bd1d2a690a44cd079e4e27,7.94,120.00
6de3383be650cfe96aed26171ad65c47#2,6de3383be650cfe96aed26171ad65c47,7666acd3cb60e97bf02449e36be0c02a,d05ae8f7a5bd1d2a690a44cd079e4e27,23.83,204.00
6e09e14cbfbf46215f17805edfb79aae#1,6e09e14cbfbf46215f17805edfb79aae,72a137b85d5a1d82cde242493f118f43,ce27a3cc3c8cc1ea79d11e561e9bebb6,14.10,29.99
6e341e7f154e744143c5fc3e937bfda4#1,6e341e7f154e744143c5fc3e937bfda4,3d4609bbecb3db49babe621f46b1b8fb,fd386aa7bed2af3c7035c65506c9b4a3,22.06,16.99
6e3c8fe2572e4a01c43ef9970e59fef2#1,6e3c8fe2572e4a01c43ef9970e59fef2,e1a5774894b0dcbed9a61bb82b96b3fd,fd386aa7bed2af3c7035c65506c9b4a3,22.11,32.00
6e3c8fe2572e4a01c43ef9970e59fef2#2,6e3c8fe2572e4a01c43ef9970e59fef2,37cdd2e6cf19b94999e23e10cc95cdde,ececbfcff9804a2d6b40f589df8eef2b,22.11,65.50
6e546451c98a5df5fccb147e1c68827e#1,6e546451c98a5df5fccb147e1c68827e,19421075ae0b585f2dc13ff149e2119d,4c2b230173bb36f9b240f2b8ac11786e,14.16,49.90
6e5471906b39845aee4480aa16d963d8#1,6e5471906b39845aee4480aa16d963d8,baa1af9bc7467e619e2bb2876386ae55,2745f798279e0ed033addcc1474776d7,23.23,92.34
6e57e23ecac1ae881286657694444267#1,6e57e23ecac1ae881286657694444267,bb50f2e236e5eea0100680137654686c,f7ba60f8c3f99e7ee4042fdef03b70c4,20.41,330.00
6e60346a3ee3876c1e4bc89c597ffcb8#1,6e60346a3ee3876c1e4bc89c597ffcb8,41ce18e06273b50422ebf6149066fa23,aba1721a889e04decc910aa13b768ef4,28.62,25.00
6e60346a3ee3876c1e4bc89c597ffcb8#2,6e60346a3ee3876c1e4bc89c597ffcb8,ec72556b5da399d24fe06338e816a9ac,fd386aa7bed2af3c7035c65506c9b4a3,1.97,68.00
6e93ed2e3c661536678cba89556cfc2e#1,6e93ed2e3c661536678cba89556cfc2e,77f9afba18e2795ef8beea40ea189168,be9a160a9011f627c3e121d076c1ec7b,54.13,369.00
6e9c0612875f3247e91446d8d0bf7d50#1,6e9c0612875f3247e91446d8d0bf7d50,531db530c03405e0e34470594e53b7dc,0be8ff43f22e456b4e0371b2245e4d01,7.78,24.90
6e9cd3f36a1e951e29d455913402c171#1,6e9cd3f36a1e951e29d455913402c171,765424ab0bedf806eb8cbc97be0bea93,58f1a6197ed863543e0136bdedb3fce2,17.65,369.00
6ea2f835b4556291ffdc53fa0b3b95e8#1,6ea2f835b4556291ffdc53fa0b3b95e8,be021417a6acb56b9b50d3fd2714baa8,f5f46307a4d15880ca14fab4ad9dfc9b,17.12,339.00
6ebaec694d7025e2ad4a05dba887c032#1,6ebaec694d7025e2ad4a05dba887c032,e251ebd2858be1aa7d9b2087a6992580,001cca7ae9ae17fb1caed9dfb1094831,14.72,139.00
6ee93b768b2ece278852a25fecf3eb03#1,6ee93b768b2ece278852a25fecf3eb03,e27c4dd075a521097a085bced0631ce7,701938c450705b8ae65fc923b70f35c7,25.04,103.97
6ee93b768b2ece278852a25fecf3eb03#2,6ee93b768b2ece278852a25fecf3eb03,e27c4dd075a521097a085bced0631ce7,701938c450705b8ae65fc923b70f35c7,25.04,103.97
6ef5dc1efc95e43b6418e91ebc700210#1,6ef5dc1efc95e43b6418e91ebc700210,842f01c6359ea76dede02a1daf8bbe77,bba74270a87732727b5a3b4fd9ac1c39,19.05,399.99
6efcd938092fe73904610b4bd39b2e7f#1,6efcd938092fe73904610b4bd39b2e7f,d2fc2696871ca6b94af5deb0a8d5590d,527801b552d0077ffd170872eb49683b,16.54,129.90
6f209510f34ce1a8c89d11273039981d#1,6f209510f34ce1a8c89d11273039981d,c7fd13b5e515bffdab855d0812842edb,1025f0e2d44d7041d6cf58b6550e0bfa,11.42,40.00
6f21ad30200f041d3f19995a8718cd11#1,6f21ad30200f041d3f19995a8718cd11,b4b6d57077183818e56eb57b4e69c6ec,8d956fec2e4337affcb520f56fd8cbfd,7.58,45.95
6f36c999f8ef8d1a3a999079a5b637aa#1,6f36c999f8ef8d1a3a999079a5b637aa,f9be8e0e5acd947d8f49dbc390b9ab20,4a3ca9315b744ce9f8e9374361493884,18.57,153.00
6f36c999f8ef8d1a3a999079a5b637aa#2,6f36c999f8ef8d1a3a999079a5b637aa,b935c4a30d29406e3633e74b9b887307,a3e9a2c700480d9bb01fba070ba80a0e,14.29,77.00
6f54535f38d19e0833f980e4604081a3#1,6f54535f38d19e0833f980e4604081a3,67aff847e5cccbb062dde92b68122879,fa1c13f2614d7b5c4749cbc52fecda94,29.34,579.90
6f5a2dbe5ccce73a9d053a542baabd1c#1,6f5a2dbe5ccce73a9d053a542baabd1c,a630323d497e2acc89574e8b792c6936,e9bc59e7b60fc3063eb2290deda4cced,14.32,139.50
6f5a2dbe5ccce73a9d053a542baabd1c#2,6f5a2dbe5ccce73a9d053a542baabd1c,a630323d497e2acc89574e8b792c6936,e9bc59e7b60fc3063eb2290deda4cced,14.32,139.50
6f6665c1d76e55561978ccb45bdcafc6#1,6f6665c1d76e55561978ccb45bdcafc6,d86db9a9e478ff057c0541537639a10e,cca3071e3e9bb7d12640c9fbe2301306,14.52,21.90
6f6665c1d76e55561978ccb45bdcafc6#2,6f6665c1d76e55561978ccb45bdcafc6,d86db9a9e478ff057c0541537639a10e,cca3071e3e9bb7d12640c9fbe2301306,14.52,21.90
6f6665c1d76e55561978ccb45bdcafc6#3,6f6665c1d76e55561978ccb45bdcafc6,d86db9a9e478ff057c0541537639a10e,cca3071e3e9bb7d12640c9fbe2301306,14.52,21.90
6f6fcc1b3ef20cf889f9ecccc5d9379d#1,6f6fcc1b3ef20cf889f9ecccc5d9379d,84f456958365164420cfc80fbe4c7fab,4a3ca9315b744ce9f8e9374361493884,17.89,92.00
6f7390ae95a89ea985e0d81b189e96d5#1,6f7390ae95a89ea985e0d81b189e96d5,7642ddbf174d9a97119510f56be6c201,46dc3b2cc0980fb8ec44634e21d2718e,18.00,279.99
6f7c4d0e0bfea3787bfa435c00423420#1,6f7c4d0e0bfea3787bfa435c00423420,b0c2a004d315a5ba0b19584393ac478c,8160255418d5aaa7dbdc9f4c64ebda44,14.40,147.90
6f841dde94727854eaff3f66432c80ea#1,6f841dde94727854eaff3f66432c80ea,c600d7f13104e8db2ca2b9fa78581409,f18112da765e0971ca5d510dec322bdd,24.05,168.90
6f954a919130aa1e8def4ed1b9fca432#1,6f954a919130aa1e8def4ed1b9fca432,84bfcd3c1a4f15e9bd5867a775e232d9,116ccb1a1604bc88e4d234a8c23f33de,8.88,13.30
6fa204b6cf6dcfe6c9adca7dc53aa32a#1,6fa204b6cf6dcfe6c9adca7dc53aa32a,28a652ff04e43c1bc57937a9f8770f9b,3d871de0142ce09b7081e2b9d1733cb1,13.01,95.00
6fa8043bdb80a1aed9ed56be51399cfe#1,6fa8043bdb80a1aed9ed56be51399cfe,e5eadf9be70a4a9fa514019542fc330a,4559697a8f7e637227c2eeaed843baff,17.74,69.90
6fafa8b999b250ad0dbbc4dad2f5aaf5#1,6fafa8b999b250ad0dbbc4dad2f5aaf5,7935ddc510afb7d08989660b382b7f26,3d871de0142ce09b7081e2b9d1733cb1,17.87,89.00
6fcd1385684eaf7076ac0d72b1fab2db#1,6fcd1385684eaf7076ac0d72b1fab2db,2d1d20d3c91d3940c6079a3bad529402,17e34d8224d27a541263c4c64b11a56b,22.66,309.56
6ff68e4d7ba469f258223a389f864f25#1,6ff68e4d7ba469f258223a389f864f25,c10a7001e8b49dfc03817444b5f2ed81,056b4ada5bbc2c50cc7842547dda6b51,9.25,129.99
6ffdb56df83717770ba1d34001f4686a#1,6ffdb56df83717770ba1d34001f4686a,9f81413382c6e7b2b2eaff6930f1fd98,9d69ba0a7a626a64dc5db08e529559cf,18.24,19.30
7000a7e12f1bd709320d5ba33e246930#1,7000a7e12f1bd709320d5ba33e246930,aca2eb7d00ea1a7b8ebd4e68314663af,955fee9216a65b617aa5c0531780ce60,13.08,75.00
7000a7e12f1bd709320d5ba33e246930#2,7000a7e12f1bd709320d5ba33e246930,aca2eb7d00ea1a7b8ebd4e68314663af,955fee9216a65b617aa5c0531780ce60,13.08,75.00
7000fce52371834b260a8b6dd57eb419#1,7000fce52371834b260a8b6dd57eb419,58662fc2ddcb4853532ee42a1cfc9843,2138ccb85b11a4ec1e37afbd1c8eda1f,8.72,39.90
7000fce52371834b260a8b6dd57eb419#2,7000fce52371834b260a8b6dd57eb419,58662fc2ddcb4853532ee42a1cfc9843,2138ccb85b11a4ec1e37afbd1c8eda1f,8.72,39.90
7000fce52371834b260a8b6dd57eb419#3,7000fce52371834b260a8b6dd57eb419,58662fc2ddcb4853532ee42a1cfc9843,2138ccb85b11a4ec1e37afbd1c8eda1f,8.72,39.90
700bf35cd16de6e4d5d1e6e023b0221d#1,700bf35cd16de6e4d5d1e6e023b0221d,50d77758742285ff49f340ebdf0df5a7,d91fb3b7d041e83b64a00a3edfb37e4f,16.11,26.00
70265e39902a914077a038864209d3c6#1,70265e39902a914077a038864209d3c6,d6fe3b4ddecd4a8393c6a1385de3bfb6,7c67e1448b00f6e969d365cea6b010ab,53.41,199.97
7032fb16c3a9d982c9aa86f47cefdd3e#1,7032fb16c3a9d982c9aa86f47cefdd3e,af2f3030914ae3eaf70ebc74ecdb8c1c,955fee9216a65b617aa5c0531780ce60,8.88,39.00
7033745709b7cf1bac7d2533663592de#1,7033745709b7cf1bac7d2533663592de,35084deab9603bbb6035bb8638b1df89,df560393f3a51e74553ab94004ba5c87,17.61,93.90
70462ebcf26934be8bd0327d2e6103d3#1,70462ebcf26934be8bd0327d2e6103d3,d5e17af4e0c9b0def251a1c9d2b0eaa2,751e274377499a8503fd6243ad9c56f6,8.92,109.00
70462ebcf26934be8bd0327d2e6103d3#2,70462ebcf26934be8bd0327d2e6103d3,d5e17af4e0c9b0def251a1c9d2b0eaa2,751e274377499a8503fd6243ad9c56f6,8.92,109.00
704a2164b3a242cec4c80b164021c6fe#1,704a2164b3a242cec4c80b164021c6fe,ccadfeab525a9eb1569983b66e5075c4,33576ec5412fb5905d876f12f33bfde6,16.06,89.00
7068f14af6c3c575490f74b6aaf2f05c#1,7068f14af6c3c575490f74b6aaf2f05c,43ff57afb3419cc422d1daccbbb877b7,f5a590cf36251cf1162ea35bef76fe84,178.52,915.00
7073be83c3247747c26a69d5a689edbf#1,7073be83c3247747c26a69d5a689edbf,69fb24f0cd077f460768e66b89c3565e,5b0cc932433fa5184b5b94bfe6bcc256,17.45,45.00
709d84dbb63f2afaaf2a48f69b56caa2#1,709d84dbb63f2afaaf2a48f69b56caa2,3db75f31b76375c502f64d550dcd1166,85d9eb9ddc5d00ca9336a2219c97bb13,8.11,31.90
70af5c624ad6c3daf236b9acb1ada8d0#1,70af5c624ad6c3daf236b9acb1ada8d0,9c422a519119dcad7575db5af1ba540e,2b3e4a2a3ea8e01938cabda2a3e5cc79,14.16,58.99
70bd1eb0a425533fa100afb2a4f26a98#1,70bd1eb0a425533fa100afb2a4f26a98,5ca739ddd646d1ba53cca4e3c099a953,406822777a0b9eb5c50e442dd4cd3ec5,23.22,59.90
70c63ecc0f8619ac9ebb83fd52466e64#1,70c63ecc0f8619ac9ebb83fd52466e64,e0d64dcfaa3b6db5c54ca298ae101d05,7d13fca15225358621be4086e1eb0964,19.19,155.00
70e430723d15eaf320da7d163e736ed3#1,70e430723d15eaf320da7d163e736ed3,cac52d956eff0cacf32f4b0f0f3aac5c,53e4c6e0f4312d4d2107a8c9cddf45cd,15.32,32.00
710770cfb61b2c43a091ab2c7b89a921#1,710770cfb61b2c43a091ab2c7b89a921,e7bbc0d43d1f5cb09bab95b664236633,897060da8b9a21f655304d50fd935913,16.11,49.00
7107c5823a581db0314f8f0fa95f61e7#1,7107c5823a581db0314f8f0fa95f61e7,3b0fbb3ab5b1512278d2e1c695b07e85,d2374cbcbb3ca4ab1086534108cc3ab7,12.01,72.90
710f0ad82f53b85ba2348698d18c89db#1,710f0ad82f53b85ba2348698d18c89db,60bb4500843105345ef9541e59a7a87a,dd2bdf855a9172734fbc3744021ae9b9,18.02,109.90
7117ea59ab9bdbf381b1a880eb25b07c#1,7117ea59ab9bdbf381b1a880eb25b07c,fb09ab0eb676b60b254250a28fd46e10,ea566164622c6b439516ab18062c42cd,8.16,185.00
7117ea59ab9bdbf381b1a880eb25b07c#2,7117ea59ab9bdbf381b1a880eb25b07c,fb09ab0eb676b60b254250a28fd46e10,ea566164622c6b439516ab18062c42cd,8.16,185.00
711f6009f8bf028b3fa426696b581432#1,711f6009f8bf028b3fa426696b581432,c7fd13b5e515bffdab855d0812842edb,1025f0e2d44d7041d6cf58b6550e0bfa,23.08,40.00
712ddc2da1bdd2e1b5f6baf0171860c2#1,712ddc2da1bdd2e1b5f6baf0171860c2,77aadda8f3636c56d2e32ebf735426ba,dbc22125167c298ef99da25668e1011f,38.38,117.90
7131224bb3afd2aa3e6b81ca40bd8e4a#1,7131224bb3afd2aa3e6b81ca40bd8e4a,5b8423dc7f23089c9c59c5d140eb5a1c,c8b3445d737de6befde0c88ede534a5e,14.51,129.99
714e2644ab665027234ed7a6b3e82274#1,714e2644ab665027234ed7a6b3e82274,9d32095f76b97762307e86cfc18dd7a0,391fc6631aebcf3004804e51b40bcf1e,16.79,49.95
714fb133a6730ab81fa1d3c1b2007291#1,714fb133a6730ab81fa1d3c1b2007291,a0b7d5a992ccda646f2d34e418fff5a0,95f83f51203c626648c875dd41874c7f,26.11,69.90
7150170dd81a1532b5906d0cc50618b3#1,7150170dd81a1532b5906d0cc50618b3,ede062bcd13ef64b5cc87369e4edaf62,da8622b14eb17ae2831f4ac5b9dab84a,15.10,29.90
7156f3e0b94405abcbad1a8c94557338#1,7156f3e0b94405abcbad1a8c94557338,6b61c9889ff5ea54a786b54fff36251f,8fdca8e349553f99bc738833a62c8802,10.96,17.50
7158229b50001f9cbebbab387c50992e#1,7158229b50001f9cbebbab387c50992e,9d123055622741ac77766a4dbfa4d1b9,528bcf6680c36dddf07620bd35b33a6f,18.46,529.99
7165aba369a4514fae50be36d6b5e592#1,7165aba369a4514fae50be36d6b5e592,a54ab3c55cdb34ad7006d087ff4b6a9c,d673a59aac7a70d8b01e6902bf090a11,11.85,27.90
7165aba369a4514fae50be36d6b5e592#2,7165aba369a4514fae50be36d6b5e592,dd4c3b4ab7e001aaf385ea2e68952030,d673a59aac7a70d8b01e6902bf090a11,11.85,29.90
718b31ebf4b412db36cb480229bca6ab#1,718b31ebf4b412db36cb480229bca6ab,e59dd207c69d86e890febadc796d1078,e9bc59e7b60fc3063eb2290deda4cced,9.91,148.00
71c3a24007f8f52f2f440e4aa2651096#1,71c3a24007f8f52f2f440e4aa2651096,58e8a50e5d8d31362600e27bb4cddc29,8e6cc767478edae941d9bd9eb778d77a,13.37,28.45
71e3b03f3cb75e6fd2e5a75e7291df4b#1,71e3b03f3cb75e6fd2e5a75e7291df4b,9456c129f470955000d28c94f73340cd,4371b634e0efc0e22b09b52907d9d469,8.72,75.00
71f2cb6a79279eae67ab5e770b2c2053#1,71f2cb6a79279eae67ab5e770b2c2053,622bad99b4296aade0783ebecdd3fa15,376a891762bbdecbc02b4b6adec3fdda,17.97,98.99
7201c562f7a8bcd02e8f1a35dad540f4#1,7201c562f7a8bcd02e8f1a35dad540f4,828c579b949972bdea5cf2203faf4563,520b493b57809f446cb0a233bb3e25c7,17.92,29.00
7201c562f7a8bcd02e8f1a35dad540f4#2,7201c562f7a8bcd02e8f1a35dad540f4,f4cd1164757f2f82e7f949e9ba129664,520b493b57809f446cb0a233bb3e25c7,17.92,29.00
7206b86ea789983f7a273ea7fa0bc2a8#1,7206b86ea789983f7a273ea7fa0bc2a8,9a469eaf45dfbc43d39ba1977a3c07af,d2374cbcbb3ca4ab1086534108cc3ab7,12.79,36.90
7209ce21354cff1e1957b42ea0a76cd1#1,7209ce21354cff1e1957b42ea0a76cd1,ddb9028236525b8ab493fc24f99e8d1a,da8622b14eb17ae2831f4ac5b9dab84a,12.75,149.90
72144791fc7fd8048eafc90d7f82ba54#1,72144791fc7fd8048eafc90d7f82ba54,d2f5484cbffe4ca766301b21ab9246dd,36a968b544695394e4e9d7572688598f,15.10,12.88
7226faa7c52097729fa37ede3e8a625b#1,7226faa7c52097729fa37ede3e8a625b,d239ed6ed6dabbcbfd8a3b776e1ca50c,729f06993dac8e860d4f02d7088ca48a,69.60,389.90
72344ea1113e3227494c465a64ae58aa#1,72344ea1113e3227494c465a64ae58aa,4011494d902f1075a502ffe9432186b3,f5a590cf36251cf1162ea35bef76fe84,15.79,49.00
7249fd69ae42373a6a357567e41ecc57#1,7249fd69ae42373a6a357567e41ecc57,0521fe3eb04940304b489d0fb49a37dd,e99e927c81e3f51739c94fcdfca9f10f,20.71,89.99
725fd97b392659b4ae97f0aa8a339853#1,725fd97b392659b4ae97f0aa8a339853,9e15353890070a3993281d90741280a9,4da0e408c99d2fdc2126dc9fce518060,13.46,62.90
7263a9488004df94487b7f970be3b91e#1,7263a9488004df94487b7f970be3b91e,a322cb898d31adbe4a4de692f4bc0276,218d46b86c1881d022bce9c68a7d4b15,27.77,148.00
727412faf7aef5ef3c7e0f03350d80c7#1,727412faf7aef5ef3c7e0f03350d80c7,eebe0f0f8b8d4e13e07a558b90e1a6dd,d2374cbcbb3ca4ab1086534108cc3ab7,17.20,65.90
727ff4968b521aca37f5ac012eb0c9ad#1,727ff4968b521aca37f5ac012eb0c9ad,49949e69181c88f76527f613550ca6f6,6edacfd9f9074789dad6d62ba7950b9c,8.72,46.90
7297f6bfea2a33ef176cff30f467aa41#1,7297f6bfea2a33ef176cff30f467aa41,5d66715cc928aadd0074f61332698593,128639473a139ac0f3e5f5ade55873a5,18.23,19.90
72bd19ef4fa285334b95bda01a3718c7#1,72bd19ef4fa285334b95bda01a3718c7,a8e69cb7ca2c04d5ba7f73b2385f2a76,e8a85b5f3df47be0984c55fd4064dbb4,17.06,45.00
72c061dd658608d47b290082ddbb976d#1,72c061dd658608d47b290082ddbb976d,74985eecf05f5ef2d7e4c59156454e2c,080199a181c46c657dc5aa235411be3b,9.45,179.49
72ee4a26e767e55282ac10e63c7b1227#1,72ee4a26e767e55282ac10e63c7b1227,9ccf11289147e5277b022439b4ea1f20,955fee9216a65b617aa5c0531780ce60,52.77,60.00
72eee104bc08e3498017c9c02b2ae1dc#1,72eee104bc08e3498017c9c02b2ae1dc,0606451146029c2f85c958b9cce49735,744dac408745240a2c2528fb1b6028f3,16.41,219.00
72fd9a44c510d4f0d8049e791ad3a073#1,72fd9a44c510d4f0d8049e791ad3a073,c38640ae3a92231abddd15f1fd863eb2,34056b8b55c1775a22af2331670a799c,27.40,64.80
731397db58924330b01248c031dc6281#1,731397db58924330b01248c031dc6281,39184c850194aa002371b2d16c373f3e,7ad32824caee82087b3e2e5f33b1bf32,22.51,299.00
73357471c1622c6492352c7cce44eddc#1,73357471c1622c6492352c7cce44eddc,43f88c8353708451babf9bcdd1fda92a,cab85505710c7cb9b720bceb52b01cee,7.78,49.90
734e7d1bbaeb2ff82521ca0fe6fb6f79#1,734e7d1bbaeb2ff82521ca0fe6fb6f79,278b3c6462e86b4556b99989513ddf73,d1ef48b38baca7e831711c4a0aeb398f,13.47,29.99
7352751ee1a007ee671e79e6b50dd809#1,7352751ee1a007ee671e79e6b50dd809,719d571299707561c34ba04ab867b32a,0ef83d7d83ed97cd2a0049ac8be5f88a,9.74,56.89
737513abba391330e69fe0383703d447#1,737513abba391330e69fe0383703d447,85df978207ed4024ea16570dbb64fd6e,10076e5788b8ee532724bcd460baf762,18.27,24.00
73756076fcc66ccd661bb81c5ce0c5fc#1,73756076fcc66ccd661bb81c5ce0c5fc,4b13aefdb8d42b55a96d9985fa5da023,f45122a9ab94eb4f3f8953578bc0c560,15.10,34.99
7388afc4743da7d6e532b7fd086b4357#1,7388afc4743da7d6e532b7fd086b4357,83b00325c13c44245b2c3a2befa62a0e,ad781527c93d00d89a11eecd9dcad7c1,57.79,159.99
73c0786753e32171d5d1bba1e682b4ba#1,73c0786753e32171d5d1bba1e682b4ba,426844dd9ed9ae105a5d4b3f1e18becc,c8417879a15366a17c30af34c798c332,16.79,14.90
73c545df0a564badb07ae15f5fe6f1e1#1,73c545df0a564badb07ae15f5fe6f1e1,0c761b0e33d708e6a3694a94ac4b82c4,bccf933e006e9b94a6184af782963e77,16.68,149.99
73eb70779d3a8a4647f8ccf9c43d2623#1,73eb70779d3a8a4647f8ccf9c43d2623,01cf8c7364048b4b6ed0fe400667054d,b2ba3715d723d245138f291a6fe42594,27.87,229.90
73ef343c9dbf2f6d45362c9bc150f4b7#1,73ef343c9dbf2f6d45362c9bc150f4b7,ce99c3515272dee739f2d3eddae0f2cf,26d8a1c7c75d513045798992ead43aa2,33.15,2150.00
73efca6402c1b6108195348448d76147#1,73efca6402c1b6108195348448d76147,9cc8a90a8f8b6a7b56a486b612b40efa,c3cfdc648177fdbbbb35635a37472c53,18.71,129.99
73fc7af87114b39712e6da79b0a377eb#1,73fc7af87114b39712e6da79b0a377eb,fd25ab760bfbba13c198fa3b4f1a0cd3,6d803cb79cc31c41c4c789a75933b3c7,13.63,185.00
73fc7af87114b39712e6da79b0a377eb#2,73fc7af87114b39712e6da79b0a377eb,fd25ab760bfbba13c198fa3b4f1a0cd3,6d803cb79cc31c41c4c789a75933b3c7,13.63,185.00
74016effecaa79d592487f6a4ee47d4b#1,74016effecaa79d592487f6a4ee47d4b,91025258cde9e3ab5c55b59dbc77cde2,45d33f715e24d15a6ccf5c17b3a23e3c,14.52,36.99
741219cefb77a5c6acbbecafb6d0e6f5#1,741219cefb77a5c6acbbecafb6d0e6f5,0d85c435fd60b277ffb9e9b0f88f927a,f457c46070d02cadd8a68551231220dd,18.58,67.90
741be6dc102de903336e1a6acb2c44e8#1,741be6dc102de903336e1a6acb2c44e8,78efe838c04bbc568be034082200ac20,0241d4d5d36f10f80c644447315af0bd,23.57,99.90
741fd1b80f015f170a7f458cf86769b8#1,741fd1b80f015f170a7f458cf86769b8,2b4609f8948be18874494203496bc318,cc419e0650a3c5ba77189a1882b7556a,16.39,89.99
745e1d4a7f8c4b548881788d4113bb1d#1,745e1d4a7f8c4b548881788d4113bb1d,4ddea479f39c2acfbde72ff8ddcec134,ec21206b7894c503788a684a7bc822a6,15.10,32.90
746347ecc5cc9cb88a346545608fb635#1,746347ecc5cc9cb88a346545608fb635,84c79830527ae823029ee6b904cf948c,11d4c477d09821164bca4f70a2eae031,17.06,32.70
746894acbab13a8cb17e369fdee65152#1,746894acbab13a8cb17e369fdee65152,e35be783353a30d36b6facc6524b5f64,bd0389da23d89b726abf911cccc54596,19.11,59.90
746de2565dea8d35a273e6b7db1764b9#1,746de2565dea8d35a273e6b7db1764b9,af76a54b712e9cab85d2824e96c56ff8,6a8b085f816a1f75f92dbac6eb545f8f,13.25,249.50
74748a8ba7d523ab46fe3354996609f6#1,74748a8ba7d523ab46fe3354996609f6,b17184dce2f379b2a98393d8ae885611,b14db04aa7881970e83ffa9426897925,39.51,89.00
74748a8ba7d523ab46fe3354996609f6#2,74748a8ba7d523ab46fe3354996609f6,b17184dce2f379b2a98393d8ae885611,b14db04aa7881970e83ffa9426897925,39.51,89.00
747996a66f5aa711deb8ae58f5ae46a0#1,747996a66f5aa711deb8ae58f5ae46a0,2797d3826d386bfda4f347a378b89f4d,48efc9d94a9834137efd9ea76b065a38,8.72,9.90
747e4e0aa3817ad125ed9074ee005dd7#1,747e4e0aa3817ad125ed9074ee005dd7,41c24b8ce92d1a2cac62db5edfd088b2,4869f7a5dfa277a7dca6462dcf3b52b2,22.53,116.90
748db62700c925a0db2c4b00ee25849c#1,748db62700c925a0db2c4b00ee25849c,306b0c58328826c0564cbc520787d508,7ad32824caee82087b3e2e5f33b1bf32,23.42,89.00
749ccd54a6e860862770d11abcbbe0bc#1,749ccd54a6e860862770d11abcbbe0bc,4c82c8d31845d751d797debc3d03697f,ce27a3cc3c8cc1ea79d11e561e9bebb6,12.79,12.99
74a243809fa8841223db188cbcc488ab#1,74a243809fa8841223db188cbcc488ab,5411e9269501a870cabf632f05655131,3d871de0142ce09b7081e2b9d1733cb1,29.30,129.00
74a243809fa8841223db188cbcc488ab#2,74a243809fa8841223db188cbcc488ab,5411e9269501a870cabf632f05655131,3d871de0142ce09b7081e2b9d1733cb1,29.30,129.00
74c951ce0835b2741d3014321ae9c480#1,74c951ce0835b2741d3014321ae9c480,b4bcc9155de9c60e343ecbff22b86dc8,f8db351d8c4c4c22c6835c19a46f01b0,9.66,129.90
74d91d0ed661cdf6683637341c196645#1,74d91d0ed661cdf6683637341c196645,879b84c7cf2433c4fa8f416a780109a8,71039d19d4303bf9054d69e9a9236699,22.86,19.90
74e033208dc13a7b8127eb8e73d09b76#1,74e033208dc13a7b8127eb8e73d09b76,253ef56cd52d920f8066748da224c5eb,2b03ac196f5ed62ac483960fe0fa3b65,15.47,85.00
74ebfa44a323c96a7760bd693d690a3d#1,74ebfa44a323c96a7760bd693d690a3d,7d1fc7d682f6a5c8e47437e3540f4415,376a891762bbdecbc02b4b6adec3fdda,33.96,359.50
751410acff2d9dbfee9158ae8e21d6d6#1,751410acff2d9dbfee9158ae8e21d6d6,d1f69b1b509a6f4e1fdca33101625bc8,a6bd7d1ccdac48c6b33b28596b7eb122,56.88,679.00
75306e9e0b8f64c5bd70c0d24f87a759#1,75306e9e0b8f64c5bd70c0d24f87a759,8c591ab0ca519558779df02023177f44,a1043bafd471dff536d0c462352beb48,34.05,99.00
75351e48296ef42211a0b80c427aae57#1,75351e48296ef42211a0b80c427aae57,28f2e74ecd7f12eab02ca9b3c2bd9c5f,ca3bd7cd9f149df75950150d010fe4a2,10.79,87.37
7535955a5fee70328e9fe079653e03f1#1,7535955a5fee70328e9fe079653e03f1,fed7ed9a2c9239558d696bfb40fc96a9,ed4acab38528488b65a9a9c603ff024a,9.77,199.90
753c946b8e6608e274c63dacb53fb67f#1,753c946b8e6608e274c63dacb53fb67f,5ade9eaa68986ae388b9d6ba2aa185e8,05730013efda596306417c3b09302475,42.65,238.00
755acdbf6da2041544f004ead2cdd080#1,755acdbf6da2041544f004ead2cdd080,3b99375795409600e7924e00452855c0,28c7d8743fbc8679f484868cc0fcaefb,18.44,80.50
755dd61fa0b225c0a149662ea67cd5ff#1,755dd61fa0b225c0a149662ea67cd5ff,cd3de1984e1a77b441e1b39b8e334330,391fc6631aebcf3004804e51b40bcf1e,14.51,59.33
75626319165f5a98618d8916fd5c6df8#1,75626319165f5a98618d8916fd5c6df8,2028bf1b01cafb2d2b1901fca4083222,cc419e0650a3c5ba77189a1882b7556a,14.15,56.99
75679c6961aad55f81620d8542166135#1,75679c6961aad55f81620d8542166135,163da86e86f0089de089399c28c3fcbb,9f505651f4a6abe901a56cdc21508025,8.89,99.00
75726bd0f5bacd31edbf656514778805#1,75726bd0f5bacd31edbf656514778805,1a7340927178189657dfa923be3bfdda,ea8482cd71df3c1969d7b9473ff13abc,15.79,24.99
7577e6378383be8d29e8e0cc18a880cb#1,7577e6378383be8d29e8e0cc18a880cb,f524b3f36f5a7a8cecf77fd6083ad6fe,7142540dd4c91e2237acb7e911c4eba2,13.44,59.90
75782ab140cfc2ce9f07f0b6390e32c2#1,75782ab140cfc2ce9f07f0b6390e32c2,00ba6d766f0b1d7b78a5ce3e1e033263,53e4c6e0f4312d4d2107a8c9cddf45cd,22.08,46.99
75782ab140cfc2ce9f07f0b6390e32c2#2,75782ab140cfc2ce9f07f0b6390e32c2,00ba6d766f0b1d7b78a5ce3e1e033263,53e4c6e0f4312d4d2107a8c9cddf45cd,22.08,46.99
7581c7decedb7d7f4310ef8313f935a7#1,7581c7decedb7d7f4310ef8313f935a7,06e73ddcb54620a36bfdb2e073c4dc40,0ea22c1cfbdc755f86b9b54b39c16043,14.52,34.90
758e852ab6d20c02ec1b0f75a024d83f#1,758e852ab6d20c02ec1b0f75a024d83f,188d0b148e6d1c86faffe0d73c3f2dad,23613d49c3ac2bd302259e55c06c050c,23.22,45.90
759ef6eef7b8279539f81a2663c2f500#1,759ef6eef7b8279539f81a2663c2f500,5b62b580e3f012c16682b625be5b4ae6,0be8ff43f22e456b4e0371b2245e4d01,19.50,84.90
75a274082b03938965592307afe46ae2#1,75a274082b03938965592307afe46ae2,36ea81e90d1292dcdc3ad8abb09c20fe,a420f60ff1aa9acc80d0e42959f2b313,17.76,73.50
75c3993b743335fa57b1645f056b59d2#1,75c3993b743335fa57b1645f056b59d2,c65f71634a9d0de5b4a1d7dbb6d3ae01,4c18691b6037662be2df78a765d98ab5,18.23,45.50
75d1b089800a77f3c4b653e297632423#1,75d1b089800a77f3c4b653e297632423,a35a9f46dcee0a67c8c7ad8493eb4135,85d9eb9ddc5d00ca9336a2219c97bb13,16.36,24.90
75d4b0b71e66d09b6070bd54c61e20fd#1,75d4b0b71e66d09b6070bd54c61e20fd,188c2b55dbae7df073f4f4a24e232ce9,04e38a233f726ef161074ab1c9b0399a,9.34,19.90
75e7a7873f5f25594624a750188facc4#1,75e7a7873f5f25594624a750188facc4,6a29caa68d4bc5536b4447c25de4c937,16090f2ca825584b5a147ab24aa30c86,18.45,50.49
75f433fd5ff62807235cb08b520c3c49#1,75f433fd5ff62807235cb08b520c3c49,f9be8e0e5acd947d8f49dbc390b9ab20,4a3ca9315b744ce9f8e9374361493884,12.57,153.00
760312f5735ee281f01e56d5ddee05e3#1,760312f5735ee281f01e56d5ddee05e3,0609678aec06f28cd8e177550d26e73b,a673821011d0cec28146ea42f5ab767f,25.58,74.99
760312f5735ee281f01e56d5ddee05e3#2,760312f5735ee281f01e56d5ddee05e3,2f48e99df2052ce8a7d14855ea40e838,a673821011d0cec28146ea42f5ab767f,25.58,74.99
762a479b42165d528417d5c3220640fc#1,762a479b42165d528417d5c3220640fc,54d9ac713e253fa1fae9c8003b011c2a,955fee9216a65b617aa5c0531780ce60,13.08,29.50
762accd1f919295f51f3b39e314cee12#1,762accd1f919295f51f3b39e314cee12,dfb97c88e066dc22165f31648efe1312,8581055ce74af1daba164fdbd55a40de,15.73,139.00
762fa054ae976d76eea5688eaa2a92e6#1,762fa054ae976d76eea5688eaa2a92e6,962a6951154f98f2c8e9a5b8b2bcf4a9,1025f0e2d44d7041d6cf58b6550e0bfa,15.86,79.90
7652086d66b18b3e2f19c1a28d6cc670#1,7652086d66b18b3e2f19c1a28d6cc670,b83727c2bb0942488a69e3683cc8682a,6b243f80ed07b10f0e8aa0f21a205f3c,16.35,84.90
7674a39ac1ba0b1ca68a18cfbd151b1b#1,7674a39ac1ba0b1ca68a18cfbd151b1b,1fd3bb291e0dba9d6081eb914303993b,53e4c6e0f4312d4d2107a8c9cddf45cd,16.67,26.07
7674a39ac1ba0b1ca68a18cfbd151b1b#2,7674a39ac1ba0b1ca68a18cfbd151b1b,ac7e981115ad47f0e051f1b8b97e73b1,53e4c6e0f4312d4d2107a8c9cddf45cd,13.55,27.99
76754c0e642c8f99a8c3fcb8a14ac700#1,76754c0e642c8f99a8c3fcb8a14ac700,588531f8ec37e7d5ff5b7b22ea0488f8,53243585a1d6dc2643021fd1853d8905,34.51,1437.00
767cc814433df2750747896ffc066766#1,767cc814433df2750747896ffc066766,7a3bc1b5f3ad201ecd5d03d51d34bedd,7e1fb0a3ebfb01ffb3a7dae98bf3238d,53.07,336.00
769cad60df1d40dccfd5ec163be24654#1,769cad60df1d40dccfd5ec163be24654,26a4f62a409a78816adb31e0d729a163,b45d7ebfb7378630f1bcd74b6ff86ff7,24.42,299.90
76a1ee4ee17ea3b77f3c483c0a73e9c1#1,76a1ee4ee17ea3b77f3c483c0a73e9c1,f03859e4cc21018569f5ae7a03897ff4,7299e27ed73d2ad986de7f7c77d919fa,34.15,45.00
76b6310b3f184c266dabec32ac0eb26a#1,76b6310b3f184c266dabec32ac0eb26a,99a4788cb24856965c36a24e339b6058,4a3ca9315b744ce9f8e9374361493884,16.24,86.90
76c6e866289321a7c93b82b54852dc33#1,76c6e866289321a7c93b82b54852dc33,ac1789e492dcd698c5c10b97a671243a,63b9ae557efed31d1f7687917d248a8d,16.05,19.90
77054c0ae83a94aa7dda477bf235645b#1,77054c0ae83a94aa7dda477bf235645b,ec2d43cc59763ec91694573b31f1c29a,1c129092bf23f28a5930387c980c0dfc,19.32,47.90
77161b77ce9e78961c94e6910f7b272a#1,77161b77ce9e78961c94e6910f7b272a,7e0dc102074f8285580c9777f79c90cf,e26901d5ab434ce92fd9b5c256820a4e,10.96,34.90
7723b5b9aece2fe48715a349e72ce1df#1,7723b5b9aece2fe48715a349e72ce1df,aed7d0a9347ab6a62a7e25304e6f02ab,9baf5cb77970f539089d09a38bcec5c3,15.18,59.99
773995e26bad51964885520767aede42#1,773995e26bad51964885520767aede42,3d5837f86205fe83f03fb5f7e4d5b9cf,9d4db00d65d7760644ac0c14edb5fd86,10.08,109.80
774b8c52e2dda4cae042a9175258ab1b#1,774b8c52e2dda4cae042a9175258ab1b,f819f0c84a64f02d3a5606ca95edd272,4869f7a5dfa277a7dca6462dcf3b52b2,42.37,689.00
775130c792f4c6460c63162e994a1114#1,775130c792f4c6460c63162e994a1114,99b4596b82b6f75d453160c9c75e01f4,6bbcb8924baf70b7fe2fe2097e8cd407,15.67,257.60
7753606fb1d0067848f8a1a7ae5abefa#1,7753606fb1d0067848f8a1a7ae5abefa,d63c1011f49d98b976c352955b1c4bea,cc419e0650a3c5ba77189a1882b7556a,8.88,59.99
7753606fb1d0067848f8a1a7ae5abefa#2,7753606fb1d0067848f8a1a7ae5abefa,d63c1011f49d98b976c352955b1c4bea,cc419e0650a3c5ba77189a1882b7556a,8.88,59.99
7760dcb1588e8f0404d165bace2abe39#1,7760dcb1588e8f0404d165bace2abe39,de6702c748c719cbd13bb814f006ba22,0ea22c1cfbdc755f86b9b54b39c16043,25.38,29.90
7764b1137f1449a900532727d4a58763#1,7764b1137f1449a900532727d4a58763,f7186d0740a850c2f73f4b67959336fa,ef506c96320abeedfb894c34db06f478,10.96,25.99
776e5572d4969b8fa5b72b0fde398f6f#1,776e5572d4969b8fa5b72b0fde398f6f,abc3432ff825d8e524db1d4eac6d2099,8d956fec2e4337affcb520f56fd8cbfd,7.54,39.99
777b4b0b8467866361a717d277ef1b1f#1,777b4b0b8467866361a717d277ef1b1f,da051bd767b7457572d55aba23fd846a,6b3bd31ad8fcda4b2635ec9f3ff2ecdf,24.62,69.90
777ee9a9950b655601a65012d4e45584#1,777ee9a9950b655601a65012d4e45584,601a360bd2a916ecef0e88de72a6531a,7a67c85e85bb2ce8582c35f2203ad736,36.96,119.99
777ee9a9950b655601a65012d4e45584#2,777ee9a9950b655601a65012d4e45584,90c6d279023ee6c3b1f494883e90b6a8,977f9f63dd360c2a32ece2f93ad6d306,1.85,90.90
778101005371670bde7d9138e9203140#1,778101005371670bde7d9138e9203140,b7538ba9e18ac05ea16d53aea0867f24,0176f73cc1195f367f7b32db1e5b3aa8,22.05,99.90
7785b07bcf7b5bf8fbf50e491382d98e#1,7785b07bcf7b5bf8fbf50e491382d98e,576260585d9d4d112b129048750cf18e,1690cada046eb7e92c12f98b1f8a8167,19.47,199.00
779c166cb7fc9e9827102ea44e43b6c7#1,779c166cb7fc9e9827102ea44e43b6c7,bfe7e7ae5f1ec626a4a85d98712bbbb9,15aac934c58d886785ac1b17953ea898,17.99,45.00
77af7c6e42549e58f42977d5be538d0d#1,77af7c6e42549e58f42977d5be538d0d,97afd188bb555122d11925deb0052174,fdaaf5bfda82b7b80535610c831b8d09,18.65,109.90
77d685df1d92550ffac03ccc56a692e0#1,77d685df1d92550ffac03ccc56a692e0,83b00325c13c44245b2c3a2befa62a0e,ad781527c93d00d89a11eecd9dcad7c1,37.26,200.00
77d9489f6394fff407ce6a4ab64957be#1,77d9489f6394fff407ce6a4ab64957be,44053ed0088d0655ed338810cd2d4d51,00ee68308b45bc5e2660cd833c3f81cc,15.73,138.00
77e1d11cc4954b7a395f9ecba7edd397#1,77e1d11cc4954b7a395f9ecba7edd397,f16d9c6688f187efa6ce353d689d85fd,c26a2be5b53b7db6b276280da212a779,24.27,499.00
77e1d11cc4954b7a395f9ecba7edd397#2,77e1d11cc4954b7a395f9ecba7edd397,145028037adecb27b1a58cf9597676cc,c26a2be5b53b7db6b276280da212a779,17.45,399.00
77e9941864fc840be8e4b1ba5347c0f7#1,77e9941864fc840be8e4b1ba5347c0f7,a01d1cbb398e386a4a8f8364401a7584,d566c37fa119d5e66c4e9052e83ee4ea,37.37,65.90
77fb4b8cc3c049b130b87530c7071abd#1,77fb4b8cc3c049b130b87530c7071abd,bde643c31f72e37dd1aac0c43e130ddc,fbc14c0cf93505ef89f64665ffa4a7b5,20.00,812.99
77fc7da5ef4df2c48276ae832072dcf1#1,77fc7da5ef4df2c48276ae832072dcf1,5113c9a5037013b0a750444df6dec60f,54a1852d1b8f10312c55e906355666ee,11.97,109.90
77fff204e0af2e1abdaea52727cf9d15#1,77fff204e0af2e1abdaea52727cf9d15,2cb90322408fbc8131f039ac650b87f9,a425f92c199eb576938df686728acd20,15.79,41.50
780dfcd5aaf2662f3f6ce2201164394b#1,780dfcd5aaf2662f3f6ce2201164394b,76f520fa5e8912001989fa3fd6530d94,29c322e3f09f886f8bacbe91dfbd979e,28.30,18.99
780dfcd5aaf2662f3f6ce2201164394b#2,780dfcd5aaf2662f3f6ce2201164394b,77d86f9e64c28aa93e3d46f4047646d7,29c322e3f09f886f8bacbe91dfbd979e,28.29,29.99
780dfcd5aaf2662f3f6ce2201164394b#3,780dfcd5aaf2662f3f6ce2201164394b,fef0dd8c53552d0f784b7cc5375a3ffe,26af45f5dfd967225a832838aa4e24a3,28.29,33.90
780dfcd5aaf2662f3f6ce2201164394b#4,780dfcd5aaf2662f3f6ce2201164394b,40678c9096047877fa74a25cc6f0a726,9b1f656ca3060f8af17a50d8a024b533,28.29,12.50
780fe22baa36991bdbb1559f5b549596#1,780fe22baa36991bdbb1559f5b549596,4bb4fb9c85785b75ab4f6559900c7ca1,ef506c96320abeedfb894c34db06f478,14.52,37.99
7835af1856de332f2f3c9204b740a3a2#1,7835af1856de332f2f3c9204b740a3a2,a1250bbcaa645885c9165eab1573b5c6,6560211a19b47992c3666cc44a7e94c0,14.10,49.99
7838ed6306a99eba3bb421c33864ccb5#1,7838ed6306a99eba3bb421c33864ccb5,38d070104c7e27171e177d581758a90f,fb89df7f89fd1b8f03fa2acca1ba7364,15.10,37.00
7838ed6306a99eba3bb421c33864ccb5#2,7838ed6306a99eba3bb421c33864ccb5,38d070104c7e27171e177d581758a90f,fb89df7f89fd1b8f03fa2acca1ba7364,15.10,37.00
7842147864c0425541edd55923f3c0f1#1,7842147864c0425541edd55923f3c0f1,363218ba55c610b750224f90bdd34be1,33a6f4b1e7cdc205511e76ba1b6e0186,14.31,79.99
784389cee609eccd4f055e1eb8544285#1,784389cee609eccd4f055e1eb8544285,054515fd15bc1a2029f10de97ffa9120,e9779976487b77c6d4ac45f75ec7afe9,18.40,43.00
7845a2492ab1b4f2cf3d56c7b8da1446#1,7845a2492ab1b4f2cf3d56c7b8da1446,16241e79b047426033194065d8b321b2,4830e40640734fc1c52cd21127c341d4,14.10,29.99
784b0448b2075a95afcf2a55310b7238#1,784b0448b2075a95afcf2a55310b7238,1da0fbb35cfdc9fcb6d48dfddca69513,e88165a185134e13fdfc85d4fa654db8,8.29,18.00
784dc805e40803fed828b9fbf45b4858#1,784dc805e40803fed828b9fbf45b4858,7c1bd920dbdf22470b68bde975dd3ccf,cc419e0650a3c5ba77189a1882b7556a,7.78,64.99
7876404b81dcee26d47be1c7131b16ec#1,7876404b81dcee26d47be1c7131b16ec,ea44caac707f7f1325182a538007f838,855668e0971d4dfd7bef1b6a4133b41b,17.60,50.00
7895cea737e28a81b243a183523ddfff#1,7895cea737e28a81b243a183523ddfff,fee2419d6d68dce0a48153a8179772ea,5a8e7d5003a1f221f9e1d6e411de7c23,8.29,69.90
78a192ee84633d7c3a125c57c6e4d970#1,78a192ee84633d7c3a125c57c6e4d970,84c79830527ae823029ee6b904cf948c,8bb48dc19fccaa8613b6229bf7f452a2,17.06,30.00
78ab727370e07aaf73b362897c8c6e3d#1,78ab727370e07aaf73b362897c8c6e3d,695c34c5771cca25ecdc04d24a9b49f6,1025f0e2d44d7041d6cf58b6550e0bfa,18.55,139.20
78d54cc2c9c87e4bc2a38d1443d81cbd#1,78d54cc2c9c87e4bc2a38d1443d81cbd,04c4182bda52366f3c4b8817ddbcd98e,4da0e408c99d2fdc2126dc9fce518060,22.17,33.90
78d7bf360bb60d0dd4bd37663c126524#1,78d7bf360bb60d0dd4bd37663c126524,71b7bb7d435217ef96c1ec8e48421599,c3cfdc648177fdbbbb35635a37472c53,18.99,169.90
78dcdc9169e9c5bbd378416cecc317be#1,78dcdc9169e9c5bbd378416cecc317be,381a0b846affd6aa7e80a863bcda52b7,aba1721a889e04decc910aa13b768ef4,20.49,226.00
7902ef4dbb5973b8426b4c66f2488d3d#1,7902ef4dbb5973b8426b4c66f2488d3d,3b473a6b1c280e0345e876648a61a032,4a3ccda38b2129705f3fb522db62ca31,14.42,200.00
790512cc033ced5f8fe1f9158eb8f2fe#1,790512cc033ced5f8fe1f9158eb8f2fe,59f09deeea7c839a9212a19f3416b892,729f06993dac8e860d4f02d7088ca48a,124.45,379.90
79398f97f77a8ba43fdb4e00b1d44cc0#1,79398f97f77a8ba43fdb4e00b1d44cc0,22633013199a5fbb2c0094a6e2802386,3d871de0142ce09b7081e2b9d1733cb1,16.11,25.90
793b7a8a6150d038052487e8a2af52ec#1,793b7a8a6150d038052487e8a2af52ec,43ee88561093499d9e571d4db5f20b79,23613d49c3ac2bd302259e55c06c050c,15.10,10.90
793b7a8a6150d038052487e8a2af52ec#2,793b7a8a6150d038052487e8a2af52ec,43ee88561093499d9e571d4db5f20b79,23613d49c3ac2bd302259e55c06c050c,15.10,10.90
7942099e2f484fd9f80b3bf901b706ea#1,7942099e2f484fd9f80b3bf901b706ea,27fdfad2c6a8f91606eb41ea396785c6,8b321bb669392f5163d04c59e235e066,18.23,13.20
794f771a39b24c7c47aa9eb198f066ed#1,794f771a39b24c7c47aa9eb198f066ed,1891f20b2a27a8b700d7a7ff5a7a0039,d2374cbcbb3ca4ab1086534108cc3ab7,11.85,24.90
7954e34924fab98d2e26924451086ad6#1,7954e34924fab98d2e26924451086ad6,4473f3e5c65952b074ef987fa5c24662,ea8482cd71df3c1969d7b9473ff13abc,18.23,29.99
7958d9e7f3083099780539e0054d0c54#1,7958d9e7f3083099780539e0054d0c54,54d9ac713e253fa1fae9c8003b011c2a,955fee9216a65b617aa5c0531780ce60,13.08,35.00
796843d5e414b6e4272228bae15d828b#1,796843d5e414b6e4272228bae15d828b,55cee47e392df16fee82018edeb545c5,f262cbc1c910c83959f849465454ddd3,7.39,16.99
7974289bffc998c320825e123de8ee7d#1,7974289bffc998c320825e123de8ee7d,d9ee0c2943c9663aef6a2bc0411cbc14,cca3071e3e9bb7d12640c9fbe2301306,13.38,114.90
7974289bffc998c320825e123de8ee7d#2,7974289bffc998c320825e123de8ee7d,d9ee0c2943c9663aef6a2bc0411cbc14,cca3071e3e9bb7d12640c9fbe2301306,13.38,114.90
797b565b282c371004d602d05ae7d3b2#1,797b565b282c371004d602d05ae7d3b2,4413a608a42bd21bbf9d5abbd58c249a,7ddcbb64b5bc1ef36ca8c151f6ec77df,43.44,146.99
79832b7cb59ac6f887088ffd686e1d5e#1,79832b7cb59ac6f887088ffd686e1d5e,99a0e0cc451b1508edc91dd621c2f66a,7142540dd4c91e2237acb7e911c4eba2,19.66,59.90
798b9fc552a89606eb4d38b1f8a4760e#1,798b9fc552a89606eb4d38b1f8a4760e,f35927953ed82e19d06ad3aac2f06353,669ae81880e08f269a64487cfb287169,54.48,115.00
79a07404beb09afb0d444bbe9dca4bae#1,79a07404beb09afb0d444bbe9dca4bae,e9b3cf27d68caa64832c4a7c460abcb9,7d456afc660226829370f3173d14520c,12.14,160.00
79a7213058b523bb31b7c6c53add8159#1,79a7213058b523bb31b7c6c53add8159,c94d19d021d4a8fbae5a45f904aeea90,701938c450705b8ae65fc923b70f35c7,37.13,103.97
79a7213058b523bb31b7c6c53add8159#2,79a7213058b523bb31b7c6c53add8159,c94d19d021d4a8fbae5a45f904aeea90,701938c450705b8ae65fc923b70f35c7,37.13,103.97
79a7213058b523bb31b7c6c53add8159#3,79a7213058b523bb31b7c6c53add8159,c94d19d021d4a8fbae5a45f904aeea90,701938c450705b8ae65fc923b70f35c7,37.13,103.97
79a7213058b523bb31b7c6c53add8159#4,79a7213058b523bb31b7c6c53add8159,c94d19d021d4a8fbae5a45f904aeea90,701938c450705b8ae65fc923b70f35c7,37.13,103.97
79aa91e33030a170c2baf3c856d3bfdc#1,79aa91e33030a170c2baf3c856d3bfdc,68bf2e76db1d8e846042e54da87399ca,1a3df491d1c4f1589fc2b934ada68bf2,21.09,85.90
79bddd312603ec0241e3d42556c6bba4#1,79bddd312603ec0241e3d42556c6bba4,20f160a9cf2e856ee5eba259e9ae33f9,17e34d8224d27a541263c4c64b11a56b,38.77,174.56
79bdeae310789e415e342ede8f9ad5f5#1,79bdeae310789e415e342ede8f9ad5f5,55403fdc84a027ae6565b360af50e1ee,17e34d8224d27a541263c4c64b11a56b,13.13,232.56
7a067b571c19eb71f647423ceba78fbe#1,7a067b571c19eb71f647423ceba78fbe,aca2eb7d00ea1a7b8ebd4e68314663af,955fee9216a65b617aa5c0531780ce60,12.43,69.90
7a067b571c19eb71f647423ceba78fbe#2,7a067b571c19eb71f647423ceba78fbe,aca2eb7d00ea1a7b8ebd4e68314663af,955fee9216a65b617aa5c0531780ce60,12.43,69.90
7a067b571c19eb71f647423ceba78fbe#3,7a067b571c19eb71f647423ceba78fbe,aca2eb7d00ea1a7b8ebd4e68314663af,955fee9216a65b617aa5c0531780ce60,12.43,69.90
7a0d4292964e6d5c0fe0fd4238ee6500#1,7a0d4292964e6d5c0fe0fd4238ee6500,4fe644d766c7566dbc46fb851363cb3b,c31eff8334d6b3047ed34bebd4d62c36,15.01,99.99
7a0eb0a897a19d67575a24798ba26fc5#1,7a0eb0a897a19d67575a24798ba26fc5,05d3d52aea100aa2f887fd940991f040,2a1348e9addc1af5aaa619b1a3679d6b,11.12,72.90
7a10cbd9fd10b327d327b5efa5b57ad0#1,7a10cbd9fd10b327d327b5efa5b57ad0,65266b2da20d04dbe00c5c2d3bb7859e,2c9e548be18521d1c43cde1c582c6de8,15.23,19.90
7a268da1c6173cf3d0847a89afdaf84e#1,7a268da1c6173cf3d0847a89afdaf84e,35b9e8c317cea9e313573fe8cd9af9a2,056b4ada5bbc2c50cc7842547dda6b51,19.82,129.99
7a6f03d6c02a319e084dd0ca7bdb5d07#1,7a6f03d6c02a319e084dd0ca7bdb5d07,553e0e7590d3116a072507a3635d2877,1c129092bf23f28a5930387c980c0dfc,9.34,45.90
7a70b827ebc6ab85bd4e28739619bb2d#1,7a70b827ebc6ab85bd4e28739619bb2d,39b146e69c32ffe0a469e95a71585843,0b35c634521043bf4b47e21547b99ab5,56.10,99.90
7a70b827ebc6ab85bd4e28739619bb2d#2,7a70b827ebc6ab85bd4e28739619bb2d,2c3f424b5643b03663e0f5861dde2bfe,888faa8bfb0b159c37de6d898b961c31,2.24,335.90
7a70b827ebc6ab85bd4e28739619bb2d#3,7a70b827ebc6ab85bd4e28739619bb2d,39b146e69c32ffe0a469e95a71585843,0b35c634521043bf4b47e21547b99ab5,56.10,99.90
7a9d100d2a88bd95c3f8acd4af29d3e8#1,7a9d100d2a88bd95c3f8acd4af29d3e8,3f0b2aa04502b87638f75da7b9cae50e,7299e27ed73d2ad986de7f7c77d919fa,13.47,24.90
7ab9c55c59eaeea579d047e2d8aaed81#1,7ab9c55c59eaeea579d047e2d8aaed81,c4b925e40f11289063a854c47aaef129,ffff564a4f9085cd26170f4732393726,10.96,11.50
7ac1f3de2cdc809de6aa1e6719451f53#1,7ac1f3de2cdc809de6aa1e6719451f53,7567d226ff0be3edcfca0124da0ca3f5,dfa0c4c6229ab200a4a1336b4d7128ff,18.25,21.50
7ad99dd647ac730449ac7193ca005527#1,7ad99dd647ac730449ac7193ca005527,6b00cb3fe05c73d0acef3fd949a34c0f,1ca7077d890b907f89be8c954a02686a,15.23,45.99
7afbe6ef708d0ae150028f52512230ad#1,7afbe6ef708d0ae150028f52512230ad,4cd6ba4ea3112de8fc238307c4dc6307,259f7b5e6e482c230e5bfaa670b6bb8f,16.60,39.00
7afca88a125dd0c2b912bbf82c0496a4#1,7afca88a125dd0c2b912bbf82c0496a4,07c055536ebf10dfbb6c6db6dbfc36e5,cca3071e3e9bb7d12640c9fbe2301306,12.69,45.90
7b2f3756c235e93b2ad6330c54805401#1,7b2f3756c235e93b2ad6330c54805401,e2c843e2762213223f21e0206e3b9d9d,c013e57c075a06e5b5c48ee03c525719,18.33,63.99
7b50d6c8484155685a9780c8a85a48fc#1,7b50d6c8484155685a9780c8a85a48fc,a298a105818dce6878b787e4af6cff7d,e26901d5ab434ce92fd9b5c256820a4e,7.81,79.90
7b58fca3faf09217a36d5febee5739a5#1,7b58fca3faf09217a36d5febee5739a5,b8a0d73b2a06e7910d9864dccdb0cda2,620c87c171fb2a6dd6e8bb4dec959fc6,16.86,59.90
7b6a7a66fce3298e019fa8bd99a7d4ff#1,7b6a7a66fce3298e019fa8bd99a7d4ff,c0b677cf65712618cd0d86b9303aa61c,09883d9ab71c8fe8a9bfc7fc3075b07e,11.76,79.90
7be005575f2d7598f774514a9e575f27#1,7be005575f2d7598f774514a9e575f27,25a2985f8f3f93ddf1c1d26847658dad,8d956fec2e4337affcb520f56fd8cbfd,7.42,22.44
7be3a5089c1dc43a6943bfb89a249b8c#1,7be3a5089c1dc43a6943bfb89a249b8c,ff7885ae23429394b64526e957ec809d,257e61d3251fb5efb9daadddbc2cf7ca,81.03,890.00
7c18eddfcd24680d80a502346221614e#1,7c18eddfcd24680d80a502346221614e,0ec96e6d31a1493b0475805c9ae1a0a2,09f952a5f58d2285b0372551ae8f9b01,18.95,167.00
7c18eddfcd24680d80a502346221614e#2,7c18eddfcd24680d80a502346221614e,e9a69340883a438c3f91739d14d3a56d,1b4c3a6f53068f0b6944d2d005c9fc89,68.23,169.49
7c1d20d6fe132456d237f95b26cd53a8#1,7c1d20d6fe132456d237f95b26cd53a8,7501e40e8bc7a7db7c2f4b005e1dddcb,974cf2cb8f4b7add98709c30df02fe10,13.58,79.99
7c36932e3667e570c35752d13bbca443#1,7c36932e3667e570c35752d13bbca443,5dbd7cc557840defa81a4a99590b215e,681fce914360217db47784ae28905a96,29.11,350.00
7c3e6d9d783f5fb5927a500abf1cfbaf#1,7c3e6d9d783f5fb5927a500abf1cfbaf,91d48f051858be85a524d623648cdf0d,a673821011d0cec28146ea42f5ab767f,11.37,49.90
7c4300b4566920906b3107048eabfcd7#1,7c4300b4566920906b3107048eabfcd7,e0d64dcfaa3b6db5c54ca298ae101d05,7d13fca15225358621be4086e1eb0964,19.98,144.00
7c5cfb19cd59e93d54d251302ac8268c#1,7c5cfb19cd59e93d54d251302ac8268c,b04876fe71f0ad771fcdf73ceff3bae2,9f50216bfd01913736a55a11b55ea842,9.01,45.00
7c749191ee3a17f34cbfcf6ddd2009ac#1,7c749191ee3a17f34cbfcf6ddd2009ac,f22c9d6ce2431ff939aad39e026cc7ef,c847e075301870dd144a116762eaff9a,34.72,1199.90
7c76185a8b81ba5e0cdcf1be2bcc1192#1,7c76185a8b81ba5e0cdcf1be2bcc1192,d322eb25f02924adba73e58dbc36b29c,7e93a43ef30c4f03f38b393420bc753a,18.01,225.00
7c7dc1f3affc0d38b97ea22a8aeedb82#1,7c7dc1f3affc0d38b97ea22a8aeedb82,a45af86c4a7948f5fabbb5b0132475cd,e63e8bfa530fb16910dd6956e592bb81,15.23,28.90
7c7dc1f3affc0d38b97ea22a8aeedb82#2,7c7dc1f3affc0d38b97ea22a8aeedb82,6ab9d49c399f239bc88ea28c7568213f,5c853bb56f70f4d14218944bae111d7a,15.23,8.99
7ca00d9cf45a4e8501cdc625899d7633#1,7ca00d9cf45a4e8501cdc625899d7633,8fc803c7d0a99a53798c7896a7c1e93c,cc63f0dd2acba93ffed4fe9f8e0321fa,18.02,126.80
7ca4e50d72a12009d398a335125b4871#1,7ca4e50d72a12009d398a335125b4871,ad53b56bfd80cb8adc160a3deaa239b9,75d34ebb1bd0bd7dde40dd507b8169c3,18.09,142.99
7ca8750c7c9d32f8c383020f380ae5e2#1,7ca8750c7c9d32f8c383020f380ae5e2,7f72a8900b3d2fc8fa2635b7836d6e6e,7299e27ed73d2ad986de7f7c77d919fa,18.33,64.99
7caa0a770f1010526a3e5f65757755f0#1,7caa0a770f1010526a3e5f65757755f0,555c681a23ca3d3adaaf1a74122b5bcf,4869f7a5dfa277a7dca6462dcf3b52b2,18.40,280.00
7cb67275a494651008ed5b1f0353ddce#1,7cb67275a494651008ed5b1f0353ddce,f63e5eb82736ac58d9d286f64fe5c44f,08ad4ac1388e4420ca531c3edfc46198,18.28,25.99
7cb67275a494651008ed5b1f0353ddce#2,7cb67275a494651008ed5b1f0353ddce,f63e5eb82736ac58d9d286f64fe5c44f,08ad4ac1388e4420ca531c3edfc46198,18.28,25.99
7cb76df433b42580f7512fde60984ba5#1,7cb76df433b42580f7512fde60984ba5,c4baedd846ed09b85f78a781b522f126,a1043bafd471dff536d0c462352beb48,26.46,120.00
7cd9ffeaee65a09e32ccf456b90784df#1,7cd9ffeaee65a09e32ccf456b90784df,2d72cf7f8c3240028550efb165045073,83deb69e889cf80f82be1dc6d5f2d486,25.66,53.60
7ce20b22753ccc86fdb3b6f7efefcc75#1,7ce20b22753ccc86fdb3b6f7efefcc75,a54244559e62c8ef2939e52189d65d4c,282f23a9769b2690c5dda22e316f9941,20.36,58.32
7cf158d0e4744ba4ce58e5a9be631f7e#1,7cf158d0e4744ba4ce58e5a9be631f7e,ad88641611c35ebd59ecda07a9f17099,c826c40d7b19f62a09e2d7c5e7295ee2,18.38,157.77
7d000dae81f29889a65eb97b1a620949#1,7d000dae81f29889a65eb97b1a620949,9e4a852f41aff52bafff133d9deb5eee,3d871de0142ce09b7081e2b9d1733cb1,13.92,129.00
7d07b6c1321e0ae86b7d6205e015f0a1#1,7d07b6c1321e0ae86b7d6205e015f0a1,f71973c922ccaab05514a36a8bc741b8,5dceca129747e92ff8ef7a997dc4f8ca,37.17,109.90
7d07b6c1321e0ae86b7d6205e015f0a1#2,7d07b6c1321e0ae86b7d6205e015f0a1,f71973c922ccaab05514a36a8bc741b8,5dceca129747e92ff8ef7a997dc4f8ca,37.17,109.90
7d0a48a75ea94fb27cbb514b6bd406b4#1,7d0a48a75ea94fb27cbb514b6bd406b4,1166bc797ddf5fb009c376d133f61204,5cbbd5a299cab112b7bf23862255e43e,19.38,59.20
7d0c53f67b84e94a751d09f03fe58e99#1,7d0c53f67b84e94a751d09f03fe58e99,f2d649f157cebee085ed738f23d5d6b7,d673a59aac7a70d8b01e6902bf090a11,18.31,29.99
7d0c53f67b84e94a751d09f03fe58e99#2,7d0c53f67b84e94a751d09f03fe58e99,f2d649f157cebee085ed738f23d5d6b7,d673a59aac7a70d8b01e6902bf090a11,18.31,29.99
7d1ac7d65c6b5d59a9ac241fa41da57d#1,7d1ac7d65c6b5d59a9ac241fa41da57d,4633dfeb3a2588bdb52af32d504b44eb,b76dba6c951ab00dc4edf0a1aa88037e,15.10,19.99
7d219bd2feeb13ad311a00db33c06a3c#1,7d219bd2feeb13ad311a00db33c06a3c,2d063994ae4667cff3d6841e9d441d1d,13d058e4eeac2ce8217660b2f8a05812,15.38,89.99
7d2286ec219f58023352077d938dee48#1,7d2286ec219f58023352077d938dee48,bcd58b852a3b0152b6b384c4e4474ba2,8b321bb669392f5163d04c59e235e066,11.94,132.00
7d27be18a08a2dbe4ee2d12c2fc5a739#1,7d27be18a08a2dbe4ee2d12c2fc5a739,6fd08d44046ab994b96ff38ad6fcfba1,d9a84e1403de8da0c3aa531d6d108ba6,8.29,39.90
7d29c8dc7f0169a08554b4309f115a2d#1,7d29c8dc7f0169a08554b4309f115a2d,689b01074243aeee72049c8da42d2e22,3d871de0142ce09b7081e2b9d1733cb1,11.98,68.00
7d3d0586319a920f50ceec0a5a9eaf55#1,7d3d0586319a920f50ceec0a5a9eaf55,94fb2ab4419d523ecce8e5d56676788d,522620dcb18a6b31cd7bdf73665113a9,17.06,194.50
7d4101163410b1380268da3933e691f1#1,7d4101163410b1380268da3933e691f1,35afc973633aaeb6b877ff57b2793310,4a3ca9315b744ce9f8e9374361493884,17.07,89.90
7d4101163410b1380268da3933e691f1#2,7d4101163410b1380268da3933e691f1,99a4788cb24856965c36a24e339b6058,4a3ca9315b744ce9f8e9374361493884,17.07,89.90
7d5f037cd90e278069b2d0fd0d060543#1,7d5f037cd90e278069b2d0fd0d060543,566a4f2c4385f36d15c00dfcaae132d1,8b321bb669392f5163d04c59e235e066,15.23,21.90
7d7b903bbd7d3b762ad60115c30185f2#1,7d7b903bbd7d3b762ad60115c30185f2,ac8e7cf3a658f63dc68dd7f3b8b5f97b,218d46b86c1881d022bce9c68a7d4b15,16.38,107.00
7d923e68a94ad8d7a6f8e5041a147c17#1,7d923e68a94ad8d7a6f8e5041a147c17,74985eecf05f5ef2d7e4c59156454e2c,080199a181c46c657dc5aa235411be3b,10.07,179.49
7da78752e9ddd817f22933c2763db33c#1,7da78752e9ddd817f22933c2763db33c,df5a9191c2465bb6f8538b6b3371e019,a3a38f4affed601eb87a97788c949667,18.06,69.90
7db7b9cedc55070de0647ef4ca386efa#1,7db7b9cedc55070de0647ef4ca386efa,42ec84ace63b58b8c5a7ba7be01d5fb8,2a84855fd20af891be03bc5924d2b453,20.26,110.00
7dbad9087d339419eb06d86950842742#1,7dbad9087d339419eb06d86950842742,368c6c730842d78016ad823897a372db,1f50f920176fa81dab994f9023523100,22.96,53.90
7dc27189eb855013011423a5dcac71c3#1,7dc27189eb855013011423a5dcac71c3,e2de41d7036bd95cd37a7a9f4949024f,7ecef8194babfec876ca720714327841,7.71,29.90
7dc27189eb855013011423a5dcac71c3#2,7dc27189eb855013011423a5dcac71c3,e2de41d7036bd95cd37a7a9f4949024f,7ecef8194babfec876ca720714327841,7.71,29.90
7ddd225286ba5817d36116c8d2300407#1,7ddd225286ba5817d36116c8d2300407,aca2eb7d00ea1a7b8ebd4e68314663af,955fee9216a65b617aa5c0531780ce60,20.02,75.00
7e05645577366863a93350aac5cc7de5#1,7e05645577366863a93350aac5cc7de5,fd55ab8af788f6bba621cd37a8701889,062ce95fa2ad4dfaedfc79260130565f,79.86,68.90
7e33051b148132bd0c823915b8863e35#1,7e33051b148132bd0c823915b8863e35,330144665b875c2b4555f88d9f4ed7c1,620c87c171fb2a6dd6e8bb4dec959fc6,20.09,159.90
7e3e92dc3eaf5389f32da97228f7dd0e#1,7e3e92dc3eaf5389f32da97228f7dd0e,f0bc0aed23d451f89495f7650d81e244,a3a38f4affed601eb87a97788c949667,15.31,79.90
7e3f9f89f31e57c84fe4ef9a5bb9bc1e#1,7e3f9f89f31e57c84fe4ef9a5bb9bc1e,8108bd323f83c37e82b2f8ff9263da19,12b9676b00f60f3b700e83af21824c0e,25.94,199.00
7e41633529000f80967da24083bb6c1c#1,7e41633529000f80967da24083bb6c1c,d1a7965ac8d6ae62c9c1984434227cb6,87142160b41353c4e5fca2360caf6f92,23.29,69.90
7ea9168463dc969ab4c6df5cd497cec3#1,7ea9168463dc969ab4c6df5cd497cec3,eeb140d5f26a24f9920969845deb6b4b,6edacfd9f9074789dad6d62ba7950b9c,16.37,65.90
7ebe19943d85e81a7b0eb108681276b7#1,7ebe19943d85e81a7b0eb108681276b7,9d32095f76b97762307e86cfc18dd7a0,391fc6631aebcf3004804e51b40bcf1e,19.13,49.95
7ebe19943d85e81a7b0eb108681276b7#2,7ebe19943d85e81a7b0eb108681276b7,87d780fa7d2cf3710aa02dc4ca8db985,da8622b14eb17ae2831f4ac5b9dab84a,22.96,119.90
7ec6638456231f1eec19f7de8723f269#1,7ec6638456231f1eec19f7de8723f269,90f97298579cd20412fdcc9b7a2d4b6b,a3dd39f583bc80bd8c5901c95878921e,23.16,119.90
7ece3f32d060f91a98d50279ab15ebaf#1,7ece3f32d060f91a98d50279ab15ebaf,baeb8e1a680cf9e1f13557d74b6cec3d,a36ac007a4d18f865c8d32c3b2402c2d,29.95,129.99
7edf656fde82d2902cc1a19596cdf422#1,7edf656fde82d2902cc1a19596cdf422,7a8eb3bd149ed8073f9a9db5ea1fafd9,5058e8c1e82653974541e83690655b4a,22.15,78.90
7f0cd5312c451eb0b746d9e0617e57f9#1,7f0cd5312c451eb0b746d9e0617e57f9,97f1396a5a1f7c07ba51784efdec44b8,955fee9216a65b617aa5c0531780ce60,23.03,139.00
7f2f81a366f89b37109845799fc5bbf3#1,7f2f81a366f89b37109845799fc5bbf3,5b99f79ba0d929b0f3270ab0f0f5911f,b0b346d3a89f5eb4c2968af3f083cd43,11.73,40.00
7f54ad19b476573fb7bf3beb2faa6c55#1,7f54ad19b476573fb7bf3beb2faa6c55,629e019a6f298a83aeecc7877964f935,c003204e1ab016dfa150abc119207b24,13.74,119.90
7f579e203c931f3e8410103359c6d523#1,7f579e203c931f3e8410103359c6d523,6463e442310f2f4f321c83a32d8c662b,c70c1b0d8ca86052f45a432a38b73958,8.03,110.32
7f63d30a32c2ef0e63febfbc91b9a132#1,7f63d30a32c2ef0e63febfbc91b9a132,be1c4cf8a2d2aade623eb7a646d2a0bc,1900267e848ceeba8fa32d80c1a5f5a8,12.83,70.00
7f6767778dfebc9eb3bb27b43584789a#1,7f6767778dfebc9eb3bb27b43584789a,9739d07ec835e1c66eedb9a6df402bd5,ce69a8021d18961dd2a40269b7c2c293,19.83,91.90
7f6ad013a5d4f135c074e96bfa4de9a3#1,7f6ad013a5d4f135c074e96bfa4de9a3,aa36c2127048efdcd47f4ad5b6b68810,da8622b14eb17ae2831f4ac5b9dab84a,20.02,119.90
7f6ad013a5d4f135c074e96bfa4de9a3#2,7f6ad013a5d4f135c074e96bfa4de9a3,8a443635fdf9759915c9be5be2e3b862,da8622b14eb17ae2831f4ac5b9dab84a,16.02,99.90
7f78756aedc6c867e69e2dcfef932294#1,7f78756aedc6c867e69e2dcfef932294,8f3a1c2358138bedfb98645db449110c,fa1c13f2614d7b5c4749cbc52fecda94,13.46,279.90
7f7b3e8f848e23fbcd3d2e096d12ef94#1,7f7b3e8f848e23fbcd3d2e096d12ef94,a848f5d152bc4b1ed01d9d231f15cdca,6560211a19b47992c3666cc44a7e94c0,18.49,55.00
7f94f1618e029449c3041113289cc240#1,7f94f1618e029449c3041113289cc240,35afc973633aaeb6b877ff57b2793310,4a3ca9315b744ce9f8e9374361493884,14.70,86.90
7f97f025c45cac922275120fdee4e062#1,7f97f025c45cac922275120fdee4e062,a703f5ade6e4fae527357132230ea778,f4aba7c0bca51484c30ab7bdc34bcdd1,10.96,23.90
7fa8751ea12ae88b7f25aecfa1f1e498#1,7fa8751ea12ae88b7f25aecfa1f1e498,20205e1ea024aec43a7a3fc0d8f7a287,62760d278921b5f352461620d68a9cee,18.97,99.00
7fb085d3a1c04cbdd118129ed37ee4e4#1,7fb085d3a1c04cbdd118129ed37ee4e4,2ce9e5390d425b70acd6b9b016c9ac13,de23c3b98a88888289c6f5cc1209054a,8.72,136.90
7fd4d653725c9338a9c3eae892dbf616#1,7fd4d653725c9338a9c3eae892dbf616,fc8379cce9f27ea602b3c16f7eb121b3,883dd81e82754ac2c65e9790a7db8c9a,13.47,49.90
7ff3ca8faea7dab783c1b45a736fb744#1,7ff3ca8faea7dab783c1b45a736fb744,d0c7f4863cf1497a8bc855b8b09116bf,570d4583587a5fe2d47c7be89b91ad27,11.82,87.96
8008c307d21d33e78369fd1ee6cb1284#1,8008c307d21d33e78369fd1ee6cb1284,2002fc3ec2d8a30a7588628fe7aff958,e9d99831abad74458942f21e16f33f92,15.23,30.00
800dec7675338cd2670326aceb153f09#1,800dec7675338cd2670326aceb153f09,4fcb3d9a5f4871e8362dfedbdb02b064,8581055ce74af1daba164fdbd55a40de,24.00,143.80
802ee584365ed44c00f4207fb17ae67b#1,802ee584365ed44c00f4207fb17ae67b,c862d801c5bf9b08e1bde0e3801199ed,6d66611d7c44cc30ce351abc49a68421,18.08,39.90
803f15601207b09e8cf7c80a4fdb1e30#1,803f15601207b09e8cf7c80a4fdb1e30,8f983b383c2d3e409d71cfd12dbc7a42,46dc3b2cc0980fb8ec44634e21d2718e,40.00,349.99
8040ee89b88d6ea587b51b55dbfb4dc5#1,8040ee89b88d6ea587b51b55dbfb4dc5,9a2e821cfc513051382e27606ab3325c,3d871de0142ce09b7081e2b9d1733cb1,17.74,69.90
80509330a373b52445d3c8622c3fb9b6#1,80509330a373b52445d3c8622c3fb9b6,99a4788cb24856965c36a24e339b6058,4a3ca9315b744ce9f8e9374361493884,21.12,89.90
805bde3649dd9d348ea3b77004f1c6d5#1,805bde3649dd9d348ea3b77004f1c6d5,23384f296aa1bf6461d22912093a9847,891071be6ba827b591264c90c2ae8a63,7.39,20.00
807451448a665b991d8608a4890e6059#1,807451448a665b991d8608a4890e6059,87aa68bb4f8c5d53b7a6a496ce10d86c,718539d38d07dd351c76db862760e2e2,7.78,32.64
807a4c5f5dab3090fbad1dd16140f706#1,807a4c5f5dab3090fbad1dd16140f706,43423cdffde7fda63d0414ed38c11a73,b1fc4f64df5a0e8b6913ab38803c57a9,22.09,54.99
807d1d7f9ef2a3649f918a57fe2e2141#1,807d1d7f9ef2a3649f918a57fe2e2141,dc9a06452ff10a147f0f14cd4b8f5580,1eade46fba20122dc4aefb379f8c636b,11.83,88.99
80aa51679b1fef5a66ee92a688e44fa3#1,80aa51679b1fef5a66ee92a688e44fa3,9545d45c37449ccbc376de3a04c66e71,431af27f296bc6519d890aa5a05fdb11,18.10,121.90
80b0f4fc350532f6e0ce9aa81ccde91c#1,80b0f4fc350532f6e0ce9aa81ccde91c,7a10781637204d8d10485c71a6108a2e,4869f7a5dfa277a7dca6462dcf3b52b2,14.45,204.00
80c7b4c9343d57c6f4e84201ba70063c#1,80c7b4c9343d57c6f4e84201ba70063c,2cfd372900c7c65e4c4ed2ccf7a1cfd4,7d13fca15225358621be4086e1eb0964,29.05,539.00
80d36d94a5ac668fd0479b5e848207c9#1,80d36d94a5ac668fd0479b5e848207c9,dc404a1496a08f9f5540c8b5d4b92925,46dc3b2cc0980fb8ec44634e21d2718e,20.00,299.99
80d817467dc3d0a4bb5ab8986c962b1f#1,80d817467dc3d0a4bb5ab8986c962b1f,425db55cb3b0f5b18a2d9964da31c3c0,2a84855fd20af891be03bc5924d2b453,16.54,49.90
80d817467dc3d0a4bb5ab8986c962b1f#2,80d817467dc3d0a4bb5ab8986c962b1f,425db55cb3b0f5b18a2d9964da31c3c0,2a84855fd20af891be03bc5924d2b453,16.54,49.90
80dabd6ee5b0e0d7d5672d511ca8cc7e#1,80dabd6ee5b0e0d7d5672d511ca8cc7e,2b4609f8948be18874494203496bc318,cc419e0650a3c5ba77189a1882b7556a,16.39,89.99
8104760d9724e09916d654322f583de8#1,8104760d9724e09916d654322f583de8,9d358fd2a77935cffa32834b50cfb21e,7a67c85e85bb2ce8582c35f2203ad736,11.73,65.99
810c5451b24e7565d14608ed85dd3624#1,810c5451b24e7565d14608ed85dd3624,a3b46e392953235f9337a0a56f933ffa,dbc22125167c298ef99da25668e1011f,16.11,43.90
81349623c14fed4e8943c5ad1f3ed4fe#1,81349623c14fed4e8943c5ad1f3ed4fe,2ca0dca69db40b6db923aef69c9adebb,f0b47fbbc6dee9aafe415a6e33051b3f,18.28,49.90
813a1597ee0470b32160904f9f454ab6#1,813a1597ee0470b32160904f9f454ab6,a50acd33ba7a8da8e9db65094fa990a4,8581055ce74af1daba164fdbd55a40de,17.53,117.30
813bd43a2ed21157ce6f32346a63e01a#1,813bd43a2ed21157ce6f32346a63e01a,c8648fddfafc439c1c9bb5236945b953,921323538c9f1c4e816f2720eac02bea,9.52,109.99
813c55ce9b6baa8f879e064fbfbc9e07#1,813c55ce9b6baa8f879e064fbfbc9e07,a2446206efccf04cc7fd1511be0ee157,a888faf2d1baececa6baf9c3d603ee1f,16.13,279.90
813f8916cd12b887b0fa271f3263a4d3#1,813f8916cd12b887b0fa271f3263a4d3,a35a9f46dcee0a67c8c7ad8493eb4135,85d9eb9ddc5d00ca9336a2219c97bb13,14.52,27.90
8153b217909426be6b194646850bde63#1,8153b217909426be6b194646850bde63,06f89d2b2a8b4994e56366402feacba9,e644cbadf7eeb30d0d29f335ce7d52ec,8.58,59.99
816d7f5c23756d3a5757a2b8364424c7#1,816d7f5c23756d3a5757a2b8364424c7,cc1cf854a12251181a78ee8e39f2819b,2953ce3a88f5e3c3b696d77fc9e4c8eb,15.36,37.00
8176c11ca059602f1a7b1615f4cebbd6#1,8176c11ca059602f1a7b1615f4cebbd6,bbedc8efc6fad7cf1c7f7725b75cd356,28ea411b354f14b1a494be4e79f0ce02,9.94,160.00
8187896518689722d7c05bfbaeed0933#1,8187896518689722d7c05bfbaeed0933,c702ae743958a81cd230189d4e72674c,897060da8b9a21f655304d50fd935913,15.10,28.90
818878a0bdfd8a8cf46e474a03fc5366#1,818878a0bdfd8a8cf46e474a03fc5366,2b4609f8948be18874494203496bc318,cc419e0650a3c5ba77189a1882b7556a,16.39,89.99
818ea45f3cef61b3f0f71a0491c1b636#1,818ea45f3cef61b3f0f71a0491c1b636,1a758361b1c10b3ffe3d3373332de319,8d956fec2e4337affcb520f56fd8cbfd,7.56,42.93
81b3ad9d86770e51048835a0f288b162#1,81b3ad9d86770e51048835a0f288b162,0e0be1b2859d8645f40d55e1dd855781,d9a84e1403de8da0c3aa531d6d108ba6,18.23,37.90
81c0952b750d74fa259592bdb837e42d#1,81c0952b750d74fa259592bdb837e42d,db6677c6f890ba1730c0b75bd8132579,cc419e0650a3c5ba77189a1882b7556a,27.15,59.99
81d8e5d965001789e9f871f474afaad5#1,81d8e5d965001789e9f871f474afaad5,b47e709bbae4533598f806553accd469,96493fab2fbb13a14d0c0e8772eef5c3,10.24,269.00
81f2ee7669eee05b13906d24d43ebc69#1,81f2ee7669eee05b13906d24d43ebc69,30ac6df06dc59ad72cf2f158fc2d904c,0dd184061fb0eaa7ca37932c68ab91c5,13.75,120.00
8220b318fccce9e7dfd00d9894b95189#1,8220b318fccce9e7dfd00d9894b95189,6f9d3ff69fea5b27532628c987f4b49a,7142540dd4c91e2237acb7e911c4eba2,21.09,429.90
822f778d1cd09285df832ee2cf65b83c#1,822f778d1cd09285df832ee2cf65b83c,c3097e07a0a5de0d4b4c836d90c5a284,8b321bb669392f5163d04c59e235e066,21.15,13.70
823e8a998c065938c05f4302610c3a5d#1,823e8a998c065938c05f4302610c3a5d,99f84efaad4ec3bc71502bb7e6d8f8e8,53e4c6e0f4312d4d2107a8c9cddf45cd,25.14,79.00
82566a660a982b15fb86e904c8d32918#1,82566a660a982b15fb86e904c8d32918,72a97c271b2e429974398f46b93ae530,094ced053e257ae8cae57205592d6712,18.23,31.90
825c221a4e981f278e9c5ec6ead83a3f#1,825c221a4e981f278e9c5ec6ead83a3f,f8b09faf273ab8c2cb4209378253f56a,431af27f296bc6519d890aa5a05fdb11,13.54,73.90
826b47e4cd7bba4e4c6fa5485f898b74#1,826b47e4cd7bba4e4c6fa5485f898b74,82254d93b897fde054504b15f8fe923c,02ecc2a19303f05e59ce133fd923fff7,14.36,239.90
826b47e4cd7bba4e4c6fa5485f898b74#2,826b47e4cd7bba4e4c6fa5485f898b74,446607005fbc439a9439caed96867e26,9dda5bbacd45e18d6485fee649205d09,12.92,97.00
82728f6b511aa8dc053ba674db6f8b24#1,82728f6b511aa8dc053ba674db6f8b24,d1c2619dd30b8bc3c63f18ca9692660a,cc63f0dd2acba93ffed4fe9f8e0321fa,23.30,72.00
82a35d13f3b95427d47aa11e4afde83b#1,82a35d13f3b95427d47aa11e4afde83b,51ce083cd2b9078656a94655ab45b8a4,da8622b14eb17ae2831f4ac5b9dab84a,21.89,199.90
82a6ea37c0c3ed2f6fe3a6029adbc589#1,82a6ea37c0c3ed2f6fe3a6029adbc589,c68307fcc510fdd70015276ba94cf5b7,4de6e4ba574aa9dfdc824bc44dc47fdd,17.06,19.90
82b0f8f974cc6e92e6bae6cd7714b712#1,82b0f8f974cc6e92e6bae6cd7714b712,53759a2ecddad2bb87a079a1f1519f73,1f50f920176fa81dab994f9023523100,20.99,49.90
82b1c20e33da405ba22cded4ff91d160#1,82b1c20e33da405ba22cded4ff91d160,ba5fb4ab9cd70d201b74b5bad9d4ca00,562fc2f2c2863ab7e79a9e4388a58a14,7.78,24.99
82bce245b1c9148f8d19a55b9ff70644#1,82bce245b1c9148f8d19a55b9ff70644,a5a0e71a81ae65aa335e71c06261e260,c8417879a15366a17c30af34c798c332,15.56,38.00
82bce245b1c9148f8d19a55b9ff70644#2,82bce245b1c9148f8d19a55b9ff70644,a5a0e71a81ae65aa335e71c06261e260,c8417879a15366a17c30af34c798c332,15.56,38.00
82bce245b1c9148f8d19a55b9ff70644#3,82bce245b1c9148f8d19a55b9ff70644,a5a0e71a81ae65aa335e71c06261e260,c8417879a15366a17c30af34c798c332,15.56,38.00
82bce245b1c9148f8d19a55b9ff70644#4,82bce245b1c9148f8d19a55b9ff70644,a5a0e71a81ae65aa335e71c06261e260,c8417879a15366a17c30af34c798c332,15.56,38.00
82bce245b1c9148f8d19a55b9ff70644#5,82bce245b1c9148f8d19a55b9ff70644,a5a0e71a81ae65aa335e71c06261e260,c8417879a15366a17c30af34c798c332,15.56,38.00
82daed31f80350ce51f518369a8d181c#1,82daed31f80350ce51f518369a8d181c,dca8cbb1c9d8a2db0fbc0c36b8d1a7bc,6560211a19b47992c3666cc44a7e94c0,7.88,89.00
82ddf38783ac58b33eb4a6e617f85a22#1,82ddf38783ac58b33eb4a6e617f85a22,473795a355d29305c3ea6b156833adf5,620c87c171fb2a6dd6e8bb4dec959fc6,15.15,56.90
83018ec114eee8641c97e08f7b4e926f#1,83018ec114eee8641c97e08f7b4e926f,c35498fbb4358837ae16850f50c3fd22,70a12e78e608ac31179aea7f8422044b,16.97,76.00
830f2dd158e996fbc6d363d90978d530#1,830f2dd158e996fbc6d363d90978d530,3f3695c50cf443bfc1058ce0c8ab6a46,8b321bb669392f5163d04c59e235e066,16.79,13.30
830f6ac44e90f0d692444fc8f861fd1a#1,830f6ac44e90f0d692444fc8f861fd1a,5eedf4c1aa6ce63c49b7e0c547bf0ad9,244c2f1bff6afe1f2eaf9bfe9b2aed38,31.00,99.00
832e0a03685bfc20477ea18436e023a2#1,832e0a03685bfc20477ea18436e023a2,5d790355cbeded0cd60e25cbc4c527a2,229c3efbfb0ea2058de4ccdfbc3d784a,15.43,97.00
83475dcf3de69a4d4149eae61b9a94cf#1,83475dcf3de69a4d4149eae61b9a94cf,5115d8cd6438c0c4d8abdf38d5d41ebd,6560211a19b47992c3666cc44a7e94c0,11.98,69.00
834e9097bcd25d276e01695c82562ea7#1,834e9097bcd25d276e01695c82562ea7,e9def91e99c8ecb7c5cef5e31506a056,850f4f8af5ea87287ac68de36e29107f,16.25,69.99
8368e1a19aceeac973a9eff4ac3245cc#1,8368e1a19aceeac973a9eff4ac3245cc,389d119b48cf3043d311335e499d9c6b,1f50f920176fa81dab994f9023523100,17.67,59.90
8373f5d7df6d9249999fd38f8513e6d7#1,8373f5d7df6d9249999fd38f8513e6d7,cac9e5692471a0700418aa3400b9b2b1,7ea5bfa6c340f58f8e71fc1f0412b0d6,15.69,115.00
83832d7a696d54e9e32347d7cc7df962#1,83832d7a696d54e9e32347d7cc7df962,d1c427060a0f73f6b889a5c7c61f2ac4,a1043bafd471dff536d0c462352beb48,23.85,149.99
83a9c18344682fcbc57696019ff1ff2a#1,83a9c18344682fcbc57696019ff1ff2a,ea44caac707f7f1325182a538007f838,855668e0971d4dfd7bef1b6a4133b41b,17.60,50.00
83ca3ab77b87118d0a71a84ddfc9e31e#1,83ca3ab77b87118d0a71a84ddfc9e31e,40c19ad8081c5efe90d93d945287adb8,4e06067cc08b3f41d837768d392c3ee3,25.63,19.99
83ca3ab77b87118d0a71a84ddfc9e31e#2,83ca3ab77b87118d0a71a84ddfc9e31e,3c44881c6f1115b3a16f8281bb2a83ff,4e06067cc08b3f41d837768d392c3ee3,2.56,7.00
83d235ec5b7a9b0949ad507ccefc16c5#1,83d235ec5b7a9b0949ad507ccefc16c5,1d8b0573a8ebb81f72288beba6bf4327,e5a38146df062edaf55c38afa99e42dc,23.35,89.90
83d47a55a238c75386e31ef70f5d8b45#1,83d47a55a238c75386e31ef70f5d8b45,c32788bc915b1ce4316822a1b7c4ec91,53e4c6e0f4312d4d2107a8c9cddf45cd,11.73,52.00
83ea47ad24b5fce57aa5ade0fd069c94#1,83ea47ad24b5fce57aa5ade0fd069c94,154e7e31ebfa092203795c972e5804a6,cc419e0650a3c5ba77189a1882b7556a,34.15,23.99
83f658745fc275530bdb3ce5f57c359f#1,83f658745fc275530bdb3ce5f57c359f,bb1378aaa2d6f539069001a8dfda9a58,de23c3b98a88888289c6f5cc1209054a,9.86,150.00
84135f650b81a3dad8babdef22952b7f#1,84135f650b81a3dad8babdef22952b7f,b9f75330f0582e2e33c3ea72ae17f499,4e85b538b0dad58852641540686d0e14,40.02,329.90
84135f650b81a3dad8babdef22952b7f#2,84135f650b81a3dad8babdef22952b7f,abe839f92bf39ec954b4b37b4b6c6860,23a0ffca143a15b9b5bbdb7d552f626a,40.02,169.99
842fbaff9da558be5528caf78d1e0969#1,842fbaff9da558be5528caf78d1e0969,8c8361199b662437db44cff3bb7686ec,6a8b085f816a1f75f92dbac6eb545f8f,11.88,54.90
84398110dbaecfbc9ef3dc592c6b189b#1,84398110dbaecfbc9ef3dc592c6b189b,e475b26e5db4c91fa1cd25927908eac2,d12c926d74ceff0a90a21184466ce161,8.72,49.90
8447ff843b2616c50c0ced28ab1dae03#1,8447ff843b2616c50c0ced28ab1dae03,7a10781637204d8d10485c71a6108a2e,4869f7a5dfa277a7dca6462dcf3b52b2,18.79,219.90
844f01e04cbbf8ba9a2ada9f036eb8d2#1,844f01e04cbbf8ba9a2ada9f036eb8d2,6a8631b72a2f8729b91514db87e771c0,128639473a139ac0f3e5f5ade55873a5,16.79,25.90
845f40ca6f1b315562f20fd125f93330#1,845f40ca6f1b315562f20fd125f93330,b00cdd91a0fed77d5dd5437da9763ed5,77e4abfd739aed9c46480f90f81c0eb4,33.14,299.00
8462b558a3e124a93d9f7f3873028799#1,8462b558a3e124a93d9f7f3873028799,71bd8f5de551c71f6ff1386868d57526,cd68562d3f44870c08922d380acae552,15.10,25.00
846de1a3e7ca6bf29333e1db02040ab6#1,846de1a3e7ca6bf29333e1db02040ab6,08a58dc963320d6073623382b9ceb920,8e8a7ce9f2f970dc00e2acf6f6e199f6,16.34,129.00
846de1a3e7ca6bf29333e1db02040ab6#2,846de1a3e7ca6bf29333e1db02040ab6,08a58dc963320d6073623382b9ceb920,8e8a7ce9f2f970dc00e2acf6f6e199f6,16.34,129.00
84960d31af78367051a7134bf7b64f29#1,84960d31af78367051a7134bf7b64f29,3fbc0ef745950c7932d5f2a446189725,06a2c3af7b3aee5d69171b0e14f0ee87,23.19,66.99
84a68a1498a47dba0c79396d53e46b9e#1,84a68a1498a47dba0c79396d53e46b9e,ca0e18cb90ba3928271a3b09d9141dd0,a1bea7061f61f6fdd9a85a6325ba1033,7.54,39.99
84be8c486cc6c6bb5dd2a0a19effd9b5#1,84be8c486cc6c6bb5dd2a0a19effd9b5,58013a514d435f19c974b8751c054a18,d91fb3b7d041e83b64a00a3edfb37e4f,7.99,35.60
84cb0c7a55c176d0a08ced1bfd5d0af5#1,84cb0c7a55c176d0a08ced1bfd5d0af5,d3e1006ba3735c0d44160026b6e0ced3,c003204e1ab016dfa150abc119207b24,12.67,109.90
84cf671bc3869df812c782309ef46a8d#1,84cf671bc3869df812c782309ef46a8d,1b7ce992a80ac036dd9ab73d08289712,582d4f8675b945722eda7c0cb61ba4c7,18.24,19.90
84d6d9710c8af32b5e88f2d1c14ab871#1,84d6d9710c8af32b5e88f2d1c14ab871,61e2cc02b96d5d61c27e21754260dccd,b2ba3715d723d245138f291a6fe42594,7.78,49.90
8551e4893fc1357dda960b1a7202b53d#1,8551e4893fc1357dda960b1a7202b53d,e13d2c379481eddfa4b8844f8beb7db0,1127b7f2594683f2510f1c2c834a486b,11.35,103.12
8553cd91f67faa93fd2aa45148bcc3c8#1,8553cd91f67faa93fd2aa45148bcc3c8,d41a23bd2bc3ec10cfffc66c0611a290,391fc6631aebcf3004804e51b40bcf1e,12.69,24.90
8563039e855156e48fccee4d611a3196#1,8563039e855156e48fccee4d611a3196,bff2010b28e8fbcff5a9db9d3fea5ac4,955fee9216a65b617aa5c0531780ce60,28.95,78.00
85662e028b929ea8a558c36157434119#1,85662e028b929ea8a558c36157434119,f7a17d2c51d9df89a4f1711c4ac17f33,f8db351d8c4c4c22c6835c19a46f01b0,12.79,48.90
858505c5992f35429d07aae37bad60a8#1,858505c5992f35429d07aae37bad60a8,18b0e642cbae7251e60a64aa07dd9eb9,85d9eb9ddc5d00ca9336a2219c97bb13,22.09,22.32
85953c01cb38fbb086291bd45ad6b18e#1,85953c01cb38fbb086291bd45ad6b18e,4f25e5c4706d43e04c34566bfec175df,d57e18d5f73c7ccb7f7339b61166898d,9.37,79.90
85bbb7b7b20d622bb504d5e2be1ce4ca#1,85bbb7b7b20d622bb504d5e2be1ce4ca,7a7be236d8368315680071df4209dd4e,b14db04aa7881970e83ffa9426897925,19.59,49.00
85be7c94bcd3f908fc877157ee21f755#1,85be7c94bcd3f908fc877157ee21f755,860f7a159db32408ea4bad60965e9a3a,f45122a9ab94eb4f3f8953578bc0c560,12.76,59.99
85ce859fd6dc634de8d2f1e290444043#1,85ce859fd6dc634de8d2f1e290444043,cce679660c66e6fbd5c8091dfd29e9cd,d2374cbcbb3ca4ab1086534108cc3ab7,11.85,17.90
85df002ba0e8668b282706e73132a0e5#1,85df002ba0e8668b282706e73132a0e5,d20f41d8b70e59cb4c63d68b1dcfc0a4,6edacfd9f9074789dad6d62ba7950b9c,15.10,42.90
860a775a4c01146f0dac9eebe2ac8461#1,860a775a4c01146f0dac9eebe2ac8461,7781d6283100da12454a264ff46216b2,bfd27a966d91cfaafdb25d076585f0da,17.50,249.00
8624d8f9a994ef3cd1792ffe142b412d#1,8624d8f9a994ef3cd1792ffe142b412d,fef7934cc233ee5b1dc13094d98a1465,b2ba3715d723d245138f291a6fe42594,11.73,59.90
862811aea831afcc63f6155283f1a922#1,862811aea831afcc63f6155283f1a922,71a7800a633691de8ecdd17463335e2e,f80edd2c5aaa505cc4b0a3b219abf4b8,35.72,56.90
862cca64868df4c3a3f0058a93aef465#1,862cca64868df4c3a3f0058a93aef465,104b9503ee57d0aa2cd3a6448f242636,8bb48dc19fccaa8613b6229bf7f452a2,39.05,41.47
862cca64868df4c3a3f0058a93aef465#2,862cca64868df4c3a3f0058a93aef465,84c79830527ae823029ee6b904cf948c,d1c7fa84e48cfa21a0e595167c1c500e,33.48,34.85
8647ff7e5f9536a33f5e6fd7f2c08d2a#1,8647ff7e5f9536a33f5e6fd7f2c08d2a,d65b6607952f9e0d705b1cbdc92ac027,48436dade18ac8b2bce089ec2a041202,23.52,44.90
8647ff7e5f9536a33f5e6fd7f2c08d2a#2,8647ff7e5f9536a33f5e6fd7f2c08d2a,c43ab4269cbf91b373263db4c2973cad,48436dade18ac8b2bce089ec2a041202,30.25,46.90
8650f273b9279f880588142245c2c398#1,8650f273b9279f880588142245c2c398,42a2c92a0979a949ca4ea89ec5c7b934,813348c996469b40f2e028d5429d3495,17.13,59.90
86674ccaee19790309333210917b2c7d#1,86674ccaee19790309333210917b2c7d,595fac2a385ac33a80bd5114aec74eb8,289cdb325fb7e7f891c38608bf9e0962,18.92,116.90
8692f02bfa6e672dc1feec8381f8127e#1,8692f02bfa6e672dc1feec8381f8127e,ac374e17faa1d8981d2c2329449d1519,f7ccf836d21b2fb1de37564105216cc1,13.85,39.00
86a864127a2656c4b4b742ae4a67bc1e#1,86a864127a2656c4b4b742ae4a67bc1e,5d4259625c11acce3dcc39c169037a9a,fac35d150712afb921ec59ac5f39bb11,14.88,114.00
86aac0e27cf2e46d9c9bc5cd1c5e9348#1,86aac0e27cf2e46d9c9bc5cd1c5e9348,2a4cc5a2211eb5758a2dfbe772c91999,c8b0e2b0a7095e5d8219575d5e7e1181,19.41,124.99
86b37610c0e86e94afe3d5ba4b73fa14#1,86b37610c0e86e94afe3d5ba4b73fa14,77ccbcf251886c8b83676fc918e7336c,f789d2c4f2c2eb38fc4373e7a4b35264,25.66,49.99
86b37610c0e86e94afe3d5ba4b73fa14#2,86b37610c0e86e94afe3d5ba4b73fa14,1e56c680b07833e85fec6904b2c7e4b8,f789d2c4f2c2eb38fc4373e7a4b35264,25.66,59.99
86c0dd8bf457a10687920d54ee6fb12e#1,86c0dd8bf457a10687920d54ee6fb12e,627d58d6a24ab3695604a3c4d8fb8e48,0bae85eb84b9fb3bd773911e89288d54,17.60,42.90
86cab3cb87a61fcf116c34a9231b1828#1,86cab3cb87a61fcf116c34a9231b1828,e40cc7dc28dcdb3c15e8d03141f7b336,da8622b14eb17ae2831f4ac5b9dab84a,35.64,299.90
86e574a0701d15590bf31783bc7de5dc#1,86e574a0701d15590bf31783bc7de5dc,2c82351074f92b0f7225437cea2b47c6,2b3b9ce054da76a7428df143a567b156,18.46,94.00
86e6162676905a8c6ad0bcbd7df8debe#1,86e6162676905a8c6ad0bcbd7df8debe,8347d3b517ab185dea43991aebb46737,cfb1a033743668a192316f3c6d1d2671,15.10,25.50
86ebe0e8621ac6e5bb8ee0bfad457b5e#1,86ebe0e8621ac6e5bb8ee0bfad457b5e,c9341fe3a3cf071d813a92b6b012efde,634964b17796e64304cadf1ad3050fb7,7.55,37.90
86f21bf63784876b9fd6d35f46581d72#1,86f21bf63784876b9fd6d35f46581d72,5526b1ae9ab2688cf600783cece249df,0b90b6df587eb83608a64ea8b390cf07,22.40,98.44
86f3eab0f6458fbf53389a14fc8ce71a#1,86f3eab0f6458fbf53389a14fc8ce71a,82495477af19e76ed4b080e66298f2bc,46dc3b2cc0980fb8ec44634e21d2718e,18.26,499.99
86f408a9212aebbcddb41c1e8c65ebe0#1,86f408a9212aebbcddb41c1e8c65ebe0,e9e7c986c179d190220afed62bbfd79b,ea8482cd71df3c1969d7b9473ff13abc,7.46,27.99
86f93f534bde58b65acb4aa52a45c8eb#1,86f93f534bde58b65acb4aa52a45c8eb,c9fc5ecd15b368991441c9f12d4cff43,f12ff17ad8bbf01ec5c33b17e506649b,18.49,130.00
86fd04412b2f1ed2c2e1a4ac3e3eb7e8#1,86fd04412b2f1ed2c2e1a4ac3e3eb7e8,9e10ae46a3021a02f1692448ef9fa1db,8b28d096634035667e8263d57ba3368c,18.23,37.90
8713b68a2b202b96d7de08d7e0b8f1a9#1,8713b68a2b202b96d7de08d7e0b8f1a9,53e4a9df6738c52c11e3856a977404c4,827f8f69dfa529c561901c4f2e0f332f,15.79,32.90
872b389aca385c49caa8cd43469f684f#1,872b389aca385c49caa8cd43469f684f,1136bf18450b05b755f50b49657c1943,4e922959ae960d389249c378d1c939f5,19.17,153.00
8736140c61ea584cb4250074756d8f3b#1,8736140c61ea584cb4250074756d8f3b,b00a32a0b42fd65efb58a5822009f629,3504c0cb71d7fa48d967e0e4c94d59d9,7.79,75.90
87386e2485df1ab61a6d060a092e4d6f#1,87386e2485df1ab61a6d060a092e4d6f,3df02779fb868fabf6f42649c50b6046,dbc22125167c298ef99da25668e1011f,17.92,35.90
8757dc05fefc469b988804e017319c10#1,8757dc05fefc469b988804e017319c10,19c91ef95d509ea33eda93495c4d3481,06a2c3af7b3aee5d69171b0e14f0ee87,24.97,119.99
876309add96f9d84db9b2379de836323#1,876309add96f9d84db9b2379de836323,af35be35db4ad0dc288b571453337376,d20b021d3efdf267a402c402a48ea64b,18.23,10.99
879195f2460f97ab2f3bf119f2e8638b#1,879195f2460f97ab2f3bf119f2e8638b,4a6fffd5a0ca2230cf5b84dc624e9f95,527801b552d0077ffd170872eb49683b,11.85,27.90
87a330a52c9e677f1252f2f17e54cf65#1,87a330a52c9e677f1252f2f17e54cf65,1d9263e74c3e8e57d3a7bd505b7b871e,dd2bdf855a9172734fbc3744021ae9b9,16.79,39.90
87aad20d78d6e8072e6c80fe93a0931e#1,87aad20d78d6e8072e6c80fe93a0931e,0d85c435fd60b277ffb9e9b0f88f927a,00fc707aaaad2d31347cf883cd2dfe10,13.81,98.90
87afd3fd1ec1b984a228c772b5dd2a4c#1,87afd3fd1ec1b984a228c772b5dd2a4c,a92930c327948861c015c919a0bcb4a8,6560211a19b47992c3666cc44a7e94c0,18.43,78.00
87b8f9f472fb04cdbf53fb55a3591b5f#1,87b8f9f472fb04cdbf53fb55a3591b5f,b6e352d888ba31d8999af279cd63aa24,f61c63d13f7cd800549d5acdd390ae72,12.76,59.90
87dbf189fd5e4ff0a6846675d7fe9d0e#1,87dbf189fd5e4ff0a6846675d7fe9d0e,b8b426747049f2d3d6e00b486d47dedb,01fdefa7697d26ad920e9e0346d4bd1b,14.46,104.99
880835c91a5227560bdb8d0f45c60579#1,880835c91a5227560bdb8d0f45c60579,96aca2f53bcaed6f466449f7fb18ae75,ffff564a4f9085cd26170f4732393726,17.98,79.00
8828c448621cb6894c87c5c2be785309#1,8828c448621cb6894c87c5c2be785309,eaa26a34984cbfedc19b1e45f09f3c9a,18a349e75d307f4b4cc646a691ed4216,7.86,86.80
8831eaa951f7563404fa3355d0a89f1e#1,8831eaa951f7563404fa3355d0a89f1e,f1c7f353075ce59d8a6f3cf58f419c9c,37be5a7c751166fbc5f8ccba4119e043,0.00,195.00
8835bc08d0bba62b3f65c7903126fa49#1,8835bc08d0bba62b3f65c7903126fa49,904a9e449fbfd90da738ab70ae6ca003,f262cbc1c910c83959f849465454ddd3,18.52,59.99
884b1394fc8888e6a877df86eb19e74c#1,884b1394fc8888e6a877df86eb19e74c,437c05a395e9e47f9762e677a7068ce7,f84fa566034f5e8e880a07ec624c56af,7.39,47.65
884cb4ce4a06390d35206de06f785d13#1,884cb4ce4a06390d35206de06f785d13,0a8f26369822d83b82d0d3e87908fbd4,f262cbc1c910c83959f849465454ddd3,7.39,16.99
884fc1672d7c26265ce8f3b2e2369b32#1,884fc1672d7c26265ce8f3b2e2369b32,99a4788cb24856965c36a24e339b6058,4a3ca9315b744ce9f8e9374361493884,21.10,86.90
886554d6a49f10154eb12b81a6c4ef4b#1,886554d6a49f10154eb12b81a6c4ef4b,75d3880783e696c130527f026ee302d4,066a6914e1ebf3ea95a216c73a986b91,18.23,40.50
886554d6a49f10154eb12b81a6c4ef4b#2,886554d6a49f10154eb12b81a6c4ef4b,75d3880783e696c130527f026ee302d4,066a6914e1ebf3ea95a216c73a986b91,18.23,40.50
8882b69ff0006727224cd56da4932e89#1,8882b69ff0006727224cd56da4932e89,d68b7771d853f126569c7e64658e3162,6560211a19b47992c3666cc44a7e94c0,14.52,34.00
8883ff5e64a8932fe566679fb325988a#1,8883ff5e64a8932fe566679fb325988a,ab6daa82c0ec6a0a6898c06151cc3c64,788e857f317e53de488d393e65a80f45,15.65,110.00
88a01a140aa9a9b29927d71752e9b7cd#1,88a01a140aa9a9b29927d71752e9b7cd,f4d450a6163f21cf9db8bcdf8c7e50f8,67bf6941ba2f1fa1d02c375766bc3e53,31.51,274.00
88c236f7e3dd040afb885a0a214f9b0a#1,88c236f7e3dd040afb885a0a214f9b0a,64fb265487de2238627ce43fe8a67efc,4a3ca9315b744ce9f8e9374361493884,21.19,99.90
88c588c116fd06fb8e48dd83af88ec4a#1,88c588c116fd06fb8e48dd83af88ec4a,5322d72e04acadda01cd9c274b4af288,4e85b538b0dad58852641540686d0e14,15.10,14.39
89165e6d4c28047da0adf13ac8b3e1b3#1,89165e6d4c28047da0adf13ac8b3e1b3,5f42d57952b7815098979a5c4fa6f82a,c70c1b0d8ca86052f45a432a38b73958,8.03,110.32
8929dd94b6e68f8d1c3258d5fe4700e7#1,8929dd94b6e68f8d1c3258d5fe4700e7,5c973b4202aac5c372a483e712306f4f,391fc6631aebcf3004804e51b40bcf1e,15.10,49.95
892b6462174cfb942fb8d9c8e0287c11#1,892b6462174cfb942fb8d9c8e0287c11,b31c642959824fe2c1588ef5945d27f6,5dceca129747e92ff8ef7a997dc4f8ca,21.10,889.00
893898b048df9dfeafedf2c86eb5037c#1,893898b048df9dfeafedf2c86eb5037c,19c91ef95d509ea33eda93495c4d3481,06a2c3af7b3aee5d69171b0e14f0ee87,23.10,110.99
8944f7ffacbf68290782beb6f6d21ece#1,8944f7ffacbf68290782beb6f6d21ece,20415eb4f2c37838abe474b4d601da86,59b22a78efb79a4797979612b885db36,23.46,99.00
89451210b2cc4272b890f6f79cd9f065#1,89451210b2cc4272b890f6f79cd9f065,cac9e5692471a0700418aa3400b9b2b1,7ea5bfa6c340f58f8e71fc1f0412b0d6,21.67,124.99
894edb990c70b85e810f6a5869ed3075#1,894edb990c70b85e810f6a5869ed3075,741a31499a578979be85db7f80139e62,cca3071e3e9bb7d12640c9fbe2301306,14.52,45.90
895e066de0072faddf0044db8e490353#1,895e066de0072faddf0044db8e490353,b2e22c958b453a43a650a579dcac2e43,d650b663c3b5f6fb392b6326366efa9a,17.39,359.00
8964e929ea610b2c2b98e3c4d1bb86d8#1,8964e929ea610b2c2b98e3c4d1bb86d8,55ebae49cf4c0963d5738a39e1e79750,2be17df1c49978426251562096c3cc09,15.14,139.00
89748efed53e1564874c18426bd038c8#1,89748efed53e1564874c18426bd038c8,6bd248f93425ceeb625a8a97e2404112,dbc22125167c298ef99da25668e1011f,13.39,52.90
897da32e9712dafcf2fb6615aeb3318c#1,897da32e9712dafcf2fb6615aeb3318c,e2e426d1332240070b0a836a854d057b,cce6ab8d1682639fe45ab70234f1665f,14.08,34.90
899f386e0652a9e159d00cbe97836be3#1,899f386e0652a9e159d00cbe97836be3,fd85f34d70edf41fbea6a3269d183e00,caa9bc43a9fe8cf9c564ddd8a03cc4a6,7.95,29.99
89b5845c9341e01e139bfc80ad813feb#1,89b5845c9341e01e139bfc80ad813feb,985c412b0ac92ed9d8a76bbeab6d44eb,1554a68530182680ad5c8b042c3ab563,19.72,68.90
89bd46bd027ae866a59a72810b4adc95#1,89bd46bd027ae866a59a72810b4adc95,ce6bbfa347690099b21b9d688772d5ab,c9c7905cffc4ef9ff9f113554423e671,19.81,120.00
8a0b2bc5c7a1c524635f4de8bae9dffe#1,8a0b2bc5c7a1c524635f4de8bae9dffe,52690beab08122aee391378fbf246a58,cd68562d3f44870c08922d380acae552,19.15,485.00
8a0b2bc5c7a1c524635f4de8bae9dffe#2,8a0b2bc5c7a1c524635f4de8bae9dffe,52690beab08122aee391378fbf246a58,cd68562d3f44870c08922d380acae552,19.15,485.00
8a12018fd6af932819b6e06b6e3eeba7#1,8a12018fd6af932819b6e06b6e3eeba7,a7961e6620228e0f227361f0668e37ba,4200ddf1967c5e41e48db62bc6d4b5ac,7.78,16.90
8a49984afb76dae66f3810e1b7093ec4#1,8a49984afb76dae66f3810e1b7093ec4,64d0feb1bcf9c7fe7b5dad3271c10910,e5a38146df062edaf55c38afa99e42dc,27.16,89.18
8a6687e2edd62edc2b9c1de51234bd98#1,8a6687e2edd62edc2b9c1de51234bd98,87ea2f45559e10519513a20b24147316,6a38087bc8ad4f89ff453561005f6dea,38.02,158.90
8a7059f3a26aa6df1579a6c9ccbacc3e#1,8a7059f3a26aa6df1579a6c9ccbacc3e,323c53e2d6f8bace877b0df931ab58f9,1900267e848ceeba8fa32d80c1a5f5a8,17.73,69.00
8a9b30ac80da3860f049247b7464596f#1,8a9b30ac80da3860f049247b7464596f,6d3bb44f9f7c05fcf46bee6a24ec1117,e5a3438891c0bfdb9394643f95273d8e,8.11,27.30
8ac7bcd85522aa82e2d89d27ea9cb818#1,8ac7bcd85522aa82e2d89d27ea9cb818,964093075b6885bfcc6520dd216e4d8f,4830e40640734fc1c52cd21127c341d4,15.23,25.00
8ace197d57084cf99d770809ef26dab7#1,8ace197d57084cf99d770809ef26dab7,13db47eae724e2848e12b71a617a3a41,7d13fca15225358621be4086e1eb0964,15.94,499.99
8ad3f1d0f96992e43566c4c82c9f6c58#1,8ad3f1d0f96992e43566c4c82c9f6c58,64c8bc3ebf6cc99d1a734c908961c8c8,0417b067eeab773d2f7061a726dc477f,25.60,67.99
8adafb3466daa5395694d3a906ff9d40#1,8adafb3466daa5395694d3a906ff9d40,5554c5718f820a868853dbc5ca859b3b,973f21788dfab357250f69a8dcb7ddee,6.25,21.00
8adafb3466daa5395694d3a906ff9d40#2,8adafb3466daa5395694d3a906ff9d40,181b31b11ea16a87d5acab5a78320b93,973f21788dfab357250f69a8dcb7ddee,10.42,35.00
8adafb3466daa5395694d3a906ff9d40#3,8adafb3466daa5395694d3a906ff9d40,5554c5718f820a868853dbc5ca859b3b,973f21788dfab357250f69a8dcb7ddee,6.25,21.00
8adafb3466daa5395694d3a906ff9d40#4,8adafb3466daa5395694d3a906ff9d40,181b31b11ea16a87d5acab5a78320b93,973f21788dfab357250f69a8dcb7ddee,10.42,35.00
8adafb3466daa5395694d3a906ff9d40#5,8adafb3466daa5395694d3a906ff9d40,871cfa7d587b8305a5a0e376866323ef,973f21788dfab357250f69a8dcb7ddee,8.34,28.00
8adafb3466daa5395694d3a906ff9d40#6,8adafb3466daa5395694d3a906ff9d40,871cfa7d587b8305a5a0e376866323ef,973f21788dfab357250f69a8dcb7ddee,8.34,28.00
8adb87b0bb81da96d28e6cfaa033a40d#1,8adb87b0bb81da96d28e6cfaa033a40d,b736d9a2b8c08167e109d209e97833e0,cab85505710c7cb9b720bceb52b01cee,14.27,74.90
8ae61eab795bd8831fe171750551feb1#1,8ae61eab795bd8831fe171750551feb1,71191d3e8768745afc1c290c63f6241e,562fc2f2c2863ab7e79a9e4388a58a14,15.28,24.99
8af022ef5bcb85da7e559f43367171bf#1,8af022ef5bcb85da7e559f43367171bf,7ce94ab189134e2d3c05f496d635419c,8b321bb669392f5163d04c59e235e066,14.10,13.65
8afe6304c5643864e2b19153a205ae5e#1,8afe6304c5643864e2b19153a205ae5e,a2105c8c0d5d99dbc5a2a9ad94321e5c,0dd184061fb0eaa7ca37932c68ab91c5,14.34,105.00
8b12160921c1b96dcba4c2ae7be45674#1,8b12160921c1b96dcba4c2ae7be45674,2c0b52e701cc59a38908d46a131e94b6,52562a9f449c3dc3d53f5f5b9ed74903,64.41,139.90
8b13155a6866a0c319ec1748f40f277f#1,8b13155a6866a0c319ec1748f40f277f,62d8daeee0db3a60c234c2d1bfd10651,d2374cbcbb3ca4ab1086534108cc3ab7,15.10,30.90
8b2a0ec9c603b19e5b32deaea59ec02c#1,8b2a0ec9c603b19e5b32deaea59ec02c,6a23c2eb9acc78f8ec403be9c6210dd4,7c67e1448b00f6e969d365cea6b010ab,28.20,119.94
8b2f04328e5408c6e2f9ebd38f2af662#1,8b2f04328e5408c6e2f9ebd38f2af662,7bf115809ab249f1bf0fa92d72e0baf8,897060da8b9a21f655304d50fd935913,15.10,40.90
8b346abc34a6e64bc67fcd3b0eccdc9f#1,8b346abc34a6e64bc67fcd3b0eccdc9f,c75d5edf6cf5302523d622c43a072be0,17e34d8224d27a541263c4c64b11a56b,39.27,337.18
8b37f436aea079bd73bbcbe103d14a0b#1,8b37f436aea079bd73bbcbe103d14a0b,7b35be468d9795a7529f65c50ec87668,4869f7a5dfa277a7dca6462dcf3b52b2,15.55,579.00
8b5058499c412c6cf8d013de40e4f9d2#1,8b5058499c412c6cf8d013de40e4f9d2,2a1585645ae682d38280cbfb12ab8eca,5f3ae9136c875522250f8184f253413a,19.32,29.45
8b57d8238179a3fe33158f6f4daf959f#1,8b57d8238179a3fe33158f6f4daf959f,368c6c730842d78016ad823897a372db,1f50f920176fa81dab994f9023523100,17.60,49.90
8b669c19c5b4dda001b9c7e14c8b0ce7#1,8b669c19c5b4dda001b9c7e14c8b0ce7,aefe4356e7a54d42df4a67468015e43e,d197aa8fbc64087f61984deef05f6227,11.50,68.64
8b669c19c5b4dda001b9c7e14c8b0ce7#2,8b669c19c5b4dda001b9c7e14c8b0ce7,aefe4356e7a54d42df4a67468015e43e,d197aa8fbc64087f61984deef05f6227,11.50,68.64
8b7fd198ad184563c231653673e75a7f#1,8b7fd198ad184563c231653673e75a7f,a9fa5ce6ccf634df53e924a8ca7099ab,e09887ca8c7bf8a4621ce481820414ef,9.34,39.99
8b8164ec47a3d04ec76e8ce5389033d4#1,8b8164ec47a3d04ec76e8ce5389033d4,a869ec6209c361ca46dad85a5530e119,54c04bdb5ec46762f8f08c7e8f86ed4a,16.08,152.80
8bb0e358b3866146681505153a180c4f#1,8bb0e358b3866146681505153a180c4f,38327e062df5eb11f9ff87b586df0fd4,d12c926d74ceff0a90a21184466ce161,25.66,54.90
8bbbef97d763f4dcf2e12cc5b5e0cee6#1,8bbbef97d763f4dcf2e12cc5b5e0cee6,e671b914e8cc916b75cecb4034143e31,acce39e832338debb07b02385cde5967,47.80,106.90
8bbc0e9b5ac010d6a9b8d76570cd20c4#1,8bbc0e9b5ac010d6a9b8d76570cd20c4,e53e557d5a159f5aa2c5e995dfdf244b,88460e8ebdecbfecb5f9601833981930,15.27,74.90
8c313d4a1bea83111be5bb00105397dd#1,8c313d4a1bea83111be5bb00105397dd,34aec6c5358dee4e71cbaefc14935c5e,4e922959ae960d389249c378d1c939f5,11.85,36.00
8c49b48367363f2894bccea3248be15d#1,8c49b48367363f2894bccea3248be15d,613d093272cb8f74f25a01e430155a6a,6481e96574816ead57975da2c0f6d80d,9.94,29.50
8c5fa1a922cfa46db8478221148d7bfd#1,8c5fa1a922cfa46db8478221148d7bfd,022649cdc8ef07dddfa3de3409647e00,45ba18c210d42734ec52c0c1c574e9ee,11.15,34.90
8c62c4d7adc71858b6b2751c0e3b96e8#1,8c62c4d7adc71858b6b2751c0e3b96e8,9739d07ec835e1c66eedb9a6df402bd5,ce69a8021d18961dd2a40269b7c2c293,19.56,84.90
8c64ba171311b3312bd880905b8da534#1,8c64ba171311b3312bd880905b8da534,cac9e5692471a0700418aa3400b9b2b1,7ea5bfa6c340f58f8e71fc1f0412b0d6,23.20,99.49
8c7fdd8775af429f280cd605d4d164fd#1,8c7fdd8775af429f280cd605d4d164fd,ddc1d8513943b57455b160acf77e6507,33ac3e28642ab8bda860a2f693000e78,11.16,82.99
8c96e32cbba91af2ff0d72a45445d204#1,8c96e32cbba91af2ff0d72a45445d204,8156560a597cfcc16981c907c4cae459,a3e9a2c700480d9bb01fba070ba80a0e,18.38,179.00
8c98f0aff69a4ac8620e15058c497092#1,8c98f0aff69a4ac8620e15058c497092,593236d0ff46b4299b4787fb8d43f7f0,0dd184061fb0eaa7ca37932c68ab91c5,42.30,69.00
8c9bf4b39dc933aa382d9a6e5b846b9d#1,8c9bf4b39dc933aa382d9a6e5b846b9d,1498bc64386d231c0b467a99561b1760,0c8380b62e38e8a1e6adbeba7eb9688c,22.32,55.50
8ca57f2b32c00588cab243b2115441f5#1,8ca57f2b32c00588cab243b2115441f5,5cc37c2c2b8ea0c98010d1ee6028e45b,b32be1695eb7ec5f10f72d9610a12527,131.73,1349.00
8cae6053f4694ebc081e862e0d013a89#1,8cae6053f4694ebc081e862e0d013a89,d17a8ef6d4228318ca645116dd6bea23,18a349e75d307f4b4cc646a691ed4216,15.58,100.00
8cbaf68384ba4227bbfb3ccb24c7c1a2#1,8cbaf68384ba4227bbfb3ccb24c7c1a2,d245838e3d0b2b51d751ccdc98885a8e,cc419e0650a3c5ba77189a1882b7556a,16.79,6.00
8cbb4c68b07f1ffbb2a640bcede44b4b#1,8cbb4c68b07f1ffbb2a640bcede44b4b,0faf79119af5cb143f82d98d27d9c5e3,7c67e1448b00f6e969d365cea6b010ab,19.51,89.98
8cc012923b38d546150622ee192f83e8#1,8cc012923b38d546150622ee192f83e8,55b0c08f98075107c8b7d4ccded44f05,0ea22c1cfbdc755f86b9b54b39c16043,14.52,19.90
8cd615f11b504c1ea4ea2d07e7ac2930#1,8cd615f11b504c1ea4ea2d07e7ac2930,04c4a4b9c924494fcf82e0fba966f955,86ccac0b835037332a596a33b6949ee1,18.23,26.74
8cda0578a690b3f9d6d86c95cd2ba7d4#1,8cda0578a690b3f9d6d86c95cd2ba7d4,08574b074924071f4e201e151b152b4e,001cca7ae9ae17fb1caed9dfb1094831,41.08,99.00
8ce77357a26f31660e1450dee7900897#1,8ce77357a26f31660e1450dee7900897,e4d325bd1eea550509bdbbc5c3301fc1,7178f9f4dd81dcef02f62acdf8151e01,20.02,349.90
8cf0fd0e7dc9c106fa1f09ba6bce7626#1,8cf0fd0e7dc9c106fa1f09ba6bce7626,23bcd6822a33df5534f9b290216eec1f,ac3508719a1d8f5b7614b798f70af136,28.29,129.80
8d1d09cecb392f024da77ada654625c5#1,8d1d09cecb392f024da77ada654625c5,d04857e7b4b708ee8b8b9921163edba3,9f505651f4a6abe901a56cdc21508025,11.95,64.99
8d44f932616a400f89f21d5449de1daf#1,8d44f932616a400f89f21d5449de1daf,45448d98662daee2e5ee969475a90826,83e197e95a1bbabc8c75e883ed016c47,25.49,133.90
8d52f577ba7567489fd16d17e594616d#1,8d52f577ba7567489fd16d17e594616d,100e8441d08795468a34832962d2eaf6,b499c00f28f4b7069ff6550af8c1348a,14.86,109.99
8d7b414446f4195d6aeb04abfcdfc86e#1,8d7b414446f4195d6aeb04abfcdfc86e,d4dccae17c83ffbaafc50d763503e9eb,4bfc7a4a1cf8d4d2121c27422d9e50b5,25.75,62.90
8d7b414446f4195d6aeb04abfcdfc86e#2,8d7b414446f4195d6aeb04abfcdfc86e,d4dccae17c83ffbaafc50d763503e9eb,4bfc7a4a1cf8d4d2121c27422d9e50b5,25.75,62.90
8d7b414446f4195d6aeb04abfcdfc86e#3,8d7b414446f4195d6aeb04abfcdfc86e,bb3a346d0fc86850244000d0fe5bf5dd,77e4abfd739aed9c46480f90f81c0eb4,12.87,129.00
8d994041d6127d2acc8d13aad557e75f#1,8d994041d6127d2acc8d13aad557e75f,d3d10495159bcc41173e3d26a273529a,0bae85eb84b9fb3bd773911e89288d54,17.19,48.65
8da4b52fdefe7256cbe20ebf03ac47b7#1,8da4b52fdefe7256cbe20ebf03ac47b7,086351823300e0339f6955b27998c186,33a6f4b1e7cdc205511e76ba1b6e0186,14.56,115.00
8db5dc3121f330642473ed0e76209acb#1,8db5dc3121f330642473ed0e76209acb,3efd399c5d016b9e6a5ad3196eade44f,503c1de08ae81a2d86f17951b204db55,19.07,213.00
8dba24f9985ee1c23c565330d02c5099#1,8dba24f9985ee1c23c565330d02c5099,1a080577618e7fe4d9ddd8fb2b47a964,7d13fca15225358621be4086e1eb0964,15.94,500.00
8dbdb81783a3c754dc9441826510a36a#1,8dbdb81783a3c754dc9441826510a36a,1954739d84629e7323a4295812a3e0ec,7aa538dd6e114e503a2e6154ea352253,14.30,102.90
8ddd6fc19a466ec0847fec42d69824c6#1,8ddd6fc19a466ec0847fec42d69824c6,87feb07adc221a4c6cdf051ea1afd0ff,e882b2a25a10b9c057cc49695f222c19,43.35,2110.00
8dde389ebcf87898f96614bf718a3424#1,8dde389ebcf87898f96614bf718a3424,09c85a316aae843ab464c8c55d6f8b80,5f57db27027655e6c6a391601daa0258,53.04,98.00
8e10a1d1a57b6a469bc9a7a95c638b5a#1,8e10a1d1a57b6a469bc9a7a95c638b5a,6e1b14d3cbb5fb3a2c00351007127dfd,7a67c85e85bb2ce8582c35f2203ad736,14.23,239.99
8e3f8be6e1ce8ec5b39dae59e0aabcff#1,8e3f8be6e1ce8ec5b39dae59e0aabcff,9d838a7fbaba7fca5f1fad259984063a,897060da8b9a21f655304d50fd935913,18.29,59.00
8e3f8be6e1ce8ec5b39dae59e0aabcff#2,8e3f8be6e1ce8ec5b39dae59e0aabcff,9d838a7fbaba7fca5f1fad259984063a,897060da8b9a21f655304d50fd935913,18.29,59.00
8e8dc18c47816845c5fbd5818bd069f8#1,8e8dc18c47816845c5fbd5818bd069f8,9afaad66aca8b0c79e4f084a89c9c92b,42bde9fef835393bb8a8849cb6b7f245,16.07,189.00
8e96f3e6633f7601ec50f3a904c3a3a2#1,8e96f3e6633f7601ec50f3a904c3a3a2,0a41699cb57f40c605d3cfdddd61673b,1da3aeb70d7989d1e6d9b0e887f97c23,9.34,44.99
8e9e2a5d159d5718b34b926a34a0498f#1,8e9e2a5d159d5718b34b926a34a0498f,060f0122cdc8f25db4a0d7359fdae7b0,6560211a19b47992c3666cc44a7e94c0,7.78,49.00
8ea705b6d457f1b50272b5ae5a7a9099#1,8ea705b6d457f1b50272b5ae5a7a9099,f1c7f353075ce59d8a6f3cf58f419c9c,37be5a7c751166fbc5f8ccba4119e043,15.11,215.00
8eeda294fab8a5ed70259afb59a10ff8#1,8eeda294fab8a5ed70259afb59a10ff8,dbb67791e405873b259e4656bf971246,00fc707aaaad2d31347cf883cd2dfe10,12.70,80.90
8eeda294fab8a5ed70259afb59a10ff8#2,8eeda294fab8a5ed70259afb59a10ff8,dbb67791e405873b259e4656bf971246,00fc707aaaad2d31347cf883cd2dfe10,12.70,80.90
8eee4e1e428f76520ca03af043ace939#1,8eee4e1e428f76520ca03af043ace939,601a360bd2a916ecef0e88de72a6531a,7a67c85e85bb2ce8582c35f2203ad736,18.16,129.99
8efc076145638bcd5298053ddde6ff0c#1,8efc076145638bcd5298053ddde6ff0c,178c8458c4907a2680456130f76e10e0,e5a3438891c0bfdb9394643f95273d8e,8.11,41.30
8f06cc6465925031568537b815f1198d#1,8f06cc6465925031568537b815f1198d,12087840651e83b48206b82c213b76fd,5b925e1d006e9476d738aa200751b73b,18.34,299.00
8f08b9fbb16d480bcb3c53db1eaf49da#1,8f08b9fbb16d480bcb3c53db1eaf49da,0cb9f521598f339ad6e6b41e34a1b169,ea8482cd71df3c1969d7b9473ff13abc,8.02,109.99
8f15948ef0bdb4709a5801084a564c56#1,8f15948ef0bdb4709a5801084a564c56,45e95fa9b4822fe9928abd8993cc37ce,8b28d096634035667e8263d57ba3368c,34.15,49.90
8f2c9e626786d2b5337f8dd444ddb79b#1,8f2c9e626786d2b5337f8dd444ddb79b,15fdd6032f35d4add5066fb90be28630,6560211a19b47992c3666cc44a7e94c0,14.37,89.00
8f32ee82ea0fe678bd4aae681f1637cc#1,8f32ee82ea0fe678bd4aae681f1637cc,6e1b14d3cbb5fb3a2c00351007127dfd,7a67c85e85bb2ce8582c35f2203ad736,14.16,229.99
8f3c9dee0b510175b90cce425174b78e#1,8f3c9dee0b510175b90cce425174b78e,6baa004ae73ded1fcdf0e1f153bddf20,6560211a19b47992c3666cc44a7e94c0,20.80,48.00
8f723b9103b44257ac35a1e9b9e49fbf#1,8f723b9103b44257ac35a1e9b9e49fbf,0c71252f37443403376d2008034a7240,70c27847eca8195c983ed7e798c56743,15.86,107.99
8fa3ca81ea5bfd6524490d91832821b1#1,8fa3ca81ea5bfd6524490d91832821b1,416fad0f58722ac772e8ac9b3e33a0ca,2e1c9f22be269ef4643f826c9e650a52,11.85,33.49
8facdb9134d16bc7c0e49628ad6c58ac#1,8facdb9134d16bc7c0e49628ad6c58ac,562502b79845deae9bcd86384921a2c5,710e3548e02bc1d2831dfc4f1b5b14d4,28.96,79.90
8fc207e94fa91a7649c5a5dab690272a#1,8fc207e94fa91a7649c5a5dab690272a,f2e53dd1670f3c376518263b3f71424d,4a3ca9315b744ce9f8e9374361493884,25.61,109.90
8fc5d9ce2b81773eab28cea379428e6c#1,8fc5d9ce2b81773eab28cea379428e6c,9bda44a359c6f3c4a011c470eaa1708c,4e17c65a516f69d023a2ae78b84f28d6,15.14,56.00
8fd96c034d11d9719cbc57f6acb93855#1,8fd96c034d11d9719cbc57f6acb93855,f2610c932aaabc3eb24c3512b498a838,f680f85bee2d253556ac91be391d2c82,17.60,49.99
9002c87ca6609313fe18204efa2c3a37#1,9002c87ca6609313fe18204efa2c3a37,b6106bf3d09b8fdd33c3a9559da43145,08cdbae123ff67ca4e36d9d641ce0119,149.06,460.00
9009f8c050bec7b31063988e925b6da9#1,9009f8c050bec7b31063988e925b6da9,36cacc00d6c8a439a65077fd08294322,1c129092bf23f28a5930387c980c0dfc,15.11,32.20
901884e93a6e353950d63cf7a16621ef#1,901884e93a6e353950d63cf7a16621ef,60f1546ceca9c1dfd87b26c9c6482846,70eea00b476a314817cefde4aad4f89a,42.51,295.00
901a84df9454849d20d02683117105ac#1,901a84df9454849d20d02683117105ac,3d9acab1b1c5cd858dab1a3d0872a370,ececbfcff9804a2d6b40f589df8eef2b,18.59,69.50
9021cf1919f615a121410790dcce848f#1,9021cf1919f615a121410790dcce848f,e3db46616e0d26551a86377bab9b0308,8444e55c1f13cd5c179851e5ca5ebd00,14.87,219.00
90349f264a3d6a2525a34598d09dda6b#1,90349f264a3d6a2525a34598d09dda6b,216bb0e0cd43ffd832e0973d35e0377e,955fee9216a65b617aa5c0531780ce60,7.39,45.00
90349f264a3d6a2525a34598d09dda6b#2,90349f264a3d6a2525a34598d09dda6b,216bb0e0cd43ffd832e0973d35e0377e,955fee9216a65b617aa5c0531780ce60,7.39,45.00
90349f264a3d6a2525a34598d09dda6b#3,90349f264a3d6a2525a34598d09dda6b,216bb0e0cd43ffd832e0973d35e0377e,955fee9216a65b617aa5c0531780ce60,7.39,45.00
90349f264a3d6a2525a34598d09dda6b#4,90349f264a3d6a2525a34598d09dda6b,216bb0e0cd43ffd832e0973d35e0377e,955fee9216a65b617aa5c0531780ce60,7.39,45.00
90349f264a3d6a2525a34598d09dda6b#5,90349f264a3d6a2525a34598d09dda6b,216bb0e0cd43ffd832e0973d35e0377e,955fee9216a65b617aa5c0531780ce60,7.39,45.00
90349f264a3d6a2525a34598d09dda6b#6,90349f264a3d6a2525a34598d09dda6b,216bb0e0cd43ffd832e0973d35e0377e,955fee9216a65b617aa5c0531780ce60,7.39,45.00
9044b4ff307597019884db48921c1e7e#1,9044b4ff307597019884db48921c1e7e,0f96cb6fd0ba832f2d7a21d13b251526,ec8879960bd2221d5c32f8e12f7da711,29.99,104.90
906aae501a08de5072a4db9471da01a9#1,906aae501a08de5072a4db9471da01a9,154e7e31ebfa092203795c972e5804a6,cc419e0650a3c5ba77189a1882b7556a,14.10,23.99
9080ebdad2fcd9c48834d12a13059598#1,9080ebdad2fcd9c48834d12a13059598,422879e10f46682990de24d770e7f83d,1f50f920176fa81dab994f9023523100,17.64,49.00
90855e99e15fa22aff68cdb4323b27c9#1,90855e99e15fa22aff68cdb4323b27c9,6f73b16abce275c50c172a2690ad4b12,2e3be8a987a30d7544dbbda6861cc14e,15.80,99.99
908e767e28908dc5ec61fe0ef8ef03f9#1,908e767e28908dc5ec61fe0ef8ef03f9,7fbf3cba00dcf6da3f7c0fe6a162b4c1,2a5b78b41cd05baeac8df54c6606b92c,13.47,49.99
90b0ca32bb968251ac0b7eeb5393b7fe#1,90b0ca32bb968251ac0b7eeb5393b7fe,368c6c730842d78016ad823897a372db,1f50f920176fa81dab994f9023523100,13.44,59.90
90b0ca32bb968251ac0b7eeb5393b7fe#2,90b0ca32bb968251ac0b7eeb5393b7fe,368c6c730842d78016ad823897a372db,1f50f920176fa81dab994f9023523100,13.44,59.90
90d56ed46d2ebca29d7bf65e65b906e0#1,90d56ed46d2ebca29d7bf65e65b906e0,1d3ecbda18167c766a3381fd16108e4a,dbc22125167c298ef99da25668e1011f,15.70,89.50
90e4c72e836cb3e0bea6a31fd981a346#1,90e4c72e836cb3e0bea6a31fd981a346,7172a7870fee91850dcbcb1f4de40cfc,4a3ca9315b744ce9f8e9374361493884,12.13,89.90
91051e0aea46cd16d99a2697b02d83d3#1,91051e0aea46cd16d99a2697b02d83d3,4fe644d766c7566dbc46fb851363cb3b,c31eff8334d6b3047ed34bebd4d62c36,21.40,129.99
9105e733a6a8fcccf4fced822e1a67ae#1,9105e733a6a8fcccf4fced822e1a67ae,f6584475ef4b8710cec93be723766326,620c87c171fb2a6dd6e8bb4dec959fc6,12.58,89.90
910672810c4151ca48b6946cf9ba0418#1,910672810c4151ca48b6946cf9ba0418,f646af315b0f3a597f69213537ca2199,3df020b72d3d44b3af9d110fa3940b65,17.92,49.90
9115302ab0ba4c1f3499709b47bd00a1#1,9115302ab0ba4c1f3499709b47bd00a1,2136c70bbe723d338fab53da3c03e6dc,6560211a19b47992c3666cc44a7e94c0,7.05,29.00
9115302ab0ba4c1f3499709b47bd00a1#2,9115302ab0ba4c1f3499709b47bd00a1,2136c70bbe723d338fab53da3c03e6dc,6560211a19b47992c3666cc44a7e94c0,7.05,29.00
911ac4b6a3d83be295853192aa63fbaa#1,911ac4b6a3d83be295853192aa63fbaa,036734b5a58d5d4f46b0616ddc047ced,ea8482cd71df3c1969d7b9473ff13abc,7.78,27.99
911df51e0b1a60e807b0d2f29d17278d#1,911df51e0b1a60e807b0d2f29d17278d,4749c60e1d85abdf15d45092c5a2cde2,b347677812ea483b0f528eaf8cbc09b7,8.09,129.00
911fba382ab724c847ae5577e47949d4#1,911fba382ab724c847ae5577e47949d4,835d8502d265ddeb4bdd39591d55fa2b,59fb871bf6f4522a87ba567b42dafecf,27.59,149.99
9126e0aefae0b65e52c837440e8010a5#1,9126e0aefae0b65e52c837440e8010a5,42155695adbe665066ad812855fe523a,e9d99831abad74458942f21e16f33f92,14.11,48.99
913ed16681197337e68e936fc28b8370#1,913ed16681197337e68e936fc28b8370,69523f67543ff9ea6b1a15858fb59b3b,6560211a19b47992c3666cc44a7e94c0,13.07,58.00
914850b13acc6b7b75bed132fcc7d0bb#1,914850b13acc6b7b75bed132fcc7d0bb,3d5837f86205fe83f03fb5f7e4d5b9cf,a3a38f4affed601eb87a97788c949667,16.56,114.90
914e3f7135c8d9046278a046552ebb6e#1,914e3f7135c8d9046278a046552ebb6e,9798f14fd2be3c482aaff824a05ac605,c8417879a15366a17c30af34c798c332,29.39,33.20
914e96369a010ec52a412b9d6a499e57#1,914e96369a010ec52a412b9d6a499e57,a35a59bff183b90417bbc511e1d82115,dbb9b48c841a0e39e21f98e1a6b2ec3e,15.24,69.99
915a2730449787ced8fbbc1794ca7d0b#1,915a2730449787ced8fbbc1794ca7d0b,b8985a4d0fd0f1502eec53355f322670,9e6229250fedbe05838fef417b74e7fb,31.92,149.90
9165d656c399c6eac7a6a00dd6e02e7f#1,9165d656c399c6eac7a6a00dd6e02e7f,6c712952b8ef62f8d06a0314917400c8,620c87c171fb2a6dd6e8bb4dec959fc6,15.19,69.90
9165d656c399c6eac7a6a00dd6e02e7f#2,9165d656c399c6eac7a6a00dd6e02e7f,6c712952b8ef62f8d06a0314917400c8,620c87c171fb2a6dd6e8bb4dec959fc6,15.19,69.90
9167e0a67d886b453dbb9318f1db42cc#1,9167e0a67d886b453dbb9318f1db42cc,76be7b20bf23f866fd105deee7b205c6,cd06602b43d8800bd0afad514919d35c,15.10,37.00
9167e0a67d886b453dbb9318f1db42cc#2,9167e0a67d886b453dbb9318f1db42cc,76be7b20bf23f866fd105deee7b205c6,cd06602b43d8800bd0afad514919d35c,15.10,37.00
919a615149354b4e074eff65adaeae81#1,919a615149354b4e074eff65adaeae81,78c3942245093508f8e17ffc06a0dfcf,4830e40640734fc1c52cd21127c341d4,14.10,45.99
91b2a010e1e45e6ba3d133fa997597be#1,91b2a010e1e45e6ba3d133fa997597be,ba74c6b75d2ad7503175809688d5a03c,7d13fca15225358621be4086e1eb0964,13.69,178.99
91bcade2288597459e1dbce52d6d0ef9#1,91bcade2288597459e1dbce52d6d0ef9,c063e7cfa2a5277de17cde1837399dc5,79ebd9a61bac3eaf882805ed4ecfa12a,38.42,124.90
91be088e7093d68e9e8202a7e5d85269#1,91be088e7093d68e9e8202a7e5d85269,6c1a3375a7b0cb7b5a454e123c61311b,6481e96574816ead57975da2c0f6d80d,26.70,88.00
91c4c61f5db7e025e8435b2e13e50f6f#1,91c4c61f5db7e025e8435b2e13e50f6f,7f4e034245e45549110139d1de248f83,4b9750c8ad28220fe6702d4ecb7c898f,19.53,48.90
91c75b7ba1ec17918b96773bc0f8f443#1,91c75b7ba1ec17918b96773bc0f8f443,672cd55beec76a54b88a865280fd9e5a,45c20d94d9171b0bcfab3c955e47d67b,16.05,5.99
91d7491c6b0eada151a7e307697841bc#1,91d7491c6b0eada151a7e307697841bc,13a7ea24fee9ef57c3b7b5b69d3b4cda,b561927807645834b59ef0d16ba55a24,7.72,66.00
91db217544d0eac98354b11f2f35abcb#1,91db217544d0eac98354b11f2f35abcb,6eb70dfb283dc3f645ed7b03c990dc72,7d13fca15225358621be4086e1eb0964,12.83,55.00
91ecb8522096ff10be2144645c994c6f#1,91ecb8522096ff10be2144645c994c6f,ae52eeb8383b94455f0a08b1f88ad002,8e6d7754bc7e0f22c96d255ebda59eba,16.25,69.90
91f71835acd6d20c6c5362c5c1907367#1,91f71835acd6d20c6c5362c5c1907367,5c3aca5c078a343b3b873362e7ac2fcc,056b4ada5bbc2c50cc7842547dda6b51,9.77,175.99
9215daa2d711ae5055008f444f6688c8#1,9215daa2d711ae5055008f444f6688c8,425db55cb3b0f5b18a2d9964da31c3c0,2a84855fd20af891be03bc5924d2b453,14.10,49.90
9216e5f315f7427f8bc325d861e071ec#1,9216e5f315f7427f8bc325d861e071ec,b5ac08b2bc73bc36eecc6107b78247d3,d3674f271c91f824f82d24d92011f669,23.04,189.90
921966cdddb4dbedc7f52b64ba46ec2e#1,921966cdddb4dbedc7f52b64ba46ec2e,16e3cf9ffd35194d29e5560a23123732,8c351ed7c326c62123318f4f3246e906,16.15,55.00
922d589aa475c4bc7935c3b9d97e6dae#1,922d589aa475c4bc7935c3b9d97e6dae,2d063994ae4667cff3d6841e9d441d1d,13d058e4eeac2ce8217660b2f8a05812,15.59,119.99
9236b5f6966275539861284a31b94efe#1,9236b5f6966275539861284a31b94efe,955129b53464486f9f93074c64b2bd88,499ec63c58e51296c9cf57edcfe1c8a8,7.39,75.00
9247f243c8ce8daa5f7011af7f97fecb#1,9247f243c8ce8daa5f7011af7f97fecb,a9e1892ce37ec3b694e45a58e3377556,6c7d50c24b3ccd2fd83b44d8bb34e073,17.60,49.50
926282951ac5113c0a44287b4a30d5bf#1,926282951ac5113c0a44287b4a30d5bf,5b3b5f9ae84ca9ead3138b199420cc94,adbc26658d6c7b4b6219f9d934598091,18.22,139.00
9274443a23faa8fd9d5805fc0bd68c5e#1,9274443a23faa8fd9d5805fc0bd68c5e,f59871b3d9da4c64cbe41ad3dd04dc14,116ccb1a1604bc88e4d234a8c23f33de,15.11,12.70
9274443a23faa8fd9d5805fc0bd68c5e#2,9274443a23faa8fd9d5805fc0bd68c5e,f59871b3d9da4c64cbe41ad3dd04dc14,116ccb1a1604bc88e4d234a8c23f33de,15.11,12.70
9274443a23faa8fd9d5805fc0bd68c5e#3,9274443a23faa8fd9d5805fc0bd68c5e,f59871b3d9da4c64cbe41ad3dd04dc14,116ccb1a1604bc88e4d234a8c23f33de,15.11,12.70
928cc774345b405181cc07ab2497e930#1,928cc774345b405181cc07ab2497e930,6449ec897c9c3c3bcd296df559f6e746,53e4c6e0f4312d4d2107a8c9cddf45cd,17.60,32.00
92a9ef7f0a0d392c9ad0d5f44e86b4ba#1,92a9ef7f0a0d392c9ad0d5f44e86b4ba,9f1c3e71d56894398a42b050b07f1baa,92eb0f42c21942b6552362b9b114707d,7.39,11.87
92a9ef7f0a0d392c9ad0d5f44e86b4ba#2,92a9ef7f0a0d392c9ad0d5f44e86b4ba,9f1c3e71d56894398a42b050b07f1baa,92eb0f42c21942b6552362b9b114707d,7.39,11.87
92a9ef7f0a0d392c9ad0d5f44e86b4ba#3,92a9ef7f0a0d392c9ad0d5f44e86b4ba,9f1c3e71d56894398a42b050b07f1baa,92eb0f42c21942b6552362b9b114707d,7.39,11.87
92aff898bbb77b43b3ce8c33bc2339f2#1,92aff898bbb77b43b3ce8c33bc2339f2,b521fddf2c8a7e7d1791bfb3c1b2f278,b906dd0e57f282c7089171b6ed07982e,14.85,110.00
92ba7c89244ceee45a169b86da9fcada#1,92ba7c89244ceee45a169b86da9fcada,b369e02eda28d74a9bd658415b08d7fb,77a515caa36327151d1cc6c32a9f00e1,16.53,79.90
92ce98dde4657a2abb32411bacc29e60#1,92ce98dde4657a2abb32411bacc29e60,823fbf290afe6e92a33834f5ca39e0f9,a44fb5a447105f8469bdf16bf9159f25,67.88,990.00
92d1d8203d3deb0f8b536250763d8bca#1,92d1d8203d3deb0f8b536250763d8bca,23cb417be12fb9557a815962aedefff5,bb135baca94c82fcb731335ad5b04a03,7.58,45.00
92d956a077a254413755349e0efd0ed7#1,92d956a077a254413755349e0efd0ed7,422879e10f46682990de24d770e7f83d,1f50f920176fa81dab994f9023523100,13.44,59.90
92ea21bbb9c9b6f286602dc4c563d087#1,92ea21bbb9c9b6f286602dc4c563d087,e9c1abcc7126360336d8f56d49041a8c,679769a98cfcc6da877c8486ff1c13f3,37.76,349.00
92ea4e83a1cbd42cfc62e113b8a00797#1,92ea4e83a1cbd42cfc62e113b8a00797,1107055c5c960ef6e183e781260aeafd,ea8482cd71df3c1969d7b9473ff13abc,18.28,24.99
92ea6a0cefc845d92f3b1339e0e0100a#1,92ea6a0cefc845d92f3b1339e0e0100a,ff469d5a015226354ab92a85c8c46537,0b90b6df587eb83608a64ea8b390cf07,36.50,168.90
931873d5376eea7fc2c35b2d4724abb7#1,931873d5376eea7fc2c35b2d4724abb7,fcf6ad274391aea29f5d6e5ef9da5050,5cf13accae3222c70a9cac40818ae839,13.97,89.70
9320275e627cc0d374f04e77e1ee2f0e#1,9320275e627cc0d374f04e77e1ee2f0e,418b40c9e83b7e5ac79e4a7ef975ebbe,4917cee8d902e13428c3ec4b1ca6f315,38.95,159.00
932c319ee28911384cce008c02f0b448#1,932c319ee28911384cce008c02f0b448,fd85f34d70edf41fbea6a3269d183e00,caa9bc43a9fe8cf9c564ddd8a03cc4a6,50.93,29.99
9344ccd01ff5fa7ec2aef0ee7e1c49c3#1,9344ccd01ff5fa7ec2aef0ee7e1c49c3,058b372f969b59e8c4a27e224243909c,3d871de0142ce09b7081e2b9d1733cb1,12.79,39.00
93483f560d46ab6fb3fbf571c59d78dd#1,93483f560d46ab6fb3fbf571c59d78dd,5411e9269501a870cabf632f05655131,3d871de0142ce09b7081e2b9d1733cb1,20.14,129.00
934daa3b33591884346152a2c7f15ce5#1,934daa3b33591884346152a2c7f15ce5,a4c27cf9767fe2b589251c764b891eda,620c87c171fb2a6dd6e8bb4dec959fc6,10.32,289.90
936a3fe5b1a1e04018a9c33a62c73ad7#1,936a3fe5b1a1e04018a9c33a62c73ad7,a701c0cf4ef20a945be9246c4c728c42,b2ba3715d723d245138f291a6fe42594,18.23,19.90
93709cc8ac5e38fe6622dcebd2ce72bf#1,93709cc8ac5e38fe6622dcebd2ce72bf,2c7d6cb2b1eeccd3ecadf62d0e60b90b,06bb3a2fe5e7b7a845b13e8fb91bd944,16.47,58.90
93709cc8ac5e38fe6622dcebd2ce72bf#2,93709cc8ac5e38fe6622dcebd2ce72bf,f86e052042e77d7109bc4cc95f4ed9ca,06bb3a2fe5e7b7a845b13e8fb91bd944,16.46,74.50
9370fc845feb5045400765a17c075cae#1,9370fc845feb5045400765a17c075cae,d7d5562fce331ad958ca6f57057b3526,7a67c85e85bb2ce8582c35f2203ad736,16.71,65.99
93720f5a467d2edd5e84e209e8a9a4f6#1,93720f5a467d2edd5e84e209e8a9a4f6,593236d0ff46b4299b4787fb8d43f7f0,0dd184061fb0eaa7ca37932c68ab91c5,13.46,79.00
939b9bfbbe679418ac73646f380353ec#1,939b9bfbbe679418ac73646f380353ec,c20a3f598c16d77249da67e81caa8317,955fee9216a65b617aa5c0531780ce60,8.88,33.00
939e85580cc5404abd2ba9df25330fb8#1,939e85580cc5404abd2ba9df25330fb8,95ddb6784d69952b116fd5bb2408b788,8e6cc767478edae941d9bd9eb778d77a,17.60,39.60
93a21c10557cc1b1ecfe2c3a808c648a#1,93a21c10557cc1b1ecfe2c3a808c648a,69594b9c8acebfbd1bbc19f782680d4c,7299e27ed73d2ad986de7f7c77d919fa,18.00,320.00
93ab2d00c107c41d04f35ff29553b866#1,93ab2d00c107c41d04f35ff29553b866,3cebb9158a3aa0b3f78ee0f934c9f032,7008613ea464bad5cb9b83456e1e6a8f,17.74,69.90
93b82c635931ca55e5d20e0d095507ce#1,93b82c635931ca55e5d20e0d095507ce,b659034bc6cfc3d9baeda101c0c281fe,834f8533b2ecb6598dd004ff3de7203a,13.18,88.60
93d2d7b578c9b8a9de1d72b7507bba6e#1,93d2d7b578c9b8a9de1d72b7507bba6e,ecab3fa721d1b06c225f23c30f02eb5e,e9779976487b77c6d4ac45f75ec7afe9,15.59,119.49
93ec3e2c9a4beee38c28973d307093e1#1,93ec3e2c9a4beee38c28973d307093e1,7ae5c4294636a8ccd3d8574daa6d7d21,17a053fcb14bd219540cbde0df490be0,24.55,179.90
93ee5063c90357efe9aaeabb20badbf6#1,93ee5063c90357efe9aaeabb20badbf6,f32415d23c358ef1e387a7d329d9ce9f,3586b8580d9c917874e053a1bb37b5ff,12.69,36.90
9457f83b9faf36f40019d656cb5679f1#1,9457f83b9faf36f40019d656cb5679f1,8a443635fdf9759915c9be5be2e3b862,da8622b14eb17ae2831f4ac5b9dab84a,11.86,109.90
945cebd7f0d6886e7971663839507ec4#1,945cebd7f0d6886e7971663839507ec4,f98ab3dc92c46ebabdc8f613acfae537,709e16e2b25c7474d980076c6bfc4806,11.85,37.90
9472d3c8a0ad463cbfc89897334431da#1,9472d3c8a0ad463cbfc89897334431da,9036be77e0a74cca6eeef0740649b97b,de23c3b98a88888289c6f5cc1209054a,19.03,69.99
947ee6ab639791b5711558a7e55cf98e#1,947ee6ab639791b5711558a7e55cf98e,12803e6c48756086227e39a8a2d2026b,f9244d45189d3a3605499abddeade7d5,83.13,2139.99
948097deef559c742e7ce321e5e58919#1,948097deef559c742e7ce321e5e58919,cd935d283d47f1050c505e1c39c48b67,a3a38f4affed601eb87a97788c949667,25.77,69.90
949280c70c6d62ec9c06fffc5ecf1fe4#1,949280c70c6d62ec9c06fffc5ecf1fe4,7e0dc102074f8285580c9777f79c90cf,e26901d5ab434ce92fd9b5c256820a4e,14.52,34.90
949d5b44dbf5de918fe9c16f97b45f8a#1,949d5b44dbf5de918fe9c16f97b45f8a,d0b61bfb1de832b15ba9d266ca96e5b0,66922902710d126a0e7d26b0e3805106,27.20,45.00
94a224f03c816cd9a1d94b886e26da80#1,94a224f03c816cd9a1d94b886e26da80,bce474cc95b6e77657e10939b0b4248c,7d13fca15225358621be4086e1eb0964,15.80,149.90
94dccbc39bc2673b3639fc98286c99b0#1,94dccbc39bc2673b3639fc98286c99b0,c83bfa25f218562a2db2cb8abce10e1e,522620dcb18a6b31cd7bdf73665113a9,16.79,15.30
94f5c07efddbe8e3f3880195377736ee#1,94f5c07efddbe8e3f3880195377736ee,c3ba4e8d3cb30049213b682e751e9d00,6560211a19b47992c3666cc44a7e94c0,18.55,95.00
94fc0c5ebf3d2669b2653019706ce767#1,94fc0c5ebf3d2669b2653019706ce767,0ff3339eba4028a9dc569a61229c465a,9f505651f4a6abe901a56cdc21508025,14.10,18.99
95266dbfb7e20354baba07964dac78d5#1,95266dbfb7e20354baba07964dac78d5,bb7181410b4e02f93f3697f765db53c7,855668e0971d4dfd7bef1b6a4133b41b,57.58,129.99
955e2b622db1a1f4031ef035ce9a861f#1,955e2b622db1a1f4031ef035ce9a861f,bc74f63361c15c1a5baa5b97ac432e62,4869f7a5dfa277a7dca6462dcf3b52b2,12.89,199.00
955ea2e3177592d909296220d7fcdebd#1,955ea2e3177592d909296220d7fcdebd,079189201e6c6f0b0f70d118fff53fd5,edb1ef5e36e0c8cd84eb3c9b003e486d,24.47,394.65
9560aa739add27151f49eb54dc654667#1,9560aa739add27151f49eb54dc654667,bce474cc95b6e77657e10939b0b4248c,4869f7a5dfa277a7dca6462dcf3b52b2,13.45,144.00
956f15dfe9a7f2414a02c445fdbb865a#1,956f15dfe9a7f2414a02c445fdbb865a,7868a64aa111bbb4f41f8e1146c0becb,cca3071e3e9bb7d12640c9fbe2301306,17.16,59.90
958407f3ab4e9f0d5d03a341f3840ce2#1,958407f3ab4e9f0d5d03a341f3840ce2,b126c36658d4d8ae320a4ad38531cbaf,0be8ff43f22e456b4e0371b2245e4d01,8.72,47.90
959d645c348f4b237daaec697cef73c4#1,959d645c348f4b237daaec697cef73c4,5ccaf4192eb1b45ada109ad4152de5dc,0725b8c0f3f906e58f70cbe76b7c748c,16.90,89.99
959d645c348f4b237daaec697cef73c4#2,959d645c348f4b237daaec697cef73c4,5ccaf4192eb1b45ada109ad4152de5dc,0725b8c0f3f906e58f70cbe76b7c748c,16.90,89.99
959d645c348f4b237daaec697cef73c4#3,959d645c348f4b237daaec697cef73c4,5ccaf4192eb1b45ada109ad4152de5dc,0725b8c0f3f906e58f70cbe76b7c748c,16.90,89.99
95a74a28d622001aafb5dd088ea0d88c#1,95a74a28d622001aafb5dd088ea0d88c,5a76b277c6c31033b89362512fb80274,d1c281d3ae149232351cd8c8cc885f0d,12.69,37.99
95bf775f5db872acb7ac9cf5cdbbc292#1,95bf775f5db872acb7ac9cf5cdbbc292,fd939dd54384f5681c327919e8f6a1b8,3d8fa2f5b647373c8620330c4e077a9f,12.91,36.00
95c61e46c5be0715a4302d2aa335f6c8#1,95c61e46c5be0715a4302d2aa335f6c8,b192be433004cc1f10b467c0e9ea309b,de722cd6dad950a92b7d4f82673f8833,25.61,179.90
95c6db0572aa00cdfc22e3419805ffc0#1,95c6db0572aa00cdfc22e3419805ffc0,ce5960e28657158637346e434013071c,1c5e4e49b9079480255b49d50aac1aa9,67.90,187.00
95ca5e38f67d0f792b4fa38683682a0d#1,95ca5e38f67d0f792b4fa38683682a0d,de01db017586d557505e72625f9f49d4,004c9cd9d87a3c30c522c48c4fc07416,21.89,199.99
95cf9f239f724799131f7ca949209bd9#1,95cf9f239f724799131f7ca949209bd9,7a295e6687ed3e00c8143498115f6ca5,2e1c9f22be269ef4643f826c9e650a52,8.39,89.49
95d9d2979d40161be87292ff88563cba#1,95d9d2979d40161be87292ff88563cba,634256dbcd184b3757ffd7632c9fe52a,42b729f859728f5079499127a9c2ef37,7.39,24.90
95d9d2979d40161be87292ff88563cba#2,95d9d2979d40161be87292ff88563cba,634256dbcd184b3757ffd7632c9fe52a,42b729f859728f5079499127a9c2ef37,7.39,24.90
95e42e6aaf6264cd3e77c06b32dc3003#1,95e42e6aaf6264cd3e77c06b32dc3003,6c4d1dce076249f2314ac8f3fc3cc7d1,6560211a19b47992c3666cc44a7e94c0,7.85,85.00
95e8e7edf6d02da861e93170a9953465#1,95e8e7edf6d02da861e93170a9953465,a4385c12734e0937f4514a3cde277925,7d13fca15225358621be4086e1eb0964,13.95,350.00
95fa26b6ea476ed040e592e0a825d6f0#1,95fa26b6ea476ed040e592e0a825d6f0,da8b72e46537fe5af3ade4bc6120f05c,edb1ef5e36e0c8cd84eb3c9b003e486d,14.04,149.65
961e74f5989501c3f4e58b175753ff4b#1,961e74f5989501c3f4e58b175753ff4b,04af9f3af5c6afc4eece909c25330934,6560211a19b47992c3666cc44a7e94c0,11.51,129.00
962168b15dbecc9e3b3bc31b1fb9df93#1,962168b15dbecc9e3b3bc31b1fb9df93,a910254bb741f98d6d98a8286d66d14f,2b3e4a2a3ea8e01938cabda2a3e5cc79,18.12,119.59
96245f4488be31192a246b608e6deec4#1,96245f4488be31192a246b608e6deec4,b8b426747049f2d3d6e00b486d47dedb,01fdefa7697d26ad920e9e0346d4bd1b,16.29,99.90
962debbd5f682617761de8b0f7789bc5#1,962debbd5f682617761de8b0f7789bc5,45cfee87da128a8f939226bedd92a72d,718539d38d07dd351c76db862760e2e2,15.10,32.64
9634a2f4e8ae92d44d182b5acddb8955#1,9634a2f4e8ae92d44d182b5acddb8955,a741ba9d329996cf515841327718913d,9d4db00d65d7760644ac0c14edb5fd86,18.58,68.90
9641d6be3bc2c61bfeb713777a1a8ae0#1,9641d6be3bc2c61bfeb713777a1a8ae0,3dd2a17168ec895c781a9191c1e95ad7,de722cd6dad950a92b7d4f82673f8833,25.18,149.90
96443e347511f156158689addf8e876e#1,96443e347511f156158689addf8e876e,dd0dcee76f9c12fff4bc0eb641d57c7f,8b321bb669392f5163d04c59e235e066,14.10,23.70
9646b5afa783a0861b20b9b106229076#1,9646b5afa783a0861b20b9b106229076,c8e98656b0bfc1efbadc25aa3fb9640e,918717417d88a9f9ae9735567e6c7682,9.57,107.90
965c963c874eedc47cd261cbe057121b#1,965c963c874eedc47cd261cbe057121b,83aae8023b8feda53259f63e0ec06390,715bbd5ba4e6b74cb0d2f29eb45058b0,34.39,89.90
966d505c98ea667c11343331a5d67722#1,966d505c98ea667c11343331a5d67722,9ac3471b9357338ea8054108a00389e3,0afccdb8a34ee5c79f7c06faf2b4d56e,16.79,39.90
96baca12064c33aaee05b2a4be3f3f2c#1,96baca12064c33aaee05b2a4be3f3f2c,2772d1e494d431a05b7bcc95b02163b6,d4910f1cdcfdabd48d6b316e395d4a23,12.13,95.28
96bce1588131f7637bffaa5c25414b33#1,96bce1588131f7637bffaa5c25414b33,df480c7d3f979093ac4c2d1109e78289,7e93a43ef30c4f03f38b393420bc753a,31.23,669.99
96c01643f38c59fe8ac1ef0480d423fc#1,96c01643f38c59fe8ac1ef0480d423fc,b8a0d73b2a06e7910d9864dccdb0cda2,620c87c171fb2a6dd6e8bb4dec959fc6,17.08,69.90
96c3a40e38272781dd5b3dfc4797e8f7#1,96c3a40e38272781dd5b3dfc4797e8f7,d04e48982547095af81c231c3d581cb6,4869f7a5dfa277a7dca6462dcf3b52b2,19.84,246.00
96e5b56d000b07dd7bb1972eb42a0e79#1,96e5b56d000b07dd7bb1972eb42a0e79,ce3331eb40fd5790c4109f40a80df7aa,4a3ca9315b744ce9f8e9374361493884,11.85,18.50
96f182413ae321e91ee91f3e422c6416#1,96f182413ae321e91ee91f3e422c6416,4e0d01d5e5e4bd454e71e7cd1491c052,a416b6a846a11724393025641d4edd5e,15.30,76.49
97012c3a032fb57d51f04669419f5a49#1,97012c3a032fb57d51f04669419f5a49,e0d64dcfaa3b6db5c54ca298ae101d05,4869f7a5dfa277a7dca6462dcf3b52b2,27.14,151.90
970bbf79974ba1ef73cc21ee6fe52cc6#1,970bbf79974ba1ef73cc21ee6fe52cc6,3ff22524016b71a48fd1e5054632985c,610f72e407cdd7caaa2f8167b0163fd8,109.73,1914.58
972c2e78e9af23a750a48184aadfca4d#1,972c2e78e9af23a750a48184aadfca4d,7775d718fa8dfebe8015e6e5ee3dc5be,c24173065483e421f9e5e7f599de101d,15.10,35.99
973daf958def9b35a204cab8092279bb#1,973daf958def9b35a204cab8092279bb,4debd977b5bc245487ec61b7961b16e3,92eb0f42c21942b6552362b9b114707d,7.39,12.67
974c1993ab8024d3ed16229183c2308d#1,974c1993ab8024d3ed16229183c2308d,5e2ba75ad255ff60b1c76c5bf526ae9b,f84a00e60c73a49e7e851c9bdca3a5bb,14.66,69.90
974c26d25f3764b5acde8a0b556843be#1,974c26d25f3764b5acde8a0b556843be,3303c5bebf8d9dd9394a38501c4033f6,391fc6631aebcf3004804e51b40bcf1e,13.65,89.91
975f731e0b62d3884197075bbf60685a#1,975f731e0b62d3884197075bbf60685a,ea20f928ceaa7f146fe62a0cc8413ee5,5a8e7d5003a1f221f9e1d6e411de7c23,16.18,59.90
97784ba0e32f20b4da48e8e20456543b#1,97784ba0e32f20b4da48e8e20456543b,c862d801c5bf9b08e1bde0e3801199ed,6d66611d7c44cc30ce351abc49a68421,8.88,39.90
977e3e5b3884ce2843710ee5f5a3d12a#1,977e3e5b3884ce2843710ee5f5a3d12a,dd32399c79aa851dc98bfcfdd385700f,457fe919b032a3f7dadba6fb92cf7855,8.50,47.90
977e3e5b3884ce2843710ee5f5a3d12a#2,977e3e5b3884ce2843710ee5f5a3d12a,dd32399c79aa851dc98bfcfdd385700f,457fe919b032a3f7dadba6fb92cf7855,8.50,47.90
9798002938de9acb5883e90411ded034#1,9798002938de9acb5883e90411ded034,88d1ed18fd38fa0ffeeb4b517ca42a9d,76ea5315acb3f5f7ade3cd261faf922a,18.36,36.90
97a00daa2a648f9c4b0493e937928b72#1,97a00daa2a648f9c4b0493e937928b72,e4f77c9e32d6ed0e4902b08955d77b23,ef506c96320abeedfb894c34db06f478,7.78,38.99
97ad789b38d3d6a17bd34b3c19fe40b8#1,97ad789b38d3d6a17bd34b3c19fe40b8,779dd392d4fbe5ca656bf3ceabecbf0b,1a932caad4f9d804097d7f8e615baed1,40.90,119.00
97afe73fe13a14d269383825a8a32646#1,97afe73fe13a14d269383825a8a32646,99d649a55b3bbffa301adbe2e0661d41,562fc2f2c2863ab7e79a9e4388a58a14,7.39,19.99
97bca524044b6fffcdbcc4ced6e2390f#1,97bca524044b6fffcdbcc4ced6e2390f,aad0c94aa869497ef036b7549451134b,46dc3b2cc0980fb8ec44634e21d2718e,8.90,49.99
97c2627d2b03483506cc348366822516#1,97c2627d2b03483506cc348366822516,8c292ca193d326152e335d77176746f0,7e1fb0a3ebfb01ffb3a7dae98bf3238d,17.61,152.00
97c5a4acc0915c5bd17e5a3256693ef6#1,97c5a4acc0915c5bd17e5a3256693ef6,ed00a8453145186b3f071f1e3edef33d,5b664594895aefb418afaee6d40a9a23,18.37,38.90
97c6f98cd025659444b815df5050d8d7#1,97c6f98cd025659444b815df5050d8d7,477dae843da64019d49703a91abfbd33,b05b432bf68945d4d9783f9e3ca29ee8,14.07,149.90
97d3d89c5b932c10e6d3d4d8c2ba7dd3#1,97d3d89c5b932c10e6d3d4d8c2ba7dd3,077599a82ee54960bc4f4c941b0d1359,900ba814c251a692506d7834c1218441,12.83,125.02
97f6c1beeb18315f25509f009a45b111#1,97f6c1beeb18315f25509f009a45b111,a38b238734207eeb0388676235cf56ec,86ccac0b835037332a596a33b6949ee1,18.16,129.90
97fdf3115437c18e71138bdaa80ec60b#1,97fdf3115437c18e71138bdaa80ec60b,34d6306314a47fe15c1efdbc23302020,229c3efbfb0ea2058de4ccdfbc3d784a,12.61,69.00
9842c98fba6a3e74b785776cc72136f5#1,9842c98fba6a3e74b785776cc72136f5,3e8dfc6cfd5a615318051a93140c0286,985c92cc412091f8529c12d7f23d3fef,18.72,119.90
984d353f61e2dc775d7dd4b09882b481#1,984d353f61e2dc775d7dd4b09882b481,af53bbaeee1f3190c2ff939fc236b6f5,06a2c3af7b3aee5d69171b0e14f0ee87,27.49,61.99
9855054362f487c4f25172bd0b8a44cf#1,9855054362f487c4f25172bd0b8a44cf,5c134d92a99c77b568ae488b28a04c45,06e5eefc71ec47ae763c5c6f8db7064f,15.88,112.01
987d15d9243956e5c58e1f2bfeeea98c#1,987d15d9243956e5c58e1f2bfeeea98c,84412fdf17ffe7f7b52913a82e73b5b2,c3cfdc648177fdbbbb35635a37472c53,19.78,169.90
9885fff91f7c807525f8320e5292a3db#1,9885fff91f7c807525f8320e5292a3db,6906f6d2bb318a3cbb5351653e93ceb4,6ec1a01e866584bb679eb9b098345919,29.68,126.99
98886a41872c9df13b990863b330f710#1,98886a41872c9df13b990863b330f710,4fe644d766c7566dbc46fb851363cb3b,c31eff8334d6b3047ed34bebd4d62c36,11.51,69.99
989225ba6d0ebd5873335f7e01de2ae7#1,989225ba6d0ebd5873335f7e01de2ae7,6b64362e89896be7589621df54be089e,77530e9772f57a62c906e1c21538ab82,14.10,49.00
98a6c523ea54e65d9320d388708b49d3#1,98a6c523ea54e65d9320d388708b49d3,5a6eeab62396852f7d89b60ba3a73cce,1127b7f2594683f2510f1c2c834a486b,18.52,59.90
98cc17e56c367cbbe628aca0bbf9f08e#1,98cc17e56c367cbbe628aca0bbf9f08e,11566035935b80d02a0c8a261546610b,bccf933e006e9b94a6184af782963e77,15.10,38.99
98e54ac24cb241c366307ed88ae84902#1,98e54ac24cb241c366307ed88ae84902,00d2add85b1f5aba6bb3d5d977314e25,37dd29b36c458d82f74a953c40c43645,44.86,355.79
98f0e2b0d85754ca3b4e06d70f0f63a2#1,98f0e2b0d85754ca3b4e06d70f0f63a2,3d4784f9a07ca5de370c86800589c860,c826c40d7b19f62a09e2d7c5e7295ee2,14.43,97.77
98f7181cfa8722f0a06d9c025d5f71fe#1,98f7181cfa8722f0a06d9c025d5f71fe,4d339d073c4590d9a44b8fb0e43a61ac,7178f9f4dd81dcef02f62acdf8151e01,15.10,29.90
990791b9237f52581d0a924b447c6fdf#1,990791b9237f52581d0a924b447c6fdf,bebcffeb66bcb8af8112dba655b1c1c3,65febd49fd28ec955651299159b1f527,41.89,129.99
9948c44a7306b0739e5fdcee5966cc9d#1,9948c44a7306b0739e5fdcee5966cc9d,c2c00c360a8407127ec5393828933bc5,1da3aeb70d7989d1e6d9b0e887f97c23,7.39,15.99
995438b4ed84d7fc87366f4b2f5fec9f#1,995438b4ed84d7fc87366f4b2f5fec9f,cc31a2f3eb3df109e2e7dba6b15da5d5,ceaec5548eefc6e23e6607c5435102e7,16.30,220.00
9959dfdd19dcc0fbcabc33723c619d74#1,9959dfdd19dcc0fbcabc33723c619d74,3e824028352cd013af85473283f832ce,db2956745b3a8e9f3785c99f34b5d25e,20.65,209.00
99662b91e0128a7de8c373ab7e566dc9#1,99662b91e0128a7de8c373ab7e566dc9,c5f5b4b17e4cd989c39986cd0dddc018,4830e40640734fc1c52cd21127c341d4,18.36,69.00
9977f4c374c569a4721d5261ab8694ec#1,9977f4c374c569a4721d5261ab8694ec,165f86fe8b799a708a20ee4ba125c289,7ddcbb64b5bc1ef36ca8c151f6ec77df,19.09,169.99
9988bc711d2d6fead4af40481ff5de63#1,9988bc711d2d6fead4af40481ff5de63,78ab491fca1a263dc3d1a16833c57016,4dc646b9b9e8e411ef48ba000ea3ac6f,12.85,58.20
9988bc711d2d6fead4af40481ff5de63#2,9988bc711d2d6fead4af40481ff5de63,eda9ace7ea76f19d80475c07f44acfbe,4dc646b9b9e8e411ef48ba000ea3ac6f,12.85,58.10
99bfe67168d67b56c87d3c3ab8b4f568#1,99bfe67168d67b56c87d3c3ab8b4f568,79da19ec2e6e6658145790d93991da9b,596849622429351f47b32e6cae1055ff,18.74,165.90
99c0817d6ecd5fe55d21540917f1f5f9#1,99c0817d6ecd5fe55d21540917f1f5f9,d9471e8bbb843a2afe92def2edfb8638,8a32e327fe2c1b3511609d81aaf9f042,14.11,49.99
99c9fec8ab028336e605f216e55337e6#1,99c9fec8ab028336e605f216e55337e6,a323784ac31c377c5ecaa26b8cb155db,7178f9f4dd81dcef02f62acdf8151e01,15.10,49.90
99d49f52685bd8c00ec0c341cc75d68f#1,99d49f52685bd8c00ec0c341cc75d68f,3f1a741cf5591384428c1cbb0ef07ec0,36a968b544695394e4e9d7572688598f,7.39,14.90
99f6d132908e686db5ad8db097e76aa3#1,99f6d132908e686db5ad8db097e76aa3,394ccaadf8429703362e1796dccbf4d9,0743a0239d764b9a0f959a57d07e36ab,11.71,98.99
99fa6518deac14b2890b49d1645d64be#1,99fa6518deac14b2890b49d1645d64be,33cf505f7d94c2283766b8b1b13ef3cd,d1c281d3ae149232351cd8c8cc885f0d,13.59,81.99
99fe1f54d97630a40c549779ea00e8c9#1,99fe1f54d97630a40c549779ea00e8c9,f1d3e7a4605f6cd5f2a3cf9bde5c7845,062ce95fa2ad4dfaedfc79260130565f,17.09,189.90
9a01e11eb3e82a6d9e7bd3f3acafa7ca#1,9a01e11eb3e82a6d9e7bd3f3acafa7ca,437c05a395e9e47f9762e677a7068ce7,f84fa566034f5e8e880a07ec624c56af,15.10,49.90
9a194607b0125b5c6c0e01a53843080f#1,9a194607b0125b5c6c0e01a53843080f,24270aa37ba68dcc6be98dfde14da3be,3f3486b61f45078d4f31ee5e43d8c5bb,36.00,54.90
9a3492f3f18d2b5cf77e8ce369f84d80#1,9a3492f3f18d2b5cf77e8ce369f84d80,d2f5484cbffe4ca766301b21ab9246dd,36a968b544695394e4e9d7572688598f,18.23,12.88
9a40a61b2f04271f655c7423a3fb82a7#1,9a40a61b2f04271f655c7423a3fb82a7,cac9e5692471a0700418aa3400b9b2b1,7ea5bfa6c340f58f8e71fc1f0412b0d6,15.69,115.00
9a45c6dbf2fc4848e0a8883d4efe827c#1,9a45c6dbf2fc4848e0a8883d4efe827c,d636661ff9dbdf576019c25999974ef9,9add47bf45ce8e8c7db6b9cf670b1e09,55.80,277.80
9a65fd6f0966e358fbae4d1b54f73ccd#1,9a65fd6f0966e358fbae4d1b54f73ccd,f83c9874b5b5044ea58fef1be68c1ea8,2e90cb1677d35cfe24eef47d441b7c87,32.39,132.70
9a697390de6da65c977ba337071a06a3#1,9a697390de6da65c977ba337071a06a3,5a848e4ab52fd5445cdc07aab1c40e48,c826c40d7b19f62a09e2d7c5e7295ee2,18.14,122.99
9a6fd2478f561404120cecc289ea20a0#1,9a6fd2478f561404120cecc289ea20a0,778f8850980a158eafa6e7555c085ea1,83deb69e889cf80f82be1dc6d5f2d486,16.29,169.90
9a7c4a07a4b1d502cdba82f5b60123ab#1,9a7c4a07a4b1d502cdba82f5b60123ab,906b11f3bc3c98f883afa0eb67b0fac7,440dd6ab244315c632130ecfb63827b1,43.39,139.90
9a886ac42ca6eb5571fbdd1bdd8be02e#1,9a886ac42ca6eb5571fbdd1bdd8be02e,89f055104adb9365d7f7b5c475f77742,6b15924333bd1a741595fe981ea04822,10.96,26.90
9ab5644159baae7027369bff9c6890b1#1,9ab5644159baae7027369bff9c6890b1,d3e87f5919c07582b6b4ead0f7eb15c0,4a3ca9315b744ce9f8e9374361493884,12.27,38.90
9ab5644159baae7027369bff9c6890b1#2,9ab5644159baae7027369bff9c6890b1,b71c0cacf053d9d8f92eb5965d8bd00c,d673a59aac7a70d8b01e6902bf090a11,12.27,29.90
9aba484676dd70457681a3301c222d9f#1,9aba484676dd70457681a3301c222d9f,1d723e2d139a9fd6feb67aff90081bbd,c70c1b0d8ca86052f45a432a38b73958,7.53,95.00
9ad6e11f3fe1f15641598b35cdef8849#1,9ad6e11f3fe1f15641598b35cdef8849,af041e55b9882e8263bde0a886b360be,dfc5fb7259bb2b599ca565e6e9448f0f,16.05,184.99
9aec77497620910d9b081312430ebd93#1,9aec77497620910d9b081312430ebd93,14e40526732f35d38620a487e0776b27,f0b47fbbc6dee9aafe415a6e33051b3f,8.88,39.99
9af31d2f7ebb4bcb16fafffa4236f888#1,9af31d2f7ebb4bcb16fafffa4236f888,574597aaf385996112490308e37399ce,febab0275244b9a49a623f0bd613ca2f,20.00,49.00
9b05f77ce0774039487118673d490f37#1,9b05f77ce0774039487118673d490f37,ce6f74096c84567f22728c84f3d6e7fc,8160255418d5aaa7dbdc9f4c64ebda44,23.35,109.90
9b09902ff42cd359909e5203a008a921#1,9b09902ff42cd359909e5203a008a921,4e56c4cc11b3f85f53862139fd7d360d,e601b04acf48b4576e73ddca9481f0dc,18.23,23.90
9b0efb7141956726fa720e1ab576d4ca#1,9b0efb7141956726fa720e1ab576d4ca,f102842fbe436027eeeb7fc76d3063aa,87142160b41353c4e5fca2360caf6f92,13.37,34.90
9b189f6cf2ef734a7dd0419ed3c64d99#1,9b189f6cf2ef734a7dd0419ed3c64d99,9c60e93e03989cf6e4a7da214723920d,58f1a6197ed863543e0136bdedb3fce2,31.45,169.00
9b2fa9acfe395734a133a58bcbfb9776#1,9b2fa9acfe395734a133a58bcbfb9776,2873da054c3a30189c5aac7b87d3b6e9,42fa4ee7240e9b8eb4576358ec142ba7,19.76,185.00
9b2fa9acfe395734a133a58bcbfb9776#2,9b2fa9acfe395734a133a58bcbfb9776,00ae7076313576f94d9107599d79a978,2745f798279e0ed033addcc1474776d7,23.71,89.90
9b3d7ee9930f8226dccc9eecbd140b99#1,9b3d7ee9930f8226dccc9eecbd140b99,b1631003bdbc3b1e876f83a7d851d74a,cc419e0650a3c5ba77189a1882b7556a,14.15,56.99
9b4d44f88d31a9b5149bba90b6fb7b7d#1,9b4d44f88d31a9b5149bba90b6fb7b7d,1ec486885049bbb9b79351d150ed18c4,cab85505710c7cb9b720bceb52b01cee,14.10,49.90
9b52c70d4fbddc36fa8c5e4c94c66501#1,9b52c70d4fbddc36fa8c5e4c94c66501,2c96824d8716171d254d8177e6a232e7,778323240ce2830d68aab11794e00bfb,22.28,49.99
9b573950822247289cc283b3e30f19d8#1,9b573950822247289cc283b3e30f19d8,71a8ee0a8b3fe29f6d89c75e6c1d2dba,db4350fd57ae30082dec7acbaacc17f9,15.10,21.99
9b696fcb8112df3f6719a6a1e5648e2d#1,9b696fcb8112df3f6719a6a1e5648e2d,32aeecc02aa5adcb7f75155a80a47836,df56d7b40d437f88407c5f78b63bc328,27.05,138.50
9b7f6a07a07a4c0bd19e65f861f29f6f#1,9b7f6a07a07a4c0bd19e65f861f29f6f,d103a59e482517dd37f6865b1bf5499d,8629c241b3622ac12cd4118afdc8d394,23.49,99.06
9b85bbefeeacfebc3ff603d20511734f#1,9b85bbefeeacfebc3ff603d20511734f,595fac2a385ac33a80bd5114aec74eb8,ef0ace09169ac090589d85746e3e036f,16.21,109.90
9b8dce6896a07b137779350966e11e99#1,9b8dce6896a07b137779350966e11e99,7cdffa73c5aa5471607b4ac982baa201,f84a00e60c73a49e7e851c9bdca3a5bb,14.29,44.50
9ba4f1229c25da86b79e5f8af0e56461#1,9ba4f1229c25da86b79e5f8af0e56461,17c4bd4269902c84acc14c497f282ddb,75d34ebb1bd0bd7dde40dd507b8169c3,12.71,299.99
9ba4f1229c25da86b79e5f8af0e56461#2,9ba4f1229c25da86b79e5f8af0e56461,17c4bd4269902c84acc14c497f282ddb,75d34ebb1bd0bd7dde40dd507b8169c3,12.71,299.99
9bafbb16dccffbb09e9d88acb1a932f4#1,9bafbb16dccffbb09e9d88acb1a932f4,97170c28efde1b426f1c52348fe1c086,6560211a19b47992c3666cc44a7e94c0,7.97,129.00
9bafbb16dccffbb09e9d88acb1a932f4#2,9bafbb16dccffbb09e9d88acb1a932f4,8a5835aeef83efa6aa947f84f92deb0e,6560211a19b47992c3666cc44a7e94c0,7.97,65.00
9bbd037f106d5d924f8fa73e2223a8e8#1,9bbd037f106d5d924f8fa73e2223a8e8,0f3288619c16188d156acc3ba91f36ab,87142160b41353c4e5fca2360caf6f92,14.52,19.90
9bcfea969358b43046969a17bfa436b9#1,9bcfea969358b43046969a17bfa436b9,0780ab4d63c3fa0b95d7f17f66a3444c,714b9a1332840f257b49f476bea4e341,35.55,249.99
9bd90698ab1e822ca4cb1e2a0de42fd4#1,9bd90698ab1e822ca4cb1e2a0de42fd4,53b36df67ebb7c41585e8d54d6772e08,7d13fca15225358621be4086e1eb0964,0.00,99.90
9bdc2095c034062781104665d6e3b9b6#1,9bdc2095c034062781104665d6e3b9b6,ffc9caf33e2d1e9f44e3e06da19085f7,b18dc380845b24038cfc48006478f099,17.65,199.89
9be42eec91e05104d84b81e71a9e6b81#1,9be42eec91e05104d84b81e71a9e6b81,b4b41230d7134dd767bc903a9c773f18,624f4ece8da4aafb77699233d480f8ef,29.91,219.00
9bf7384574b699b32297382b5df68d09#1,9bf7384574b699b32297382b5df68d09,44a34214a57dc373dcd80f54c919d006,7008613ea464bad5cb9b83456e1e6a8f,17.92,29.50
9c0ca649b4269a45a953747ae381d37c#1,9c0ca649b4269a45a953747ae381d37c,d04857e7b4b708ee8b8b9921163edba3,9f505651f4a6abe901a56cdc21508025,18.66,79.99
9c104b0d2f584506ce7b30bab9d2dd95#1,9c104b0d2f584506ce7b30bab9d2dd95,93399fcfc1e2c0a01ea544754fddeed0,ef506c96320abeedfb894c34db06f478,15.10,38.99
9c1becadc6a0c6445eb02167b8d1bbff#1,9c1becadc6a0c6445eb02167b8d1bbff,5038cd913f549498c7e7251739050b0e,537eb890efff034a88679788b647c564,16.79,19.90
9c30d1a4692fbd9418f2404ada176ccd#1,9c30d1a4692fbd9418f2404ada176ccd,c94d19d021d4a8fbae5a45f904aeea90,701938c450705b8ae65fc923b70f35c7,34.04,109.97
9c54a1816e487456bb7eb5082b9823ff#1,9c54a1816e487456bb7eb5082b9823ff,985c412b0ac92ed9d8a76bbeab6d44eb,1554a68530182680ad5c8b042c3ab563,17.22,68.90
9c5b6f458d5e5f8e372c112f8b658af6#1,9c5b6f458d5e5f8e372c112f8b658af6,e5eadf9be70a4a9fa514019542fc330a,4559697a8f7e637227c2eeaed843baff,14.58,69.90
9c5f3018cce3b5a74df31586dae02c4a#1,9c5f3018cce3b5a74df31586dae02c4a,c7dd80b25977a47ab7ca338ec01aacda,6560211a19b47992c3666cc44a7e94c0,15.77,95.00
9c6fa2375d04ebce9627208eff6aa01b#1,9c6fa2375d04ebce9627208eff6aa01b,7ac5f520abfc0589418bc7c76cea7a7c,8160255418d5aaa7dbdc9f4c64ebda44,15.17,122.90
9c8ee769e2dd71e30f9db37f2c2606de#1,9c8ee769e2dd71e30f9db37f2c2606de,1613b819ab5dae53aead2dbb4ebdb378,16090f2ca825584b5a147ab24aa30c86,18.23,27.90
9ca192d3fd38d4aff0c137f84cf7e121#1,9ca192d3fd38d4aff0c137f84cf7e121,237629a2fbb505d4db6ef67408dcf5bf,7b7ed56ae755e2880f2b69632e839c1e,19.04,18.90
9ca8a98b31ed734b2db90fca420cda8e#1,9ca8a98b31ed734b2db90fca420cda8e,4ae634441e444ca4bc85903cafe98d73,92eb0f42c21942b6552362b9b114707d,10.96,13.98
9cd88e173978b7414b46e60ddc882ae2#1,9cd88e173978b7414b46e60ddc882ae2,368c6c730842d78016ad823897a372db,1f50f920176fa81dab994f9023523100,17.67,59.90
9cd88e173978b7414b46e60ddc882ae2#2,9cd88e173978b7414b46e60ddc882ae2,368c6c730842d78016ad823897a372db,1f50f920176fa81dab994f9023523100,17.67,59.90
9ce36e2fe5d89681ffcdc294ea7363ac#1,9ce36e2fe5d89681ffcdc294ea7363ac,ee97db3ef647a016f3bb7376f8a3ffcd,dee656f0f566ed1aa85bd137c943f08f,50.85,35.90
9ceb8ab5165cefecdddb546cb5a6362b#1,9ceb8ab5165cefecdddb546cb5a6362b,d9235fea02ba3f9fafcd78d898ac4355,dee656f0f566ed1aa85bd137c943f08f,18.09,120.00
9cf566da5a3277749dbd61fa060e8110#1,9cf566da5a3277749dbd61fa060e8110,331e79a28ee5afbb321a3146653085f2,7c67e1448b00f6e969d365cea6b010ab,45.58,159.99
9cf7337281a128f4f29a2f476c733601#1,9cf7337281a128f4f29a2f476c733601,3b42242085259cb66b6e577ae5173c76,972d0f9cf61b499a4812cf0bfa3ad3c4,47.01,69.20
9cff15929217597cae032b555b2bed95#1,9cff15929217597cae032b555b2bed95,52c80cedd4e90108bf4fa6a206ef6b03,a1043bafd471dff536d0c462352beb48,29.50,139.00
9d033f810cbd1a45838c0d451bbae981#1,9d033f810cbd1a45838c0d451bbae981,2b849e71ada03a262ef4338a7abd8b79,f8db351d8c4c4c22c6835c19a46f01b0,12.07,104.90
9d047c83463a30fcc3f2b361d9a33d2f#1,9d047c83463a30fcc3f2b361d9a33d2f,aea8161ed6bc3b11628cd393fd03486a,e5a3438891c0bfdb9394643f95273d8e,18.23,28.70
9d2a11bab82354e3c134c7212988228a#1,9d2a11bab82354e3c134c7212988228a,9ef3514cbcbf73d8b7d294036f99737f,b33aaadd1a8891d2dfef0c4c3bdf0371,34.70,87.00
9d35749dad6abb761c340266c0c206cb#1,9d35749dad6abb761c340266c0c206cb,c8c7240481136f4822c22a80e718f304,8c16d1f32a54d92897cc437244442e1b,15.10,48.90
9d43eaf1f72a6d200577517c4e4265e0#1,9d43eaf1f72a6d200577517c4e4265e0,bee2e070c39f3dd2f6883a17a5f0da45,4e922959ae960d389249c378d1c939f5,15.73,140.00
9d48a2dfef2e0cb6155f816b9bf8489c#1,9d48a2dfef2e0cb6155f816b9bf8489c,ac85747ff00cf2a5cb1ef0901c7b21af,8b321bb669392f5163d04c59e235e066,7.39,12.65
9d513821c0477231fc7c1bfd684d13d8#1,9d513821c0477231fc7c1bfd684d13d8,fd424396761d9e1609c5516b7d8ce17b,8581055ce74af1daba164fdbd55a40de,15.67,80.40
9d513821c0477231fc7c1bfd684d13d8#2,9d513821c0477231fc7c1bfd684d13d8,fd424396761d9e1609c5516b7d8ce17b,8581055ce74af1daba164fdbd55a40de,15.67,80.40
9d531c565e28c3e0d756192f84d8731f#1,9d531c565e28c3e0d756192f84d8731f,807b2de93dbb064bbc82dc6ac963bc61,903037660cf848a717166eb7a06d616e,14.10,25.99
9d5dfd77cf32bd319a504f77a137491b#1,9d5dfd77cf32bd319a504f77a137491b,e15f2eb4bd9c94996e56cc76c1394361,1d2732ef8321502ee8488e8bed1ab8cd,17.26,185.00
9d8698c08be0d1824923f62270dd0d3f#1,9d8698c08be0d1824923f62270dd0d3f,d5ef840497eb48a751179b06d1efd063,c9aafcd0621b2207c10e32c649cada4d,13.52,32.00
9db0b5f3481614484592866ec7c902f3#1,9db0b5f3481614484592866ec7c902f3,dd1759836cc99a88be1a42bf6673abe0,fe2032dab1a61af8794248c8196565c9,14.93,169.00
9db142d94f2d44a068cfb9ea5da54456#1,9db142d94f2d44a068cfb9ea5da54456,f5f0e64686adaf487590fbb8a75a1d2c,c3867b4666c7d76867627c2f7fb22e21,27.43,193.00
9db49839ad325c2bf4303df727694be2#1,9db49839ad325c2bf4303df727694be2,39aa98469aa7460a9764311b3f8efb12,391fc6631aebcf3004804e51b40bcf1e,16.79,45.95
9db4c3ce35bd9bdf6b8eb62c68eb4415#1,9db4c3ce35bd9bdf6b8eb62c68eb4415,c1ed7eeb2ac3e40d069da245ac1d3492,c33847515fa6305ce6feb1e818569f13,27.50,79.00
9db4c3ce35bd9bdf6b8eb62c68eb4415#2,9db4c3ce35bd9bdf6b8eb62c68eb4415,5101f008a270fb10336de6703f32221e,c33847515fa6305ce6feb1e818569f13,27.50,79.00
9db84495f43c7c241929f3c0380dc27b#1,9db84495f43c7c241929f3c0380dc27b,fe31b2791161c24e921f90788d443e1c,8444e55c1f13cd5c179851e5ca5ebd00,21.66,482.90
9dc2868be613a3a34ca73f26600dcebc#1,9dc2868be613a3a34ca73f26600dcebc,fdbfd4cec6db6e89f22d9aa2c4839eed,09f952a5f58d2285b0372551ae8f9b01,27.80,459.99
9dc439a9d732ca991174a53f114c3cde#1,9dc439a9d732ca991174a53f114c3cde,41150780d8eb1857e9575c5e3c23c0f0,2528513dd95219a6013d4d05176e391a,12.60,199.00
9dc8d1a6f16f1b89874c29c9d8d30447#1,9dc8d1a6f16f1b89874c29c9d8d30447,a2ff5a97bf95719e38ea2e3b4105bce8,0015a82c2db000af6aaaf3ae2ecb0532,21.02,895.00
9dc9f2ae74e006656a3312dd31e76b5f#1,9dc9f2ae74e006656a3312dd31e76b5f,fb6782985a98aa8a59238f58239f6f1e,955fee9216a65b617aa5c0531780ce60,20.05,79.99
9ddb3509f5be4a428dd17530849d4d25#1,9ddb3509f5be4a428dd17530849d4d25,6c8b2975a4a05d1f36948b20753b29ca,955fee9216a65b617aa5c0531780ce60,11.37,50.00
9de375e01aa3f39d32001e75abd82b99#1,9de375e01aa3f39d32001e75abd82b99,45746155b8481c23a21eb4645c306438,0a85ebe4e328db81ac9109781205e2f7,8.57,59.00
9defaf92cff22420e4e8ef7784815a55#1,9defaf92cff22420e4e8ef7784815a55,cf944645d4ff2a3eed3ae17f641ea861,a6fe7de3d16f6149ffe280349a8535a0,12.79,49.90
9dfbb7e30aa5cef397424ccd6e8edb36#1,9dfbb7e30aa5cef397424ccd6e8edb36,8c96a6969d0fad20629fec9c1ea45e02,06bb3a2fe5e7b7a845b13e8fb91bd944,14.26,72.90
9e1571408c90f2235bf00d6fd15f8d51#1,9e1571408c90f2235bf00d6fd15f8d51,9a63d4ef456702710823c21b8cca0332,817245bcc3badd82bbd222e0366951a6,26.47,169.90
9e3239dcd0d89b2b4e9315e93f265c84#1,9e3239dcd0d89b2b4e9315e93f265c84,9ffe607c48a0473e200e4035bf97de49,1d503743d2526f03f0c2c89540ee008c,22.13,59.99
9e3645ad2be5ec175726706b2c3ac642#1,9e3645ad2be5ec175726706b2c3ac642,b80921007ed3f68cf6e536e6daf08610,ea8482cd71df3c1969d7b9473ff13abc,15.10,29.99
9e40d6ad0e658dbe287498d89f222d18#1,9e40d6ad0e658dbe287498d89f222d18,6dbfe807ef0967e3a7136dee5bbe90ed,93dc87703c046b603023e75222018b45,16.13,179.00
9e5e54c4be8f6625005c76b7f8801ee8#1,9e5e54c4be8f6625005c76b7f8801ee8,2ea92fab7565c4fe9f91a5e4e1756258,3d871de0142ce09b7081e2b9d1733cb1,17.23,69.90
9e6bc602a2466daa94736f31d1319c5d#1,9e6bc602a2466daa94736f31d1319c5d,f4387cd405b21509803344d044ac2c3c,fa1c13f2614d7b5c4749cbc52fecda94,6.88,254.90
9e6bc602a2466daa94736f31d1319c5d#2,9e6bc602a2466daa94736f31d1319c5d,43423cdffde7fda63d0414ed38c11a73,b1fc4f64df5a0e8b6913ab38803c57a9,17.19,77.67
9e6e335c851fd08c6e1b22a0d70bb540#1,9e6e335c851fd08c6e1b22a0d70bb540,af56e0203193f066ed64cbbbbf95ae6a,ef990a83bbea832f36ebe81376335aa8,18.20,89.90
9e7298f5bfed83404b628b69f965c94d#1,9e7298f5bfed83404b628b69f965c94d,ec5b3c8bb77ad22278f6e9d719a83de3,4a3ca9315b744ce9f8e9374361493884,15.10,12.90
9e79eaf24f3a351f51692b227136741e#1,9e79eaf24f3a351f51692b227136741e,1686ad611d0c19159f8052758f93f660,562fc2f2c2863ab7e79a9e4388a58a14,22.93,29.99
9eb401aae2d502a73f4a27f97d3bebf5#1,9eb401aae2d502a73f4a27f97d3bebf5,a291cc846d74d97f01611894f983073b,de722cd6dad950a92b7d4f82673f8833,20.02,189.90
9eb401aae2d502a73f4a27f97d3bebf5#2,9eb401aae2d502a73f4a27f97d3bebf5,a291cc846d74d97f01611894f983073b,de722cd6dad950a92b7d4f82673f8833,20.02,189.90
9eb401aae2d502a73f4a27f97d3bebf5#3,9eb401aae2d502a73f4a27f97d3bebf5,a291cc846d74d97f01611894f983073b,de722cd6dad950a92b7d4f82673f8833,20.02,189.90
9ec69e593c93e73dea5c433c653e8d46#1,9ec69e593c93e73dea5c433c653e8d46,ce6f74096c84567f22728c84f3d6e7fc,8160255418d5aaa7dbdc9f4c64ebda44,23.35,109.90
9eda5cd4fa8caf92f0886bcc15b98577#1,9eda5cd4fa8caf92f0886bcc15b98577,89e4362d74afa10ac57f8d67210132a6,dbc22125167c298ef99da25668e1011f,14.98,96.80
9edb4a65f2f453139e9dba567889dc0e#1,9edb4a65f2f453139e9dba567889dc0e,50d77758742285ff49f340ebdf0df5a7,d91fb3b7d041e83b64a00a3edfb37e4f,16.11,26.00
9edcd3a848a4995853a247201493b4d7#1,9edcd3a848a4995853a247201493b4d7,d8c83b90d022e897454430e70afdc5d3,7142540dd4c91e2237acb7e911c4eba2,14.00,139.90
9edd9058babbac571631bfc8092e47c3#1,9edd9058babbac571631bfc8092e47c3,c7b3cf9de7be95b3e09e7a63315685eb,5dceca129747e92ff8ef7a997dc4f8ca,33.15,99.90
9eee5730bfa05aa51dea08370c871abb#1,9eee5730bfa05aa51dea08370c871abb,aa4c5e610242fdfd79969a9577dfe112,53e4c6e0f4312d4d2107a8c9cddf45cd,17.74,69.99
9f035a4126d6f9cf43447e9b8eb6abae#1,9f035a4126d6f9cf43447e9b8eb6abae,362e37b5c8826ef516a607cb5f99b8f1,6d66611d7c44cc30ce351abc49a68421,65.10,229.90
9f188fd1c4dddf39da5a0db98006c240#1,9f188fd1c4dddf39da5a0db98006c240,26e253f334cf93847fcbf6e9faf51eb4,955fee9216a65b617aa5c0531780ce60,23.50,169.00
9f1cbfd860863f340881bcfef13fc3eb#1,9f1cbfd860863f340881bcfef13fc3eb,822c9ab05e9b8114704a5b2cd8639585,a888faf2d1baececa6baf9c3d603ee1f,45.67,259.90
9f2c6714edee90964b0b631c22a22448#1,9f2c6714edee90964b0b631c22a22448,27f0ec8644d62c85b25674aaa6d1124c,42fa4ee7240e9b8eb4576358ec142ba7,38.70,165.00
9f2da077d2d1eb6e8abcacef8776e941#1,9f2da077d2d1eb6e8abcacef8776e941,5e3555ed62835dd67704d40a72678cfd,bbad7e518d7af88a0897397ffdca1979,14.10,39.90
9f2ff91a3b8c4c34b7847c9c68971cfd#1,9f2ff91a3b8c4c34b7847c9c68971cfd,d2c7a1e57b8f3e74095798f867334b36,6560211a19b47992c3666cc44a7e94c0,1.39,49.00
9f2ff91a3b8c4c34b7847c9c68971cfd#2,9f2ff91a3b8c4c34b7847c9c68971cfd,24820a1196d38b337b214cbe699410ed,6560211a19b47992c3666cc44a7e94c0,13.85,55.00
9f39472adcdca3e6eeaf227576a1a427#1,9f39472adcdca3e6eeaf227576a1a427,0aabfb375647d9738ad0f7b4ea3653b1,37515688008a7a40ac93e3b2e4ab203f,11.85,24.50
9f42ba3ab7f23f1ce0a717cfc841a9ab#1,9f42ba3ab7f23f1ce0a717cfc841a9ab,45db4516caf5bf0516fb08b73fd14d1e,f262cbc1c910c83959f849465454ddd3,14.10,26.99
9f57815d406a0864b852f229ee3aadff#1,9f57815d406a0864b852f229ee3aadff,7737a63b27d4c4ec7592e8429ad7f554,e9779976487b77c6d4ac45f75ec7afe9,8.51,109.00
9f63ac5c9ccec372d7d7ab7a8ae39243#1,9f63ac5c9ccec372d7d7ab7a8ae39243,77f374d14bd53f0ed5f29613363973b2,2f9b7ce230a057a98a9f5df5893ee36c,16.60,17.38
9f87f15dfa076198ed479efbb1036dc5#1,9f87f15dfa076198ed479efbb1036dc5,5115d8cd6438c0c4d8abdf38d5d41ebd,6560211a19b47992c3666cc44a7e94c0,11.98,69.00
9f882c1f904b7dd156572ada58d7a7ae#1,9f882c1f904b7dd156572ada58d7a7ae,ca92f5c2276bfd491db575cd9de5a70d,7142540dd4c91e2237acb7e911c4eba2,17.84,84.90
9f8d175d959554b7edef8908797f42bc#1,9f8d175d959554b7edef8908797f42bc,9bb8ca338e5588c361e34eae02e8fad6,620c87c171fb2a6dd6e8bb4dec959fc6,17.67,59.90
9f8d175d959554b7edef8908797f42bc#2,9f8d175d959554b7edef8908797f42bc,9bb8ca338e5588c361e34eae02e8fad6,620c87c171fb2a6dd6e8bb4dec959fc6,17.67,59.90
9f98d6530155e3b3869f47e53834b562#1,9f98d6530155e3b3869f47e53834b562,7ab21257ee876b3897bd55046d3d81d3,b2ba3715d723d245138f291a6fe42594,16.86,299.90
9fa33f47b8defffcb858b25dff6c55e6#1,9fa33f47b8defffcb858b25dff6c55e6,aca2eb7d00ea1a7b8ebd4e68314663af,955fee9216a65b617aa5c0531780ce60,19.98,69.90
9faeb9b2746b9d7526aef5acb08e2aa0#1,9faeb9b2746b9d7526aef5acb08e2aa0,f48eb5c2fde13ca63664f0bb05f55346,f7ba60f8c3f99e7ee4042fdef03b70c4,15.52,60.00
9faeb9b2746b9d7526aef5acb08e2aa0#2,9faeb9b2746b9d7526aef5acb08e2aa0,f48eb5c2fde13ca63664f0bb05f55346,f7ba60f8c3f99e7ee4042fdef03b70c4,15.52,60.00
9fb29dddb4a36fb5a0371b04d33a6991#1,9fb29dddb4a36fb5a0371b04d33a6991,f286c2fe211df4102919d0bed084dddf,ea8482cd71df3c1969d7b9473ff13abc,11.85,24.99
9fc9a2d21f7cc6a9fad3431d2250ead7#1,9fc9a2d21f7cc6a9fad3431d2250ead7,c0603988d17e4588dfce0f7f01978557,17ca9b9e9b9ef8fdb529001b49ebb50f,13.39,35.97
9fc9a2d21f7cc6a9fad3431d2250ead7#2,9fc9a2d21f7cc6a9fad3431d2250ead7,e5bd04e8e3cb77f1a49404d588d3e528,f7ccf836d21b2fb1de37564105216cc1,13.39,31.90
a006e96e455871265c8ca46cf83bf54c#1,a006e96e455871265c8ca46cf83bf54c,6109d0cae3bcb57d579bc0fab6e61814,dbc22125167c298ef99da25668e1011f,14.32,84.90
a0151737f2f0c6c0a5fd69d45f66ceea#1,a0151737f2f0c6c0a5fd69d45f66ceea,725cbfcaff95a4d43742fdf13cf43c75,3504c0cb71d7fa48d967e0e4c94d59d9,7.78,44.99
a0276ec686c0ea314da1e9da49e8a46a#1,a0276ec686c0ea314da1e9da49e8a46a,7ce94ab189134e2d3c05f496d635419c,8b321bb669392f5163d04c59e235e066,16.79,13.65
a027919471097ed720c04340e1495e1c#1,a027919471097ed720c04340e1495e1c,50627d7c3dd43902d64134574befe12f,70a12e78e608ac31179aea7f8422044b,16.84,299.00
a02af2d708eae3995c247d758141efc8#1,a02af2d708eae3995c247d758141efc8,6e77b89d36e50217e6793780a8ce5c82,ea8482cd71df3c1969d7b9473ff13abc,15.79,24.99
a03310d9287cd64790388948501066cf#1,a03310d9287cd64790388948501066cf,317a06884480d645d7f0bc82455ec277,974cf2cb8f4b7add98709c30df02fe10,16.32,79.99
a03ad7057fae696dd18f8967826c209f#1,a03ad7057fae696dd18f8967826c209f,941fede5c398c3c84cac6e6c832c2b11,c68fb906c8f4b4b946d8386bfa6e5467,25.21,52.88
a0411a1811cf1c3c1312372cb0495c6f#1,a0411a1811cf1c3c1312372cb0495c6f,addc4d1f7d82e1b6c5ba37d6559ac127,7202e2ba20579a9bd1acb29e61fe71f6,13.92,179.90
a05cabeed82a5a2e8078c7e6ed14a03a#1,a05cabeed82a5a2e8078c7e6ed14a03a,32b168004f17c743f16bcf5bab0de982,562f8cfc51f265411f487d07e9c40e7f,14.10,49.90
a062c240bb299fa3f0ce55cf05ec8390#1,a062c240bb299fa3f0ce55cf05ec8390,b75a056d7d03227c3a3b60e9ccf518c9,3f995f07c49d0d55a99d5c54957f7d81,18.51,59.00
a06c43ed81f5c604287461f4d21949ce#1,a06c43ed81f5c604287461f4d21949ce,6994675fdff4377e6e1b738094977cf4,b19f3ca2ea475913750f25a5c37c8d8f,28.14,108.90
a06dda7f954798c0ad5a0b24e73b1ddb#1,a06dda7f954798c0ad5a0b24e73b1ddb,6c09be1fc42a113b2f3e558d7df2f133,671585f5a2af58b6e276bc01003c0d2b,15.42,45.00
a077228a07e8b9b735ffd87f50d423e1#1,a077228a07e8b9b735ffd87f50d423e1,49d89239eb92d383e390b38b9bb792c6,3d621842b2ed28e2b474132480edac3c,7.78,14.99
a094215e786240fcfefb83d18036a1cd#1,a094215e786240fcfefb83d18036a1cd,5a848e4ab52fd5445cdc07aab1c40e48,c826c40d7b19f62a09e2d7c5e7295ee2,9.06,122.99
a0b05780db06986cd81518fc9cc9b34d#1,a0b05780db06986cd81518fc9cc9b34d,a19b6951c75da43aad691622dd2f6abe,1025f0e2d44d7041d6cf58b6550e0bfa,13.08,32.99
a0b05780db06986cd81518fc9cc9b34d#2,a0b05780db06986cd81518fc9cc9b34d,a19b6951c75da43aad691622dd2f6abe,1025f0e2d44d7041d6cf58b6550e0bfa,13.08,32.99
a0b05780db06986cd81518fc9cc9b34d#3,a0b05780db06986cd81518fc9cc9b34d,a19b6951c75da43aad691622dd2f6abe,1025f0e2d44d7041d6cf58b6550e0bfa,13.08,32.99
a0ce637ae9c3e3dedcf9dea3715b7331#1,a0ce637ae9c3e3dedcf9dea3715b7331,19c91ef95d509ea33eda93495c4d3481,06a2c3af7b3aee5d69171b0e14f0ee87,20.05,122.99
a0d5b8474423ddf55228373b81a46272#1,a0d5b8474423ddf55228373b81a46272,aca2eb7d00ea1a7b8ebd4e68314663af,955fee9216a65b617aa5c0531780ce60,19.98,69.90
a0e03cdf46a28b86f2d93ccecaeca421#1,a0e03cdf46a28b86f2d93ccecaeca421,99a4788cb24856965c36a24e339b6058,4a3ca9315b744ce9f8e9374361493884,16.24,86.90
a0e6863a821d35dcaeb3eb109f21d443#1,a0e6863a821d35dcaeb3eb109f21d443,11875b30b49585209e608f40e8082e65,669ae81880e08f269a64487cfb287169,15.20,65.00
a0ffdfae1965dbe1b949e79e80e5f289#1,a0ffdfae1965dbe1b949e79e80e5f289,793b8fa20a40b4b14c94ab9681bf13b5,6edacfd9f9074789dad6d62ba7950b9c,17.04,66.90
a10231eb95955f12c2bbc1e34e25c950#1,a10231eb95955f12c2bbc1e34e25c950,473795a355d29305c3ea6b156833adf5,620c87c171fb2a6dd6e8bb4dec959fc6,14.59,59.90
a1031a3fcd990edb954ba03274a2c39d#1,a1031a3fcd990edb954ba03274a2c39d,99ad29366bb604be21e29faa41057d34,2e3be8a987a30d7544dbbda6861cc14e,17.62,550.99
a1044dbf7beb1971c71d7b0f94836313#1,a1044dbf7beb1971c71d7b0f94836313,d309288ee9ab5d3d3326efb574f9b555,08f5819815f3d06545011850bd70f0a8,37.90,142.00
a11ebb9e9f1a018eea99fe7105f2d897#1,a11ebb9e9f1a018eea99fe7105f2d897,9cb2acda8c8e56e0519fa6c974c1dc4b,4b9750c8ad28220fe6702d4ecb7c898f,38.94,94.95
a1244e1c9ad5fe2e15f97c9136ef70ab#1,a1244e1c9ad5fe2e15f97c9136ef70ab,a080d0af331e8a4152c49bfc8113dec9,4830e40640734fc1c52cd21127c341d4,9.34,35.00
a14f7f38d99c7aba5db1566db11660a2#1,a14f7f38d99c7aba5db1566db11660a2,7fb04722aba7a2b632bac8f9819796f3,f3b80352b986ab4d1057a4b724be19d0,19.80,79.90
a17fec30c4ce5a766edee3f4c7701c0f#1,a17fec30c4ce5a766edee3f4c7701c0f,8d29622ad4b816113fa721f21af4f667,392e0502231ae2f8b29994ef6398cd77,14.52,49.90
a184881e0110ee6bba45e5ba8287c638#1,a184881e0110ee6bba45e5ba8287c638,83b00325c13c44245b2c3a2befa62a0e,ad781527c93d00d89a11eecd9dcad7c1,57.79,159.99
a198770e8161a0593a4acdbd70b6681a#1,a198770e8161a0593a4acdbd70b6681a,0adf970bf07772b0f8c88f664e146221,81a1104df0f08b59c68aa5b03cfe398e,21.53,98.63
a1ba9164e568e28f6977c343fb78e9b1#1,a1ba9164e568e28f6977c343fb78e9b1,6109d0cae3bcb57d579bc0fab6e61814,dbc22125167c298ef99da25668e1011f,15.36,72.40
a1d38c97444889282dcb16502b3a8686#1,a1d38c97444889282dcb16502b3a8686,c55ee2882c5321eb3c9277e5c92e50c7,c33847515fa6305ce6feb1e818569f13,81.13,65.15
a1d38c97444889282dcb16502b3a8686#2,a1d38c97444889282dcb16502b3a8686,5f19455f0c3902e89f16a6042bd4221d,900ba814c251a692506d7834c1218441,0.63,414.62
a1f24dcf6e5fc6b0f0cd0b265381767e#1,a1f24dcf6e5fc6b0f0cd0b265381767e,9348fe8a0886b99d1c5d33c28fb0aa48,53e4c6e0f4312d4d2107a8c9cddf45cd,13.37,43.00
a1fa82769a203e30b8faf81cd32e5193#1,a1fa82769a203e30b8faf81cd32e5193,4754d89182db4010eabbf20da5fb7191,8e6cc767478edae941d9bd9eb778d77a,90.10,145.90
a1fa82769a203e30b8faf81cd32e5193#2,a1fa82769a203e30b8faf81cd32e5193,24aba57735be13fd785bc04d1a8812e4,b335c59ab742f751a85db9c411a86739,0.05,205.00
a212cde404c8177ad20508a28c282082#1,a212cde404c8177ad20508a28c282082,7532d12ded8aa3d108d6326a05466bc6,527801b552d0077ffd170872eb49683b,18.15,128.90
a21b149df8e6239ec1b4da7bb48f4deb#1,a21b149df8e6239ec1b4da7bb48f4deb,994ab76f0da3349fffcfe5d598e9babb,8b2492b7ff4468839593fafeed55bad9,22.06,29.99
a21b149df8e6239ec1b4da7bb48f4deb#2,a21b149df8e6239ec1b4da7bb48f4deb,994ab76f0da3349fffcfe5d598e9babb,8b2492b7ff4468839593fafeed55bad9,22.06,29.99
a222e8f1ab02211d0f1b3e374c5e689e#1,a222e8f1ab02211d0f1b3e374c5e689e,198ed1dd26d075dc1e52e1909fc07938,276677b5d08786d5dce7c2149dcce48b,19.82,82.90
a236ae70310b60403c3adac81f96d5e6#1,a236ae70310b60403c3adac81f96d5e6,19c91ef95d509ea33eda93495c4d3481,06a2c3af7b3aee5d69171b0e14f0ee87,63.11,122.99
a236e52ad4592e2e25502b20473e84fc#1,a236e52ad4592e2e25502b20473e84fc,758eb93d6519618b22b2721413074847,f80edd2c5aaa505cc4b0a3b219abf4b8,18.11,44.90
a238c4b12e353d643594bb92d9385e1a#1,a238c4b12e353d643594bb92d9385e1a,9d4907a98d11d8b3254b9997e36e2a32,1c742ac33582852aaf3bcfbf5893abcf,15.79,97.90
a26bfd667ba8c2433195ee30be0fd1d6#1,a26bfd667ba8c2433195ee30be0fd1d6,d787de6a880320609e500adbb90fb9c7,db4350fd57ae30082dec7acbaacc17f9,15.10,21.99
a2b99b6a9c5b0c402cfbabfdbb69918e#1,a2b99b6a9c5b0c402cfbabfdbb69918e,0645b477d9a79945e55ec6be1605b5a0,725c32fa80c2faacc4fc88450d27314e,16.60,49.70
a2bbb88a8a7ebfa655f9172b60fd987f#1,a2bbb88a8a7ebfa655f9172b60fd987f,fbc1488c1a1e72ba175f53ab29a248e8,058fd0aa2bfdb2274e05e1ae971dabb6,14.58,118.00
a2ea081c06c12c25c068089e4985745a#1,a2ea081c06c12c25c068089e4985745a,53b36df67ebb7c41585e8d54d6772e08,7d13fca15225358621be4086e1eb0964,0.00,110.00
a2ec8ff90a5ffced9e2d1853bf3cf609#1,a2ec8ff90a5ffced9e2d1853bf3cf609,e53e557d5a159f5aa2c5e995dfdf244b,88460e8ebdecbfecb5f9601833981930,15.52,109.90
a2fc0d6559cd85b95e1a02c8d97d55ec#1,a2fc0d6559cd85b95e1a02c8d97d55ec,52d9fae94c2e139cde2318ee1e3a9d1f,f262cbc1c910c83959f849465454ddd3,7.39,19.99
a30016fdd70010d634bdbbe5aa016c18#1,a30016fdd70010d634bdbbe5aa016c18,2b849e71ada03a262ef4338a7abd8b79,f8db351d8c4c4c22c6835c19a46f01b0,23.31,104.90
a313d68655c65a778d04823ab8e2e5a2#1,a313d68655c65a778d04823ab8e2e5a2,f39a8b27ce90ac582103bf36f09690dd,16090f2ca825584b5a147ab24aa30c86,16.96,315.00
a3157fa833670799cf5d82abf9188905#1,a3157fa833670799cf5d82abf9188905,8562e2c780a345b609e1b802d7e3e4ae,8160255418d5aaa7dbdc9f4c64ebda44,16.32,79.90
a33e52fbf9a20b226a588f30d9aab612#1,a33e52fbf9a20b226a588f30d9aab612,4a25d757ff72fad7534f478c90be77e6,92eb0f42c21942b6552362b9b114707d,15.10,12.98
a343fba54ffedfe70ec5cd8591f26a5d#1,a343fba54ffedfe70ec5cd8591f26a5d,cfbd9afef85eecef5aecf32844d2bc07,3d871de0142ce09b7081e2b9d1733cb1,19.66,99.00
a34ee4377977a9fb56e0f98a503f0dda#1,a34ee4377977a9fb56e0f98a503f0dda,d938bcfd149a626da38febbe8a669a9e,b17b679f4f5ce2e03ce6968c62648246,25.61,123.90
a36d7e54e381baaef8ecaa526cc3d6a6#1,a36d7e54e381baaef8ecaa526cc3d6a6,052413504e5295cd66ec4ced0b310062,4869f7a5dfa277a7dca6462dcf3b52b2,13.69,178.00
a3868921c7af20ac7aafb5e8b7b5b4ba#1,a3868921c7af20ac7aafb5e8b7b5b4ba,e1ed9c25b42fc1afbc7459cc821a9d44,05d2173d43ea568aa0540eba70d2ca76,15.10,49.00
a3935e4485cd7848426b3c0761728345#1,a3935e4485cd7848426b3c0761728345,bce474cc95b6e77657e10939b0b4248c,7d13fca15225358621be4086e1eb0964,13.75,155.00
a39d3db795a5cf4c8b6c9dd050f0d326#1,a39d3db795a5cf4c8b6c9dd050f0d326,baeb8e1a680cf9e1f13557d74b6cec3d,a36ac007a4d18f865c8d32c3b2402c2d,16.02,129.99
a3a3b0aaa23eddcb93f63fad71f13391#1,a3a3b0aaa23eddcb93f63fad71f13391,9ac56c8e557ff9cf308163daeda7b26b,6d22a1fcebb6dd08c9cd90b92a93e8d0,26.89,46.90
a3b5d696f2dc3df83942f644beb879da#1,a3b5d696f2dc3df83942f644beb879da,aca2eb7d00ea1a7b8ebd4e68314663af,955fee9216a65b617aa5c0531780ce60,13.08,69.90
a3ba21f961c9d61f7502766974371616#1,a3ba21f961c9d61f7502766974371616,955e839e4a1e8af1dc811f11c4a5cdbc,b499c00f28f4b7069ff6550af8c1348a,16.18,59.99
a3bf941183211246f0d42ad757cba127#1,a3bf941183211246f0d42ad757cba127,725cbfcaff95a4d43742fdf13cf43c75,3504c0cb71d7fa48d967e0e4c94d59d9,7.78,44.99
a3d1ef2562cf71542edfed06c1a7b6c8#1,a3d1ef2562cf71542edfed06c1a7b6c8,dd27fbe859b9453b8147c3aaf47623c7,3c3017960b2dbd72711a61f0400aab8f,25.37,89.90
a3de74fbe2db7081a1c0262272cd4283#1,a3de74fbe2db7081a1c0262272cd4283,601a360bd2a916ecef0e88de72a6531a,7a67c85e85bb2ce8582c35f2203ad736,29.26,129.99
a3f03305225173eb1cf3ea5eeb32e583#1,a3f03305225173eb1cf3ea5eeb32e583,46e4940f28c9231a801873e62ca55c53,cc419e0650a3c5ba77189a1882b7556a,11.85,39.99
a4163ebff79ff34a631c57d5350215ae#1,a4163ebff79ff34a631c57d5350215ae,b61a33788606a4ce2fda0452722283d1,d2e753bb80b7d4faa77483ed00edc8ca,51.18,97.00
a41753c6a1d8accb89732e36243432d7#1,a41753c6a1d8accb89732e36243432d7,e3e020af31d4d89d2602272b315c3f6e,94144541854e298c2d976cb893b81343,15.79,29.90
a4591c265e18cb1dcee52889e2d8acc3#1,a4591c265e18cb1dcee52889e2d8acc3,060cb19345d90064d1015407193c233d,8581055ce74af1daba164fdbd55a40de,27.36,147.90
a472cc850b21b27f04a2b80546d3910e#1,a472cc850b21b27f04a2b80546d3910e,6a8631b72a2f8729b91514db87e771c0,128639473a139ac0f3e5f5ade55873a5,12.48,25.90
a47e9312f596497c7762dbfdf78eda29#1,a47e9312f596497c7762dbfdf78eda29,f6863b4410e703a4182444a4ede2e7c2,ba6ce6de456f6c11d08c17701ba5c26f,12.48,59.45
a47e9312f596497c7762dbfdf78eda29#2,a47e9312f596497c7762dbfdf78eda29,f6863b4410e703a4182444a4ede2e7c2,ba6ce6de456f6c11d08c17701ba5c26f,12.48,59.45
a4866dfc455353f48014a2b9a86608a2#1,a4866dfc455353f48014a2b9a86608a2,a9516a079e37a9c9c36b9b78b10169e8,7c67e1448b00f6e969d365cea6b010ab,43.26,126.99
a4866dfc455353f48014a2b9a86608a2#2,a4866dfc455353f48014a2b9a86608a2,a9516a079e37a9c9c36b9b78b10169e8,7c67e1448b00f6e969d365cea6b010ab,43.26,126.99
a48804f66ce775aaca8c304521669e80#1,a48804f66ce775aaca8c304521669e80,3ced865c94d3396f990864fa7aef9104,ea8482cd71df3c1969d7b9473ff13abc,21.15,24.99
a4907d55de6b9e1bbeffd51d8ea317bf#1,a4907d55de6b9e1bbeffd51d8ea317bf,82e4ad16521ca131d95e198d507db370,128639473a139ac0f3e5f5ade55873a5,60.41,18.90
a49c33d90902b75249013813637fbf1c#1,a49c33d90902b75249013813637fbf1c,f9982e3da18bb4f67e0fa0fcca27b8d4,66e0557ecc2b4dbea057e93f215f68d8,17.55,399.00
a4b79dbc2ad1b141dcc00a17f2450a11#1,a4b79dbc2ad1b141dcc00a17f2450a11,bae07c7efc89a25b04daff4b11b7d853,2d50d6282f8aa2257819a77bfaa0efe0,15.34,85.00
a4bc1677b3d60b00fa7992831697d94f#1,a4bc1677b3d60b00fa7992831697d94f,3a7c9b0413d7b9cc7f4a18318fc5afb3,7a67c85e85bb2ce8582c35f2203ad736,12.11,129.99
a4d782cea9ad01e830a3603bc4e7a716#1,a4d782cea9ad01e830a3603bc4e7a716,bee2e070c39f3dd2f6883a17a5f0da45,4e922959ae960d389249c378d1c939f5,17.80,180.00
a4d7c8bca45b56444e3c59ddcca7d7c9#1,a4d7c8bca45b56444e3c59ddcca7d7c9,389d119b48cf3043d311335e499d9c6b,1f50f920176fa81dab994f9023523100,13.44,59.90
a4df4e468e42ed5687c3ee2e925239a7#1,a4df4e468e42ed5687c3ee2e925239a7,58b0b0b3e6b7f8ecd3874db9c141250d,a673821011d0cec28146ea42f5ab767f,15.14,198.00
a4efaffc506a395c9cea7402b078c1e5#1,a4efaffc506a395c9cea7402b078c1e5,e4ad97ce352e46bebac92018f6ed976d,3d871de0142ce09b7081e2b9d1733cb1,29.02,89.00
a5002a450fa93774a5c3f26f67889bf9#1,a5002a450fa93774a5c3f26f67889bf9,c989db5e9fa3ee241a62cf92a4a27a4b,ececbfcff9804a2d6b40f589df8eef2b,11.96,65.99
a50d20f183503ea2b8aa1b506eee3d33#1,a50d20f183503ea2b8aa1b506eee3d33,50b9ed3a22932b28d452c73046083f5d,55a5b51f93f2b70ea513f5a047b0262a,15.10,34.60
a5102272df11ecf366a4e9d4257b672a#1,a5102272df11ecf366a4e9d4257b672a,77ddf7d9682490a7d50e7d580460d4c1,2a84855fd20af891be03bc5924d2b453,19.60,89.90
a5474c0071dd5d1074e12d417078bbd0#1,a5474c0071dd5d1074e12d417078bbd0,1f75be631e988bb0ad750e60e18d043b,fd386aa7bed2af3c7035c65506c9b4a3,7.39,13.99
a558d36bc6548afd19f3cf6728bf7077#1,a558d36bc6548afd19f3cf6728bf7077,08bc541b873d8c1ecd4e6bdd1d287c97,1fdc574883ef3b33ad41562d93f3a74a,9.86,167.00
a558df35f2582dce7a0a683f618ea859#1,a558df35f2582dce7a0a683f618ea859,68bf2e76db1d8e846042e54da87399ca,1a3df491d1c4f1589fc2b934ada68bf2,21.05,79.90
a56c56edb4506114d21cb22affa258f9#1,a56c56edb4506114d21cb22affa258f9,b621b4b501b679f21cf155135207503b,7b1222c3624aa89b9558b50a2594188c,36.67,409.99
a56f9a0588c3c7aaaa93f193bd7c7cd3#1,a56f9a0588c3c7aaaa93f193bd7c7cd3,7b5d8be0e04080e4c8ee6a7ec2f1f597,1025f0e2d44d7041d6cf58b6550e0bfa,16.32,35.00
a56f9a0588c3c7aaaa93f193bd7c7cd3#2,a56f9a0588c3c7aaaa93f193bd7c7cd3,7b5d8be0e04080e4c8ee6a7ec2f1f597,1025f0e2d44d7041d6cf58b6550e0bfa,16.32,35.00
a56f9a0588c3c7aaaa93f193bd7c7cd3#3,a56f9a0588c3c7aaaa93f193bd7c7cd3,7b5d8be0e04080e4c8ee6a7ec2f1f597,1025f0e2d44d7041d6cf58b6550e0bfa,16.32,35.00
a57a5bbb57b15b49050bc6a58a2f240e#1,a57a5bbb57b15b49050bc6a58a2f240e,3e086c8507756d8b53e4b0f676e7f42d,1838dd9b8977065acf51d95e0053ea7a,9.09,39.90
a5875ee134166b373cc08cbea838760c#1,a5875ee134166b373cc08cbea838760c,6ac9af102b44f348819e072be3bb57c2,138dbe45fc62f1e244378131a6801526,9.09,48.90
a58784d285ddd015fd7bd46c9a067ce8#1,a58784d285ddd015fd7bd46c9a067ce8,004636c889c7c3dad6631f136b7fa082,e333046ce6517bd8bb510291d44f0130,14.44,49.00
a58784d285ddd015fd7bd46c9a067ce8#2,a58784d285ddd015fd7bd46c9a067ce8,004636c889c7c3dad6631f136b7fa082,e333046ce6517bd8bb510291d44f0130,14.44,49.00
a58d74cd27d1a011ef6d4876466cee70#1,a58d74cd27d1a011ef6d4876466cee70,2e830c73f28d3b8542af03cf2637dfc4,8b321bb669392f5163d04c59e235e066,18.23,11.60
a5a13962daf17458e2139021d0ba97f3#1,a5a13962daf17458e2139021d0ba97f3,0cbc07d4b85c30f4eb6394504185f8f5,06a2c3af7b3aee5d69171b0e14f0ee87,22.95,64.99
a5a6a37b03ab138756330778a96a5e3c#1,a5a6a37b03ab138756330778a96a5e3c,4298b7e67dc399c200662b569563a2b2,88460e8ebdecbfecb5f9601833981930,22.80,124.90
a5c81bfe0a74d9a415cff0ed027f468d#1,a5c81bfe0a74d9a415cff0ed027f468d,530b2adc666f8f1553e3590543920a72,f7720c4fa8e3aba4546301ab80ea1f1b,16.92,39.70
a5d3eeeb605f6e2ce95e590543148234#1,a5d3eeeb605f6e2ce95e590543148234,43d2e0df7224cb1c252c23cf36d597ad,45ba18c210d42734ec52c0c1c574e9ee,12.44,157.89
a5df4819e2227684e86dc2959b9ae9d6#1,a5df4819e2227684e86dc2959b9ae9d6,310b993294194cea025dcc9c23637b62,32b8764b4ef628b53608fc34011fcc13,79.33,179.00
a5edec799559e5ad6a1afa8ad782a771#1,a5edec799559e5ad6a1afa8ad782a771,87fb220044e9aca16fbec51c6c997aa0,8ae520247981aa06bc94abddf5f46d34,18.79,99.00
a5fc3fd8cb616492cc41918cb96a5fe2#1,a5fc3fd8cb616492cc41918cb96a5fe2,cfb763496d9fc48751a27db4fd02aa2d,391fc6631aebcf3004804e51b40bcf1e,12.79,49.95
a611321b36103c43fd31f578c7c6e459#1,a611321b36103c43fd31f578c7c6e459,11ea7ef0494533fd1015c7140874cf0e,556a6409838156ea299c9d1f9e2dde43,19.15,114.00
a62ca1ecd2ebb5a76f2df38e3024c324#1,a62ca1ecd2ebb5a76f2df38e3024c324,a842674062d24231d49b8a938c6bb439,0adac9fbd9a2b63cccaac4f8756c1ca8,19.32,28.82
a64331bb3f2dc9398fc61964bbf99296#1,a64331bb3f2dc9398fc61964bbf99296,4a8c87facc0a20b726d5e1112ff3069f,bf3c6d2a28b2b5501e6c15448982dcc9,20.08,119.90
a6456e781cb962cc3f412b04de4fed7b#1,a6456e781cb962cc3f412b04de4fed7b,47ae44a186225b8a87ebb7bf39cc1444,d4e12e7884759a14fa0f5f896c791cae,11.15,54.90
a64f82f41fc81e3678647332227ab689#1,a64f82f41fc81e3678647332227ab689,ff5d7f21d255435967dfbe72b5dcdb57,70a12e78e608ac31179aea7f8422044b,15.10,39.00
a6534e13be8fdab7ccd171198936be57#1,a6534e13be8fdab7ccd171198936be57,c9c6fde711572c1ad99ca12728c6af00,562fc2f2c2863ab7e79a9e4388a58a14,11.85,29.99
a65f65e30792ce1c3492008e544cd0da#1,a65f65e30792ce1c3492008e544cd0da,a41d9e51c365f6e2f5eb1f98fa4097eb,0ac4201fda2c68ebc0e47cb9423cf3c9,37.04,39.99
a660bfa45084c51dc2873306f0c107fb#1,a660bfa45084c51dc2873306f0c107fb,8de310188938fc8abfe1aa7ee927ccd2,1da3aeb70d7989d1e6d9b0e887f97c23,14.10,9.99
a660bfa45084c51dc2873306f0c107fb#2,a660bfa45084c51dc2873306f0c107fb,8de310188938fc8abfe1aa7ee927ccd2,1da3aeb70d7989d1e6d9b0e887f97c23,14.10,9.99
a66765fe402323e56c6304674dea53ec#1,a66765fe402323e56c6304674dea53ec,4e0d588f8e002f2bad9cbe0b8f66f6f6,fc906263ca5083d09dce42fe02247800,15.79,39.90
a678d97aa95d0393384c211a82455e50#1,a678d97aa95d0393384c211a82455e50,23365beed316535b4105bd800c46670e,92eb0f42c21942b6552362b9b114707d,7.78,16.50
a685d016c8a26f71a0bb67821070e398#1,a685d016c8a26f71a0bb67821070e398,ebd7c847c1e1cb69ec374ae0ebee1f4c,391fc6631aebcf3004804e51b40bcf1e,14.36,84.90
a68dcfa331c5289cc9a15c24e3c1e476#1,a68dcfa331c5289cc9a15c24e3c1e476,25f86162fee18735fffdb762dcb10d7c,1a3df491d1c4f1589fc2b934ada68bf2,23.92,149.90
a69bb719ee2c8b4a25bf1a1a5f3ae686#1,a69bb719ee2c8b4a25bf1a1a5f3ae686,5e1fd83e9a7c4730ccc806c248ca0720,03a2a6dcbe45d639c4dc2a0d24769c40,9.45,99.90
a69ddc335f989aa05576bc19f8b9a549#1,a69ddc335f989aa05576bc19f8b9a549,83b00325c13c44245b2c3a2befa62a0e,ad781527c93d00d89a11eecd9dcad7c1,82.08,179.99
a6ae47718cbf5663cae29d4ed03ba272#1,a6ae47718cbf5663cae29d4ed03ba272,15a8b28443e64b840cc27ee2491507d4,f46490624488d3ff7ce78613913a7711,9.30,78.90
a6aeb116d2cb5013eb8a94585b71ffef#1,a6aeb116d2cb5013eb8a94585b71ffef,163e6400e6dadd0fe04775c5e9331fda,855668e0971d4dfd7bef1b6a4133b41b,9.34,50.00
a6b58794fd2ba533359a76c08df576e3#1,a6b58794fd2ba533359a76c08df576e3,47ea90e9a2976bc290c3cdf3b5e0573d,8a432f4e5b471f8da497d7dc517666e2,18.36,69.00
a6b58794fd2ba533359a76c08df576e3#2,a6b58794fd2ba533359a76c08df576e3,d1b1a0e78589ee89279d0be1e4a8b905,8a432f4e5b471f8da497d7dc517666e2,18.36,69.00
a6cd683d4bd3b9b1f0aa37b27f8116d3#1,a6cd683d4bd3b9b1f0aa37b27f8116d3,721b56b7d205d6750e97716593bcb370,5c243662ce92d84573bfaff24c3e3700,20.00,589.90
a6fe431baa19e8ce94388a492ac80d35#1,a6fe431baa19e8ce94388a492ac80d35,9653bfe8d97baee3031ad3d15b73584b,c8b0e2b0a7095e5d8219575d5e7e1181,10.04,174.99
a7076e7aba13de8b66d95a55811290ed#1,a7076e7aba13de8b66d95a55811290ed,10d9c039b5dcb3b2a4a4fd507fd187a0,7ad32824caee82087b3e2e5f33b1bf32,12.79,39.00
a71763b37d5723556f170c6b45f540ed#1,a71763b37d5723556f170c6b45f540ed,a8e9f87b1e5eb60206b63ff80c5ecadc,a2a41aedb70551d4a85aa04dc2fced48,9.34,23.89
a72c97c2e824d70b13a34ed812529337#1,a72c97c2e824d70b13a34ed812529337,d72542d54fc3e2e41ba701982a67b1e6,db4350fd57ae30082dec7acbaacc17f9,14.10,21.99
a7737f6d9208dd56ea498a322ed3c37f#1,a7737f6d9208dd56ea498a322ed3c37f,9cb42a0117f7a4098d69936a6e772481,2138ccb85b11a4ec1e37afbd1c8eda1f,15.10,18.90
a7737f6d9208dd56ea498a322ed3c37f#2,a7737f6d9208dd56ea498a322ed3c37f,57fcacc3434a1f2f2b039c1b4e61f5e1,2138ccb85b11a4ec1e37afbd1c8eda1f,15.10,18.90
a7881f54a20f4f7547971f089438b078#1,a7881f54a20f4f7547971f089438b078,00c744ca2f3b0e76ce227b146095d3f9,75745ef7bc7d4f3ea3380f6f5303f514,15.65,33.90
a79648ef5e1a257af5fde4c5f27040da#1,a79648ef5e1a257af5fde4c5f27040da,d321d5e90b24cba895f0564fc3e15a84,aafe36600ce604f205b86b5084d3d767,15.18,59.90
a7c06c01fe6ddeff25b3c60459b5fcb4#1,a7c06c01fe6ddeff25b3c60459b5fcb4,62d8daeee0db3a60c234c2d1bfd10651,d2374cbcbb3ca4ab1086534108cc3ab7,11.85,24.90
a7c06c01fe6ddeff25b3c60459b5fcb4#2,a7c06c01fe6ddeff25b3c60459b5fcb4,62d8daeee0db3a60c234c2d1bfd10651,d2374cbcbb3ca4ab1086534108cc3ab7,11.85,24.90
a7c8f80297142bb722fe6d1bda6f5fe6#1,a7c8f80297142bb722fe6d1bda6f5fe6,01bd9be7c04525d23a4a901b4abbf56c,7040e82f899a04d1b434b795a43b4617,19.42,159.90
a7cd6af6e0519313887b3c3a120f20ca#1,a7cd6af6e0519313887b3c3a120f20ca,4b703444923b5e57bb73ba343f5ebab7,42b729f859728f5079499127a9c2ef37,7.39,35.90
a7dbcf5043158d6fa72859eead2f3d10#1,a7dbcf5043158d6fa72859eead2f3d10,e1d6e56531bd9c3dfad4f905f81072c7,da8622b14eb17ae2831f4ac5b9dab84a,17.88,89.90
a7ed24c6e9dd5c83996984932b57c9dc#1,a7ed24c6e9dd5c83996984932b57c9dc,75d6b6963340c6063f7f4cfcccfe6a30,cc419e0650a3c5ba77189a1882b7556a,15.15,56.99
a8098c74d0b6846c8dd5ea90952879ce#1,a8098c74d0b6846c8dd5ea90952879ce,48aacddd51c3196ea66bf15d9f131c6b,6cd68b3ed6d59aaa9fece558ad360c0a,14.10,22.50
a81adc3e4219d4699da549a75107de87#1,a81adc3e4219d4699da549a75107de87,5ccdfc35d9cff8db4fa46b83d5712899,238fac594e170b59c6d228f5a4f4f1d9,65.69,119.00
a82922658c32130591989ddab7111ed6#1,a82922658c32130591989ddab7111ed6,6a162a899a815ed15db1689e8efc976c,b94cc9f10ddc85e4ba73a6f7974e7101,17.79,599.90
a840a7a89e3d9137358eb7b9408681fe#1,a840a7a89e3d9137358eb7b9408681fe,ff922797a6771cab4e0c51d482285ec3,062ce95fa2ad4dfaedfc79260130565f,15.80,289.90
a865adb8bec2475e30e835eaf1b9e7d6#1,a865adb8bec2475e30e835eaf1b9e7d6,16078eb07519685083510f372565ddc7,eb4df17aed01d918c65f0f8d650900c0,20.11,318.98
a867d77ca2a1f66f8ef67750c711d074#1,a867d77ca2a1f66f8ef67750c711d074,5db156e0070760934498ba575836d29a,3d871de0142ce09b7081e2b9d1733cb1,13.37,48.90
a87f63f16c37c383775f476c6f22b635#1,a87f63f16c37c383775f476c6f22b635,5538ed283fd2d0e2a1151507e1cbd59c,4da0e408c99d2fdc2126dc9fce518060,17.78,28.00
a88803b061dbc43656aa2d377b834e4a#1,a88803b061dbc43656aa2d377b834e4a,6803077179d24889430188e03fafd31a,128639473a139ac0f3e5f5ade55873a5,20.52,19.90
a88fb9a6e45cb10ebd5ebac6846d1ecf#1,a88fb9a6e45cb10ebd5ebac6846d1ecf,9b5020f2bc3043b993be2559c465e380,99002261c568a84cce14d43fcffb43ea,27.24,100.00
a890088df39d4c062a07081527034784#1,a890088df39d4c062a07081527034784,4fe644d766c7566dbc46fb851363cb3b,c31eff8334d6b3047ed34bebd4d62c36,14.17,110.99
a8aa2cd070eeac7e4368cae3d8222e2b#1,a8aa2cd070eeac7e4368cae3d8222e2b,0a27be3536127164b11173c57f14a2da,fe2032dab1a61af8794248c8196565c9,9.73,219.90
a8aa8c2af7ddd7b246469a7d4a53ed75#1,a8aa8c2af7ddd7b246469a7d4a53ed75,7aac56e58e89831fecb41998f93049ea,41b39e28db005d9731d9d485a83b4c38,19.04,39.90
a8afd0d68136bf98efa8ecc64a0df6c1#1,a8afd0d68136bf98efa8ecc64a0df6c1,cfce05163d94540468fd6c92c62fa5db,b347677812ea483b0f528eaf8cbc09b7,42.20,419.00
a8c3124b7f912401d702018ae0c02b05#1,a8c3124b7f912401d702018ae0c02b05,e0d64dcfaa3b6db5c54ca298ae101d05,2eb70248d66e0e3ef83659f71b244378,15.93,149.90
a8d69f3045be9fa0ea3aac3971741980#1,a8d69f3045be9fa0ea3aac3971741980,566a4f2c4385f36d15c00dfcaae132d1,8b321bb669392f5163d04c59e235e066,14.10,21.90
a8dd3db8266dac551c7fe1da54c8d415#1,a8dd3db8266dac551c7fe1da54c8d415,bb099f12bf2833153c9def3538cb52dc,655220df33262c7e0c4949a147366f94,45.36,129.00
a8f5a2b22f55e0af45b300929d1fdc7d#1,a8f5a2b22f55e0af45b300929d1fdc7d,11b062c710beb867b4897ff2728e828d,ae8bfdbf1c2a2a2dee92d799db0a31c6,17.60,29.99
a9016dde97a6a447890dd748aa844b85#1,a9016dde97a6a447890dd748aa844b85,1e4aad71e70ec3236b054032c42d3494,e7d5b006eb624f13074497221eb37807,12.79,29.99
a910935f581c2ed30ed200064dafbaab#1,a910935f581c2ed30ed200064dafbaab,af51d485dc5255ba2e18b21b550156e6,5dceca129747e92ff8ef7a997dc4f8ca,86.97,258.90
a910f58086d58b3ae6f37aa712d377b9#1,a910f58086d58b3ae6f37aa712d377b9,75d6b6963340c6063f7f4cfcccfe6a30,cc419e0650a3c5ba77189a1882b7556a,15.84,56.99
a910f58086d58b3ae6f37aa712d377b9#2,a910f58086d58b3ae6f37aa712d377b9,75d6b6963340c6063f7f4cfcccfe6a30,cc419e0650a3c5ba77189a1882b7556a,15.84,56.99
a9240539eed71e70690ea5a026f9f419#1,a9240539eed71e70690ea5a026f9f419,dcfe33bfae82bed3b1d9a7d15197f5be,ede0c03645598cdfc63ca8237acbe73d,12.79,23.00
a933a186653455e64fd077551cfcef0b#1,a933a186653455e64fd077551cfcef0b,c2bd03501cf7f4f3a1201e6069155bc0,cca3071e3e9bb7d12640c9fbe2301306,12.70,51.92
a93a558f0f06c1f1e70e57f2928826a5#1,a93a558f0f06c1f1e70e57f2928826a5,b0c61d992e2adf05e5281a2d7f524a1f,f0b47fbbc6dee9aafe415a6e33051b3f,8.72,34.78
a93cc6a86a64ca1f201b78f981adbc25#1,a93cc6a86a64ca1f201b78f981adbc25,c10a7001e8b49dfc03817444b5f2ed81,056b4ada5bbc2c50cc7842547dda6b51,19.01,129.99
a96e4916afbe040afbe005d10eb41523#1,a96e4916afbe040afbe005d10eb41523,9981d5a8b44135a14dffa76e857d2d83,7c67e1448b00f6e969d365cea6b010ab,25.75,176.99
a9750e3434088f124fafaf2cb0109fc9#1,a9750e3434088f124fafaf2cb0109fc9,994ab76f0da3349fffcfe5d598e9babb,8b2492b7ff4468839593fafeed55bad9,7.94,45.04
a978d6eb16b0dd287c64cf99680c15e9#1,a978d6eb16b0dd287c64cf99680c15e9,cbb702235ad267cca951499fa8475606,59fb871bf6f4522a87ba567b42dafecf,25.96,209.99
a98012aa8c697f2bcff9f8c2183e0f2b#1,a98012aa8c697f2bcff9f8c2183e0f2b,c5cb254d666e4420d56b5dc67ff59d29,52f0fe436a347ddad7ed5f9aa4e27eaa,23.51,8.99
a98012aa8c697f2bcff9f8c2183e0f2b#2,a98012aa8c697f2bcff9f8c2183e0f2b,c5cb254d666e4420d56b5dc67ff59d29,52f0fe436a347ddad7ed5f9aa4e27eaa,23.51,8.99
a98012aa8c697f2bcff9f8c2183e0f2b#3,a98012aa8c697f2bcff9f8c2183e0f2b,c6e513054b982283c1cbbb2a45d02d83,f8db351d8c4c4c22c6835c19a46f01b0,0.78,22.90
a98012aa8c697f2bcff9f8c2183e0f2b#4,a98012aa8c697f2bcff9f8c2183e0f2b,c5cb254d666e4420d56b5dc67ff59d29,52f0fe436a347ddad7ed5f9aa4e27eaa,23.51,8.99
a98012aa8c697f2bcff9f8c2183e0f2b#5,a98012aa8c697f2bcff9f8c2183e0f2b,643a66b1dc5dad3de6cb5a41549e72f1,cb6c9f5888a7a090c75beaf615925792,7.84,29.95
a992be673def807818acee325f1c5860#1,a992be673def807818acee325f1c5860,f7b0ee6d481a76a7bed4f0a7d574a6e2,c3cfdc648177fdbbbb35635a37472c53,16.16,199.90
a99b56767df11d454006074f4ba801e1#1,a99b56767df11d454006074f4ba801e1,0d85c435fd60b277ffb9e9b0f88f927a,88460e8ebdecbfecb5f9601833981930,13.72,54.90
a9b151f0c0471d9b2534fa73c9c0e123#1,a9b151f0c0471d9b2534fa73c9c0e123,fc5043902812d122c4e80113ff924c1b,3d871de0142ce09b7081e2b9d1733cb1,46.61,159.90
a9be69fb32d8f98c2a1620823cc03217#1,a9be69fb32d8f98c2a1620823cc03217,d581a9097bc2a13adf46bbd864ee0d08,709e16e2b25c7474d980076c6bfc4806,15.16,59.00
a9cd6c2b2f5fb42940c49246ea7ce08f#1,a9cd6c2b2f5fb42940c49246ea7ce08f,9749139e09929de55d37e68e64b89706,cbd996ad3c1b7dc71fd0e5f5df9087e2,11.92,59.70
a9d574fb4532cc54b608ac0218225ed3#1,a9d574fb4532cc54b608ac0218225ed3,267916420e3477d543e8db15decad252,e067ad2c1c0b48758eb1b5228bcf7a68,13.64,186.00
a9db675620ea42f15fc07297244112c5#1,a9db675620ea42f15fc07297244112c5,3d7e90a312a036ed4ae2ecd2a459a629,8a9260f2b0340411d6d2a56bcf4f7378,18.23,47.00
a9de753e089dd4dadf7d3efa954e26c5#1,a9de753e089dd4dadf7d3efa954e26c5,557313563f418e18cc4a19159774cecd,dc4a0fc896dc34b0d5bfec8438291c80,16.34,83.36
a9ed648a6ef557d5075c383b251b4997#1,a9ed648a6ef557d5075c383b251b4997,e78506414d2563b6414cfd84b7fa0802,fe2032dab1a61af8794248c8196565c9,26.53,179.00
a9f2b777e3bef22265789c831c1bec2e#1,a9f2b777e3bef22265789c831c1bec2e,edfc544c4047e30a3bc73212e414330d,77530e9772f57a62c906e1c21538ab82,14.53,299.00
aa0b425987bdeae4a29c616a2bc3a08a#1,aa0b425987bdeae4a29c616a2bc3a08a,9eacfe990da87a66d7fc95e4f97bad14,6fd52c528dcb38be2eea044946b811f8,24.70,168.98
aa0b425987bdeae4a29c616a2bc3a08a#2,aa0b425987bdeae4a29c616a2bc3a08a,ac1fcaf7402bfbf019afdcce1a784ad4,6fd52c528dcb38be2eea044946b811f8,2.47,58.67
aa0b425987bdeae4a29c616a2bc3a08a#3,aa0b425987bdeae4a29c616a2bc3a08a,d5bf1e6386a450dd26acf14a6f41768f,6fd52c528dcb38be2eea044946b811f8,2.47,58.67
aa0b425987bdeae4a29c616a2bc3a08a#4,aa0b425987bdeae4a29c616a2bc3a08a,50046ff3c7e886839388c4532a5ba24f,6fd52c528dcb38be2eea044946b811f8,2.47,58.67
aa0b425987bdeae4a29c616a2bc3a08a#5,aa0b425987bdeae4a29c616a2bc3a08a,e76572c2ae4cede1e3b2ead512423efe,6fd52c528dcb38be2eea044946b811f8,2.46,58.67
aa0b425987bdeae4a29c616a2bc3a08a#6,aa0b425987bdeae4a29c616a2bc3a08a,b09cd20111b8c27705b617c3b5af7608,6fd52c528dcb38be2eea044946b811f8,24.70,168.98
aa26ab274909dba40108cdcfc216f8b6#1,aa26ab274909dba40108cdcfc216f8b6,0820af09ddc75b84841b1fab4da4be9b,d91fb3b7d041e83b64a00a3edfb37e4f,18.23,10.50
aa2827fbde8f383ae9baf1184f74db87#1,aa2827fbde8f383ae9baf1184f74db87,caa41bf17e27022341da028e79152c4c,f84a00e60c73a49e7e851c9bdca3a5bb,9.54,46.40
aa2827fbde8f383ae9baf1184f74db87#2,aa2827fbde8f383ae9baf1184f74db87,caa41bf17e27022341da028e79152c4c,f84a00e60c73a49e7e851c9bdca3a5bb,9.54,46.40
aa2e81559d88cca16ac122e7627078c8#1,aa2e81559d88cca16ac122e7627078c8,035a4019c8009b57768aa3c1e1ad63a3,82e0a475a88cc9595229d8029273f045,26.43,99.00
aa3b1b308bb7511e14d9d74172de52fa#1,aa3b1b308bb7511e14d9d74172de52fa,8b32eb3053c5c248a5e547f8a1bfb859,f41ce2e25237f9092cd8e6e7516c7a2f,7.78,69.00
aa3babada56030c2ad79976c60d51e79#1,aa3babada56030c2ad79976c60d51e79,84f456958365164420cfc80fbe4c7fab,4a3ca9315b744ce9f8e9374361493884,6.53,87.28
aa45e41799067f67755e2e4e41925aa3#1,aa45e41799067f67755e2e4e41925aa3,d03a3e22b08287c1c29aa67a79f3b2ff,c864036feaab8c1659f65ea4faebe1da,21.54,149.90
aa466a92af916f9f68e56fce7d3a21b1#1,aa466a92af916f9f68e56fce7d3a21b1,4f84ff0aab6b53675317e34f2406ea99,52f9db5cfb423382a2fa5c9e39303202,19.08,139.99
aa5bea3edb5908e4063ffee094543547#1,aa5bea3edb5908e4063ffee094543547,e906fa76a27488f805ba8584a4c10cba,1835b56ce799e6a4dc4eddc053f04066,16.14,53.99
aa732419bf67ca56341e5067fa0bc357#1,aa732419bf67ca56341e5067fa0bc357,b1acb7e8152c90c9619897753a75c973,cc419e0650a3c5ba77189a1882b7556a,7.78,34.99
aaaf314a8cf0d0da71e52c6cd4184cbd#1,aaaf314a8cf0d0da71e52c6cd4184cbd,19c91ef95d509ea33eda93495c4d3481,06a2c3af7b3aee5d69171b0e14f0ee87,30.11,122.99
aadd5a22c7d1dd16b1fe905a302d70e2#1,aadd5a22c7d1dd16b1fe905a302d70e2,ad0bce7600c071e450d162970917de7d,6fd52c528dcb38be2eea044946b811f8,13.08,105.60
ab042583eff2cb1ffe2110a95da95d4b#1,ab042583eff2cb1ffe2110a95da95d4b,66a0a6e02b7f543e5b021ce361f267d4,7a67c85e85bb2ce8582c35f2203ad736,18.23,139.99
ab18ff09f55ca3ccc4dbf5bed2c9036d#1,ab18ff09f55ca3ccc4dbf5bed2c9036d,ea3be87c5c6c69043c9eb7836199c200,4a3ca9315b744ce9f8e9374361493884,18.30,59.90
ab19eec70d9d0fa0b30f290905c806e5#1,ab19eec70d9d0fa0b30f290905c806e5,a961143b53bf771400f1bc6bdf396e8d,5011f0d93373a4c5753adf58ca77af8d,8.27,19.90
ab2e3d4093bad08937a1d844c1a60355#1,ab2e3d4093bad08937a1d844c1a60355,d87bfbfb56d6bd8fbd1c05e83da46e55,218d46b86c1881d022bce9c68a7d4b15,17.46,261.00
ab46b23c27822b224f0e2fcca0f25e63#1,ab46b23c27822b224f0e2fcca0f25e63,835e3f51a6ef088097cc8cf42f08fd17,5058e8c1e82653974541e83690655b4a,59.52,229.99
ab87dc5a5f1856a10640d5f42e4c2fd9#1,ab87dc5a5f1856a10640d5f42e4c2fd9,f8b624d4e475bb8d1bddf1b65c6a64f6,b410bdd36d5db7a65dcd42b7ead933b8,31.90,179.00
ab9a2911bde46933de19f0eef001d3d9#1,ab9a2911bde46933de19f0eef001d3d9,4821fcfd5ac4f89ee295f3ac1f20c7a3,e504a4e2efaa45cbff7e268a2c58c956,17.83,99.90
ab9a2911bde46933de19f0eef001d3d9#2,ab9a2911bde46933de19f0eef001d3d9,88703479ede641552b11881f0d2a6f6b,e504a4e2efaa45cbff7e268a2c58c956,17.83,99.90
abc5ec9ecaec740b498a37f19c29a8c0#1,abc5ec9ecaec740b498a37f19c29a8c0,303719bf7adc0897358c3dcc3c7a6190,bacb1f0ed56ad24198f5810d2b3fe9a5,21.16,119.90
abcb5732ae98a4a1c26bbab6f10d008a#1,abcb5732ae98a4a1c26bbab6f10d008a,d5b703c271f43f9c588a6f512a00f77e,fa40cc5b934574b62717c68f3d678b6d,7.78,32.99
abcbd7d5a339a1f5f553ba84b4d9cc69#1,abcbd7d5a339a1f5f553ba84b4d9cc69,7e775daffa00892bdd6b7672e05dd31d,966cb4760537b1404caedd472cc610a5,23.97,1299.00
ac14a1a3d8c2b071a150eb2990b5ecd8#1,ac14a1a3d8c2b071a150eb2990b5ecd8,399656db7a0d49d36300b81120bffeb1,3b15288545f8928d3e65a8f949a28291,18.16,129.99
ac17381858c4d8a612eb5a12659134af#1,ac17381858c4d8a612eb5a12659134af,8802c7b83ddf545be6b7846f575d2fc5,a72c2f59332659e361d647515c698798,39.34,117.90
ac21545a31cc2f10904bcc68254c1d11#1,ac21545a31cc2f10904bcc68254c1d11,4180a49d4b879e727ad2c8e82a9f4d87,9906e7aa42a3c067b7c9a564d01c4320,22.90,170.30
ac244956f757aeeb76242334254bf9a5#1,ac244956f757aeeb76242334254bf9a5,4eeb3431ff29b8867d4f7b817c298a81,4e922959ae960d389249c378d1c939f5,15.28,75.00
ac28887de5f5bbd520cb77370e8b219d#1,ac28887de5f5bbd520cb77370e8b219d,83d199d296c44101c8c3b5c9c0cce9ea,850f4f8af5ea87287ac68de36e29107f,9.34,69.99
ac2b7c522d811acba0aa270ed3e112e4#1,ac2b7c522d811acba0aa270ed3e112e4,4632bc49b300378ed4f1d48f424d414e,ed859002ad59dbf8cf3602696a6c3000,20.34,294.90
ac4987e64619cf021a4e8fbb9758cc96#1,ac4987e64619cf021a4e8fbb9758cc96,b993dfaf418915ff7d0aa74016f030f7,827f8f69dfa529c561901c4f2e0f332f,15.79,35.90
ac64f79a33bfa575fc5a17e7926df3d5#1,ac64f79a33bfa575fc5a17e7926df3d5,bd9fca6bf4bdcbf4094d7bc11415dfe5,ba90964cff9b9e0e6f32b23b82465f7b,20.60,1099.00
ac71263052acddd3b2031b5937f8fc30#1,ac71263052acddd3b2031b5937f8fc30,349ce46a0e2e20054aa9d80c48af8816,d6b1ce66b035a475f00c017792ff9769,13.28,120.00
ac7a92560a9e99f0a0ab4988102f491b#1,ac7a92560a9e99f0a0ab4988102f491b,4ab7490d3e55de79cae5fc88e1657276,b2479f944e1b90cf8a5de1bbfde284d6,17.88,89.99
ac809d1a80a159ae8a440c726f579700#1,ac809d1a80a159ae8a440c726f579700,bf8df11db5850b8590e3cb397f18a916,1771297ac436903d1dd6b0e9279aa505,16.11,28.18
ac85808794ef111b4689bbdb5ea7f2c9#1,ac85808794ef111b4689bbdb5ea7f2c9,5d66715cc928aadd0074f61332698593,128639473a139ac0f3e5f5ade55873a5,16.79,19.90
ac8cb2fea06770a98357d5e17a82b627#1,ac8cb2fea06770a98357d5e17a82b627,25e2023ed83352bde98dc1490d14c3d8,ff1fb4c404b2efe68b03350a8dc24122,8.85,99.00
acbe07f22f29ad7e5a78f30008cc6ec7#1,acbe07f22f29ad7e5a78f30008cc6ec7,c0e452663c284f3f8e578f390dc3ab21,65a7c0788e4d632ccb5e1b594b87f0bb,11.73,19.30
acbe07f22f29ad7e5a78f30008cc6ec7#2,acbe07f22f29ad7e5a78f30008cc6ec7,c0a0b5aa4507363e601eb90082c9c008,65a7c0788e4d632ccb5e1b594b87f0bb,11.73,19.30
acbe07f22f29ad7e5a78f30008cc6ec7#3,acbe07f22f29ad7e5a78f30008cc6ec7,262855d4dd5b0d39f786a3c86c285c6a,65a7c0788e4d632ccb5e1b594b87f0bb,11.73,19.30
acbe07f22f29ad7e5a78f30008cc6ec7#4,acbe07f22f29ad7e5a78f30008cc6ec7,7d873ae7ba4e637167c1a8d544bd6af8,65a7c0788e4d632ccb5e1b594b87f0bb,11.73,19.30
acce194856392f074dbf9dada14d8d82#1,acce194856392f074dbf9dada14d8d82,d70f38e7f79c630f8ea00c993897042c,977f9f63dd360c2a32ece2f93ad6d306,48.64,90.90
acce194856392f074dbf9dada14d8d82#2,acce194856392f074dbf9dada14d8d82,9451e630d725c4bb7a5a206b48b99486,d673a59aac7a70d8b01e6902bf090a11,48.64,39.50
acdfcbe0149e3453b90ae4da5a27dfd3#1,acdfcbe0149e3453b90ae4da5a27dfd3,59cca754c20b7b0322b24dab95a81be5,f76a3b1349b6df1ee875d1f3fa4340f0,30.53,104.00
acf579dc44e10bf23cabf01d80f9f62c#1,acf579dc44e10bf23cabf01d80f9f62c,2948658cb6abc82847412be7201bfc4c,955fee9216a65b617aa5c0531780ce60,39.13,120.00
ad0ae09a07feb323ebb93e791ab88917#1,ad0ae09a07feb323ebb93e791ab88917,4fe644d766c7566dbc46fb851363cb3b,c31eff8334d6b3047ed34bebd4d62c36,12.03,99.99
ad133696906f6a78826daa0911b7daec#1,ad133696906f6a78826daa0911b7daec,bff381f7e26b290f53b9f5669eb7dfd5,5b85809efd0d0e4dea1a9544e1280ed9,19.50,199.90
ad1ffca90f5325d0f320f2b0f54eb114#1,ad1ffca90f5325d0f320f2b0f54eb114,f71f42e2381752836563b70beb542f80,85d9eb9ddc5d00ca9336a2219c97bb13,16.79,31.90
ad21c59c0840e6cb83a9ceb5573f8159#1,ad21c59c0840e6cb83a9ceb5573f8159,65266b2da20d04dbe00c5c2d3bb7859e,2c9e548be18521d1c43cde1c582c6de8,8.72,19.90
ad27779fb29796c8d798f29aefedf3d0#1,ad27779fb29796c8d798f29aefedf3d0,8983a3b149303c013fceabef902e835a,9f505651f4a6abe901a56cdc21508025,20.74,99.00
ad2b0f4fd912cd3c834e5976c46b75b7#1,ad2b0f4fd912cd3c834e5976c46b75b7,f5c0c21094c05855d475bc3890adb6dd,1fdc574883ef3b33ad41562d93f3a74a,10.46,335.00
ad2cb7174d08a12cbc905429e2027c96#1,ad2cb7174d08a12cbc905429e2027c96,d070415dddac66bcbc0a2e4f253c0f81,712e6ed8aa4aa1fa65dab41fed5737e4,126.91,299.00
ad2cb7174d08a12cbc905429e2027c96#2,ad2cb7174d08a12cbc905429e2027c96,d070415dddac66bcbc0a2e4f253c0f81,712e6ed8aa4aa1fa65dab41fed5737e4,126.91,299.00
ad2cd0c1191ac47da3a52b1bf112b391#1,ad2cd0c1191ac47da3a52b1bf112b391,1a264b7839c199ba4df21d5284492650,3492e68f37fd1df87f4f2f2ea247f445,7.91,23.98
ad42f04485e4f6eea616c0cdac1db05c#1,ad42f04485e4f6eea616c0cdac1db05c,f651a1feed5aa6608d52c05f6c435145,ba6b4a237f92479743cf0ca06b67a9ac,15.66,79.90
ad44a0bda2bbb5a18a19f298832cd566#1,ad44a0bda2bbb5a18a19f298832cd566,bda12489ccff8dd18c899c64cc6411b8,10264f60a8f0a4d2f30810f5c661c673,7.68,59.90
ad4c9fc51e6080fe19b1e0a62752d55d#1,ad4c9fc51e6080fe19b1e0a62752d55d,aede48631330269f65a8d680de491657,dbc22125167c298ef99da25668e1011f,14.31,82.90
ad7ddb009f1bcd6c40cb1106471c292c#1,ad7ddb009f1bcd6c40cb1106471c292c,06c950c36d589b39b34f5dc1d4a75e29,edb1ef5e36e0c8cd84eb3c9b003e486d,21.47,480.65
ad807dc9b0ee5724709ced19ab71525a#1,ad807dc9b0ee5724709ced19ab71525a,af8533a77adce26dca87480c4c5c9af4,f5a590cf36251cf1162ea35bef76fe84,39.67,699.00
ad982819d59bc6c0fc50e08c0ee19e05#1,ad982819d59bc6c0fc50e08c0ee19e05,b3da35152fd4ba6d1e3a536235e7a494,f45122a9ab94eb4f3f8953578bc0c560,28.75,26.99
add2976dccd076ad28a521b9f86c1012#1,add2976dccd076ad28a521b9f86c1012,acdffc304400a49352181f5ee9a47c52,e8b3a3a38279a82f0e5d006d5e5b7d2c,27.24,99.90
ade5be9864c75127b5d9dbec4850da34#1,ade5be9864c75127b5d9dbec4850da34,5cca824e6a0eebe738c8a6381d0d9349,4e922959ae960d389249c378d1c939f5,18.23,45.00
ae0df271cb3c9838b323a5764478703c#1,ae0df271cb3c9838b323a5764478703c,cf5fb18f3ac3f373759295cc8ba3e2c3,1eade46fba20122dc4aefb379f8c636b,23.51,100.99
ae17bb94dfb3eaf396cd393eace1de80#1,ae17bb94dfb3eaf396cd393eace1de80,47969dd948e918289f809be899ddfb4c,014d9a685fd57276679edd00e07089e5,13.47,43.99
ae5e5e33fbc4cfa818e4391563778f66#1,ae5e5e33fbc4cfa818e4391563778f66,c211ff3068fcd2f8898192976d8b3a32,da8622b14eb17ae2831f4ac5b9dab84a,9.09,24.90
ae61611405fa179462dd33ca793d75a3#1,ae61611405fa179462dd33ca793d75a3,4fe644d766c7566dbc46fb851363cb3b,c31eff8334d6b3047ed34bebd4d62c36,14.37,139.99
aea67f89b3841f780d8eed0beabd3398#1,aea67f89b3841f780d8eed0beabd3398,668b1e2b9471f837ba1797832e3f2012,36a968b544695394e4e9d7572688598f,7.57,44.90
aead701d8d2b9b7c1fa1a3aa963fc577#1,aead701d8d2b9b7c1fa1a3aa963fc577,189c49b159a847050e52afe5ec8d42c5,fdb9095204a334cd8872252ffec6f2db,17.52,182.00
aeb12b49be31428bee39c92e36968325#1,aeb12b49be31428bee39c92e36968325,89f055104adb9365d7f7b5c475f77742,6b15924333bd1a741595fe981ea04822,10.96,26.90
aeb4c9d05ab11d7c6c9ca24f8c43bd70#1,aeb4c9d05ab11d7c6c9ca24f8c43bd70,ac480ada5f06d9024eae2c6dd9de4c74,4e06067cc08b3f41d837768d392c3ee3,15.79,7.00
aed7beed304c01b44079208c0d9c16d2#1,aed7beed304c01b44079208c0d9c16d2,d696750e550fd0f733979dd7e5dff921,9de4643a8dbde634fe55621059d92273,16.94,167.99
aef9c99ee1272a501f52167fe0c5631a#1,aef9c99ee1272a501f52167fe0c5631a,ec538f9435c2c6da3874121d51c5c556,ebd2d60905fb58271facef5596b620d3,22.02,199.00
af2565178281d646f828c50111e00308#1,af2565178281d646f828c50111e00308,9da950e8c8c482441f1b93955b21c827,ceaec5548eefc6e23e6607c5435102e7,22.55,209.99
af2565178281d646f828c50111e00308#2,af2565178281d646f828c50111e00308,9da950e8c8c482441f1b93955b21c827,ceaec5548eefc6e23e6607c5435102e7,22.55,209.99
af312feacf16e33a9b01189ded132df4#1,af312feacf16e33a9b01189ded132df4,608e8b2a725333b7f6c8cec028b90698,709e16e2b25c7474d980076c6bfc4806,18.27,55.90
af392de2586db1645a4044ef1e84c47a#1,af392de2586db1645a4044ef1e84c47a,94976cc078d10e74c19c62f0b3b52432,a3e9a2c700480d9bb01fba070ba80a0e,13.99,139.00
af42887f85d980291a066176c4d13709#1,af42887f85d980291a066176c4d13709,e1bf73a530f7e6ea9df12e1238ab7600,827f8f69dfa529c561901c4f2e0f332f,14.10,35.90
af42887f85d980291a066176c4d13709#2,af42887f85d980291a066176c4d13709,f39288f58793ce5e6985b3f7832af88c,827f8f69dfa529c561901c4f2e0f332f,14.10,35.90
af500adf58ab55b8bdd27be8cf81aeba#1,af500adf58ab55b8bdd27be8cf81aeba,89b121bee266dcd25688a1ba72eefb61,2eb70248d66e0e3ef83659f71b244378,15.44,79.90
af5b0604e113e1526593d505a26ef39d#1,af5b0604e113e1526593d505a26ef39d,978859c6048ded0fa8bf3b9ea8236387,813348c996469b40f2e028d5429d3495,8.72,19.90
af66c46c49bdb3bf2f862efb1eb67d81#1,af66c46c49bdb3bf2f862efb1eb67d81,f1d116eef76f1c526a5f2c5ce1daeaeb,cd68562d3f44870c08922d380acae552,11.85,48.00
af9b2bc020f9e2e4baf46e08f5700e51#1,af9b2bc020f9e2e4baf46e08f5700e51,ca00f42e51fa8b6226d4c57ef6557967,fa1c13f2614d7b5c4749cbc52fecda94,19.29,169.90
af9ce0d4f36308fcf461b3f497c24bcb#1,af9ce0d4f36308fcf461b3f497c24bcb,6a057a401eab3b3cb8083d9e42972233,e64d65bc8dbec2accda90c58de5d1246,12.14,149.90
afa17ebff8d7e00d7c9e04860c7ddcea#1,afa17ebff8d7e00d7c9e04860c7ddcea,7c1bd920dbdf22470b68bde975dd3ccf,cc419e0650a3c5ba77189a1882b7556a,14.62,64.99
afa2c425be2efd14c19b4a0aa62f9b59#1,afa2c425be2efd14c19b4a0aa62f9b59,24c66f106f642621e524291a895c9032,620c87c171fb2a6dd6e8bb4dec959fc6,18.86,229.90
afc22368eeb04afb4727cdec59103f90#1,afc22368eeb04afb4727cdec59103f90,2ff995aead9c63a1f37a07b3664ead37,8b9d6eec4a7eb7d0f9d579ce0b38324d,30.33,74.99
afde85ca0156001aaeb789fe4747edda#1,afde85ca0156001aaeb789fe4747edda,d16a25f576e1296fd955eb4136323f21,e9779976487b77c6d4ac45f75ec7afe9,9.07,190.00
afde85ca0156001aaeb789fe4747edda#2,afde85ca0156001aaeb789fe4747edda,d16a25f576e1296fd955eb4136323f21,e9779976487b77c6d4ac45f75ec7afe9,9.07,190.00
afe207b8795179c5b29bc4c2f0052178#1,afe207b8795179c5b29bc4c2f0052178,cfe6e9c01d0bbb5df9a75f0e3286baa9,1d8dbc4f32378d715c717c1c1fc57bae,14.50,110.00
afffe744c625af23449137b8f832e630#1,afffe744c625af23449137b8f832e630,256711bf66dcd14111581476d6cca1aa,6d66611d7c44cc30ce351abc49a68421,17.67,59.90
afffe744c625af23449137b8f832e630#2,afffe744c625af23449137b8f832e630,256711bf66dcd14111581476d6cca1aa,6d66611d7c44cc30ce351abc49a68421,17.67,59.90
afffe744c625af23449137b8f832e630#3,afffe744c625af23449137b8f832e630,256711bf66dcd14111581476d6cca1aa,6d66611d7c44cc30ce351abc49a68421,17.67,59.90
b0121f9117cd8f3e1d9fcfa7c21533d4#1,b0121f9117cd8f3e1d9fcfa7c21533d4,6e2d41323c4b6d240b530b9e68e83de1,7e93a43ef30c4f03f38b393420bc753a,13.81,802.14
b012c1697921f54e80780e034a93c871#1,b012c1697921f54e80780e034a93c871,1b8ee158f59c098470fad33f39660964,1554a68530182680ad5c8b042c3ab563,23.78,139.90
b01875821b8dcb6abc61776f0f971bce#1,b01875821b8dcb6abc61776f0f971bce,a6ad77b15e566298a4e8ee2011ab1255,1025f0e2d44d7041d6cf58b6550e0bfa,39.28,31.80
b01875821b8dcb6abc61776f0f971bce#2,b01875821b8dcb6abc61776f0f971bce,a6ad77b15e566298a4e8ee2011ab1255,1025f0e2d44d7041d6cf58b6550e0bfa,39.28,31.80
b025ae09d0783f8194ec38b10c65acbd#1,b025ae09d0783f8194ec38b10c65acbd,4fce0eab61e01d521044c8b071cdfead,0509040ea3fe50071181bbc359eb7738,12.48,23.80
b028c30dc8af213ae4c26a64446211db#1,b028c30dc8af213ae4c26a64446211db,dfb97c88e066dc22165f31648efe1312,8581055ce74af1daba164fdbd55a40de,15.73,139.00
b02a2e4aaf38eb7c05ef28a6091ae2ce#1,b02a2e4aaf38eb7c05ef28a6091ae2ce,7b0837837bc77c47aff31afc04286281,955fee9216a65b617aa5c0531780ce60,40.19,500.00
b0478e447df29ef9a7efd1eb63de629c#1,b0478e447df29ef9a7efd1eb63de629c,c40b4d64d9a3328382ec1fc2948c4af0,95b293867b5862941c9cd74f756a3c68,11.88,54.90
b06112f703115e6d92f3baf4e2458a5a#1,b06112f703115e6d92f3baf4e2458a5a,f40876e0ef3cd5f9132b1f16b04b1346,620c87c171fb2a6dd6e8bb4dec959fc6,10.97,109.90
b06112f703115e6d92f3baf4e2458a5a#2,b06112f703115e6d92f3baf4e2458a5a,f40876e0ef3cd5f9132b1f16b04b1346,620c87c171fb2a6dd6e8bb4dec959fc6,10.97,109.90
b067f7c5967819ff5e1cff8bd3814a6d#1,b067f7c5967819ff5e1cff8bd3814a6d,f565767fe2205fbf1e7c0d1c2fc5773b,d197aa8fbc64087f61984deef05f6227,15.28,139.00
b06ebf1a46fc060c183c59b092ce49ee#1,b06ebf1a46fc060c183c59b092ce49ee,fb1c85ab4adb8f0fd63d3e2156e51f4b,3fd1e727ba94cfe122d165e176ce7967,12.86,59.90
b08358fdbc23fa2201ce6b08be2dddb7#1,b08358fdbc23fa2201ce6b08be2dddb7,cf5fb18f3ac3f373759295cc8ba3e2c3,1eade46fba20122dc4aefb379f8c636b,11.77,80.99
b0928556a10706af462ca2ab2c91903b#1,b0928556a10706af462ca2ab2c91903b,59a5c66f3c04b01ccdb9362174f6ecdf,a56a8043ebf66e42119618fb8cf232c6,23.73,83.00
b0a851b41e096cd9cc552e15698c3d4e#1,b0a851b41e096cd9cc552e15698c3d4e,fb7a100ec8c7b34f60cec22b1a9a10e0,d98eec89afa3380e14463da2aabaea72,15.23,49.99
b0c2a7d04b165525254254a728c50a4e#1,b0c2a7d04b165525254254a728c50a4e,ff3ec972ebd16eb98d55e8ea2fa255ee,46dc3b2cc0980fb8ec44634e21d2718e,26.83,219.99
b0ee8cb0ccd868a2b5fd4b0f66bea08a#1,b0ee8cb0ccd868a2b5fd4b0f66bea08a,ca33dbc1342572c1aa64e74fb42bab4a,e5475dcab1e07b63d7f6e902d8f5eda8,19.04,28.00
b0f093c9a7e135bb44a1e1bd7406ba30#1,b0f093c9a7e135bb44a1e1bd7406ba30,982d42e9ce06f5054407db7d1268029f,0176f73cc1195f367f7b32db1e5b3aa8,39.74,125.90
b0f09542f907cada33dd7ff85f029a71#1,b0f09542f907cada33dd7ff85f029a71,f8b624d4e475bb8d1bddf1b65c6a64f6,b410bdd36d5db7a65dcd42b7ead933b8,16.55,179.00
b0ff8ff92f8d916fa2e8005cd8e1a135#1,b0ff8ff92f8d916fa2e8005cd8e1a135,b6e352d888ba31d8999af279cd63aa24,f61c63d13f7cd800549d5acdd390ae72,13.44,59.90
b1235029ff825a6ee63ea5c87797cd82#1,b1235029ff825a6ee63ea5c87797cd82,79fc4c7da6812091c88d89e02e02887c,44073f8b7e41514de3b7815dd0237f4f,18.81,75.00
b138a736fdb315dc4dc8e277caa8ebcb#1,b138a736fdb315dc4dc8e277caa8ebcb,3c883b9d3fd2d0ce448d4136349dc0a4,b39d7fe263ef469605dbb32608aee0af,14.70,55.00
b13efaac3f8cb7730ba737059abc614b#1,b13efaac3f8cb7730ba737059abc614b,b48d3e49914549b781c0b59f819b398e,d4a5e99e0dd915df64ba55a7fbd583fd,14.10,7.45
b13efaac3f8cb7730ba737059abc614b#2,b13efaac3f8cb7730ba737059abc614b,b48d3e49914549b781c0b59f819b398e,d4a5e99e0dd915df64ba55a7fbd583fd,14.10,7.45
b13efaac3f8cb7730ba737059abc614b#3,b13efaac3f8cb7730ba737059abc614b,b48d3e49914549b781c0b59f819b398e,d4a5e99e0dd915df64ba55a7fbd583fd,14.10,7.45
b13efaac3f8cb7730ba737059abc614b#4,b13efaac3f8cb7730ba737059abc614b,b48d3e49914549b781c0b59f819b398e,d4a5e99e0dd915df64ba55a7fbd583fd,14.10,7.45
b13efaac3f8cb7730ba737059abc614b#5,b13efaac3f8cb7730ba737059abc614b,b48d3e49914549b781c0b59f819b398e,d4a5e99e0dd915df64ba55a7fbd583fd,14.10,7.45
b16a6ea9c85cf3f6644f1529e04982da#1,b16a6ea9c85cf3f6644f1529e04982da,2e511b5741ab14e7f5294df6f1310b03,00fc707aaaad2d31347cf883cd2dfe10,12.96,118.00
b16cec67cb3f5a4bb31abe8988b43d19#1,b16cec67cb3f5a4bb31abe8988b43d19,17efcba3c09566b89c945ef563f381d2,3f9c56764fabca627406093dcb3ef0b4,11.77,129.90
b16eb7a0c75d99f6818fc68dffa8f11d#1,b16eb7a0c75d99f6818fc68dffa8f11d,8163c8c2e8dc7cc8c93d1b30a2e7428b,1b4c3a6f53068f0b6944d2d005c9fc89,18.44,169.90
b170f1243a620b65504157b83f69a2e0#1,b170f1243a620b65504157b83f69a2e0,ae89da88eb55261881375b12d5cdcda4,3a1a1fec38dd360f15fc912e821e169d,20.57,59.58
b198d16d5ba1cbacf02b4d54728314fa#1,b198d16d5ba1cbacf02b4d54728314fa,43724b27731595d954e911f443fb1cc4,9803a40e82e45418ab7fb84091af5231,23.05,159.75
b198d16d5ba1cbacf02b4d54728314fa#2,b198d16d5ba1cbacf02b4d54728314fa,43724b27731595d954e911f443fb1cc4,9803a40e82e45418ab7fb84091af5231,23.05,159.75
b1b5b604a5e207c764779ffb50527018#1,b1b5b604a5e207c764779ffb50527018,a9008450835cd38eabdf07eb6dd04bdd,f4a04f7be452aa3bb31760bf00055dd0,13.07,104.90
b1bbfabb6b75dc7ff7050093749048e8#1,b1bbfabb6b75dc7ff7050093749048e8,4cb4ef491872bfc6e910b343d46c6325,0ea22c1cfbdc755f86b9b54b39c16043,15.10,34.90
b2217a354063d984ee320fa29b6baf1a#1,b2217a354063d984ee320fa29b6baf1a,2afebecdbf5ff9f1058bc9164e65c200,834f8533b2ecb6598dd004ff3de7203a,53.64,127.50
b239ca7cd485940b31882363b52e6674#1,b239ca7cd485940b31882363b52e6674,dd113cb02b2af9c8e5787e8f1f0722f6,821fb029fc6e495ca4f08a35d51e53a5,104.51,4059.00
b23b43e19386862a7c0aaa27c80e782f#1,b23b43e19386862a7c0aaa27c80e782f,926d11f0e2a1171fed968faf5caa8f92,0bb738e4d789e63e2267697c42d35a2d,11.86,44.90
b2634f19a1007fd4a54a9fed9291230c#1,b2634f19a1007fd4a54a9fed9291230c,4473f3e5c65952b074ef987fa5c24662,ea8482cd71df3c1969d7b9473ff13abc,7.78,29.99
b26eb89dfb4e2d970274ef0c668fd43a#1,b26eb89dfb4e2d970274ef0c668fd43a,79d2c1de4aaac73cf031b5e1f03a68aa,670c26e0f1bf8d0576271d5cfaec6d2b,13.51,55.90
b276e4f8c0fb86bd82fce576f21713e0#1,b276e4f8c0fb86bd82fce576f21713e0,c6c1f263e076bd9c1f1640250a5d0c29,fe2032dab1a61af8794248c8196565c9,9.41,179.00
b28cd85f7b7464e08e64f88fc6f6123e#1,b28cd85f7b7464e08e64f88fc6f6123e,aa280035c50ba62c746480a59045eec4,fa40cc5b934574b62717c68f3d678b6d,14.10,39.90
b28f406dacca37ff27d85f7982344d2f#1,b28f406dacca37ff27d85f7982344d2f,e53e557d5a159f5aa2c5e995dfdf244b,88460e8ebdecbfecb5f9601833981930,12.90,109.90
b2908d9328eb32bdb9b7ac1e197c05fe#1,b2908d9328eb32bdb9b7ac1e197c05fe,06edb72f1e0c64b14c5b79353f7abea3,391fc6631aebcf3004804e51b40bcf1e,15.10,45.95
b2bd1f09c1b8a4a36940f6f6e49d5dec#1,b2bd1f09c1b8a4a36940f6f6e49d5dec,eef7436637ac87cad6bf5108284c3413,b33e7c55446eabf8fe1a42d037ac7d6d,16.14,199.00
b2bee079651c0bf6a1a92b39c2dbe5cf#1,b2bee079651c0bf6a1a92b39c2dbe5cf,c1c4271977e10331523b010496ab2f9b,b76f4d90e85657a240495c876313adc5,19.30,299.00
b2ce866408709e3ba155f339e97b8405#1,b2ce866408709e3ba155f339e97b8405,286bcf62e47dfc1e51cf0d525bd4d1bf,9e6229250fedbe05838fef417b74e7fb,27.48,199.90
b2d6c7b5ebf482317945ef822da56002#1,b2d6c7b5ebf482317945ef822da56002,111d0b1e69f349615615113cf6b275fa,6d66611d7c44cc30ce351abc49a68421,9.34,33.90
b2ec82a4b2d9bf24fc1f5ba0e4883bdc#1,b2ec82a4b2d9bf24fc1f5ba0e4883bdc,bdb0b11a36aed4d0d862a7037c838560,87e24fc7052259b1f7f607d61c10d8be,58.41,1099.00
b2f3763408103bc7173bb36ed02dbeea#1,b2f3763408103bc7173bb36ed02dbeea,1b88c133317c3f2b8c53b6048f2dc8b6,54965bbe3e4f07ae045b90b0b8541f52,42.59,359.90
b2fdce90b6f515d645e1e98430176ce2#1,b2fdce90b6f515d645e1e98430176ce2,74d392f9be63b94cd5e4917571242898,3d871de0142ce09b7081e2b9d1733cb1,15.22,29.50
b2fdce90b6f515d645e1e98430176ce2#2,b2fdce90b6f515d645e1e98430176ce2,aeb37360d7dbf2f5136bb2ae449ac16b,3d871de0142ce09b7081e2b9d1733cb1,10.15,29.90
b30b21d5d13aae0cb5533dd7ab3f90eb#1,b30b21d5d13aae0cb5533dd7ab3f90eb,0f3777229e40207d248acfd6e1f716b6,e2aee0892199b1d92530e371abd825bf,105.48,189.90
b3206cf64b7cd1480a6c6f9912b20666#1,b3206cf64b7cd1480a6c6f9912b20666,7bbe91ccbf899dc40a38d012a4dc411f,23d7c96d4a1160db1c726b248601b25a,17.97,179.90
b322c7bdd4cf76d82887b87689e6b7d8#1,b322c7bdd4cf76d82887b87689e6b7d8,ba9943916136c9959e24f71bdae28faa,8c16d1f32a54d92897cc437244442e1b,22.06,44.90
b323a1bf3949211f3d9fbc43772534e6#1,b323a1bf3949211f3d9fbc43772534e6,3fbc0ef745950c7932d5f2a446189725,06a2c3af7b3aee5d69171b0e14f0ee87,37.14,64.99
b335cf4d393acc627b82e83b3b3711fe#1,b335cf4d393acc627b82e83b3b3711fe,f8d86453c62a01cc2920531c0bdf194d,7ad41305e96a6cab8294cd65891e9a86,23.22,60.00
b3443b9956f438b73ca1d434c1d209d4#1,b3443b9956f438b73ca1d434c1d209d4,7612afaa8218e79b3011243ed9edea9c,821fb029fc6e495ca4f08a35d51e53a5,29.17,389.00
b34523b3a1e3a1ad856985080738c879#1,b34523b3a1e3a1ad856985080738c879,c8fade3c4ba064e104828c4ad4461178,da8622b14eb17ae2831f4ac5b9dab84a,19.85,279.90
b354dae409f9d433bee051b7e1b4eb7d#1,b354dae409f9d433bee051b7e1b4eb7d,2c71438371b35f7ce3c2511d6b0927e7,6560211a19b47992c3666cc44a7e94c0,14.10,29.00
b35514909dd1ba45599c5f535621238a#1,b35514909dd1ba45599c5f535621238a,3a85491e291016cb452b9b8e78c30ddb,d51e0a403fe2e689ece6c73359d96e12,20.12,410.00
b357dd0e3d6572e28d060309c0ab339f#1,b357dd0e3d6572e28d060309c0ab339f,1cdfaf0cc5abd6063d3a10ae3318f345,da8622b14eb17ae2831f4ac5b9dab84a,21.68,169.90
b36dde30ca62faf042ac4e3f001b9c04#1,b36dde30ca62faf042ac4e3f001b9c04,9bb8ca338e5588c361e34eae02e8fad6,620c87c171fb2a6dd6e8bb4dec959fc6,19.66,59.90
b3840eac3cf88799d05e845cf9b8587b#1,b3840eac3cf88799d05e845cf9b8587b,5e864d9858dc9a7b55f937ed8998ffe8,48436dade18ac8b2bce089ec2a041202,37.21,269.90
b388932b3dad9623ce1b062985ce07a1#1,b388932b3dad9623ce1b062985ce07a1,ed00a8453145186b3f071f1e3edef33d,5b664594895aefb418afaee6d40a9a23,8.27,38.90
b38b3526b8b8fdc807e8a0a42ab78573#1,b38b3526b8b8fdc807e8a0a42ab78573,18b0e642cbae7251e60a64aa07dd9eb9,85d9eb9ddc5d00ca9336a2219c97bb13,7.74,22.32
b3b9c134c866906502560d298369a253#1,b3b9c134c866906502560d298369a253,64051126507bdb875c1baf5b3b5a9a98,9646c3513289980f17226a2fc4720dbd,16.11,48.00
b3ceb7d2c66651bd0f6531ffba8745fb#1,b3ceb7d2c66651bd0f6531ffba8745fb,25f86162fee18735fffdb762dcb10d7c,1a3df491d1c4f1589fc2b934ada68bf2,23.99,159.90
b3e2b81932a8bc32dfffd128937c3c5e#1,b3e2b81932a8bc32dfffd128937c3c5e,952670bc019a73f0933157ec82ff6e4f,37be5a7c751166fbc5f8ccba4119e043,15.04,205.00
b3eb2b2fa446ec1d83a9ccb2dead8871#1,b3eb2b2fa446ec1d83a9ccb2dead8871,0b3de7b77f38988388362460d76d884f,659e8466eb3ff1b0e8740d74fb7bbedd,13.90,92.00
b3f352a3b3887a501a98642fa5840e66#1,b3f352a3b3887a501a98642fa5840e66,b5d214651360e2d58e13b48ae69c6199,855668e0971d4dfd7bef1b6a4133b41b,26.54,317.99
b3fb87dd5ffb58351fd40c4f9fe03cdf#1,b3fb87dd5ffb58351fd40c4f9fe03cdf,d3e1006ba3735c0d44160026b6e0ced3,c003204e1ab016dfa150abc119207b24,11.78,108.90
b405945d4c5330b5ba8f892602e7d9e8#1,b405945d4c5330b5ba8f892602e7d9e8,99c97d191bcc87e072acc4521bce44d4,e882b2a25a10b9c057cc49695f222c19,33.85,443.00
b417d44c131fe6470b3226c7b59f6a8f#1,b417d44c131fe6470b3226c7b59f6a8f,59a6f4180469806670de7814d503202e,aafe36600ce604f205b86b5084d3d767,15.18,59.90
b41c4ee949f1983669e38db1f364b73b#1,b41c4ee949f1983669e38db1f364b73b,425db55cb3b0f5b18a2d9964da31c3c0,2a84855fd20af891be03bc5924d2b453,16.79,49.90
b41ff7b4b8380f9addca6c2db2b32594#1,b41ff7b4b8380f9addca6c2db2b32594,e82b2c6e34cf0e72cd9dd14734dfb607,939e6227d6964a11a70aa91243e418f2,15.83,109.00
b436fd24a04e7267307e1d900faa8eb1#1,b436fd24a04e7267307e1d900faa8eb1,03078714f1e3f3758555f67ff35b4b01,594f9aaa48e5bf431f011ddc5669b0d5,22.85,39.90
b4411c4be4f9514e53fe707972f98685#1,b4411c4be4f9514e53fe707972f98685,8b75356a402f017bf41f1000d514f942,4e922959ae960d389249c378d1c939f5,12.35,122.00
b4568e6876016532c655618a5994591b#1,b4568e6876016532c655618a5994591b,9749139e09929de55d37e68e64b89706,cbd996ad3c1b7dc71fd0e5f5df9087e2,11.92,59.70
b463e42856ea712dd83a10f12ffe64aa#1,b463e42856ea712dd83a10f12ffe64aa,5b3b5f9ae84ca9ead3138b199420cc94,adbc26658d6c7b4b6219f9d934598091,19.21,139.00
b483e46d6e6756224ac7bfebadf91e15#1,b483e46d6e6756224ac7bfebadf91e15,57c580a8fbf3d8374b06bee7b6f4ce31,30a2f535bb48308f991d0b9ad4a8c4bb,9.09,49.90
b48b2c58981c8d7d31ec325569338e78#1,b48b2c58981c8d7d31ec325569338e78,629e019a6f298a83aeecc7877964f935,c003204e1ab016dfa150abc119207b24,24.35,108.90
b48b62e1c4a6ba9d0590ea31dc623235#1,b48b62e1c4a6ba9d0590ea31dc623235,81e28350cb23946c126a86d92667c48b,a2b5b6105ea5942300631d2e76f4ffe0,16.54,49.99
b4abbcf96e5e2aa453be4751a571bca4#1,b4abbcf96e5e2aa453be4751a571bca4,ed2067a9c1f79553088a3c67b99a9f97,cbd996ad3c1b7dc71fd0e5f5df9087e2,16.16,56.97
b4b08f39312c936c9ecb2327c63337ea#1,b4b08f39312c936c9ecb2327c63337ea,18b0e642cbae7251e60a64aa07dd9eb9,85d9eb9ddc5d00ca9336a2219c97bb13,14.10,31.90
b4c9f083bce61caf47fb38f9ba058bce#1,b4c9f083bce61caf47fb38f9ba058bce,0f96cb6fd0ba832f2d7a21d13b251526,ec8879960bd2221d5c32f8e12f7da711,20.22,104.90
b4e2eb7f4325b44130052476646043c6#1,b4e2eb7f4325b44130052476646043c6,7340a3839a1de1e99d149b8cf052a2ec,4a3ca9315b744ce9f8e9374361493884,12.83,69.90
b5195225c11fc325d686d24fe14eedbb#1,b5195225c11fc325d686d24fe14eedbb,99b5d7eec773ceced9d287d753ca00e9,323ce52b5b81df2cd804b017b7f09aa7,14.59,119.90
b51eb394d66d1bfb29d0e6367bd57d59#1,b51eb394d66d1bfb29d0e6367bd57d59,aa8bc5595ba5d066c744e14995402cdd,fe2032dab1a61af8794248c8196565c9,15.00,179.10
b520da4895f8ce53c41d6be41bbd17c5#1,b520da4895f8ce53c41d6be41bbd17c5,fa6eebf61147fc40bc2b49765f5b877f,054694fa03fe82cec4b7551487331d74,17.71,297.00
b52cc4919de82b4d696a4380d10804a3#1,b52cc4919de82b4d696a4380d10804a3,7564c1759c04fc0a38f2aa84f7a370ee,6860153b69cc696d5dcfe1cdaaafcf62,12.03,42.99
b52ce41a14821d9fa67f8a77cebb3efc#1,b52ce41a14821d9fa67f8a77cebb3efc,4b5e26931a0b0d3a690a3f520329a975,955fee9216a65b617aa5c0531780ce60,52.69,210.00
b52d29abb97a3978df1d8922bfe36fbe#1,b52d29abb97a3978df1d8922bfe36fbe,5f42d57952b7815098979a5c4fa6f82a,c70c1b0d8ca86052f45a432a38b73958,17.16,110.32
b52d29abb97a3978df1d8922bfe36fbe#2,b52d29abb97a3978df1d8922bfe36fbe,6463e442310f2f4f321c83a32d8c662b,4be6b962d83299498bae2190f95d6566,17.16,138.90
b543e95769f2da5f435df6a8ccb13eb6#1,b543e95769f2da5f435df6a8ccb13eb6,7a49adf051c1e6fc5b639a98d17756f0,128639473a139ac0f3e5f5ade55873a5,12.48,19.90
b545ba7b0bd67a3128185c7214704319#1,b545ba7b0bd67a3128185c7214704319,2233b59e8cf2817f9659e52cce3093de,e3d3b3efac954a60d61be70b7e05b49b,24.03,316.05
b55567d6fa810e673d54568cfb910ab5#1,b55567d6fa810e673d54568cfb910ab5,8e01228e1cb067cf324c968542f2f032,7178f9f4dd81dcef02f62acdf8151e01,27.26,283.00
b5585a71d72133e35079e240c76065d8#1,b5585a71d72133e35079e240c76065d8,84f456958365164420cfc80fbe4c7fab,4a3ca9315b744ce9f8e9374361493884,17.94,99.00
b5620c351108ed4667886da53f3f8599#1,b5620c351108ed4667886da53f3f8599,c07d367dd7b78b0558e7a3e1e1a975c8,4a3ca9315b744ce9f8e9374361493884,22.92,422.00
b56499883923b712fb275ca6ee73bcbe#1,b56499883923b712fb275ca6ee73bcbe,703d742887bb9267f89b675608ba7aa0,640e21a7d01df7614a3b4923e990d40c,19.36,56.10
b56499883923b712fb275ca6ee73bcbe#2,b56499883923b712fb275ca6ee73bcbe,703d742887bb9267f89b675608ba7aa0,640e21a7d01df7614a3b4923e990d40c,19.36,56.10
b574f97b093ad4bc022f420344327e12#1,b574f97b093ad4bc022f420344327e12,7172a7870fee91850dcbcb1f4de40cfc,4a3ca9315b744ce9f8e9374361493884,17.88,89.90
b5ae10bf67afb6e14718789096f22787#1,b5ae10bf67afb6e14718789096f22787,0546131238f7e9d6b5c24dbb5d8e3133,f7ba60f8c3f99e7ee4042fdef03b70c4,30.12,1045.00
b5c4739ade7c4568c734267c7397d360#1,b5c4739ade7c4568c734267c7397d360,7b32b1b87594b60dced8abb4531d2986,c9c7905cffc4ef9ff9f113554423e671,18.72,119.99
b5e23127e5bc161906c1d23be69f7e16#1,b5e23127e5bc161906c1d23be69f7e16,2dc2efef0bbccb4ea53e2a21cdd52dc7,adbc26658d6c7b4b6219f9d934598091,17.16,130.00
b60b53ad0bb7dacacf2989fe27ad567a#1,b60b53ad0bb7dacacf2989fe27ad567a,2b80e83f77008f81ae402882631eba97,aba1721a889e04decc910aa13b768ef4,9.30,292.00
b616f638cd86d92c7cbd06cf7484ee34#1,b616f638cd86d92c7cbd06cf7484ee34,d2f5484cbffe4ca766301b21ab9246dd,36a968b544695394e4e9d7572688598f,7.87,12.88
b61baa7b1523a2a7e4e1382f25e6f9de#1,b61baa7b1523a2a7e4e1382f25e6f9de,348ddc765722b7885d765f63eed52eed,93bef6edaa84956e8e575016449b6351,14.56,115.00
b6220fb5a863a30b561a0084f111e0da#1,b6220fb5a863a30b561a0084f111e0da,8ad1611d2c47dc2dbf44a8b99f80cda6,e5e33c0d8e7e002f398f5dc4cbbb338f,18.89,128.75
b622754849d8831e9fd50f34f6b9a88b#1,b622754849d8831e9fd50f34f6b9a88b,d836b3e9c0eeb39311934db68a0878db,23d7c96d4a1160db1c726b248601b25a,19.26,196.90
b62403f840bd7a9bddb5b25d19c227a6#1,b62403f840bd7a9bddb5b25d19c227a6,2028bf1b01cafb2d2b1901fca4083222,cc419e0650a3c5ba77189a1882b7556a,8.72,56.99
b64b1539563ff515922bd124fd838863#1,b64b1539563ff515922bd124fd838863,16ba44d9231d19fc57e0a4188d0ce1cf,cca3071e3e9bb7d12640c9fbe2301306,24.84,22.90
b65067f5a1e9e4aea30dae0dc505119b#1,b65067f5a1e9e4aea30dae0dc505119b,426844dd9ed9ae105a5d4b3f1e18becc,2ea0861cc19e94cad86438c984c52da4,7.39,24.60
b65d2760746d1872f57f872c7c881c4c#1,b65d2760746d1872f57f872c7c881c4c,d4fe034cde911805af12724d73fde7e0,dd2bdf855a9172734fbc3744021ae9b9,22.42,69.90
b669dbb8187ebd3a27a9d710d9e53194#1,b669dbb8187ebd3a27a9d710d9e53194,78d7edf3fda961dc8ac6999761ba5b05,fa1a9dec3a9940c072684a46728bf1fc,18.52,135.90
b67a8588504e07ca0dca52eaa72a1829#1,b67a8588504e07ca0dca52eaa72a1829,0705b33fb285827a578fce4899f1b921,318f287a62ab7ac10b703ac37435a231,13.43,22.50
b682fc4ea655d9de9cd962462e16e738#1,b682fc4ea655d9de9cd962462e16e738,a996a4fecaea5e7e2638d2c5078ebf4b,391fc6631aebcf3004804e51b40bcf1e,16.85,69.88
b682fc4ea655d9de9cd962462e16e738#2,b682fc4ea655d9de9cd962462e16e738,c2bd03501cf7f4f3a1201e6069155bc0,cca3071e3e9bb7d12640c9fbe2301306,9.36,51.92
b686713e41eabb681b6e7948118f24f7#1,b686713e41eabb681b6e7948118f24f7,ee406bf28024d97771c4b1e8b7e8e219,7a67c85e85bb2ce8582c35f2203ad736,17.28,144.99
b687f81e0e59c1153eaa197ad1c1d043#1,b687f81e0e59c1153eaa197ad1c1d043,d7e446a8f36339b1a9d059d1237159c1,f76a3b1349b6df1ee875d1f3fa4340f0,14.91,186.00
b68d69564a79dea4776afa33d1d2fcab#1,b68d69564a79dea4776afa33d1d2fcab,bffdb7d6bdb994823039ac983d6d30ec,f5f1f2c5f923f36ad79ea1d07185ddc9,16.47,245.90
b693d6c35867fa1937455e04f2547df2#1,b693d6c35867fa1937455e04f2547df2,d3a45de279a0bde9b598a181bd2a9815,0432ead42b6c8a0bdf68154add917fdf,14.41,94.90
b6a50dc1cfeb4ad7219d3577ab9a2454#1,b6a50dc1cfeb4ad7219d3577ab9a2454,0f0c4960b05d6145bbb4b348423503ef,edf96ef93ed595084bbcbd9224bd2894,19.60,51.00
b6b3633f97c686d8e188ac6fa29ff20d#1,b6b3633f97c686d8e188ac6fa29ff20d,de89f330c497e12d2510c2cd2a48a29f,240b9776d844d37535668549a396af32,19.85,679.00
b6b7ebd3ab897684bb22eaf084f8f299#1,b6b7ebd3ab897684bb22eaf084f8f299,1ec597ef2aaee9e73f32a970247f3192,31da954dc0855f2495c6310f70a2f931,11.85,49.00
b6bc19f6d8e96c942441bf9f4d155c1a#1,b6bc19f6d8e96c942441bf9f4d155c1a,1fd5b8526b883f92d22dc09cda3031e3,dc4a0fc896dc34b0d5bfec8438291c80,15.17,59.90
b6f7267c5de549e8079e23367dafd3a1#1,b6f7267c5de549e8079e23367dafd3a1,145978af3e89b318be0b717a0953649a,18e694e0e48ed6f7aa3f24aade5fd697,12.79,19.90
b727342259c06ae7d97115cb632073bb#1,b727342259c06ae7d97115cb632073bb,c1f5307decb89342351bec53668cffd9,ea8482cd71df3c1969d7b9473ff13abc,18.23,29.99
b7441c24c727cdf423f8339a62447193#1,b7441c24c727cdf423f8339a62447193,a02d0123079f4ae96001ba2010d1a2df,1025f0e2d44d7041d6cf58b6550e0bfa,35.02,250.00
b7579d24f5b2dd3e20f2e57d0e07d170#1,b7579d24f5b2dd3e20f2e57d0e07d170,5f1d10ccc8198967ca0278fdfd474a51,054694fa03fe82cec4b7551487331d74,19.28,447.00
b75b4f6e7c5fe3fa05707992a88d9d38#1,b75b4f6e7c5fe3fa05707992a88d9d38,de170bfa7e0f492c75a0f270fc44f629,11742f81550ac064cc9a40f67151d9ad,24.70,412.00
b760ac65b36c9bbc913c2dd94131faf3#1,b760ac65b36c9bbc913c2dd94131faf3,52d6f0dc99f96ca1d2ddbb64146f11b0,2e1c9f22be269ef4643f826c9e650a52,12.06,79.49
b760d6b613bc2bca107e3c852501e649#1,b760d6b613bc2bca107e3c852501e649,98c0c93d863d3da23549a04d45033e06,49e7217cfe4e427191c378ec626d8737,66.90,880.00
b7707080e47946584d1280f2b8f200a5#1,b7707080e47946584d1280f2b8f200a5,a565c2e7c2af3eaf353b14a2e82daa53,4a3ca9315b744ce9f8e9374361493884,12.45,135.00
b77604241a9c04a66cf5b52681f78683#1,b77604241a9c04a66cf5b52681f78683,63456bc0cfe423fc6621bdd93fd0337c,7f7b8245c336066a1f9933c359f11d77,7.71,39.90
b777b7d618ee48ec7cf64aeb188e9da5#1,b777b7d618ee48ec7cf64aeb188e9da5,73326828aa5efe1ba096223de496f596,d13e50eaa47b4cbe9eb81465865d8cfc,8.76,86.00
b77ffad8b6c7bb5dedfb6a61f8e7cf57#1,b77ffad8b6c7bb5dedfb6a61f8e7cf57,24376321a0e7d0debc7a632cd4c9dda3,430315b7bb4b6e4b3c978f9dfa9b0558,25.51,69.00
b77ffad8b6c7bb5dedfb6a61f8e7cf57#2,b77ffad8b6c7bb5dedfb6a61f8e7cf57,24376321a0e7d0debc7a632cd4c9dda3,430315b7bb4b6e4b3c978f9dfa9b0558,25.51,69.00
b78a9619a3490ebe6b2dee9388c0ef0a#1,b78a9619a3490ebe6b2dee9388c0ef0a,819fc0e9c061a08bac3d5044eb92b173,6cd68b3ed6d59aaa9fece558ad360c0a,17.40,118.90
b7a098563d93a0a1f918772c24ca3831#1,b7a098563d93a0a1f918772c24ca3831,cd48f265a63e13b762601f5f794c5fca,e9779976487b77c6d4ac45f75ec7afe9,9.94,47.49
b7a098563d93a0a1f918772c24ca3831#2,b7a098563d93a0a1f918772c24ca3831,cd48f265a63e13b762601f5f794c5fca,e9779976487b77c6d4ac45f75ec7afe9,9.94,47.49
b7a098563d93a0a1f918772c24ca3831#3,b7a098563d93a0a1f918772c24ca3831,cd48f265a63e13b762601f5f794c5fca,e9779976487b77c6d4ac45f75ec7afe9,9.94,47.49
b7a418412fbab412e2a4da964aa235e4#1,b7a418412fbab412e2a4da964aa235e4,5b8a5a9417210b1b84b67b9a7aefb935,8e6d7754bc7e0f22c96d255ebda59eba,15.27,74.90
b7a4a9ecb1cd3ef6a3e36a48e200e3be#1,b7a4a9ecb1cd3ef6a3e36a48e200e3be,41171e11f920c47deb1809edda2bf09d,c42fd8e4d47dfb18ce5222f2dd7752f9,15.10,26.00
b7a6a74494a5f76ac5f74bc9c1327e5d#1,b7a6a74494a5f76ac5f74bc9c1327e5d,ea44caac707f7f1325182a538007f838,855668e0971d4dfd7bef1b6a4133b41b,13.37,50.00
b7aeacfc25789063ab26dcbed69401a3#1,b7aeacfc25789063ab26dcbed69401a3,368c6c730842d78016ad823897a372db,1f50f920176fa81dab994f9023523100,13.37,49.90
b7af6b8813fa3bb23a67f2fd8284db1e#1,b7af6b8813fa3bb23a67f2fd8284db1e,bb50f2e236e5eea0100680137654686c,f7ba60f8c3f99e7ee4042fdef03b70c4,10.47,330.00
b7bdc34249124db0a0637b568f5afdc1#1,b7bdc34249124db0a0637b568f5afdc1,c02e3653af29a9204c8ebcbb20f4e475,13074f016982ff2bd6c58ced8682f000,72.34,239.00
b7d3b2799f51cd6167d7931df1546f8e#1,b7d3b2799f51cd6167d7931df1546f8e,156fef830e2c8871e3f1bf4dadf8e312,d8c7ba53e7e38711eaef8c2849d6d2e1,19.40,29.99
b7e4aca3e798d20643faacb681272a9c#1,b7e4aca3e798d20643faacb681272a9c,7d935f57cbfeccf7e6952dd286c3eba6,fa1c13f2614d7b5c4749cbc52fecda94,17.52,154.90
b7ed5b357d48b6c8f588c5cf0d7ddf5d#1,b7ed5b357d48b6c8f588c5cf0d7ddf5d,9565229244e9341fb8c8069879cf73cd,da8622b14eb17ae2831f4ac5b9dab84a,23.63,149.90
b80e879030f825a648abffe9d993ff6a#1,b80e879030f825a648abffe9d993ff6a,1d4de03a6141ce2a2ae5a97f51cabb37,7ad32824caee82087b3e2e5f33b1bf32,16.14,199.00
b813092d64bf6be705b1f343068429fb#1,b813092d64bf6be705b1f343068429fb,67d87e3b4ef9e609ba5eeed6a4b3b5f8,bb2afe2061d53c6968aa0cffa233a8ec,19.67,67.90
b826c69bf943ea295e515a1078f76086#1,b826c69bf943ea295e515a1078f76086,bd6e6fce9ada76ea2db0f1912e8e478f,1835b56ce799e6a4dc4eddc053f04066,19.59,56.99
b82b1a7017f4c904921dd5c6c6da8804#1,b82b1a7017f4c904921dd5c6c6da8804,e68e475e0e1fa8744c2aef0f9864d679,b2ba3715d723d245138f291a6fe42594,17.75,214.90
b835a702f116e758be4f80ae292bca2e#1,b835a702f116e758be4f80ae292bca2e,63ee501f72520d5ec54cef5fd3a21a20,acb6c2ca5c82411c1fdb88d5fd5eb95e,18.65,52.90
b836b696665c1f7e1d72497adf574b4f#1,b836b696665c1f7e1d72497adf574b4f,bf5d132b4d30a18970b8ee7798725af1,955fee9216a65b617aa5c0531780ce60,46.45,140.00
b84c178bc4308555f74ed9cdf3a38193#1,b84c178bc4308555f74ed9cdf3a38193,5a848e4ab52fd5445cdc07aab1c40e48,c826c40d7b19f62a09e2d7c5e7295ee2,15.61,122.99
b86ddd788f0b18de16cd6562b3a9266c#1,b86ddd788f0b18de16cd6562b3a9266c,f74353ffeaa55836a3cf603a2dcd855e,bb7a14e229b1c95156719c3d9552eeee,18.77,388.90
b8801cccd8068de30112e4f49903d74a#1,b8801cccd8068de30112e4f49903d74a,154e7e31ebfa092203795c972e5804a6,cc419e0650a3c5ba77189a1882b7556a,7.78,19.99
b88d7ae9bd78eac18e8b6ceb04695fb8#1,b88d7ae9bd78eac18e8b6ceb04695fb8,a35a9f46dcee0a67c8c7ad8493eb4135,85d9eb9ddc5d00ca9336a2219c97bb13,14.10,31.90
b8bf848cf366061f0e9555337da2a9d6#1,b8bf848cf366061f0e9555337da2a9d6,06c6e01186af8b98ee1fc9e01f9471e9,fc906263ca5083d09dce42fe02247800,15.10,39.90
b8bfafcbe46deea4900feeffb2d6afaf#1,b8bfafcbe46deea4900feeffb2d6afaf,79f6572780845bf4fa186acf04e4f67a,04e38a233f726ef161074ab1c9b0399a,15.11,27.90
b8bfafcbe46deea4900feeffb2d6afaf#2,b8bfafcbe46deea4900feeffb2d6afaf,79f6572780845bf4fa186acf04e4f67a,04e38a233f726ef161074ab1c9b0399a,15.11,27.90
b8c38cf37cd17fd645f2e84101c8a679#1,b8c38cf37cd17fd645f2e84101c8a679,3487b8d662448326a09da14416640170,d20b021d3efdf267a402c402a48ea64b,16.11,29.90
b8c38cf37cd17fd645f2e84101c8a679#2,b8c38cf37cd17fd645f2e84101c8a679,ba37ce1b5e0638cf45fd59f63ada0093,d20b021d3efdf267a402c402a48ea64b,16.11,29.90
b8c38cf37cd17fd645f2e84101c8a679#3,b8c38cf37cd17fd645f2e84101c8a679,c22dc992a198753e51e4a25f83957b9b,d20b021d3efdf267a402c402a48ea64b,16.11,29.90
b8cd3107b41b1232ec5ccc2958000acf#1,b8cd3107b41b1232ec5ccc2958000acf,6e4abd8bd0f6bb6b4eadd011199af836,f45122a9ab94eb4f3f8953578bc0c560,27.66,339.90
b8d83281a0c89e3157c9cd7c37ff7273#1,b8d83281a0c89e3157c9cd7c37ff7273,6cdd53843498f92890544667809f1595,ccc4bbb5f32a6ab2b7066a4130f114e3,37.77,349.90
b8dd3c581f151ae1f4a0b011b0715eca#1,b8dd3c581f151ae1f4a0b011b0715eca,4b54b3c4276e14492c3b466f49583f72,ef990a83bbea832f36ebe81376335aa8,27.99,148.00
b8f4980c2ec178504101b730e4e49918#1,b8f4980c2ec178504101b730e4e49918,016711f78a6a87696645db0a6a834826,a5cba26a62b8b4d0145b68b841e62e7f,15.77,99.90
b8f95bd45718008c382f10f416a3581d#1,b8f95bd45718008c382f10f416a3581d,167b4b8c4bd0c401bea62f5e050d70a4,25c5c91f63607446a97b143d2d535d31,16.81,149.87
b8f95bd45718008c382f10f416a3581d#2,b8f95bd45718008c382f10f416a3581d,167b4b8c4bd0c401bea62f5e050d70a4,25c5c91f63607446a97b143d2d535d31,16.81,149.87
b9040b3da32e7ac3e6bddf429155c114#1,b9040b3da32e7ac3e6bddf429155c114,a2a91fe6d8762e0371abd964cef88ec6,4992e76a42cb3aad7a7047e0d3d7e729,11.85,25.00
b92a772cba8a9bd47b3440908ef29359#1,b92a772cba8a9bd47b3440908ef29359,c23381297fa734ea441a15d723199fb5,9646c3513289980f17226a2fc4720dbd,11.85,28.00
b92aa81f74ab98a2f1a9cc5659f6edcf#1,b92aa81f74ab98a2f1a9cc5659f6edcf,87feb07adc221a4c6cdf051ea1afd0ff,e882b2a25a10b9c057cc49695f222c19,48.57,2110.00
b92fa055c4f004d4ae52eccce4efbe5f#1,b92fa055c4f004d4ae52eccce4efbe5f,74939659dbb10592e383bebf2f78272c,1835b56ce799e6a4dc4eddc053f04066,12.69,29.99
b9374fefc8bd25caac04f6223e7649ab#1,b9374fefc8bd25caac04f6223e7649ab,8d070077591cb06503a4933e5050bc69,7c67e1448b00f6e969d365cea6b010ab,29.42,119.99
b9374fefc8bd25caac04f6223e7649ab#2,b9374fefc8bd25caac04f6223e7649ab,b73f6899a58fe7a37e55149e9a11c717,7c67e1448b00f6e969d365cea6b010ab,36.78,69.98
b9374fefc8bd25caac04f6223e7649ab#3,b9374fefc8bd25caac04f6223e7649ab,b73f6899a58fe7a37e55149e9a11c717,7c67e1448b00f6e969d365cea6b010ab,36.78,69.98
b9383cd99539eb0ccb11ab1a62bd0621#1,b9383cd99539eb0ccb11ab1a62bd0621,5f63102603ddd84556a92387a9821ea7,31561f325664a8a7aba4c8d0c3a9b3db,18.52,59.90
b9499283a775ccfa9da92e6e75e9b4b9#1,b9499283a775ccfa9da92e6e75e9b4b9,70bf4f61950297cf24e18a9b84c3208a,6d988d6174a2c27441597174f8905515,18.23,18.95
b952acf9c1be50807866780fb3ed2119#1,b952acf9c1be50807866780fb3ed2119,da93657c402ea46729003c282352d727,c3cfdc648177fdbbbb35635a37472c53,17.98,105.00
b95764ee8ef0302702f107df59c9c4a2#1,b95764ee8ef0302702f107df59c9c4a2,96d6c71675adc35bcf32f970cdffe2d6,2138ccb85b11a4ec1e37afbd1c8eda1f,20.80,18.99
b95764ee8ef0302702f107df59c9c4a2#2,b95764ee8ef0302702f107df59c9c4a2,813329d52f377306fa1614ca9a962cd5,2138ccb85b11a4ec1e37afbd1c8eda1f,20.80,29.99
b958654614e94b4600cb336391326045#1,b958654614e94b4600cb336391326045,c9c6fde711572c1ad99ca12728c6af00,562fc2f2c2863ab7e79a9e4388a58a14,15.10,29.99
b97c941aaa3079b3eaef0786f512bf13#1,b97c941aaa3079b3eaef0786f512bf13,f177b434709ecb652dbee4f4b19aef2f,d98eec89afa3380e14463da2aabaea72,15.23,29.99
b98a5e1f2c386eb67df00a633c98848e#1,b98a5e1f2c386eb67df00a633c98848e,6daadc7e6029cf01762f941e488caa1b,46dc3b2cc0980fb8ec44634e21d2718e,14.90,294.99
b98b6a399680185770871d01209d3f7a#1,b98b6a399680185770871d01209d3f7a,49cd59957f1c81427ca0b2edf5696969,d98eec89afa3380e14463da2aabaea72,13.37,49.99
b98b6a399680185770871d01209d3f7a#2,b98b6a399680185770871d01209d3f7a,49cd59957f1c81427ca0b2edf5696969,d98eec89afa3380e14463da2aabaea72,13.37,49.99
b9a970bee0ad1aab9d4f291280670f78#1,b9a970bee0ad1aab9d4f291280670f78,65cc6f2cc545241fa4b7d11d6fe1d3e5,739c7d7be81f63812dea0d1b1451c651,19.32,49.90
b9afddbdcfadc9a87b41a83271c3e888#1,b9afddbdcfadc9a87b41a83271c3e888,703d742887bb9267f89b675608ba7aa0,640e21a7d01df7614a3b4923e990d40c,19.58,56.10
b9b690e003beef9acdde2502dfc565e2#1,b9b690e003beef9acdde2502dfc565e2,23bcd6822a33df5534f9b290216eec1f,ac3508719a1d8f5b7614b798f70af136,14.50,109.90
b9e3810153620449fc947aeb350f4d53#1,b9e3810153620449fc947aeb350f4d53,d4670fa6cc31ee979c4cbd5904e0562a,30829ded4523ab9224b93bc49a62c95f,18.57,99.00
b9f23a5c0cbae81d8a326804b0c7513d#1,b9f23a5c0cbae81d8a326804b0c7513d,033c52084417b98d716d863d8bd11fba,25cf099de44674fde97473224f9d59ab,15.10,50.00
ba403fc6762185ac676fa515ce2b1afa#1,ba403fc6762185ac676fa515ce2b1afa,aa8d88eb4b9cb38894e33fa624c4287f,6560211a19b47992c3666cc44a7e94c0,19.08,55.00
ba4ddff2b9082f079de9a84d7a5605fd#1,ba4ddff2b9082f079de9a84d7a5605fd,58a84286399d234f7234d54d9daf6418,a416b6a846a11724393025641d4edd5e,13.08,52.39
ba6293d68e1fb59ee455806a8ef6d651#1,ba6293d68e1fb59ee455806a8ef6d651,8cb9da14221c0256f8f965c7c07cdcf6,b83cedfb587e7911540e3f576d6917ce,13.84,116.99
ba863950726dd067d21b2262ab48df78#1,ba863950726dd067d21b2262ab48df78,d65b6607952f9e0d705b1cbdc92ac027,48436dade18ac8b2bce089ec2a041202,13.23,46.90
bac5dc94cc5dbf0810f1919c2aac13cd#1,bac5dc94cc5dbf0810f1919c2aac13cd,8cc8c4d7141c82262576156f95ff3907,850f4f8af5ea87287ac68de36e29107f,9.34,69.90
bae5466ca9c393da0e97709654923fdd#1,bae5466ca9c393da0e97709654923fdd,73852ee3739732147010f2be732d597c,218d46b86c1881d022bce9c68a7d4b15,16.68,123.00
bae5466ca9c393da0e97709654923fdd#2,bae5466ca9c393da0e97709654923fdd,f97194491a605b1d0e50d631e443cb5a,c3867b4666c7d76867627c2f7fb22e21,12.50,119.00
bae5466ca9c393da0e97709654923fdd#3,bae5466ca9c393da0e97709654923fdd,b00e24be53a1785f1f613e747809a5ff,218d46b86c1881d022bce9c68a7d4b15,12.50,129.00
bae5466ca9c393da0e97709654923fdd#4,bae5466ca9c393da0e97709654923fdd,0e2c6b2fc22b192f824a68a0fa537aa0,c3867b4666c7d76867627c2f7fb22e21,12.50,119.00
bb031ba8af937e390196eec424b41798#1,bb031ba8af937e390196eec424b41798,a695ab8413ea83619cde9b18292d6aa1,8b28d096634035667e8263d57ba3368c,17.67,59.49
bb0c9e9838bfd4b393853fe7dcf6b8e2#1,bb0c9e9838bfd4b393853fe7dcf6b8e2,a02d0123079f4ae96001ba2010d1a2df,1025f0e2d44d7041d6cf58b6550e0bfa,30.12,250.00
bb24bc48ede5999f7be893f8d0024291#1,bb24bc48ede5999f7be893f8d0024291,45a15b38cc3c0514717a1de673c6193c,99eaacc9e6046db1c82b163c5f84869f,12.23,104.90
bb27f9e70d5cdc66d0c616aee3dbb387#1,bb27f9e70d5cdc66d0c616aee3dbb387,e090b9bd2ef7d60d3b0ee3399c79ee3d,1c68394e931a64f90ea236c5ea590300,13.78,235.92
bb27f9e70d5cdc66d0c616aee3dbb387#2,bb27f9e70d5cdc66d0c616aee3dbb387,e090b9bd2ef7d60d3b0ee3399c79ee3d,1c68394e931a64f90ea236c5ea590300,13.78,235.92
bb2dfe6031f35f7abc9a3c7dad5e4467#1,bb2dfe6031f35f7abc9a3c7dad5e4467,b68cf84ede4fd1e14b1740de5b727d55,e24fc9fcd865784fb25705606fe3dfe7,15.84,636.00
bb2e64c3040ceb9b7ca2bfc602adca08#1,bb2e64c3040ceb9b7ca2bfc602adca08,96d1c06692244e2fed6e1f9aa9552770,00ee68308b45bc5e2660cd833c3f81cc,2.34,62.00
bb2e64c3040ceb9b7ca2bfc602adca08#2,bb2e64c3040ceb9b7ca2bfc602adca08,96d1c06692244e2fed6e1f9aa9552770,00ee68308b45bc5e2660cd833c3f81cc,2.34,62.00
bb2e64c3040ceb9b7ca2bfc602adca08#3,bb2e64c3040ceb9b7ca2bfc602adca08,96d1c06692244e2fed6e1f9aa9552770,00ee68308b45bc5e2660cd833c3f81cc,2.34,62.00
bb2e64c3040ceb9b7ca2bfc602adca08#4,bb2e64c3040ceb9b7ca2bfc602adca08,96d1c06692244e2fed6e1f9aa9552770,00ee68308b45bc5e2660cd833c3f81cc,2.34,62.00
bb3463b1de5e29d8d574a1e422777763#1,bb3463b1de5e29d8d574a1e422777763,bea978771d1c453faf756fa71f3bdd70,46dc3b2cc0980fb8ec44634e21d2718e,11.11,299.99
bb3728fa34a2d05bb2bd04df7dad8418#1,bb3728fa34a2d05bb2bd04df7dad8418,173c08b531cec70292992396ced22e7d,157c3e4b42f81ac4a44e8b1ca2fe9876,16.98,104.00
bb3b61a129aba9eeb10bb81a4770f3b1#1,bb3b61a129aba9eeb10bb81a4770f3b1,7814c273ab16783d73a9863ebfa8b141,1025f0e2d44d7041d6cf58b6550e0bfa,43.80,229.00
bb44d0c37f5fcc456bbaefd9aef6adb8#1,bb44d0c37f5fcc456bbaefd9aef6adb8,a46875fb5b8d19ac3cff18deb9bae57e,af4a0e4cfe1d9c26b6712b1be25a72e5,15.39,225.91
bb44d0c37f5fcc456bbaefd9aef6adb8#2,bb44d0c37f5fcc456bbaefd9aef6adb8,e256d05115f9eb3766f3ab752132a4e2,165fc07beebdcb6190fba8a06db2a449,15.16,219.00
bb44d0c37f5fcc456bbaefd9aef6adb8#3,bb44d0c37f5fcc456bbaefd9aef6adb8,1dc7685f4fdb9622d84ae2ec658d5bbf,897060da8b9a21f655304d50fd935913,15.06,199.00
bb459de681cfef5d3484ec88dc2b508f#1,bb459de681cfef5d3484ec88dc2b508f,3b10cf7d1e08c598428ad6eb7c59d09c,8a432f4e5b471f8da497d7dc517666e2,52.75,89.00
bb4f0c21ae6014e40ef007ff6fbcbeb9#1,bb4f0c21ae6014e40ef007ff6fbcbeb9,0768657d39e02ff11e1a30708e010588,c458e2045a8aa8964f8879af03fdcce6,10.96,34.99
bb67a1014c3abbea2865926f91a66e26#1,bb67a1014c3abbea2865926f91a66e26,6f7326be4926840cfcd094d2629f1049,7ade73f1b9b4e965f9009a4c3a7e2c15,19.53,79.90
bb69633a6e4fabb8484f5d1a9a033fc4#1,bb69633a6e4fabb8484f5d1a9a033fc4,2ebe00f53430b4eb4086f08409ec7760,ef506c96320abeedfb894c34db06f478,15.10,28.90
bb6f77e22d300a3c74436c9ea8925945#1,bb6f77e22d300a3c74436c9ea8925945,4293865e4ead3d446609086b4cfedb4f,da8622b14eb17ae2831f4ac5b9dab84a,29.24,119.90
bb7ae981de452cd0404838ff44ffdc79#1,bb7ae981de452cd0404838ff44ffdc79,6ac3978babf6ca76087369391bb6ce5a,4c18691b6037662be2df78a765d98ab5,46.92,68.00
bb7c5cf4dff9994daeab7c8ee9d287aa#1,bb7c5cf4dff9994daeab7c8ee9d287aa,af0a99476d96dcc1a1baa7c0d9ff6b9d,04308b1ee57b6625f47df1d56f00eedf,18.50,535.90
bb85c5af835af09aa329b2f4922be259#1,bb85c5af835af09aa329b2f4922be259,ce4958776b3721723edac6bd9a05e833,55d3daac7c404d59e51c2aa2f4dc5a23,13.46,129.00
bb90b02637daa6d6ea968529eed50699#1,bb90b02637daa6d6ea968529eed50699,d4a3ae5a2378f3e732a6d3ba73cc22e4,0b90b6df587eb83608a64ea8b390cf07,14.18,293.50
bba5aa837be7e597e91c6ddedf604cd8#1,bba5aa837be7e597e91c6ddedf604cd8,12e479f1c2c0417147a3e36302485e30,744dac408745240a2c2528fb1b6028f3,15.71,119.00
bbab0f55c714a04cc7a5c065c65f1089#1,bbab0f55c714a04cc7a5c065c65f1089,b45b5b25c6655d824ed7ffc8fa65688c,28f10b1c5e5abb9d4857745bede6147c,8.37,30.00
bbbc78f0d6afd4eb216b5760d0502070#1,bbbc78f0d6afd4eb216b5760d0502070,fbce4c4cb307679d89a3bf3d3bb353b9,c33847515fa6305ce6feb1e818569f13,44.84,149.00
bbd64b019b5ea3ed83a114cc665328ff#1,bbd64b019b5ea3ed83a114cc665328ff,3f13f4fabd1eafe564af941a8ee8e279,5a8e7d5003a1f221f9e1d6e411de7c23,9.42,59.90
bbdac08bddebc79ee2654423b9ad63c3#1,bbdac08bddebc79ee2654423b9ad63c3,f40876e0ef3cd5f9132b1f16b04b1346,620c87c171fb2a6dd6e8bb4dec959fc6,16.46,99.90
bbdac08bddebc79ee2654423b9ad63c3#2,bbdac08bddebc79ee2654423b9ad63c3,f40876e0ef3cd5f9132b1f16b04b1346,620c87c171fb2a6dd6e8bb4dec959fc6,16.46,99.90
bbdac08bddebc79ee2654423b9ad63c3#3,bbdac08bddebc79ee2654423b9ad63c3,f40876e0ef3cd5f9132b1f16b04b1346,620c87c171fb2a6dd6e8bb4dec959fc6,16.46,99.90
bbfbe3c62a4a810fb97d10267acb5f10#1,bbfbe3c62a4a810fb97d10267acb5f10,624b5655a9d76b5a0e7d780dc4733887,ef506c96320abeedfb894c34db06f478,17.78,34.99
bc01ea4b0d29f66c3b84774cedea3667#1,bc01ea4b0d29f66c3b84774cedea3667,3dd2a17168ec895c781a9191c1e95ad7,de722cd6dad950a92b7d4f82673f8833,25.18,149.90
bc024a50e4e6ff5212d0febb0f4b4a37#1,bc024a50e4e6ff5212d0febb0f4b4a37,7a9cf133da2a6494259ffeeab11b6276,db4350fd57ae30082dec7acbaacc17f9,14.10,21.99
bc1b81dde530e5b064a559906643fcff#1,bc1b81dde530e5b064a559906643fcff,90ef6790cfc145cf45f9c476d1f47af0,3d871de0142ce09b7081e2b9d1733cb1,13.64,89.00
bc439ca267cd182244951ffe206f4feb#1,bc439ca267cd182244951ffe206f4feb,efa490145b5cc82438b6a6de691535fa,8d956fec2e4337affcb520f56fd8cbfd,15.43,46.95
bc46c2cc4bdb50a72e172392fd97672b#1,bc46c2cc4bdb50a72e172392fd97672b,d48bb8824fcf4720229d970fff608fda,391fc6631aebcf3004804e51b40bcf1e,21.54,149.90
bc52c0e67c00cdbba3a7b62d70979075#1,bc52c0e67c00cdbba3a7b62d70979075,2fb51d5cb775a68676826ebe06a17dc5,004c9cd9d87a3c30c522c48c4fc07416,15.63,59.99
bc52f8f79c3a17b6fd6fff5c63212940#1,bc52f8f79c3a17b6fd6fff5c63212940,151259fe8ced305ca05dc771fc72d711,4c2b230173bb36f9b240f2b8ac11786e,7.78,15.90
bc58b90707a6d6fe11fa9a989c5a7269#1,bc58b90707a6d6fe11fa9a989c5a7269,017692475c1c954ff597feda05131d73,3c7c4a49ec3c6550809089c6a2ca9370,14.10,13.99
bc5b3f1a80f8e686a64138fa75c68d3d#1,bc5b3f1a80f8e686a64138fa75c68d3d,25292482a61cb3298df8dbe15ea69daf,edb1ef5e36e0c8cd84eb3c9b003e486d,16.34,1149.65
bc5cea9719955b2337f23a87db809566#1,bc5cea9719955b2337f23a87db809566,4e04b7c4ec31cc8172cf3e5b863d34d0,6edacfd9f9074789dad6d62ba7950b9c,14.10,26.90
bc9bd5e4ac265b0e6cac08b3019798eb#1,bc9bd5e4ac265b0e6cac08b3019798eb,e89d4c89630fcc709f93fece786bb06d,5b85809efd0d0e4dea1a9544e1280ed9,13.18,74.90
bc9bd5e4ac265b0e6cac08b3019798eb#2,bc9bd5e4ac265b0e6cac08b3019798eb,e89d4c89630fcc709f93fece786bb06d,5b85809efd0d0e4dea1a9544e1280ed9,13.18,74.90
bc9bd5e4ac265b0e6cac08b3019798eb#3,bc9bd5e4ac265b0e6cac08b3019798eb,e89d4c89630fcc709f93fece786bb06d,5b85809efd0d0e4dea1a9544e1280ed9,13.18,74.90
bca16cf360ca8795f24ca0beaf2658be#1,bca16cf360ca8795f24ca0beaf2658be,55979acc6e2155188d3a43d8afb0c7aa,bbad7e518d7af88a0897397ffdca1979,34.26,66.38
bca16cf360ca8795f24ca0beaf2658be#2,bca16cf360ca8795f24ca0beaf2658be,55979acc6e2155188d3a43d8afb0c7aa,bbad7e518d7af88a0897397ffdca1979,34.26,66.38
bca16cf360ca8795f24ca0beaf2658be#3,bca16cf360ca8795f24ca0beaf2658be,55979acc6e2155188d3a43d8afb0c7aa,bbad7e518d7af88a0897397ffdca1979,34.26,66.38
bca16cf360ca8795f24ca0beaf2658be#4,bca16cf360ca8795f24ca0beaf2658be,55979acc6e2155188d3a43d8afb0c7aa,bbad7e518d7af88a0897397ffdca1979,34.26,66.38
bca3dc20a3ec02261c5b17dc270e9e65#1,bca3dc20a3ec02261c5b17dc270e9e65,617186c3d97ea56c9c683a8a3974e8c1,cc419e0650a3c5ba77189a1882b7556a,16.35,84.99
bccfadd194f448325ed18465d140440f#1,bccfadd194f448325ed18465d140440f,e297db380aba505a729f00cd61b149d9,5d3bb11474a06bdc23fb9e89f1164ee0,13.04,99.80
bcdbb3b243d4e882503b919785e2343f#1,bcdbb3b243d4e882503b919785e2343f,1454b29e83ab2f8bf6b4102736498ff5,18a349e75d307f4b4cc646a691ed4216,14.23,125.00
bcdbb3b243d4e882503b919785e2343f#2,bcdbb3b243d4e882503b919785e2343f,1454b29e83ab2f8bf6b4102736498ff5,18a349e75d307f4b4cc646a691ed4216,14.23,125.00
bcdbb3b243d4e882503b919785e2343f#3,bcdbb3b243d4e882503b919785e2343f,1454b29e83ab2f8bf6b4102736498ff5,18a349e75d307f4b4cc646a691ed4216,14.23,125.00
bcdbb3b243d4e882503b919785e2343f#4,bcdbb3b243d4e882503b919785e2343f,1454b29e83ab2f8bf6b4102736498ff5,18a349e75d307f4b4cc646a691ed4216,14.23,125.00
bcdbb3b243d4e882503b919785e2343f#5,bcdbb3b243d4e882503b919785e2343f,1454b29e83ab2f8bf6b4102736498ff5,18a349e75d307f4b4cc646a691ed4216,14.23,125.00
bcdbca456c84595f3dadfbef9eeeaf51#1,bcdbca456c84595f3dadfbef9eeeaf51,7e0dc102074f8285580c9777f79c90cf,e26901d5ab434ce92fd9b5c256820a4e,16.05,34.90
bceafe41324f7de517b199a7b4e2a074#1,bceafe41324f7de517b199a7b4e2a074,be5353e2c543ba4f67831f95d3775420,8b28d096634035667e8263d57ba3368c,16.79,18.99
bd1e1a304d04fa76626646f8efa12f77#1,bd1e1a304d04fa76626646f8efa12f77,57e089e3103f5cda6a4ce23b77399bdb,aafe36600ce604f205b86b5084d3d767,19.32,47.90
bd2623f3663c5daa3f89e6b527fd49da#1,bd2623f3663c5daa3f89e6b527fd49da,6d59a3fe3140425fb175cdd1e688dc2e,cca3071e3e9bb7d12640c9fbe2301306,10.96,29.90
bd2e72e4a107f535d737c2c2a52a018d#1,bd2e72e4a107f535d737c2c2a52a018d,c4101d1b4e0fabda6c62a8074e92cbbc,9674754b5a0cb32b638cec001178f799,12.90,34.39
bd396d4cd7a0507db99110954a0d9173#1,bd396d4cd7a0507db99110954a0d9173,1de74e63d630007567726953a4eb2b36,a49928bcdf77c55c6d6e05e09a9b4ca5,13.58,79.90
bd3e89bd89fac4760b244047d795e2fe#1,bd3e89bd89fac4760b244047d795e2fe,78514b0a0cec96621010b7b6a2bfd6c6,30a2f535bb48308f991d0b9ad4a8c4bb,11.85,49.90
bd3f8b3f4ff1469c0709218f7fde9fe8#1,bd3f8b3f4ff1469c0709218f7fde9fe8,1bbb8e929009e827868035f4fa7a5884,44f091b5abab8018f682fce8124b85e5,8.72,34.50
bd4bd0194d6d29f83b8557d4b89b572a#1,bd4bd0194d6d29f83b8557d4b89b572a,7f457254a89d62960399e075711b3deb,ea8482cd71df3c1969d7b9473ff13abc,12.84,24.99
bd5c9d506fee7419ee3c669d0123a067#1,bd5c9d506fee7419ee3c669d0123a067,951cb45d30e716a846d8cf5874034e56,2138ccb85b11a4ec1e37afbd1c8eda1f,8.72,18.99
bd74c36a843f8560d4b4b2a902dfb22e#1,bd74c36a843f8560d4b4b2a902dfb22e,7a10781637204d8d10485c71a6108a2e,4869f7a5dfa277a7dca6462dcf3b52b2,18.68,204.00
bd76688da0406f5c377080cc43888b5e#1,bd76688da0406f5c377080cc43888b5e,c73628b1c3144b2e0c9c88072f21a213,3f995f07c49d0d55a99d5c54957f7d81,16.94,99.00
bd80efb9eb7bbd9c465bd5205d6a43b8#1,bd80efb9eb7bbd9c465bd5205d6a43b8,70cc46ccdfff951dd7829395bce256ca,f7720c4fa8e3aba4546301ab80ea1f1b,24.84,43.90
bda31774eda0320ee68c33da94027e4d#1,bda31774eda0320ee68c33da94027e4d,baeb8e1a680cf9e1f13557d74b6cec3d,a36ac007a4d18f865c8d32c3b2402c2d,16.02,129.99
bddc1c3ae5c6717f36386ee472d72217#1,bddc1c3ae5c6717f36386ee472d72217,35255921c732e0e9319097469d856cd5,0aea4c6ae1505b3228ddf3dd7822ee5b,16.14,197.99
be28b0f75cc73c684cc905abc8cc60c5#1,be28b0f75cc73c684cc905abc8cc60c5,c9c6fde711572c1ad99ca12728c6af00,562fc2f2c2863ab7e79a9e4388a58a14,15.10,29.99
be39a554924306abfee91a4f38ac55bb#1,be39a554924306abfee91a4f38ac55bb,195a72beccf48da20d71e2d7530b470a,ea566164622c6b439516ab18062c42cd,9.42,29.90
be3f2215558f0027b83b3a51e6454c3e#1,be3f2215558f0027b83b3a51e6454c3e,5d9805d8578300114d104afcfd6e6b39,8a40ae794fa3f9892cee24bd5af0488b,30.43,449.90
be4c5d2cf0254f1c2bee8cf45f690b96#1,be4c5d2cf0254f1c2bee8cf45f690b96,ff29d8cb1cd0cd5ea37b80dac9939e1c,8b321bb669392f5163d04c59e235e066,14.10,18.90
be5b278e38c06fb98c18c6ed0554b754#1,be5b278e38c06fb98c18c6ed0554b754,2a7d1be78b464ce799d177a408e327c0,a8739afb32aaa45e01815ca76f76f54b,7.42,22.35
be6bc4cdcfc38b102553d294d1ba4725#1,be6bc4cdcfc38b102553d294d1ba4725,7d4293d63939e17d3b331866cae7735f,99a54764c341d5dc80b4a8fac4eba3fb,11.86,19.00
be6bc4cdcfc38b102553d294d1ba4725#2,be6bc4cdcfc38b102553d294d1ba4725,acc8648b140586ffaa6cce2905ff6872,99a54764c341d5dc80b4a8fac4eba3fb,11.86,10.60
be6e034d294e425c514e215bf0b7120a#1,be6e034d294e425c514e215bf0b7120a,0eb5e2c967974b4a88f060ae6610788e,834f8533b2ecb6598dd004ff3de7203a,12.89,78.87
be82da060fda4b85c7fe6ea6512f67e8#1,be82da060fda4b85c7fe6ea6512f67e8,68821aa251c8715f0c4199f413511411,50c9975695009e5e6473912e83a6d1da,36.75,45.00
be82da060fda4b85c7fe6ea6512f67e8#2,be82da060fda4b85c7fe6ea6512f67e8,68821aa251c8715f0c4199f413511411,50c9975695009e5e6473912e83a6d1da,36.75,45.00
be929febed86ae91848b45a84c499e44#1,be929febed86ae91848b45a84c499e44,fed5c40c27e1c88560a9e92d82ee0825,128639473a139ac0f3e5f5ade55873a5,12.48,19.90
be9544c2dfb58675d21a0a735fa1d32a#1,be9544c2dfb58675d21a0a735fa1d32a,f731f8587d4088c174397e010cf892a9,cc419e0650a3c5ba77189a1882b7556a,25.68,56.99
beb6927ba358d62ba446c803a6a4d815#1,beb6927ba358d62ba446c803a6a4d815,53b36df67ebb7c41585e8d54d6772e08,7d13fca15225358621be4086e1eb0964,0.00,99.90
bed71d1aad24e424ae97151ef6cc296c#1,bed71d1aad24e424ae97151ef6cc296c,01d15932271068f9fd1f369b8449cac1,2e90cb1677d35cfe24eef47d441b7c87,27.25,133.20
bee896dee409e283b040fd0b5cd2ae16#1,bee896dee409e283b040fd0b5cd2ae16,fb3d9b25b111fc87a868c07e66489cae,04308b1ee57b6625f47df1d56f00eedf,25.08,449.90
beece9368912132712839b6b9194180d#1,beece9368912132712839b6b9194180d,34dcd1a460194e9a114524a6ec0ad39e,0432ead42b6c8a0bdf68154add917fdf,15.33,82.90
beeec4fe9275a411277354695e721252#1,beeec4fe9275a411277354695e721252,2d3a6bdc41b55fc4a14a6e70621940d7,2a261b5b644fa05f4f2700eb93544f2c,23.53,135.00
bef901b8ca3d5b75c2031cbd303e88cc#1,bef901b8ca3d5b75c2031cbd303e88cc,5ef700515181623872771a16d1371cd4,a369d693961cb93b61ca2cc518872a85,20.87,67.00
bef901b8ca3d5b75c2031cbd303e88cc#2,bef901b8ca3d5b75c2031cbd303e88cc,5ef700515181623872771a16d1371cd4,a369d693961cb93b61ca2cc518872a85,20.87,67.00
bef901b8ca3d5b75c2031cbd303e88cc#3,bef901b8ca3d5b75c2031cbd303e88cc,5ef700515181623872771a16d1371cd4,a369d693961cb93b61ca2cc518872a85,20.87,67.00
befae3252c7f7ffb6abdeb4d3f4eb668#1,befae3252c7f7ffb6abdeb4d3f4eb668,9ac3f8f66132539cb797c44296f1fa27,3d871de0142ce09b7081e2b9d1733cb1,14.13,159.00
bf0037905499198f0e5f888208d275cf#1,bf0037905499198f0e5f888208d275cf,ccd686475dbff77b93871eae4754526b,9d4db00d65d7760644ac0c14edb5fd86,23.66,154.90
bf0f1a792476855668552e27ec7d263f#1,bf0f1a792476855668552e27ec7d263f,ab1f9387c0627dd24000bfbc54fdeee0,8b321bb669392f5163d04c59e235e066,14.10,12.25
bf2910ffd07baa17d7d2ce5a170da758#1,bf2910ffd07baa17d7d2ce5a170da758,af91083bde899b201798b52ae89babea,06a2c3af7b3aee5d69171b0e14f0ee87,29.71,64.99
bf4072fdc2122c74befd6df427938cab#1,bf4072fdc2122c74befd6df427938cab,5384f1f55242e82373db2fb7db6047d8,fa1a9dec3a9940c072684a46728bf1fc,20.77,119.90
bf4072fdc2122c74befd6df427938cab#2,bf4072fdc2122c74befd6df427938cab,efcef300fe9b2c558a8ea258127f6e6f,070d165398b553f3b4b851c216b8a358,34.61,59.99
bf40c06bf172145e8d7d468e6de69de8#1,bf40c06bf172145e8d7d468e6de69de8,7148a8f67a1564b5a6c5944398357e18,c9c7905cffc4ef9ff9f113554423e671,19.51,45.00
bf4f937c279d6f44c375450523ee9383#1,bf4f937c279d6f44c375450523ee9383,54b755678728b84472c2b654ac4de777,a3dd39f583bc80bd8c5901c95878921e,12.61,52.00
bf4f937c279d6f44c375450523ee9383#2,bf4f937c279d6f44c375450523ee9383,54b755678728b84472c2b654ac4de777,a3dd39f583bc80bd8c5901c95878921e,12.61,52.00
bf63ec64b243739a224860a034cb5357#1,bf63ec64b243739a224860a034cb5357,eb8c629f70275fd1c4f809116cce1efc,1025f0e2d44d7041d6cf58b6550e0bfa,14.10,38.40
bf6ae1909b2e970bb1c4f1119b324b64#1,bf6ae1909b2e970bb1c4f1119b324b64,9bfc55df037ce3ac01bfd84781adf7e5,b33e7c55446eabf8fe1a42d037ac7d6d,18.94,598.99
bf7dc4793cf928d5303528934bd9647c#1,bf7dc4793cf928d5303528934bd9647c,caf9add3dcd98d688be0064d9faf65b1,870d0118f7a9d85960f29ad89d5d989a,25.22,54.90
bf9a3a8d9db6be5e4dfcfe2f071ef405#1,bf9a3a8d9db6be5e4dfcfe2f071ef405,4b6b3a7072d549354c3743dedbf4170a,6560211a19b47992c3666cc44a7e94c0,15.83,55.00
bf9ff7bda0e211e564cf059ef5649e4e#1,bf9ff7bda0e211e564cf059ef5649e4e,04f92f94955d380b722ed941f2e6e51c,41ab63a91b8b264e8c8780368bf1dd5b,57.28,399.79
bfaf70837e84e9ba682d246e16726e63#1,bfaf70837e84e9ba682d246e16726e63,c5b72065154ec27c2d1ed8a654c3348f,b33e7c55446eabf8fe1a42d037ac7d6d,26.62,190.83
bfafa269a969ef03e5db5dc7d7a72471#1,bfafa269a969ef03e5db5dc7d7a72471,e71ce72b19b83080d97cf4f06c90d096,376a891762bbdecbc02b4b6adec3fdda,19.19,72.00
bfb11ae717892540547adae8fea72c10#1,bfb11ae717892540547adae8fea72c10,3373d1ed7bf5f3187f110c0e9e40a02b,fc906263ca5083d09dce42fe02247800,12.48,39.90
bfbac0cb986a021b149fd1ecd301a95e#1,bfbac0cb986a021b149fd1ecd301a95e,8983a3b149303c013fceabef902e835a,9f505651f4a6abe901a56cdc21508025,8.85,99.00
bfe42c22ecbf90bc9f35cf591270b6a7#1,bfe42c22ecbf90bc9f35cf591270b6a7,71225f49be70df4297892f6a5fa62171,e5a3438891c0bfdb9394643f95273d8e,15.10,27.30
c000556923c9e9f96eb1121213f153b0#1,c000556923c9e9f96eb1121213f153b0,2b4609f8948be18874494203496bc318,cc419e0650a3c5ba77189a1882b7556a,9.44,89.99
c00d54903f6f9af108ff7b371a2999e6#1,c00d54903f6f9af108ff7b371a2999e6,d1c427060a0f73f6b889a5c7c61f2ac4,a1043bafd471dff536d0c462352beb48,25.31,119.00
c04166574120428f8692aa072697cebc#1,c04166574120428f8692aa072697cebc,a367f823feb49954fedb4f4a43ad9db2,6560211a19b47992c3666cc44a7e94c0,14.79,149.00
c046779e1ef14c11e325b9b9a46d610d#1,c046779e1ef14c11e325b9b9a46d610d,c3d27ee9725d9bb6e585039665b36443,e9e446d01bd10a97a8ffcfc4a3a20cb2,7.39,19.90
c09652e16426e2ecbb85f2617192904a#1,c09652e16426e2ecbb85f2617192904a,fe6a9515d655fa7936b8a7c841039f34,dc317f341ab0e22f39acbd9dbf9b4a1f,60.57,249.90
c09652e16426e2ecbb85f2617192904a#2,c09652e16426e2ecbb85f2617192904a,42a2c92a0979a949ca4ea89ec5c7b934,813348c996469b40f2e028d5429d3495,29.88,58.90
c0aa0e99afe6f6dac845326a854690fd#1,c0aa0e99afe6f6dac845326a854690fd,4a523a9f00bf299d2496151b0e2a3238,c3867b4666c7d76867627c2f7fb22e21,12.33,119.00
c0b4d042df532a3a84b95e89bf2a53c1#1,c0b4d042df532a3a84b95e89bf2a53c1,389d119b48cf3043d311335e499d9c6b,1f50f920176fa81dab994f9023523100,52.95,53.90
c0d0691580b4aefa924ed59260eb09d0#1,c0d0691580b4aefa924ed59260eb09d0,b4bbe69ef82d98f932d5c94987c42938,5656537e588803a555b8eb41f07a944b,18.34,34.89
c0e11158f60abbb6f96d74228e67d44c#1,c0e11158f60abbb6f96d74228e67d44c,db0e75ba1fc6537d68f2676f3b67d07f,7a67c85e85bb2ce8582c35f2203ad736,28.05,249.99
c0e59bb74c6b71dbd39b3073120e957d#1,c0e59bb74c6b71dbd39b3073120e957d,73326828aa5efe1ba096223de496f596,d13e50eaa47b4cbe9eb81465865d8cfc,13.22,79.90
c0e6116a3c6c2d732ec1b43bb7b5f307#1,c0e6116a3c6c2d732ec1b43bb7b5f307,1c9b5793de6c3d9117b6218552c87a8f,3c7c4a49ec3c6550809089c6a2ca9370,7.78,13.99
c0e6116a3c6c2d732ec1b43bb7b5f307#2,c0e6116a3c6c2d732ec1b43bb7b5f307,f2ecbb02b6da187a9f14b8ac5781faec,3c7c4a49ec3c6550809089c6a2ca9370,7.78,13.99
c0ecfbe7eb9d8435e0e3ecd0cdb899ce#1,c0ecfbe7eb9d8435e0e3ecd0cdb899ce,37055d9442bfc227231d5983f329ff9f,1996942dc085d7773ba77a529b163cd0,13.60,134.89
c0fcc74d37e499bd4f73ddca4ffb9a64#1,c0fcc74d37e499bd4f73ddca4ffb9a64,fb55982be901439613a95940feefd9ee,3d871de0142ce09b7081e2b9d1733cb1,14.64,79.00
c10ff28c81d0b9bd2a265bb0836c8b0c#1,c10ff28c81d0b9bd2a265bb0836c8b0c,e070a61270050c4b1b704300f331cca6,66922902710d126a0e7d26b0e3805106,16.67,60.00
c1242e3f591a1f8ab11d51f2aedb1bb0#1,c1242e3f591a1f8ab11d51f2aedb1bb0,d76c9aa6123ceda9cd490fb2301c1cb4,0ed6ce5d87fd9c69eaacaeb778d67235,17.88,89.90
c14d11b92dcd430bb0e414bff63825b0#1,c14d11b92dcd430bb0e414bff63825b0,127c0cde3ea832c4c4901159cf902d0e,d5ba419e26d246a0719437cf37d9b46d,9.26,129.90
c158e9806f85a33877bdfd4f607b72e7#1,c158e9806f85a33877bdfd4f607b72e7,c388aa3cdd554588ebcc869156381ba3,9bcdfa7b615b3abb9461d9e3ad9886ae,21.01,79.90
c1712e588b4d7547170f454dba1ef0c3#1,c1712e588b4d7547170f454dba1ef0c3,6480f3f31b23d41c1b8ad051c201b244,128f9bfbe4c7d5185033914b1de3d39a,15.70,171.00
c17b377c10026e36286772008451d021#1,c17b377c10026e36286772008451d021,52198ab6a720304fd80cac19c691a049,e9779976487b77c6d4ac45f75ec7afe9,12.45,135.49
c186ebe3937470a2f562a2dc0bc74dd7#1,c186ebe3937470a2f562a2dc0bc74dd7,2028bf1b01cafb2d2b1901fca4083222,cc419e0650a3c5ba77189a1882b7556a,8.72,56.99
c1c7173565800e41c6701cfc4435f467#1,c1c7173565800e41c6701cfc4435f467,4e76a66033e3afa48e5ec8bf18e1c855,dc4a0fc896dc34b0d5bfec8438291c80,17.29,93.24
c1c7173565800e41c6701cfc4435f467#2,c1c7173565800e41c6701cfc4435f467,e518b28b071fde92b9d68d1ad51dcdb5,cca3071e3e9bb7d12640c9fbe2301306,18.53,96.90
c1e0736c3e624397f906c5371b2b381a#1,c1e0736c3e624397f906c5371b2b381a,99444c1e11fc38755dae86f5c67d3d1a,d2374cbcbb3ca4ab1086534108cc3ab7,12.69,49.99
c1eae222313b3a7eac740761313cbd27#1,c1eae222313b3a7eac740761313cbd27,3c79a7c125a368407bd03f3d8b0c4d25,41b39e28db005d9731d9d485a83b4c38,18.40,164.90
c1f0e475378c6500b5907a2134bda1da#1,c1f0e475378c6500b5907a2134bda1da,5a76b277c6c31033b89362512fb80274,d1c281d3ae149232351cd8c8cc885f0d,16.11,37.99
c1fbc5439e7dfc2d85fef29b7353bbdf#1,c1fbc5439e7dfc2d85fef29b7353bbdf,e20be15ef3888b958c8a76a2f0edfc25,91f848e9f4be368f4318775aac733370,15.10,34.99
c20a9485bdb520396c83079ef63bc71f#1,c20a9485bdb520396c83079ef63bc71f,7c1bd920dbdf22470b68bde975dd3ccf,cc419e0650a3c5ba77189a1882b7556a,11.73,58.99
c2213109a2cc0e75d55585b7aaac6d97#1,c2213109a2cc0e75d55585b7aaac6d97,de7df82eb1e48c456b020c2cfb03aeed,1da3aeb70d7989d1e6d9b0e887f97c23,7.45,26.99
c2215076050fa358934105b15c34cf3b#1,c2215076050fa358934105b15c34cf3b,99a4788cb24856965c36a24e339b6058,4a3ca9315b744ce9f8e9374361493884,12.13,89.90
c223f0dcc8756ef3523ed32b46da2218#1,c223f0dcc8756ef3523ed32b46da2218,c5841303f830680eb1cdda8be0ff35bf,b561927807645834b59ef0d16ba55a24,8.43,38.00
c228d309379c3ae545cc6ca2d5aae1b2#1,c228d309379c3ae545cc6ca2d5aae1b2,157ee978f4fcdf8984b0bb33a6687fde,e9779976487b77c6d4ac45f75ec7afe9,13.83,35.00
c239944e346dc1fde937d68eaaf858ac#1,c239944e346dc1fde937d68eaaf858ac,61b5c300f3e56ac6bda4cb54de396f9b,9baf5cb77970f539089d09a38bcec5c3,34.15,49.99
c23e9a555c327fa1d60893394aae9e9e#1,c23e9a555c327fa1d60893394aae9e9e,91846781ef75057e134949400768e272,530ec6109d11eaaf87999465c6afee01,23.63,149.90
c2412bd3e8f3094b54d02284ae238108#1,c2412bd3e8f3094b54d02284ae238108,40b2a43c74c26b963dd1bd05384663a0,e81e1f9c3e762e620f3fb60a51499e16,35.56,252.00
c259fd488a73ebbd67d79df856d4befc#1,c259fd488a73ebbd67d79df856d4befc,74356542db3483a78a8ba69f5b7ea094,e62b2d6ac10570a035a30bafcf01d263,14.17,59.90
c2628077fa4edd2ebee4f13e2f58368c#1,c2628077fa4edd2ebee4f13e2f58368c,4a3b0111d9c112251e4732b44d1d118b,3a734b715d333a2588a3d54a0c9b8746,14.52,110.00
c263211bd219538f7c031591e87ef0d7#1,c263211bd219538f7c031591e87ef0d7,028b0b0277744a9eaa2c4f57c24dcb68,1025f0e2d44d7041d6cf58b6550e0bfa,17.27,359.70
c263211bd219538f7c031591e87ef0d7#2,c263211bd219538f7c031591e87ef0d7,028b0b0277744a9eaa2c4f57c24dcb68,1025f0e2d44d7041d6cf58b6550e0bfa,17.27,359.70
c26545d07aedc265947816ff58acf2d2#1,c26545d07aedc265947816ff58acf2d2,d1606c4563d5481c8020de798866465e,06a2c3af7b3aee5d69171b0e14f0ee87,37.70,112.99
c26b94aa87e95d1c1eb1b592f43eb223#1,c26b94aa87e95d1c1eb1b592f43eb223,99a4788cb24856965c36a24e339b6058,4a3ca9315b744ce9f8e9374361493884,12.13,89.90
c26b94aa87e95d1c1eb1b592f43eb223#2,c26b94aa87e95d1c1eb1b592f43eb223,35afc973633aaeb6b877ff57b2793310,4a3ca9315b744ce9f8e9374361493884,12.13,89.90
c284eb7adf76e92a2a39d845f1333a61#1,c284eb7adf76e92a2a39d845f1333a61,5dce4ec7e7079a63b3086781d26c2cd8,955fee9216a65b617aa5c0531780ce60,8.29,45.00
c2878b60d8e2a4ee3b463b81e9ddd8c1#1,c2878b60d8e2a4ee3b463b81e9ddd8c1,4c7d111494b1116a2bec5e2d940e3439,e49c26c3edfa46d227d5121a6b6e4d37,16.79,12.10
c2b069d5ec39e0542002c35099d4ed4e#1,c2b069d5ec39e0542002c35099d4ed4e,f1fe595ee7ef768b41bd9b246d13432d,81a1104df0f08b59c68aa5b03cfe398e,19.94,99.90
c2b819b02527dbe8dfe424c00d999e0c#1,c2b819b02527dbe8dfe424c00d999e0c,4a69baa66a13d1adeb41cfe3bc0c27be,bbad7e518d7af88a0897397ffdca1979,16.46,99.90
c2bf18efef73a92f7e23cdb8338c9413#1,c2bf18efef73a92f7e23cdb8338c9413,af2d506fb01b724e03591349ad36b67e,4b9750c8ad28220fe6702d4ecb7c898f,9.74,48.90
c2d07d9078b700b9198a126183867c16#1,c2d07d9078b700b9198a126183867c16,48b68cf8eebb10e4dbf1b1ba6cf00107,0951a6e282947e09cd47969f4ed0b47f,12.79,18.00
c2dccf148a1561c27d90870e67e507ca#1,c2dccf148a1561c27d90870e67e507ca,f2e53dd1670f3c376518263b3f71424d,4a3ca9315b744ce9f8e9374361493884,18.02,109.90
c2e9150ecca583eb68c1e2e2b650caac#1,c2e9150ecca583eb68c1e2e2b650caac,4deb009c36a910076a023947a7929201,8629c241b3622ac12cd4118afdc8d394,37.05,51.81
c2f4ff5a710ff7ff87f90b026028bf18#1,c2f4ff5a710ff7ff87f90b026028bf18,3663ccbce96bbbea6b1b38558b5356a0,fa3a0b5aabb344b9a92e3524b0202123,18.57,298.00
c2fe2f550416c0b36bad93166e4d2d1a#1,c2fe2f550416c0b36bad93166e4d2d1a,1a658f920c35086bb2f6421f240608bd,edb1ef5e36e0c8cd84eb3c9b003e486d,16.86,59.95
c2fe713d93a9f489de49d6a79eb7f45c#1,c2fe713d93a9f489de49d6a79eb7f45c,a5bbc554f75cf4afa2cd56791015ec27,955fee9216a65b617aa5c0531780ce60,22.97,55.00
c301f64860cec992f8d9c532fb00f867#1,c301f64860cec992f8d9c532fb00f867,2136c70bbe723d338fab53da3c03e6dc,6560211a19b47992c3666cc44a7e94c0,7.78,29.00
c301f64860cec992f8d9c532fb00f867#2,c301f64860cec992f8d9c532fb00f867,14a0471af2a7bc596532fc8a6f29b1f8,6560211a19b47992c3666cc44a7e94c0,7.78,29.00
c32dd42a4b8a42c008777be9de862c10#1,c32dd42a4b8a42c008777be9de862c10,6d2c812450dd02b2f87495af63f9b709,2138ccb85b11a4ec1e37afbd1c8eda1f,15.65,26.99
c34fe20a21a65490fa6b815f0435059a#1,c34fe20a21a65490fa6b815f0435059a,e5403f78625641d4ae41af599772fbfd,289cdb325fb7e7f891c38608bf9e0962,18.79,129.80
c3664571c21d82f7d8ada5770af419f9#1,c3664571c21d82f7d8ada5770af419f9,0aabfb375647d9738ad0f7b4ea3653b1,37515688008a7a40ac93e3b2e4ab203f,11.85,24.50
c3716204ec5bc2bc5593bee858279148#1,c3716204ec5bc2bc5593bee858279148,cd935d283d47f1050c505e1c39c48b67,a3a38f4affed601eb87a97788c949667,18.59,69.90
c382d84d35f4d874b1f1c372f4bde27c#1,c382d84d35f4d874b1f1c372f4bde27c,731cf6fbf44cc64a9583fabe2c00750e,398cb257329ef7af7f1943a8974a3cbc,15.47,145.90
c39ffdd77f5ddda482650795f30f7aac#1,c39ffdd77f5ddda482650795f30f7aac,fc4d6bb8b2fba6297e0bd65aaa38624a,0ea22c1cfbdc755f86b9b54b39c16043,15.34,34.90
c3a6dc9afef5794ea4a867b5a18e0ad1#1,c3a6dc9afef5794ea4a867b5a18e0ad1,baff5f5a048f514e921ea530c4a7a814,e09887ca8c7bf8a4621ce481820414ef,14.10,39.99
c3b2c9ce918dcc0fdf5053927cd0ff8e#1,c3b2c9ce918dcc0fdf5053927cd0ff8e,938e036a795cdacb18ed3c5a598f6cf0,ba90964cff9b9e0e6f32b23b82465f7b,34.62,1499.00
c3c9936a34e4665a38df40a466a463ec#1,c3c9936a34e4665a38df40a466a463ec,177d3d5bb9d4d29222a222e3b3554f41,3d871de0142ce09b7081e2b9d1733cb1,22.58,109.00
c3cb4c7c4b963ab08b07a5dca5baf05d#1,c3cb4c7c4b963ab08b07a5dca5baf05d,9a5a361f3cd6c280f6bf4ffb6207c51e,aba1721a889e04decc910aa13b768ef4,15.58,119.00
c3d24172aec3f97cadcdc629a7357555#1,c3d24172aec3f97cadcdc629a7357555,d1ff1a1223a2739d17005c9f4c4a40b6,3d871de0142ce09b7081e2b9d1733cb1,19.94,100.00
c3d7d16efecadd7d1ef3ffb285dd8657#1,c3d7d16efecadd7d1ef3ffb285dd8657,027cdd14a677a5834bc67a9789db5021,620c87c171fb2a6dd6e8bb4dec959fc6,14.87,99.90
c3eb293fd154223498b6551a728203e8#1,c3eb293fd154223498b6551a728203e8,90ebb732ad20456afe8516eb5fbf75f6,bd23da7354813347129d751591d1a6e2,28.40,299.90
c3fd670b03599718895218d479f660b6#1,c3fd670b03599718895218d479f660b6,1eb5b06a73df439c29be30c762965ce3,7e93a43ef30c4f03f38b393420bc753a,21.05,899.99
c432ba5b3bb83966c1b66696c395a2fb#1,c432ba5b3bb83966c1b66696c395a2fb,08401f48b67a852d06105725c3013eff,95e03ca3d4146e4011985981aeb959b9,7.94,25.00
c4338fc6904fe8ebef8e0e42ead3c0e0#1,c4338fc6904fe8ebef8e0e42ead3c0e0,75d6b6963340c6063f7f4cfcccfe6a30,cc419e0650a3c5ba77189a1882b7556a,15.15,56.99
c442924838668a8f207a02063556d814#1,c442924838668a8f207a02063556d814,b807683e40e7ea6ec8d74d34f2e02247,ec933281fb017b5020d06df29c3f77e8,13.84,184.00
c4641ce744fc935456a95bc0c628a43c#1,c4641ce744fc935456a95bc0c628a43c,867b820367ec206b38a357f2c12454b7,5c3460cd3e8a984382ae254e7dd20d9f,18.36,37.47
c46deef64dc8913af348b596ff4fc40d#1,c46deef64dc8913af348b596ff4fc40d,19421075ae0b585f2dc13ff149e2119d,4c2b230173bb36f9b240f2b8ac11786e,7.78,45.90
c47acf407eb57ab063c79f3f1c8f7018#1,c47acf407eb57ab063c79f3f1c8f7018,154e7e31ebfa092203795c972e5804a6,cc419e0650a3c5ba77189a1882b7556a,7.78,23.99
c4abf2eb2ea936ee6fc6e630b152fb77#1,c4abf2eb2ea936ee6fc6e630b152fb77,386486367c1f9d4f587a8864ccb6902b,cca3071e3e9bb7d12640c9fbe2301306,17.51,109.90
c4bb1fcbb98d9733607ea0c7ab067e11#1,c4bb1fcbb98d9733607ea0c7ab067e11,77cc62dc80ebe12a0452d1ce0565acdc,218d46b86c1881d022bce9c68a7d4b15,23.66,113.00
c4cffa375b754170e9823a1fe9ac75bb#1,c4cffa375b754170e9823a1fe9ac75bb,f0087499874ae6c0b14f7b42671519fc,41b14765bd56c8ad10971074380f9c0c,11.62,85.00
c4d2f075fc3bf3a06d1e68e113c35cbd#1,c4d2f075fc3bf3a06d1e68e113c35cbd,57e089e3103f5cda6a4ce23b77399bdb,aafe36600ce604f205b86b5084d3d767,24.73,54.90
c4d5588c1ee36814fc302422334e67f5#1,c4d5588c1ee36814fc302422334e67f5,29b18b99ca3c94cea05efa9e11465440,aced59e9b31ef866a94f9e7f29d8d418,18.78,295.00
c4e9cf40a9cece6172750e47ddc74b20#1,c4e9cf40a9cece6172750e47ddc74b20,b5dfd307658435bd981ff29e6da7e77a,3f8034bfc6b8b4135534975d49f04c63,14.52,30.00
c505a1999c5ad6aacc8339242d824073#1,c505a1999c5ad6aacc8339242d824073,46292acbc08d49b95138891146f7287b,3361277dc30b7cccdb0c286b24219756,16.26,299.00
c505a1999c5ad6aacc8339242d824073#2,c505a1999c5ad6aacc8339242d824073,46292acbc08d49b95138891146f7287b,3361277dc30b7cccdb0c286b24219756,16.26,299.00
c505a1999c5ad6aacc8339242d824073#3,c505a1999c5ad6aacc8339242d824073,46292acbc08d49b95138891146f7287b,3361277dc30b7cccdb0c286b24219756,16.26,299.00
c50da75d0af4bf40f1213d2d8d5f13b4#1,c50da75d0af4bf40f1213d2d8d5f13b4,a5bbc554f75cf4afa2cd56791015ec27,955fee9216a65b617aa5c0531780ce60,13.55,55.00
c514dba8d0ed614c6a397d2f0f3fe202#1,c514dba8d0ed614c6a397d2f0f3fe202,c9fe02894880831f6f28d5ac212d036f,71592660bbcb6a4664e97b6f8b68babc,13.42,109.00
c53b15af645d91a057ddba9d0e1f21c7#1,c53b15af645d91a057ddba9d0e1f21c7,727a46f0b58a9ef165af9f7ebcfebfa9,e9779976487b77c6d4ac45f75ec7afe9,16.79,19.49
c53b15af645d91a057ddba9d0e1f21c7#2,c53b15af645d91a057ddba9d0e1f21c7,727a46f0b58a9ef165af9f7ebcfebfa9,e9779976487b77c6d4ac45f75ec7afe9,16.79,19.49
c56063fb44250985a4649811b257edc7#1,c56063fb44250985a4649811b257edc7,2b25ef4ad1788c0699dff628cdbbfbd0,1f867308a0ce13133a4e639ff4de0c02,7.71,27.50
c56bdcd0ef1249dcc18901b491b1b976#1,c56bdcd0ef1249dcc18901b491b1b976,2136c70bbe723d338fab53da3c03e6dc,6560211a19b47992c3666cc44a7e94c0,14.10,29.00
c57a1614ff14e7e6009f15b0d36d67da#1,c57a1614ff14e7e6009f15b0d36d67da,3fbc0ef745950c7932d5f2a446189725,06a2c3af7b3aee5d69171b0e14f0ee87,9.16,66.99
c57d8a1fea15380a18f9f81e1096ac9b#1,c57d8a1fea15380a18f9f81e1096ac9b,5e3b4b17383b90a3129e552bd71bf2b8,516e7738bd8f735ac19a010ee5450d8d,16.56,84.90
c5816c6d12ac8e0bebace202a2774edf#1,c5816c6d12ac8e0bebace202a2774edf,74cee16411adfa1d4d9a343d75aa6177,1dfe5347016252a7884b694d4f10f5c4,12.77,61.00
c5a1e865d2341b9c0330f478a3e8751f#1,c5a1e865d2341b9c0330f478a3e8751f,ea2dff335f794fa9a17e0be77a73d34d,6dd7dce75cd55c1ce255dc38d9f0cd46,21.33,75.00
c5a6176838c42bcb0286f07cf06afe84#1,c5a6176838c42bcb0286f07cf06afe84,7a5c07212703b5f01ee199d29a29a587,432c37c9dfba871172ec162e20118b8c,21.35,79.00
c5cb8ff0538e13ce7112d7f51b705d54#1,c5cb8ff0538e13ce7112d7f51b705d54,dc404a1496a08f9f5540c8b5d4b92925,46dc3b2cc0980fb8ec44634e21d2718e,14.93,299.99
c5d58ec8e7e7184d9a9d42b75ffa002d#1,c5d58ec8e7e7184d9a9d42b75ffa002d,4abef02c9dfc89006cb3d501d1f291c1,d98eec89afa3380e14463da2aabaea72,16.05,50.00
c5de0e05fad9231797b6cf731d56f2bc#1,c5de0e05fad9231797b6cf731d56f2bc,e178e8610a35f4d6c9b0934fb5e20e85,b18dc380845b24038cfc48006478f099,17.45,179.99
c5e1ff5a434a0e128ac186bd92c1060d#1,c5e1ff5a434a0e128ac186bd92c1060d,63e0fba310acec294c78c0ad6e3d0e4a,93dc87703c046b603023e75222018b45,15.99,159.00
c5e754f77f6f127371e929ccb707fce3#1,c5e754f77f6f127371e929ccb707fce3,aba86c093ccdbac75b09111d57e50004,7c67e1448b00f6e969d365cea6b010ab,11.45,119.60
c5f0052c5711a034a7b154269bfde906#1,c5f0052c5711a034a7b154269bfde906,6a8631b72a2f8729b91514db87e771c0,128639473a139ac0f3e5f5ade55873a5,18.23,29.90
c5fe9b024836c62ac0742eed03f72669#1,c5fe9b024836c62ac0742eed03f72669,fad3ac91e2ae2e3e0e3f0bed36a565b8,c33847515fa6305ce6feb1e818569f13,44.83,147.00
c602154123d0956a6fa53e0267b25bd8#1,c602154123d0956a6fa53e0267b25bd8,43706a3188de57bb50aa9f10e3b2fbde,11bfa66332777660bd0640ee84d47006,22.06,12.99
c6094f6ab0c25eda761622ab09aa423d#1,c6094f6ab0c25eda761622ab09aa423d,fbc1488c1a1e72ba175f53ab29a248e8,289cdb325fb7e7f891c38608bf9e0962,15.94,118.80
c6094f6ab0c25eda761622ab09aa423d#2,c6094f6ab0c25eda761622ab09aa423d,0f91b6a95a57a43203a9b17de98960d9,289cdb325fb7e7f891c38608bf9e0962,15.93,119.30
c6174e20db037528301ee8eaf325a469#1,c6174e20db037528301ee8eaf325a469,6cc44821f36f3156c782da72dd634e47,da8622b14eb17ae2831f4ac5b9dab84a,17.95,99.90
c6174e20db037528301ee8eaf325a469#2,c6174e20db037528301ee8eaf325a469,6cc44821f36f3156c782da72dd634e47,da8622b14eb17ae2831f4ac5b9dab84a,17.95,99.90
c619ac0f9cdcfcebdfb9490451166da4#1,c619ac0f9cdcfcebdfb9490451166da4,011967a30ceeaa86acb72e79664544ad,e2aee0892199b1d92530e371abd825bf,59.14,99.90
c63664068aa3636080c2cd77c53971ab#1,c63664068aa3636080c2cd77c53971ab,381c84a4eb64a931d793f69112d5a34c,3bdff180c7e1f6551a643b99c265a120,20.84,49.90
c64988ee72ec569d6465ac91526672a4#1,c64988ee72ec569d6465ac91526672a4,86b8032cbb666ec9ca1f2aa4d4cace06,dee656f0f566ed1aa85bd137c943f08f,15.17,59.90
c6512da3ccb5263223de71b8888d4db1#1,c6512da3ccb5263223de71b8888d4db1,209d347513cb03998c962964dc046f93,725c32fa80c2faacc4fc88450d27314e,12.41,199.00
c66f263a77d0b978664e122a57598d88#1,c66f263a77d0b978664e122a57598d88,42a2c92a0979a949ca4ea89ec5c7b934,813348c996469b40f2e028d5429d3495,14.13,58.90
c6984432d9f4eefb72712f14a8103b6e#1,c6984432d9f4eefb72712f14a8103b6e,6c40c98da8f33daca57f0e9b78eae09d,bfd27a966d91cfaafdb25d076585f0da,21.60,159.00
c6bbe896f3c4d0cc5969d1e46ecab29b#1,c6bbe896f3c4d0cc5969d1e46ecab29b,01a2ad2b54cd734f78cb817da7752d8b,42b6488f5b8246d9141712abd4b1b693,13.53,58.00
c6bf92017bd40729c135b58b643f64c2#1,c6bf92017bd40729c135b58b643f64c2,3f1a741cf5591384428c1cbb0ef07ec0,36a968b544695394e4e9d7572688598f,7.39,14.90
c6e85bb83d4a4831b79ccd25b2b98cd8#1,c6e85bb83d4a4831b79ccd25b2b98cd8,249da6972f14b13495be6a75239e9a91,0c8380b62e38e8a1e6adbeba7eb9688c,15.56,43.90
c6f02030f6bc633b8073c50178eb2833#1,c6f02030f6bc633b8073c50178eb2833,349ce46a0e2e20054aa9d80c48af8816,d6b1ce66b035a475f00c017792ff9769,23.99,169.99
c6fdbf697f2f8af465a58ffaa4c3fa4e#1,c6fdbf697f2f8af465a58ffaa4c3fa4e,9f7b48e2d4e4d7375f71a10791faa1b8,259f7b5e6e482c230e5bfaa670b6bb8f,16.05,59.90
c6fdbf697f2f8af465a58ffaa4c3fa4e#2,c6fdbf697f2f8af465a58ffaa4c3fa4e,9f7b48e2d4e4d7375f71a10791faa1b8,259f7b5e6e482c230e5bfaa670b6bb8f,16.05,59.90
c70715c3111d10111116543cfc29f3ca#1,c70715c3111d10111116543cfc29f3ca,07c055536ebf10dfbb6c6db6dbfc36e5,cca3071e3e9bb7d12640c9fbe2301306,12.69,45.90
c7172e1a6b8de65fbc6e9e77afda672d#1,c7172e1a6b8de65fbc6e9e77afda672d,7d0e0214a0852cf0c90032c7992cf27f,2a6fbeaa7ab9e5d59a35841a8da71ce4,15.20,65.00
c73bbcd64afe483b00a38c3d28c1c66a#1,c73bbcd64afe483b00a38c3d28c1c66a,9324d11d98d73e980e13fbd30569e9e4,5cf13accae3222c70a9cac40818ae839,19.89,99.90
c75acba615d2db29345327974641467d#1,c75acba615d2db29345327974641467d,4005df5f887f3c2529f363671fc8f4a5,e9779976487b77c6d4ac45f75ec7afe9,26.90,84.99
c761a8b74f1e876bc5efc4186f720e27#1,c761a8b74f1e876bc5efc4186f720e27,c403e106353e1aa40efe783ecb39ed7a,d2374cbcbb3ca4ab1086534108cc3ab7,16.05,34.90
c761a8b74f1e876bc5efc4186f720e27#2,c761a8b74f1e876bc5efc4186f720e27,c403e106353e1aa40efe783ecb39ed7a,d2374cbcbb3ca4ab1086534108cc3ab7,16.05,34.90
c768b1d3a1541f992ff2a94488a364d7#1,c768b1d3a1541f992ff2a94488a364d7,108952e9e1c5cbd3f2b29ec2893c33da,391fc6631aebcf3004804e51b40bcf1e,17.92,39.99
c76b5689857b2dc863826762f8b07cd3#1,c76b5689857b2dc863826762f8b07cd3,12087840651e83b48206b82c213b76fd,5b925e1d006e9476d738aa200751b73b,17.71,209.00
c7712c0f5217ae36e0539a1caea73839#1,c7712c0f5217ae36e0539a1caea73839,0aabfb375647d9738ad0f7b4ea3653b1,37515688008a7a40ac93e3b2e4ab203f,15.10,19.90
c774090f7e672d0718f1ea7e9a3a8590#1,c774090f7e672d0718f1ea7e9a3a8590,9afaad66aca8b0c79e4f084a89c9c92b,42bde9fef835393bb8a8849cb6b7f245,17.83,199.00
c788aeedf593229d4ee84e790c2e5483#1,c788aeedf593229d4ee84e790c2e5483,162e010af9fe224d35fd8496a273fb02,3c3017960b2dbd72711a61f0400aab8f,27.10,89.90
c7911a821f0816b0c1345016668c7752#1,c7911a821f0816b0c1345016668c7752,3cc6750606d3429d08a50f6416b82dd2,8a432f4e5b471f8da497d7dc517666e2,19.42,64.00
c79a29817509b8122a3b3c3a24414866#1,c79a29817509b8122a3b3c3a24414866,14555ba663de8689feacf1d0819cc3b3,dbc22125167c298ef99da25668e1011f,14.38,92.90
c7a01909a06bdf140604711177208036#1,c7a01909a06bdf140604711177208036,a8075470f960215ffb67624782f80fec,ff063b022a9a0aab91bad2c9088760b7,27.13,119.00
c7da3693b9936c359eb9d60640dbb967#1,c7da3693b9936c359eb9d60640dbb967,a8e35f118bd7f9b1d38fc786b555d210,dc8798cbf453b7e0f98745e396cc5616,11.85,24.90
c8126206d94637a4e63af00f4181a14d#1,c8126206d94637a4e63af00f4181a14d,4fb3e6ce442ce9c621ea9509e47ac951,c3cfdc648177fdbbbb35635a37472c53,29.17,109.90
c8213e60d923c834447d410caab1898d#1,c8213e60d923c834447d410caab1898d,5faf912b4044bad95a8c882863473ba5,fa1c13f2614d7b5c4749cbc52fecda94,43.56,949.99
c82430e4a84f03b67cc2a82fecd873f0#1,c82430e4a84f03b67cc2a82fecd873f0,35d6a7880150d5dacc9ad0c9a9cfb233,7b0df942f46435babab05d49b744b2c4,17.74,283.02
c82a457d646f77c8f151e12a3e517ed2#1,c82a457d646f77c8f151e12a3e517ed2,81a3f1e46ec16acb4800a5002b014438,d9bd94811c3338dceb4181f3dbc0c73e,8.22,136.78
c830f223aae08493ebecb52f29aa48ca#1,c830f223aae08493ebecb52f29aa48ca,99a4788cb24856965c36a24e339b6058,4a3ca9315b744ce9f8e9374361493884,16.33,89.90
c84cb424afdb4c6b771f39743b3716e0#1,c84cb424afdb4c6b771f39743b3716e0,f720c39eaaedbc6f37a0cac64fe6a6aa,116ccb1a1604bc88e4d234a8c23f33de,18.23,9.00
c84cb424afdb4c6b771f39743b3716e0#2,c84cb424afdb4c6b771f39743b3716e0,f720c39eaaedbc6f37a0cac64fe6a6aa,116ccb1a1604bc88e4d234a8c23f33de,18.23,9.00
c8627adf430caff83161acbeb344d8f5#1,c8627adf430caff83161acbeb344d8f5,8c66104d520634a3b6e20c1f326767de,c864036feaab8c1659f65ea4faebe1da,55.69,229.90
c89f9200f57c5d1e1d7a7c6a98d45ff6#1,c89f9200f57c5d1e1d7a7c6a98d45ff6,4253d0bdfe5de877ffc994926fa6041f,cca3071e3e9bb7d12640c9fbe2301306,16.43,96.36
c8edbac1d727757b8d8a2fc13303d040#1,c8edbac1d727757b8d8a2fc13303d040,341d85d688ecc3353cf2a968e7ad0dbf,620c87c171fb2a6dd6e8bb4dec959fc6,15.66,129.90
c9205528d5e1b823f414b4f15314c03f#1,c9205528d5e1b823f414b4f15314c03f,ace1e48f1eaabcd539235e93e361133b,6edacfd9f9074789dad6d62ba7950b9c,15.10,44.90
c93d1daac7ac7b818a7ae6a826ebff8a#1,c93d1daac7ac7b818a7ae6a826ebff8a,44fded21627553d1886d459384bbce06,8b321bb669392f5163d04c59e235e066,17.06,15.00
c93e4c73cba512f76817291e0de8bec4#1,c93e4c73cba512f76817291e0de8bec4,f1f01d27cb8664e16d57ef4a8075f3be,46dc3b2cc0980fb8ec44634e21d2718e,21.20,279.99
c94206a6d6698d5852b7e9e14bdc2e79#1,c94206a6d6698d5852b7e9e14bdc2e79,b12f82804a690dfabd840ce47db63c40,a7d0f8dd44f57ef6de7f7f02e3d82630,7.47,29.89
c94ad4f97a88391955fc080a1a4e74cb#1,c94ad4f97a88391955fc080a1a4e74cb,c2ece64199af7a53793ed9612a89a8cd,6c7d50c24b3ccd2fd83b44d8bb34e073,21.02,75.00
c972a78eeb0dde0aac82eb51b1450c53#1,c972a78eeb0dde0aac82eb51b1450c53,a9f480bfc49f0b85e8394e1cdf685b4e,3d871de0142ce09b7081e2b9d1733cb1,16.15,55.00
c97623da13aeaddc6de228746da872bb#1,c97623da13aeaddc6de228746da872bb,ad88641611c35ebd59ecda07a9f17099,c826c40d7b19f62a09e2d7c5e7295ee2,9.30,157.77
c98f20eb107a235a15b60b2b5de731da#1,c98f20eb107a235a15b60b2b5de731da,cc6e31911e3db7f60e67069522872552,f0b47fbbc6dee9aafe415a6e33051b3f,13.18,74.90
c9a41eaac7ef0fb40b81c58e3c7276c9#1,c9a41eaac7ef0fb40b81c58e3c7276c9,53759a2ecddad2bb87a079a1f1519f73,1f50f920176fa81dab994f9023523100,17.67,59.90
c9ae6fa5a920d90f86fd464ac7f5cde9#1,c9ae6fa5a920d90f86fd464ac7f5cde9,a3dae37f1227e4037d5e3be3f228bc84,0b90b6df587eb83608a64ea8b390cf07,18.28,878.00
c9b0a65b5794db7ced550ecc9ba178ca#1,c9b0a65b5794db7ced550ecc9ba178ca,3dd2a17168ec895c781a9191c1e95ad7,de722cd6dad950a92b7d4f82673f8833,27.59,149.90
c9c090d55d074c5b0d0effca2b928d4c#1,c9c090d55d074c5b0d0effca2b928d4c,b14becd90b0c2fe7819c324c6a41168d,4e922959ae960d389249c378d1c939f5,15.10,45.00
c9c52a849ead8fc8b85d828ae740ec78#1,c9c52a849ead8fc8b85d828ae740ec78,7c1bd920dbdf22470b68bde975dd3ccf,cc419e0650a3c5ba77189a1882b7556a,17.66,58.99
c9c727aec325e060789405c422a90c1d#1,c9c727aec325e060789405c422a90c1d,912d1fc21117a94dc8a67186df6010a7,7d13fca15225358621be4086e1eb0964,37.69,110.65
c9cb980dd4167a515f9bcb3677706240#1,c9cb980dd4167a515f9bcb3677706240,d321d5e90b24cba895f0564fc3e15a84,aafe36600ce604f205b86b5084d3d767,15.18,59.90
c9cdd7f64546202e53576e2997f112f4#1,c9cdd7f64546202e53576e2997f112f4,5ed9eaf534f6936b51d0b6c5e4d5c2e9,8cbac7e12637ed9cffa18c7875207478,14.58,25.00
c9e55382f594e06306eb0f4c3b3d0418#1,c9e55382f594e06306eb0f4c3b3d0418,e0cf79767c5b016251fe139915c59a26,da8622b14eb17ae2831f4ac5b9dab84a,18.31,29.90
c9fddd8d2730610e00bbcda3e79fdcca#1,c9fddd8d2730610e00bbcda3e79fdcca,d4a4ff95f641981ed47802cce0ea5c88,1f1bb1f0859883505541bdd6606193e5,16.81,149.99
ca0400dec2c292340c373e63b1c2c597#1,ca0400dec2c292340c373e63b1c2c597,42bf9ee410b1247f0223626107834b87,751bdc4d83a466c7206cd42e8f426b03,19.43,169.99
ca0400dec2c292340c373e63b1c2c597#2,ca0400dec2c292340c373e63b1c2c597,42bf9ee410b1247f0223626107834b87,751bdc4d83a466c7206cd42e8f426b03,19.43,169.99
ca0400dec2c292340c373e63b1c2c597#3,ca0400dec2c292340c373e63b1c2c597,42bf9ee410b1247f0223626107834b87,751bdc4d83a466c7206cd42e8f426b03,19.43,169.99
ca0400dec2c292340c373e63b1c2c597#4,ca0400dec2c292340c373e63b1c2c597,42bf9ee410b1247f0223626107834b87,751bdc4d83a466c7206cd42e8f426b03,19.43,169.99
ca135e527ced56014617ee57b5386a2f#1,ca135e527ced56014617ee57b5386a2f,5c5585c687a0293f10bb748c13cacc71,8e6d7754bc7e0f22c96d255ebda59eba,27.06,74.89
ca186afb25218627f21f78bcb9a5ea08#1,ca186afb25218627f21f78bcb9a5ea08,e24c96c234ee0f2b0947bd394ec402ca,dbc22125167c298ef99da25668e1011f,15.80,104.60
ca28049cbd8e65a6e26834584bb3d38e#1,ca28049cbd8e65a6e26834584bb3d38e,8762b647d716b99b09ee045657f9d383,0be8ff43f22e456b4e0371b2245e4d01,23.02,99.90
ca290a06ee0945b956f79c93b5191633#1,ca290a06ee0945b956f79c93b5191633,2948658cb6abc82847412be7201bfc4c,955fee9216a65b617aa5c0531780ce60,55.10,120.00
ca621c614abfc6d64f4a093ade1249b9#1,ca621c614abfc6d64f4a093ade1249b9,df44d84f970884476b76a32ddf1ace55,dc4a0fc896dc34b0d5bfec8438291c80,15.24,69.90
ca649df2968bbbc843a5c75c7bc803ba#1,ca649df2968bbbc843a5c75c7bc803ba,65bfaa2fff2cfb55a0b7a466549e6758,a416b6a846a11724393025641d4edd5e,23.34,420.00
ca8eaa7367f04ef547edaa942ad53386#1,ca8eaa7367f04ef547edaa942ad53386,b2b7267fcaf435c1d6ff0fe43b6716d4,6560211a19b47992c3666cc44a7e94c0,14.72,79.00
ca9012a0bc23f8c1b5be9b7e4af8fa5e#1,ca9012a0bc23f8c1b5be9b7e4af8fa5e,6c81db10f914c4d032b14fa93aa0a818,d98eec89afa3380e14463da2aabaea72,17.14,29.99
caa157284ffa71411abb3f7b94102de5#1,caa157284ffa71411abb3f7b94102de5,7c1bd920dbdf22470b68bde975dd3ccf,cc419e0650a3c5ba77189a1882b7556a,16.66,58.99
caac6605538949c162e1301b3280177e#1,caac6605538949c162e1301b3280177e,7aafb113cc4cdd6f842135ceb2ba4b50,2745f798279e0ed033addcc1474776d7,18.03,110.80
cab041d8d606d6c9d3165da578795340#1,cab041d8d606d6c9d3165da578795340,abe135ae574a8969994de86975004972,63ffcb71394dd8ea3872ed9ffda17c74,33.24,16.90
cadbb3657dac2dbbd5b84b12e7b78aad#1,cadbb3657dac2dbbd5b84b12e7b78aad,9d2ff462feaaf88912539b8647e17ab4,00fc707aaaad2d31347cf883cd2dfe10,14.89,394.90
cae550bd1bf7bfba357a10319a0fb4be#1,cae550bd1bf7bfba357a10319a0fb4be,224f4ce3262279a31db214df54befe1b,06a2c3af7b3aee5d69171b0e14f0ee87,13.94,64.99
caef38892cf9eefb7fa25d54e803ba20#1,caef38892cf9eefb7fa25d54e803ba20,34b3d6e3e824bdbecac9611588a63459,8f2ce03f928b567e3d56181ae20ae952,26.78,99.90
cafc9b2f7d35ec42bdb74347cc6e8a70#1,cafc9b2f7d35ec42bdb74347cc6e8a70,c5841303f830680eb1cdda8be0ff35bf,b561927807645834b59ef0d16ba55a24,17.63,38.00
cb0bbf1c3c3c44727e7374c8ec944154#1,cb0bbf1c3c3c44727e7374c8ec944154,c9c6fde711572c1ad99ca12728c6af00,562fc2f2c2863ab7e79a9e4388a58a14,7.39,29.99
cb2b577a4ebd84bf84ff3990084d490f#1,cb2b577a4ebd84bf84ff3990084d490f,a5c3ddb1a400f50d1cf7138727aec136,817f85dbb65aa3e70831d90fe75cdf89,21.01,128.90
cb2ca9584ce09074196d8fa3f3ae804b#1,cb2ca9584ce09074196d8fa3f3ae804b,d99526b1e4fa5f57b8bde34a7337b5ee,9b013e03b2ab786505a1d3b5c0756754,7.87,58.00
cb2ed75db8803d99a171c1056638ae9b#1,cb2ed75db8803d99a171c1056638ae9b,9c66292a0367d1a85842e4b302acca69,f8db351d8c4c4c22c6835c19a46f01b0,19.32,36.90
cb3830baa25a82fb69d5256ffca9b6a2#1,cb3830baa25a82fb69d5256ffca9b6a2,b795524e6ddbae40e910d169242dbcd7,b56906f7fd1696e043f1bcce164c487b,15.23,68.80
cb418bb4b6115438d20b0141ed5bc9e0#1,cb418bb4b6115438d20b0141ed5bc9e0,e74384c9363e768848854356a37c73f4,522620dcb18a6b31cd7bdf73665113a9,29.07,1599.00
cb418bb4b6115438d20b0141ed5bc9e0#2,cb418bb4b6115438d20b0141ed5bc9e0,e74384c9363e768848854356a37c73f4,522620dcb18a6b31cd7bdf73665113a9,29.07,1599.00
cb5084e6d5109655821d2054b7bec84c#1,cb5084e6d5109655821d2054b7bec84c,320e20e13905991b0d83e8f181fcc196,d20b021d3efdf267a402c402a48ea64b,11.20,39.99
cb5084e6d5109655821d2054b7bec84c#2,cb5084e6d5109655821d2054b7bec84c,777d2e438a1b645f3aec9bd57e92672c,4a3ca9315b744ce9f8e9374361493884,20.15,69.90
cb50f73cef605fc87294854be93d6636#1,cb50f73cef605fc87294854be93d6636,d2f2c2b94c6ac44ece0bd0dd202c7939,710e3548e02bc1d2831dfc4f1b5b14d4,14.08,35.99
cb63fdd83851479a1def20d67c11525f#1,cb63fdd83851479a1def20d67c11525f,94c8e41ff4b54668bf9a765e5a7fc9ac,0ea22c1cfbdc755f86b9b54b39c16043,16.79,19.90
cb6e441ff2ef574ce08d3709426f88ec#1,cb6e441ff2ef574ce08d3709426f88ec,bcaccccaa0255d8132172dfe9c10ab2e,179d859f51292aac5c10806a356f7af9,12.81,22.00
cbb8697212a65198772c9406834180f8#1,cbb8697212a65198772c9406834180f8,7f064525eaaa1ce9d22c085f7ff5413a,6560211a19b47992c3666cc44a7e94c0,15.10,49.00
cbbb524a0e1646aa6cf7a3c0bbe517ad#1,cbbb524a0e1646aa6cf7a3c0bbe517ad,bab7ff9abbcc13690a62d015f2ca8e44,229c3efbfb0ea2058de4ccdfbc3d784a,20.58,75.00
cbbfd069a2876e5db34ae76d6d796c92#1,cbbfd069a2876e5db34ae76d6d796c92,1b28df0b54809d40f2bd2f2218c601a2,e9779976487b77c6d4ac45f75ec7afe9,16.18,60.00
cbe9eae36605cf2bd005c6bc1ae5f864#1,cbe9eae36605cf2bd005c6bc1ae5f864,0e95d6eef2bedaf4ecf3c33f78199059,dc4a0fc896dc34b0d5bfec8438291c80,21.18,98.63
cbec453ddd874ca620b8afc6393e3218#1,cbec453ddd874ca620b8afc6393e3218,283dc451ad3918badb976d56ff887289,da8622b14eb17ae2831f4ac5b9dab84a,13.65,89.90
cbf088f9ac169d9c7eddcaa9c5e465fe#1,cbf088f9ac169d9c7eddcaa9c5e465fe,36f60d45225e60c7da4558b070ce4b60,88460e8ebdecbfecb5f9601833981930,12.61,67.90
cbf5771b59c1f5688a8f8224f08607eb#1,cbf5771b59c1f5688a8f8224f08607eb,1e8d46e0cdc62c1ffa69cc04a6f2660f,edb1ef5e36e0c8cd84eb3c9b003e486d,19.42,220.00
cc03f6907e3230fc27f728ed4e977534#1,cc03f6907e3230fc27f728ed4e977534,cc82434eb4afd2f81d3c2525e54cbfce,83deb69e889cf80f82be1dc6d5f2d486,20.30,198.90
cc0482c9c30742e1f8ce96e0e1cebe07#1,cc0482c9c30742e1f8ce96e0e1cebe07,02475368dfb38934fe55f574024fe1d7,6560211a19b47992c3666cc44a7e94c0,7.46,29.00
cc06813c8d9909633f390ed9b5df999f#1,cc06813c8d9909633f390ed9b5df999f,d1c427060a0f73f6b889a5c7c61f2ac4,a1043bafd471dff536d0c462352beb48,54.59,119.00
cc1fe613e2c3dce712d71a852ee6726f#1,cc1fe613e2c3dce712d71a852ee6726f,9ee8c8a931dd4d34148aa31f54ee93c1,f8db351d8c4c4c22c6835c19a46f01b0,18.16,129.90
cc35448ebfa45049a22c185b46a7a46c#1,cc35448ebfa45049a22c185b46a7a46c,78d622eda7a1b229d04311074b1029aa,17a053fcb14bd219540cbde0df490be0,35.29,269.90
cc62ea5f8c980942e1fb6b6854c6ce29#1,cc62ea5f8c980942e1fb6b6854c6ce29,2b0ee2d07306f7c9ac55a43166e9bb4b,1900267e848ceeba8fa32d80c1a5f5a8,16.18,59.99
cc66dee6fbc18bb79903c3a2cc14ff52#1,cc66dee6fbc18bb79903c3a2cc14ff52,cc5447118c174dcc6456c84ccb29e6f7,ef0ace09169ac090589d85746e3e036f,18.70,117.70
cc8389c87998ef48d592285b08d5106d#1,cc8389c87998ef48d592285b08d5106d,edcda2e50aadade37544f55a8da52207,ea8482cd71df3c1969d7b9473ff13abc,14.10,24.99
cc85879fb8f1767ad9b67dbcfa113e7b#1,cc85879fb8f1767ad9b67dbcfa113e7b,d3e1006ba3735c0d44160026b6e0ced3,c003204e1ab016dfa150abc119207b24,21.85,109.90
cc86a65e920aceb9fe3bbe49bab2bd52#1,cc86a65e920aceb9fe3bbe49bab2bd52,d37c7b44350fea9327f32f3e603f682b,0241d4d5d36f10f80c644447315af0bd,16.11,29.90
cc94aa62777cf27c082eaa521ba00747#1,cc94aa62777cf27c082eaa521ba00747,501c8cd285f4f2ed96efffbb3c697d0b,f262cbc1c910c83959f849465454ddd3,8.34,24.99
ccbabeb0b02433bd0fcbac46e70339f2#1,ccbabeb0b02433bd0fcbac46e70339f2,89321f94e35fc6d7903d36f74e351d40,16090f2ca825584b5a147ab24aa30c86,15.10,27.90
ccd7d6d23c5d29de6367dd5332aab16d#1,ccd7d6d23c5d29de6367dd5332aab16d,9343856b202bd10630a59b79d8f61cbc,1da3aeb70d7989d1e6d9b0e887f97c23,7.78,14.99
cce9265db762ed6a292410cee5e5369b#1,cce9265db762ed6a292410cee5e5369b,6cdd53843498f92890544667809f1595,ccc4bbb5f32a6ab2b7066a4130f114e3,17.21,349.90
cd0019d8419b82109ff269d8b4e18791#1,cd0019d8419b82109ff269d8b4e18791,698b3ddae2f0b80c2a48fb40624ca4e4,0241d4d5d36f10f80c644447315af0bd,58.00,249.00
cd073a09b3f9f8f60fe4b7aa998f2ca0#1,cd073a09b3f9f8f60fe4b7aa998f2ca0,0f39dd7b84f0532254c167aa5ad6bbca,698f5fa55a5f73d0740e9d9a773e8093,15.52,60.00
cd297c74672655559f2c22ea2a1550eb#1,cd297c74672655559f2c22ea2a1550eb,f045dc40e1d54d2f70286e4cbb07a357,213b25e6f54661939f11710a6fddb871,7.71,39.90
cd297c74672655559f2c22ea2a1550eb#2,cd297c74672655559f2c22ea2a1550eb,f045dc40e1d54d2f70286e4cbb07a357,213b25e6f54661939f11710a6fddb871,7.71,39.90
cd297c74672655559f2c22ea2a1550eb#3,cd297c74672655559f2c22ea2a1550eb,f045dc40e1d54d2f70286e4cbb07a357,213b25e6f54661939f11710a6fddb871,7.71,39.90
cd4949eac210d110de63aa0479dcfba1#1,cd4949eac210d110de63aa0479dcfba1,fd220f6fd5a3f13ef9db07428f9c935d,a3a38f4affed601eb87a97788c949667,14.73,79.90
cd4d7e23c22aeff7984a40a3045e9751#1,cd4d7e23c22aeff7984a40a3045e9751,cf45cea95e6b4d46e80fe098eda10c8f,cc419e0650a3c5ba77189a1882b7556a,14.00,84.99
cd4d7e23c22aeff7984a40a3045e9751#2,cd4d7e23c22aeff7984a40a3045e9751,75d6b6963340c6063f7f4cfcccfe6a30,cc419e0650a3c5ba77189a1882b7556a,14.48,56.99
cd664e197521a82f89b34d1af4af7aa0#1,cd664e197521a82f89b34d1af4af7aa0,437c05a395e9e47f9762e677a7068ce7,f84fa566034f5e8e880a07ec624c56af,7.78,49.90
cd746a0e172f3aac198180760cc21a8e#1,cd746a0e172f3aac198180760cc21a8e,50805a148492a9e871186240363cd2e8,004c9cd9d87a3c30c522c48c4fc07416,16.05,133.99
cd81fccdeffb11e33de701e2c53c85c6#1,cd81fccdeffb11e33de701e2c53c85c6,368c6c730842d78016ad823897a372db,1f50f920176fa81dab994f9023523100,29.71,53.90
cd864dfff08db3d739750d749ec053b3#1,cd864dfff08db3d739750d749ec053b3,1d7db62a21ffb4f220d3e8a05fa77e02,643214e62b870443ccbe55ab29a4dccf,15.10,32.00
cd9d1ea1541ad23858c2890cbacd2406#1,cd9d1ea1541ad23858c2890cbacd2406,5d66715cc928aadd0074f61332698593,128639473a139ac0f3e5f5ade55873a5,12.48,19.90
cdbe906438125d1d5bf88bb289f8ed61#1,cdbe906438125d1d5bf88bb289f8ed61,bf0fb54ca0888fce3109ad83c00617c4,ca4b77513ac2040591b0d8fae6958380,9.02,123.47
cdc0800fdbf7580a26201f0a1529ee1f#1,cdc0800fdbf7580a26201f0a1529ee1f,53759a2ecddad2bb87a079a1f1519f73,1f50f920176fa81dab994f9023523100,28.81,49.90
cdc1ac6a94d34f438c153db4b7b5a691#1,cdc1ac6a94d34f438c153db4b7b5a691,55d139324dfb785b405ef1e11f119adc,6bb62a4912377c7bfe7cb17b406bc7e6,19.88,98.69
cdc1ac6a94d34f438c153db4b7b5a691#2,cdc1ac6a94d34f438c153db4b7b5a691,55d139324dfb785b405ef1e11f119adc,6bb62a4912377c7bfe7cb17b406bc7e6,19.88,98.69
cdc62ef71741b912ed0378bd8493f884#1,cdc62ef71741b912ed0378bd8493f884,9da950e8c8c482441f1b93955b21c827,ceaec5548eefc6e23e6607c5435102e7,22.59,215.00
cdc90cad1e7f9d43bfeef525c745ef33#1,cdc90cad1e7f9d43bfeef525c745ef33,9cfc534e612cd634ccf02aeb68583094,17e34d8224d27a541263c4c64b11a56b,13.75,104.36
cdc90cad1e7f9d43bfeef525c745ef33#2,cdc90cad1e7f9d43bfeef525c745ef33,9cfc534e612cd634ccf02aeb68583094,17e34d8224d27a541263c4c64b11a56b,13.75,104.36
cdc90cad1e7f9d43bfeef525c745ef33#3,cdc90cad1e7f9d43bfeef525c745ef33,9cfc534e612cd634ccf02aeb68583094,17e34d8224d27a541263c4c64b11a56b,13.75,104.36
cde7b4e633f0dd24536cab563a33ccb9#1,cde7b4e633f0dd24536cab563a33ccb9,124ce940a0950f162eecf1c7f3db5a53,83deb69e889cf80f82be1dc6d5f2d486,16.00,178.90
cdf2839409d0f62e2b2e61b62b72dc16#1,cdf2839409d0f62e2b2e61b62b72dc16,0602bc6086443c4e9b9e5ba88119ce08,681fce914360217db47784ae28905a96,14.21,66.00
ce1d43d723c88bee2b9c749198eb023e#1,ce1d43d723c88bee2b9c749198eb023e,4c68fa8fa43e3ffddf31ef176866f762,de23c3b98a88888289c6f5cc1209054a,15.63,125.00
ce38feac183edc1669336435be2a2ef3#1,ce38feac183edc1669336435be2a2ef3,79e15231b726878193713bdd2c293448,218d46b86c1881d022bce9c68a7d4b15,13.44,60.00
ce3a102e866be15f5e59e79a3f18e351#1,ce3a102e866be15f5e59e79a3f18e351,aafdb12b1b20091509f5c337498dbf1d,95ec4458365c4d11f452ccf538377619,12.58,89.90
ce3f08db12e92209931e4bff447392df#1,ce3f08db12e92209931e4bff447392df,e82b2802625252b6d72b3e1d36f82670,1da3aeb70d7989d1e6d9b0e887f97c23,15.24,19.99
ce3f08db12e92209931e4bff447392df#2,ce3f08db12e92209931e4bff447392df,bbdf7b7e937d9526d3acd9854d7e939b,1da3aeb70d7989d1e6d9b0e887f97c23,15.23,19.99
ce3f08db12e92209931e4bff447392df#3,ce3f08db12e92209931e4bff447392df,4697e1b622324d38a8989bff2bdc1c84,1da3aeb70d7989d1e6d9b0e887f97c23,15.24,19.99
ce3f08db12e92209931e4bff447392df#4,ce3f08db12e92209931e4bff447392df,786248c98cab9ad5cccdb751909da1af,1da3aeb70d7989d1e6d9b0e887f97c23,15.24,15.99
ce6923830776a5f0d2ffd91a11dd6204#1,ce6923830776a5f0d2ffd91a11dd6204,4a69baa66a13d1adeb41cfe3bc0c27be,bbad7e518d7af88a0897397ffdca1979,9.51,99.90
ce8502b200546c12a54e51a65f313f34#1,ce8502b200546c12a54e51a65f313f34,3c2f792f1041177a81913a977431a99e,6ee85be3693ed79a8e80718743d80655,16.05,29.50
ce9fc4b5d521bad32b0c3893b9b3788f#1,ce9fc4b5d521bad32b0c3893b9b3788f,628bbcb76ac6c7d4abf432b345635f47,0bf0150d5b9d60d9cd2906003332f085,10.62,108.90
ce9fc4b5d521bad32b0c3893b9b3788f#2,ce9fc4b5d521bad32b0c3893b9b3788f,628bbcb76ac6c7d4abf432b345635f47,0bf0150d5b9d60d9cd2906003332f085,10.62,108.90
ce9feeba53c652dd6569cca62e2bb287#1,ce9feeba53c652dd6569cca62e2bb287,28b5fef7b6d63771e9784bc68c783793,d91fb3b7d041e83b64a00a3edfb37e4f,11.86,45.00
ceb992824b749348734de15eaca939ac#1,ceb992824b749348734de15eaca939ac,963bc5def5962c07b9a36fa70d08c989,9b00ed88b7fdb95d6ff76e27c1b52d16,7.39,14.20
cebe1a22714a4536f852866377c9bcbd#1,cebe1a22714a4536f852866377c9bcbd,dca8cbb1c9d8a2db0fbc0c36b8d1a7bc,6560211a19b47992c3666cc44a7e94c0,14.72,79.00
cebe1a22714a4536f852866377c9bcbd#2,cebe1a22714a4536f852866377c9bcbd,dca8cbb1c9d8a2db0fbc0c36b8d1a7bc,6560211a19b47992c3666cc44a7e94c0,14.72,79.00
cec27ecc8324e22e5721ce87471d4b31#1,cec27ecc8324e22e5721ce87471d4b31,282d681b3fdcb3f0a6da31a7339f48c2,b76dba6c951ab00dc4edf0a1aa88037e,22.07,19.99
ced791864a1478d28bc041d61f8ce2f4#1,ced791864a1478d28bc041d61f8ce2f4,db06e3f64ff47ef36a46f8530d002fa5,f3295428338a40977a03f555246a70f4,16.92,11.89
cedd898e1a953e9a8f3d763a364f6717#1,cedd898e1a953e9a8f3d763a364f6717,eb719445ec882a7b60518fd8b55c1b0f,7e3f87d16fb353f408d467e74fbd8014,15.10,28.90
cee9f1845c95efd83885a0b2f7a22b83#1,cee9f1845c95efd83885a0b2f7a22b83,fad534edb8f35664713c4b766fa473d4,da8622b14eb17ae2831f4ac5b9dab84a,19.50,44.90
ceecda7c9b24cbff643a6c5119a9ec6d#1,ceecda7c9b24cbff643a6c5119a9ec6d,e917a4c1765b98c448b7e4cadcbd0d36,7e3f87d16fb353f408d467e74fbd8014,7.41,20.90
cefa8ee1540139ac77fa0c1b4ff1f04b#1,cefa8ee1540139ac77fa0c1b4ff1f04b,092be1e8336fc404c57bd5970d056886,cbd996ad3c1b7dc71fd0e5f5df9087e2,19.66,66.39
ceff6079b4931d865da8fad5286b30a6#1,ceff6079b4931d865da8fad5286b30a6,657247f6f60543b93e3cc708a8e6329c,7ddcbb64b5bc1ef36ca8c151f6ec77df,60.29,248.99
cf0ac4e12ad66c28302fc103670222fa#1,cf0ac4e12ad66c28302fc103670222fa,c3fff1789c3ee48e562e3ce051a4fa3f,ef506c96320abeedfb894c34db06f478,7.78,25.99
cf18c0b77059499a99818871229ab994#1,cf18c0b77059499a99818871229ab994,79b45f6fe16c752af64c050de4566693,ae45df84722b1d15c5f32b23a095746c,17.85,132.00
cf1bc456a0d5c63bb6c94d3b8b2c56e7#1,cf1bc456a0d5c63bb6c94d3b8b2c56e7,347a1dbb9334cebdd3f2c43bc1b34455,152ee17e4c8aaf53dac99f3462e4999b,14.27,57.00
cf2012c5bb2a858db95ead15c5f1595b#1,cf2012c5bb2a858db95ead15c5f1595b,7c1bd920dbdf22470b68bde975dd3ccf,cc419e0650a3c5ba77189a1882b7556a,13.50,54.99
cf2159bbc127ae7a92a057266d687260#1,cf2159bbc127ae7a92a057266d687260,ceb43e52119b25c8f2b6049a5534c339,6b243f80ed07b10f0e8aa0f21a205f3c,16.42,64.90
cf37324c9d35fb8f5f9d14cd6d48a3a2#1,cf37324c9d35fb8f5f9d14cd6d48a3a2,e672fbe634ad07cce9d85f412becb2c0,7a67c85e85bb2ce8582c35f2203ad736,9.10,129.99
cf3a9fb2f3b7b0d71c3a8e59c01ad281#1,cf3a9fb2f3b7b0d71c3a8e59c01ad281,3f869288a822d85504c7a423c9b473e3,850f4f8af5ea87287ac68de36e29107f,21.44,599.00
cf3d593f97ce4a58adbd6b488579fa36#1,cf3d593f97ce4a58adbd6b488579fa36,3b402e910ac3b3271958456b36a7c7ac,d9a84e1403de8da0c3aa531d6d108ba6,7.39,12.90
cf3da3c7f3915ee38eb71471c6aac434#1,cf3da3c7f3915ee38eb71471c6aac434,73326828aa5efe1ba096223de496f596,d13e50eaa47b4cbe9eb81465865d8cfc,8.74,82.49
cf4ca07fc7743be3281b694f321007bb#1,cf4ca07fc7743be3281b694f321007bb,94a75895c8f08d597e9a2d9447170fd4,95ec4458365c4d11f452ccf538377619,67.40,115.00
cf771efcb04c578f9d3619f2632d8333#1,cf771efcb04c578f9d3619f2632d8333,e53e557d5a159f5aa2c5e995dfdf244b,88460e8ebdecbfecb5f9601833981930,12.65,74.90
cf89399a034c96945092cc819f31801d#1,cf89399a034c96945092cc819f31801d,ee406bf28024d97771c4b1e8b7e8e219,7a67c85e85bb2ce8582c35f2203ad736,14.03,144.99
cf8f7b73e35cb19ff895c2f45c1ded72#1,cf8f7b73e35cb19ff895c2f45c1ded72,3d36f403ac27db5c5b8faa68836e3d1f,77530e9772f57a62c906e1c21538ab82,12.40,99.00
cfa4fa27b417971e86d8127cb688712f#1,cfa4fa27b417971e86d8127cb688712f,f622086c97c7060ffc84d17b9986a1b8,08633c14ef2db992c11f840f04fad4cd,11.26,34.90
cfb361b2049fa0ddeb6ca3959fa0767d#1,cfb361b2049fa0ddeb6ca3959fa0767d,b75a056d7d03227c3a3b60e9ccf518c9,3f995f07c49d0d55a99d5c54957f7d81,8.57,59.00
cfcdaec7ddcaf0a8ff1ef398575d9917#1,cfcdaec7ddcaf0a8ff1ef398575d9917,16e1eefb15c1601a11fefb18fd3d6036,a673821011d0cec28146ea42f5ab767f,7.90,89.90
cfcdaec7ddcaf0a8ff1ef398575d9917#2,cfcdaec7ddcaf0a8ff1ef398575d9917,f8ddde5f054858a4316860ee89414db1,cca3071e3e9bb7d12640c9fbe2301306,15.79,52.64
cfd355e6233b9854f7decc72472f9c3e#1,cfd355e6233b9854f7decc72472f9c3e,d952c09021388fd5b1e5f914f559fb10,2138ccb85b11a4ec1e37afbd1c8eda1f,17.78,18.99
cfe5cfa623b5e9cd32abf47ac65b3776#1,cfe5cfa623b5e9cd32abf47ac65b3776,37a4e50cc932108a1a952dcb9c15b0e7,4ebdc7e6cd6102a022dadc49156d4ea8,8.72,36.00
cffb339aa5f4745347d75d9999771453#1,cffb339aa5f4745347d75d9999771453,b7a89537c40b1f5a18b5ba75dbb91cbe,7b0df942f46435babab05d49b744b2c4,13.34,278.77
d010facca14d57e997bf54e52f0ea03b#1,d010facca14d57e997bf54e52f0ea03b,f2c9d536b8a34c1b35f443f31290c2ce,8d956fec2e4337affcb520f56fd8cbfd,7.39,46.99
d02a27af33a8164ec42eeddf27c5ad59#1,d02a27af33a8164ec42eeddf27c5ad59,81288df52439985f610be64465e53f57,54a1852d1b8f10312c55e906355666ee,17.51,109.99
d037016bf21257acf9413f8a2ee0fd09#1,d037016bf21257acf9413f8a2ee0fd09,918d420adcb5ca26487f9fff29535fd6,53e4c6e0f4312d4d2107a8c9cddf45cd,14.87,69.00
d0570bed0cef820342eaf13ccae334c0#1,d0570bed0cef820342eaf13ccae334c0,fadc89c2a60ff96b18827644074dfd70,53e4c6e0f4312d4d2107a8c9cddf45cd,11.73,71.00
d0935e6fe51f0d5724f4759cfaa8caf3#1,d0935e6fe51f0d5724f4759cfaa8caf3,a9b36aaa68ebd315701524c822800f29,1ce3ae5a399804d1a87e706f8a813c3e,19.53,79.90
d0a72f8bcc1f2045167eaa548647e77c#1,d0a72f8bcc1f2045167eaa548647e77c,84aa780b4f8692cf7a28b30cd0ff671d,a938325a4b357fd23a6a4d5bb126408e,63.13,159.00
d0b7e2eb7a74f928072f23a62f4e4f58#1,d0b7e2eb7a74f928072f23a62f4e4f58,6fd82d8f842424334fedf31190e54d24,6560211a19b47992c3666cc44a7e94c0,7.78,55.00
d0bec96aad189992b278688279ba1511#1,d0bec96aad189992b278688279ba1511,53b36df67ebb7c41585e8d54d6772e08,7d13fca15225358621be4086e1eb0964,0.00,99.90
d0d828105d7a6106d4b6cfd55607c278#1,d0d828105d7a6106d4b6cfd55607c278,35c4a5bb0f191b77c8900661f047250b,730937bf88cb151eb2eb849f642fc213,9.26,72.50
d0d828105d7a6106d4b6cfd55607c278#2,d0d828105d7a6106d4b6cfd55607c278,35c4a5bb0f191b77c8900661f047250b,730937bf88cb151eb2eb849f642fc213,9.26,72.50
d0d85933667e8a90939ca37947942b62#1,d0d85933667e8a90939ca37947942b62,4bb4fb9c85785b75ab4f6559900c7ca1,ef506c96320abeedfb894c34db06f478,10.96,37.99
d0daecbe187c296a08f40888a8cb139a#1,d0daecbe187c296a08f40888a8cb139a,cc4a0eb659a396153f572dddc1c098a4,1c129092bf23f28a5930387c980c0dfc,19.32,47.90
d0e9849de800fdb4cb3b5e6d42c6b367#1,d0e9849de800fdb4cb3b5e6d42c6b367,01ef0716b68c8493434ad32430c24e18,1900267e848ceeba8fa32d80c1a5f5a8,28.80,56.99
d0f9313e0b3e085cdd4116f42d31da06#1,d0f9313e0b3e085cdd4116f42d31da06,1ea666016f92dbe83254279eda832f34,4830e40640734fc1c52cd21127c341d4,18.23,48.00
d10090be5f75fb89b6817469f0ce1a30#1,d10090be5f75fb89b6817469f0ce1a30,de15917c5525c593f2a9747a5c943ee7,3092c0b297aacfb4bb6e056ebe13b9b8,15.23,16.90
d118d545516947d2d82fda28e9d631af#1,d118d545516947d2d82fda28e9d631af,11059273f4bc1a293777e98c89807c62,431af27f296bc6519d890aa5a05fdb11,12.20,99.90
d127d99c100d3b63c29a600aab85fbd2#1,d127d99c100d3b63c29a600aab85fbd2,89b121bee266dcd25688a1ba72eefb61,2eb70248d66e0e3ef83659f71b244378,13.00,79.90
d12938a56eae845fa37620309ec0eea6#1,d12938a56eae845fa37620309ec0eea6,b0851f698789d7776fe66be8d6d4a9c6,55c96925041a14097b6a7825554f4ad5,9.34,26.00
d13130a0433949ba242b2f0632fd49a2#1,d13130a0433949ba242b2f0632fd49a2,48f866f20b5b6015a324210988e73387,4a3ca9315b744ce9f8e9374361493884,18.32,153.00
d1329f2d9a7c9c972b1ab5c6b7c8d3a5#1,d1329f2d9a7c9c972b1ab5c6b7c8d3a5,b36f3c918c91478c4559160022d3f14e,1ca7077d890b907f89be8c954a02686a,14.80,150.00
d13edc5c7574bda9f7c9dc6b92a72edf#1,d13edc5c7574bda9f7c9dc6b92a72edf,d13014be74a15d878b1b681b779f3215,25e6ffe976bd75618accfe16cefcbd0d,19.19,179.98
d16b2207d93383dc91aa5da54cec3d0a#1,d16b2207d93383dc91aa5da54cec3d0a,99a4788cb24856965c36a24e339b6058,4a3ca9315b744ce9f8e9374361493884,16.26,89.90
d16d35b47ec2d842e3846a4c7f4586d0#1,d16d35b47ec2d842e3846a4c7f4586d0,fdd84aefb08c8f8225e0b8c97429d53b,94144541854e298c2d976cb893b81343,17.85,59.90
d16e915397932f8b3510f595170d1d6b#1,d16e915397932f8b3510f595170d1d6b,dd4c3b4ab7e001aaf385ea2e68952030,d673a59aac7a70d8b01e6902bf090a11,18.23,29.99
d17dc4a904426827ca80f2ccb3a6be56#1,d17dc4a904426827ca80f2ccb3a6be56,ba4bfbf74dbe7ab37e263b9326da0523,f8db351d8c4c4c22c6835c19a46f01b0,17.92,36.90
d19ec9502348424357f7a9bfc4173ddb#1,d19ec9502348424357f7a9bfc4173ddb,8d4b5a0c6a09c5ee87acb936e218e9df,52f0fe436a347ddad7ed5f9aa4e27eaa,8.88,74.99
d1c6fa11a0fb958619647d438f9e4849#1,d1c6fa11a0fb958619647d438f9e4849,23227b07fc69250d2fa4be6602011aea,e38db885400cd35c71dfd162f2c1dbcf,22.73,64.90
d1d4b9ca8be351af77736cab87df238e#1,d1d4b9ca8be351af77736cab87df238e,6c712952b8ef62f8d06a0314917400c8,620c87c171fb2a6dd6e8bb4dec959fc6,12.51,79.90
d1f23373fcc8819b0168ed403939600f#1,d1f23373fcc8819b0168ed403939600f,6173741c2ed0c265a1b002af9e7ecf08,4e922959ae960d389249c378d1c939f5,8.27,50.00
d1f54c6a2a7015c5687439d6d4e971ba#1,d1f54c6a2a7015c5687439d6d4e971ba,689b01074243aeee72049c8da42d2e22,3d871de0142ce09b7081e2b9d1733cb1,24.97,68.00
d1f60863289ae7cd6e47fd70eae9bec4#1,d1f60863289ae7cd6e47fd70eae9bec4,bc79853c871c6db8e48e4b0d47df7e70,7178f9f4dd81dcef02f62acdf8151e01,16.67,274.00
d20a22b30ef6af31ef95346ff02133ed#1,d20a22b30ef6af31ef95346ff02133ed,7d3297b1d734f63d40632fcf8e1a2cec,ea8482cd71df3c1969d7b9473ff13abc,14.10,24.99
d225bda2584ada7ef0895192338c3dd4#1,d225bda2584ada7ef0895192338c3dd4,cee96128d25ffe3429e69452233838dd,cfb1a033743668a192316f3c6d1d2671,14.52,26.00
d225bda2584ada7ef0895192338c3dd4#2,d225bda2584ada7ef0895192338c3dd4,cee96128d25ffe3429e69452233838dd,cfb1a033743668a192316f3c6d1d2671,14.52,26.00
d22e9fa5731b9e30e8b27afcdc2f8563#1,d22e9fa5731b9e30e8b27afcdc2f8563,f410090aec61f7c73748ca894286edcd,980640c45d7a4635885491d077167e4d,22.62,99.00
d231fd01d6c8e36e503f1a7f8a9734ea#1,d231fd01d6c8e36e503f1a7f8a9734ea,968ada41fd04a1d3221d01f7598db4a2,8f2ce03f928b567e3d56181ae20ae952,11.65,89.90
d262943abbea3ae2db6528a4261ba247#1,d262943abbea3ae2db6528a4261ba247,5cd950f6f9b4f8c82e805a136e3df79f,f3975e8a41157005d4bcbb358678cd9b,64.41,123.90
d265e2114f019b12adfff1e68a241a8e#1,d265e2114f019b12adfff1e68a241a8e,83caf799100f6f9418e0eb2950b757af,729f06993dac8e860d4f02d7088ca48a,7.50,34.00
d26d1c1cd0e2f03cb9540e440ae7a36d#1,d26d1c1cd0e2f03cb9540e440ae7a36d,0727e18d559a15ca5b2b9f76274d19ec,8b321bb669392f5163d04c59e235e066,18.23,12.60
d2741de337666d1bb01913f415e6643f#1,d2741de337666d1bb01913f415e6643f,5739177f0e1a8c060da43932f5a447a8,5bffbafbb22daf6d3bfc216a46db8708,17.78,18.99
d27a4fbd0d3a4cfdf8a109dd88743502#1,d27a4fbd0d3a4cfdf8a109dd88743502,d37abf50cce5bcd682830a357783622e,6cd68b3ed6d59aaa9fece558ad360c0a,18.93,97.90
d288e92a6be123f2e77f34fafd902464#1,d288e92a6be123f2e77f34fafd902464,24bee9ba7cb361684671c74aedc9ae2d,c003204e1ab016dfa150abc119207b24,13.45,127.90
d2ae2653b9dbc7b50f11bf3e4001ec8e#1,d2ae2653b9dbc7b50f11bf3e4001ec8e,95ec3f7e237a87df9935a570ab6ef266,457fe919b032a3f7dadba6fb92cf7855,11.98,164.90
d2ae2653b9dbc7b50f11bf3e4001ec8e#2,d2ae2653b9dbc7b50f11bf3e4001ec8e,95ec3f7e237a87df9935a570ab6ef266,457fe919b032a3f7dadba6fb92cf7855,11.98,164.90
d2b9580c38485b5aa4eb815c689c3164#1,d2b9580c38485b5aa4eb815c689c3164,0554df77f3ed2e36e06c60eb65dc357a,57e632711dec9ec14ca7546769483e7e,15.68,132.90
d2c902f172e80f22126d53d9ff7871b2#1,d2c902f172e80f22126d53d9ff7871b2,57f2bc497c1a3ebe41ba7a06d78ed159,6560211a19b47992c3666cc44a7e94c0,7.65,55.00
d2dee958cbda7c87cbc097cf2f5f6c1e#1,d2dee958cbda7c87cbc097cf2f5f6c1e,368c6c730842d78016ad823897a372db,1f50f920176fa81dab994f9023523100,37.97,59.90
d2e15d8894685652160e7545fd304610#1,d2e15d8894685652160e7545fd304610,c46c87888b081cf424913fd74b9b6e87,e4ebd3f87bf70440014f07ddda7fbe03,12.19,98.00
d2e1e475eb8219af9fae283307d88860#1,d2e1e475eb8219af9fae283307d88860,fc44aa56f6950438772a08ec23552fd9,9674754b5a0cb32b638cec001178f799,12.85,26.90
d2f2458326a050b121e7acd0e3506d8d#1,d2f2458326a050b121e7acd0e3506d8d,fd1976772549ed5b4aed965293122ac8,620c87c171fb2a6dd6e8bb4dec959fc6,16.71,279.90
d2f67144a4e6d027140260ae9ed6b648#1,d2f67144a4e6d027140260ae9ed6b648,010951987d78f9d52fbf50a43b690ba1,3340ef1913fb70d28420f6ceb685c339,30.18,177.90
d2f67144a4e6d027140260ae9ed6b648#2,d2f67144a4e6d027140260ae9ed6b648,010951987d78f9d52fbf50a43b690ba1,3340ef1913fb70d28420f6ceb685c339,30.18,177.90
d2f67144a4e6d027140260ae9ed6b648#3,d2f67144a4e6d027140260ae9ed6b648,010951987d78f9d52fbf50a43b690ba1,3340ef1913fb70d28420f6ceb685c339,30.18,177.90
d30680568af2e9f0aeba3420292df26d#1,d30680568af2e9f0aeba3420292df26d,5ac9d9e379c606e36a8094a6046f75dc,633ecdf879b94b5337cca303328e4a25,16.21,109.90
d307290675e59c844ebde65696377750#1,d307290675e59c844ebde65696377750,5be900d0c3e1b43ac845f9ce6fd2b00e,3db66a856d18a9cba7c9241fc5221c50,25.35,399.90
d30c22b84ba5239f2ae0fc078be7611c#1,d30c22b84ba5239f2ae0fc078be7611c,2ff995aead9c63a1f37a07b3664ead37,8b9d6eec4a7eb7d0f9d579ce0b38324d,39.68,74.99
d32ec519c65a1661bb50020bda09194f#1,d32ec519c65a1661bb50020bda09194f,09b0d15a8cc9a84e7af7e0225f67dc45,1025f0e2d44d7041d6cf58b6550e0bfa,9.22,67.00
d32ec519c65a1661bb50020bda09194f#2,d32ec519c65a1661bb50020bda09194f,09b0d15a8cc9a84e7af7e0225f67dc45,1025f0e2d44d7041d6cf58b6550e0bfa,9.22,67.00
d3364a29f093a5f36e7eca9f148235c2#1,d3364a29f093a5f36e7eca9f148235c2,b6475dae3a2796ed87cabc7b8e8debcf,eb5b6204dde3a6e03b5f1bb8479f055b,11.85,19.90
d341bf71429128ec496e8012f3f8e2a0#1,d341bf71429128ec496e8012f3f8e2a0,84f456958365164420cfc80fbe4c7fab,4a3ca9315b744ce9f8e9374361493884,14.90,84.90
d37ad8b44dd4ae4bdbfb3e43e4ae2c02#1,d37ad8b44dd4ae4bdbfb3e43e4ae2c02,28bc7d95951d962dd5cdda791e07b56f,17ca9b9e9b9ef8fdb529001b49ebb50f,15.23,39.97
d37e660e61680fadd235a5ca5b6721bb#1,d37e660e61680fadd235a5ca5b6721bb,5650f9e1f73d0a1c0176988cf2e950d5,2d518637f53161b973e01f56ea4bb88e,18.40,74.99
d396adb7e51ca1bcb4a84cb786fee813#1,d396adb7e51ca1bcb4a84cb786fee813,9069c427ca36847bc3907c09712f6cf8,7b1222c3624aa89b9558b50a2594188c,22.15,699.90
d3c64cf55752f7821e85e7ea9b9b3f30#1,d3c64cf55752f7821e85e7ea9b9b3f30,44414d55ce2808a7b8f3568a92d1484f,d36b07fd3c5088e477a72d1fccfe29d4,10.96,328.90
d3c8851a6651eeff2f73b0e011ac45d0#1,d3c8851a6651eeff2f73b0e011ac45d0,ca17b18b38db6e0d2c33d362322f2a06,4be2e7f96b4fd749d52dff41f80e39dd,32.84,267.00
d3ca7b82c922817b06e5ca21165c5ea2#1,d3ca7b82c922817b06e5ca21165c5ea2,8983a3b149303c013fceabef902e835a,9f505651f4a6abe901a56cdc21508025,9.51,99.00
d3cc6a0be5a659e6c515010d99e9c335#1,d3cc6a0be5a659e6c515010d99e9c335,ab8ba49579d5b0173f85517ce22968c6,620c87c171fb2a6dd6e8bb4dec959fc6,15.78,229.90
d3d2abdcb92f954926408fc4e9088e45#1,d3d2abdcb92f954926408fc4e9088e45,8562e2c780a345b609e1b802d7e3e4ae,8160255418d5aaa7dbdc9f4c64ebda44,12.90,79.90
d3d6788577c9592da441752e8a1dd5e3#1,d3d6788577c9592da441752e8a1dd5e3,7c1bd920dbdf22470b68bde975dd3ccf,cc419e0650a3c5ba77189a1882b7556a,17.66,58.99
d3e0a0298be4e950a2271ef880d8e1ff#1,d3e0a0298be4e950a2271ef880d8e1ff,dd47440cb56de3ab674f9208ff0edc3e,3bdff180c7e1f6551a643b99c265a120,15.65,76.90
d3fd3af08566edbfdd903c8f2a2d8bef#1,d3fd3af08566edbfdd903c8f2a2d8bef,bdb4be6ce2f7f2b5be0a16088028c7fc,955fee9216a65b617aa5c0531780ce60,25.43,85.00
d445a6e277eaa62900bc18d453d96d76#1,d445a6e277eaa62900bc18d453d96d76,9afaad66aca8b0c79e4f084a89c9c92b,42bde9fef835393bb8a8849cb6b7f245,26.42,199.00
d44b754260def6c94daa9e661e530044#1,d44b754260def6c94daa9e661e530044,601a360bd2a916ecef0e88de72a6531a,7a67c85e85bb2ce8582c35f2203ad736,17.65,129.99
d44cb52677c0960afb3e43a96d79a25b#1,d44cb52677c0960afb3e43a96d79a25b,afdcd7fb20b2bb98322d2b1400c074cf,582d4f8675b945722eda7c0cb61ba4c7,11.85,27.99
d455a8b19923a717a1d1cfb67604e8c6#1,d455a8b19923a717a1d1cfb67604e8c6,d291c64bd499a6f147bffd4f5328b7aa,0adac9fbd9a2b63cccaac4f8756c1ca8,10.96,45.90
d46993f8bb61402cf53ed368bfca017e#1,d46993f8bb61402cf53ed368bfca017e,c689470c5a069795896edc7b896d9251,0c8380b62e38e8a1e6adbeba7eb9688c,17.60,49.90
d47849b6270308431459122a2750535b#1,d47849b6270308431459122a2750535b,b1631003bdbc3b1e876f83a7d851d74a,cc419e0650a3c5ba77189a1882b7556a,15.15,56.99
d487835d01a5017cf60bdec36e5e8cff#1,d487835d01a5017cf60bdec36e5e8cff,60d0556ba3ec09b00a4656eafb0a2760,1127b7f2594683f2510f1c2c834a486b,15.10,15.86
d4922affdd87d3e42657243354c7acd1#1,d4922affdd87d3e42657243354c7acd1,f999580a69ce2d199677c5b6a5472aee,634964b17796e64304cadf1ad3050fb7,23.05,35.90
d493148aa5f8d08914d29ec0524e1196#1,d493148aa5f8d08914d29ec0524e1196,be7f0912ba01126704c81b3f705aaaf2,26d8a1c7c75d513045798992ead43aa2,14.11,155.99
d4ab8a264235be36f72a07621046d082#1,d4ab8a264235be36f72a07621046d082,2e810f124ff7668bc1ea0d1953aaacd2,fa1c13f2614d7b5c4749cbc52fecda94,19.25,195.90
d51b2f84d150215cc2dedd0b60308876#1,d51b2f84d150215cc2dedd0b60308876,8e3eb37785e42b6b3721e459f1bfaaef,e9bc59e7b60fc3063eb2290deda4cced,16.60,120.00
d51f97f3f8d01fd8500e1a113a7f13b6#1,d51f97f3f8d01fd8500e1a113a7f13b6,2e0a8fea09b84a86e1fef3fcdf244668,46dc3b2cc0980fb8ec44634e21d2718e,58.90,89.99
d5211af24819d319c02a285e7bb51750#1,d5211af24819d319c02a285e7bb51750,7f9e40aa498f8f6edf4cc51215ecce9e,c9aafcd0621b2207c10e32c649cada4d,3.37,31.19
d5211af24819d319c02a285e7bb51750#2,d5211af24819d319c02a285e7bb51750,8d28eb3a7309368ca0de19e016266251,c9aafcd0621b2207c10e32c649cada4d,3.38,35.99
d5211af24819d319c02a285e7bb51750#3,d5211af24819d319c02a285e7bb51750,7698c2e9ec5dc2b70af8c1c8ac245cae,c9aafcd0621b2207c10e32c649cada4d,3.37,14.90
d5211af24819d319c02a285e7bb51750#4,d5211af24819d319c02a285e7bb51750,6f46359e56f51d5deded13adcd1c255c,516e7738bd8f735ac19a010ee5450d8d,3.37,31.90
d5211af24819d319c02a285e7bb51750#5,d5211af24819d319c02a285e7bb51750,7486542600afc050d20740e976ff87f8,c9aafcd0621b2207c10e32c649cada4d,6.74,22.90
d5211af24819d319c02a285e7bb51750#6,d5211af24819d319c02a285e7bb51750,7486542600afc050d20740e976ff87f8,c9aafcd0621b2207c10e32c649cada4d,6.74,22.90
d52140bee663636aa4f6057e50bc06a3#1,d52140bee663636aa4f6057e50bc06a3,fe75529a267b76ac6e96f0c322a899a4,620c87c171fb2a6dd6e8bb4dec959fc6,27.38,119.90
d5292f531e571c16fcd72df9fc07336d#1,d5292f531e571c16fcd72df9fc07336d,8084d3582278c047f32ce0b24a42869d,cca3071e3e9bb7d12640c9fbe2301306,17.43,84.90
d543b0fedeb939f3fda2a3c2fe167b02#1,d543b0fedeb939f3fda2a3c2fe167b02,e84512060d6d75aeeadbe0ccc70e076b,4830e40640734fc1c52cd21127c341d4,9.18,62.00
d556bdb76163c01de4a108305dc4bd65#1,d556bdb76163c01de4a108305dc4bd65,0e11633dd5ea3089303dd9a9f226d5a8,12c2ed9cded6138cf0c75f525f565fc7,10.01,84.99
d55d5f2d92f548bd9928f3edef443395#1,d55d5f2d92f548bd9928f3edef443395,fe4cd3c795135b4f84e2da5a82ac84a8,a8739afb32aaa45e01815ca76f76f54b,15.27,24.35
d569be24f2e104e3cc83b5a3b1b0a585#1,d569be24f2e104e3cc83b5a3b1b0a585,6c81db10f914c4d032b14fa93aa0a818,d98eec89afa3380e14463da2aabaea72,15.10,29.99
d59a804dba63b4bae7ee24c0befec958#1,d59a804dba63b4bae7ee24c0befec958,bee2e070c39f3dd2f6883a17a5f0da45,4e922959ae960d389249c378d1c939f5,12.48,140.00
d5a9c802f335dab69b88e69434d0dd43#1,d5a9c802f335dab69b88e69434d0dd43,a92930c327948861c015c919a0bcb4a8,6560211a19b47992c3666cc44a7e94c0,19.24,78.00
d5af7f6e2db2c527fe19decfc2d37a83#1,d5af7f6e2db2c527fe19decfc2d37a83,389d119b48cf3043d311335e499d9c6b,1f50f920176fa81dab994f9023523100,13.44,59.90
d5af7f6e2db2c527fe19decfc2d37a83#2,d5af7f6e2db2c527fe19decfc2d37a83,389d119b48cf3043d311335e499d9c6b,1f50f920176fa81dab994f9023523100,13.44,59.90
d5af7f6e2db2c527fe19decfc2d37a83#3,d5af7f6e2db2c527fe19decfc2d37a83,389d119b48cf3043d311335e499d9c6b,1f50f920176fa81dab994f9023523100,13.44,59.90
d5b0848c1878546fbebe673d1d679b83#1,d5b0848c1878546fbebe673d1d679b83,ee3cfb33869693f2a7e8417c795d8cfc,0c7533c71df861ec58ad7ff999ed0e8d,12.79,39.90
d5f812041d8fc446c00cad005b616a3f#1,d5f812041d8fc446c00cad005b616a3f,43f88c8353708451babf9bcdd1fda92a,cab85505710c7cb9b720bceb52b01cee,7.39,64.90
d5feaf42ebb0105f527be0c6dd622b80#1,d5feaf42ebb0105f527be0c6dd622b80,4399b75e654e8e2bf9f92967caa66c5f,7202e2ba20579a9bd1acb29e61fe71f6,18.68,114.90
d607cf247d8e19a82548c3a30cb2d173#1,d607cf247d8e19a82548c3a30cb2d173,2136c70bbe723d338fab53da3c03e6dc,6560211a19b47992c3666cc44a7e94c0,7.78,29.00
d62324319b4efb72f855f123f06cb07f#1,d62324319b4efb72f855f123f06cb07f,06e73ddcb54620a36bfdb2e073c4dc40,0ea22c1cfbdc755f86b9b54b39c16043,16.79,34.90
d62387acb3914789e712406e9882e549#1,d62387acb3914789e712406e9882e549,53b36df67ebb7c41585e8d54d6772e08,7d13fca15225358621be4086e1eb0964,0.00,99.90
d64d6b004a4ffd419003fc0a128c1c50#1,d64d6b004a4ffd419003fc0a128c1c50,cfba4923dc05bdeee56a049ae75d078a,23d7c96d4a1160db1c726b248601b25a,24.27,209.90
d65c179a817be22977e263fbc1a4fef4#1,d65c179a817be22977e263fbc1a4fef4,aa8627a375771ab01288705307ec4ae5,e333046ce6517bd8bb510291d44f0130,21.02,75.00
d65ef0f73f00ef3755af2d8ef6138ba5#1,d65ef0f73f00ef3755af2d8ef6138ba5,d7b1317236e0c03475bfe67536ae3c81,d91fb3b7d041e83b64a00a3edfb37e4f,22.94,51.45
d66cc620bf1415956e645bc1123aaa50#1,d66cc620bf1415956e645bc1123aaa50,ced87016b816472a7e668e311d127ae0,8ab42aa58097fd4668d60cc648225d5f,29.59,170.00
d6a2e1d3b958b6c5cb3af6f1d4d4a203#1,d6a2e1d3b958b6c5cb3af6f1d4d4a203,0db4869ac8a908414823d44d742f5ba3,7c67e1448b00f6e969d365cea6b010ab,57.05,196.99
d6b16c30481ca56fec3cc6919a37c1c1#1,d6b16c30481ca56fec3cc6919a37c1c1,ecbe1ef7e2903ff8b1d704ba78fa264d,c3cfdc648177fdbbbb35635a37472c53,17.49,106.90
d6c1ed12e8eeaa15e9d5c83c79598f85#1,d6c1ed12e8eeaa15e9d5c83c79598f85,fffdb2d0ec8d6a61f0a0a0db3f25b441,9f505651f4a6abe901a56cdc21508025,7.51,34.99
d7273b44707722d534c868f279e235cb#1,d7273b44707722d534c868f279e235cb,53ea9da485f6aed8a6f03a85831fe021,fa1c13f2614d7b5c4749cbc52fecda94,19.51,319.00
d74283a9b897322afe09916280aca43f#1,d74283a9b897322afe09916280aca43f,4f3ebc5a8926a6b87d0dec6a564225f9,c013e57c075a06e5b5c48ee03c525719,14.44,39.99
d74d2985a4c187334dc59722076a2e5f#1,d74d2985a4c187334dc59722076a2e5f,ba6060edcfb9011f13da2fcdc78a01b8,a3082f442524a1be452e3189e003b361,32.81,95.90
d74d2985a4c187334dc59722076a2e5f#2,d74d2985a4c187334dc59722076a2e5f,ba6060edcfb9011f13da2fcdc78a01b8,a3082f442524a1be452e3189e003b361,32.81,95.90
d75e6a846d4aa0cfed378238a9147689#1,d75e6a846d4aa0cfed378238a9147689,12acdab5736a2cbddfce65059918826c,bca9230d3bbb4efa51872bf605a2f1ad,18.28,25.00
d7746bb26fc8c125b8f286378c23049d#1,d7746bb26fc8c125b8f286378c23049d,4c05be00027392c898ab59a94fad2151,5f1dc28029d2c244352a68107ec2b542,11.86,50.90
d7746bb26fc8c125b8f286378c23049d#2,d7746bb26fc8c125b8f286378c23049d,4c05be00027392c898ab59a94fad2151,5f1dc28029d2c244352a68107ec2b542,11.86,50.90
d781433971d92b00f67ae15b2265fabe#1,d781433971d92b00f67ae15b2265fabe,0cf3ab3383c2ae6f5750e5847c749e22,4e922959ae960d389249c378d1c939f5,16.31,79.00
d7902cb5d7fd1f143aff7375644c6d7a#1,d7902cb5d7fd1f143aff7375644c6d7a,cfb763496d9fc48751a27db4fd02aa2d,391fc6631aebcf3004804e51b40bcf1e,15.10,49.95
d79f6f82d928f3116b391795f3a4337f#1,d79f6f82d928f3116b391795f3a4337f,9adf1fe77e9fd5f8d3ade939b291029c,218d46b86c1881d022bce9c68a7d4b15,18.23,50.00
d7c88efc86371e81d37eb2cff1c61020#1,d7c88efc86371e81d37eb2cff1c61020,f2e53dd1670f3c376518263b3f71424d,4a3ca9315b744ce9f8e9374361493884,12.27,109.90
d7f4e2f755cf2f40aa7c39804cfe01c4#1,d7f4e2f755cf2f40aa7c39804cfe01c4,cec09725da5ed01471d9a505e7389d37,4d6d651bd7684af3fffabd5f08d12e5a,20.98,69.90
d815bd2c2bdd79e4c0e0263caa986d66#1,d815bd2c2bdd79e4c0e0263caa986d66,8f7a3322e1abfed89ac080b0f7364779,ffff564a4f9085cd26170f4732393726,17.11,52.50
d83706c29baf36eedf5e8adfb0da304e#1,d83706c29baf36eedf5e8adfb0da304e,0bed2811f66d80c67e51d3d9a5127233,818d28f936e791926d33bcb6ee94ef79,16.05,27.90
d85553b6a0d18ab73d361def4c79d08f#1,d85553b6a0d18ab73d361def4c79d08f,008cff0e5792219fae03e570f980b330,530ec6109d11eaaf87999465c6afee01,23.52,134.99
d86120cf943d0b5402307848d5bab386#1,d86120cf943d0b5402307848d5bab386,e9ed063dacf96b73a9567bf943e5f708,aded58c8142dedc5494a81f948431fab,15.30,59.90
d86359a45e3f6c6d8b35f7b13e41abf5#1,d86359a45e3f6c6d8b35f7b13e41abf5,a62e25e09e05e6faf31d90c6ec1aa3d1,634964b17796e64304cadf1ad3050fb7,19.70,105.00
d8721b9f395286c3b43ff47a250ad40a#1,d8721b9f395286c3b43ff47a250ad40a,5d7c23067ed3fc8c6e699b9373d5890b,6560211a19b47992c3666cc44a7e94c0,7.70,59.00
d8721b9f395286c3b43ff47a250ad40a#2,d8721b9f395286c3b43ff47a250ad40a,44d097d59e8430f88a67517cd0c4f865,6560211a19b47992c3666cc44a7e94c0,7.71,69.00
d873fac825acde118d8302108e56afff#1,d873fac825acde118d8302108e56afff,785c2986ce8232a718aaad761ac2a321,e333046ce6517bd8bb510291d44f0130,29.79,199.00
d887b52c6516beb39e8cd44a5f8b60f7#1,d887b52c6516beb39e8cd44a5f8b60f7,39a9942865c056ed2006a5e8c11d9537,ba5daa4041e1f15cdf34b76e3e18a450,15.35,84.90
d8917c684fbf577ca5d76423b29f29da#1,d8917c684fbf577ca5d76423b29f29da,9174e9c6706591455d3422ce4f91a685,49cdc90518a4f82676b38b3c1aa43ff6,13.43,109.90
d8a7be3bdd16ebaf4601bc8252f54a08#1,d8a7be3bdd16ebaf4601bc8252f54a08,489885ef5a88dcef73d4c22e2f500ae3,c8b0e2b0a7095e5d8219575d5e7e1181,8.10,119.99
d8b396712d55ccad35aa9a1391aa74a1#1,d8b396712d55ccad35aa9a1391aa74a1,1d682cfba05647a5231ac20cd77e6645,8581055ce74af1daba164fdbd55a40de,34.80,163.40
d8b81d0afc8e1dc9c448772c8789d612#1,d8b81d0afc8e1dc9c448772c8789d612,64fb265487de2238627ce43fe8a67efc,4a3ca9315b744ce9f8e9374361493884,17.56,92.90
d8cac70bba1a4ab6937ceaf9c2679c20#1,d8cac70bba1a4ab6937ceaf9c2679c20,fecf6223a3494f35362f670e571d2a04,3db66a856d18a9cba7c9241fc5221c50,16.25,69.90
d8d281c1a1398a1e835fdc4adfb81e2a#1,d8d281c1a1398a1e835fdc4adfb81e2a,9e0873e9ac04b12f282b81af5daebd2e,2c43fb513632d29b3b58df74816f1b06,38.41,664.00
d8d4e1a57a139526d78c7713a4eed523#1,d8d4e1a57a139526d78c7713a4eed523,45ae343d4991cc21e7ec0a775239402f,7238a95bb63ef7e498389fb863b834a1,18.38,39.90
d8d9232af59462bbb0961d11222ea210#1,d8d9232af59462bbb0961d11222ea210,d3257d83b50d04301c9d969a0e2ec4ee,6560211a19b47992c3666cc44a7e94c0,15.58,69.00
d8e0ad323eb1f4ae7725beb34e2aff1f#1,d8e0ad323eb1f4ae7725beb34e2aff1f,37f05006248fc8b0d04270ef02d24406,891071be6ba827b591264c90c2ae8a63,7.78,16.99
d8e2d2a26010eb732a91d8b6952e2c9e#1,d8e2d2a26010eb732a91d8b6952e2c9e,aca2eb7d00ea1a7b8ebd4e68314663af,955fee9216a65b617aa5c0531780ce60,29.90,69.90
d8e44f5b26cd539b50d9be42ecbe5d92#1,d8e44f5b26cd539b50d9be42ecbe5d92,d77688ff55bbbc28706814a06538c8bc,dd2bdf855a9172734fbc3744021ae9b9,16.60,39.90
d8f1c1e598fd2b2e9e562c42782e0226#1,d8f1c1e598fd2b2e9e562c42782e0226,722a703d9aadc6e807aed5512eb447c7,6b803197e03abd5056b4313306b4f29d,7.39,25.00
d8f1c1e598fd2b2e9e562c42782e0226#2,d8f1c1e598fd2b2e9e562c42782e0226,722a703d9aadc6e807aed5512eb447c7,6b803197e03abd5056b4313306b4f29d,7.39,25.00
d8f4ac2b5cf577657a2165a7c75857ff#1,d8f4ac2b5cf577657a2165a7c75857ff,4e6b5c6e9884fdb15eccc9f5e83be842,54965bbe3e4f07ae045b90b0b8541f52,21.33,119.90
d8f57f08383291ef5fa6cb91dc1a4e02#1,d8f57f08383291ef5fa6cb91dc1a4e02,84f456958365164420cfc80fbe4c7fab,4a3ca9315b744ce9f8e9374361493884,17.89,92.00
d905ea9eb4e5000a35cbee306bce1935#1,d905ea9eb4e5000a35cbee306bce1935,0bff7ada15fd3840490f79b2612db33b,968268a686aa05d1f529fb07dff08130,15.46,634.40
d9107994bd1bf31404591bce06a547f8#1,d9107994bd1bf31404591bce06a547f8,431dc11c26a67c6a49e81cee84f35b28,66e0557ecc2b4dbea057e93f215f68d8,18.55,399.00
d92d62eadcca8fd6509c4d0afad5b2c2#1,d92d62eadcca8fd6509c4d0afad5b2c2,4ce9ab528124f89e091b17d11aa2e97c,7e3f87d16fb353f408d467e74fbd8014,8.79,89.90
d92ec01edb4390e4a8e311202039e06a#1,d92ec01edb4390e4a8e311202039e06a,423a6644f0aa529e8828ff1f91003690,e59aa562b9f8076dd550fcddf0e73491,27.81,425.00
d95236c2780d744b3bd884f327590d14#1,d95236c2780d744b3bd884f327590d14,368c6c730842d78016ad823897a372db,1f50f920176fa81dab994f9023523100,13.44,59.90
d95236c2780d744b3bd884f327590d14#2,d95236c2780d744b3bd884f327590d14,368c6c730842d78016ad823897a372db,1f50f920176fa81dab994f9023523100,13.44,59.90
d965c84427fa1d6daad237adfbf75554#1,d965c84427fa1d6daad237adfbf75554,0ab20af8197d84bc8831765be67b4cc6,5dceca129747e92ff8ef7a997dc4f8ca,25.59,388.00
d967b02c8e9ac87edb380250c652a6b2#1,d967b02c8e9ac87edb380250c652a6b2,d43c65f300c5cfaae005f1f954fc0b15,fffd5413c0700ac820c7069d66d98c89,17.80,78.90
d977821da81b766c90bcd3351f0dbf19#1,d977821da81b766c90bcd3351f0dbf19,1613b819ab5dae53aead2dbb4ebdb378,16090f2ca825584b5a147ab24aa30c86,18.23,27.90
d9a08faa201940dd3302f06944b5c739#1,d9a08faa201940dd3302f06944b5c739,f7b6ca5735bfd052e73fa0b776070112,70a12e78e608ac31179aea7f8422044b,11.16,38.90
d9a79759e192eeea9d5227b706bb6155#1,d9a79759e192eeea9d5227b706bb6155,fb8d7cbaede34c7601b2d5a283287d49,6edacfd9f9074789dad6d62ba7950b9c,15.10,37.90
d9ab691cb8d49410e7ae590b588499d4#1,d9ab691cb8d49410e7ae590b588499d4,87cc2aef12eddf0b170234138b0946e0,34d1ca11b242c0fee2c834ae8d788566,14.64,185.81
d9b968b9f8c464fd7941981e0ee66845#1,d9b968b9f8c464fd7941981e0ee66845,31b8e7c2a22f3dba5183cc110bdd72f7,7d13fca15225358621be4086e1eb0964,13.96,185.00
d9cfa4b0f995deb2fa9758d5534e1d13#1,d9cfa4b0f995deb2fa9758d5534e1d13,096b00d9037146606b19d614cd67ab65,66dc1b1632bd6a3e508510c5b3492107,18.79,129.90
d9e350703a718681ef3cc6f0d92c0c10#1,d9e350703a718681ef3cc6f0d92c0c10,36f60d45225e60c7da4558b070ce4b60,8e6d7754bc7e0f22c96d255ebda59eba,13.11,109.89
d9f8272ce07f87bd2168f47bd2010235#1,d9f8272ce07f87bd2168f47bd2010235,8232a265a535c1f886b38335667be2a5,f45122a9ab94eb4f3f8953578bc0c560,15.63,59.99
da00b2d19ef7893d6d963f973b629fe4#1,da00b2d19ef7893d6d963f973b629fe4,6cf22bb1523c34ad8da500d1084155a5,7e93a43ef30c4f03f38b393420bc753a,9.17,139.99
da1d2907817d2c95b1f3e07c76d26bcc#1,da1d2907817d2c95b1f3e07c76d26bcc,fe9dfbe7f974621789683b7b78be2a16,900ba814c251a692506d7834c1218441,18.56,326.16
da3c95552f6afd61ddc95ce17dc71606#1,da3c95552f6afd61ddc95ce17dc71606,437c05a395e9e47f9762e677a7068ce7,f84fa566034f5e8e880a07ec624c56af,7.39,47.65
da48dc4b67c6a225cba172618417ac34#1,da48dc4b67c6a225cba172618417ac34,cd59f488cef311feb633141ad1e8563d,8d79c8a04e42d722a75097ce5cbcf2ef,14.52,15.32
da8be3bb62e9bf01e2e1a3bfd74ebd1a#1,da8be3bb62e9bf01e2e1a3bfd74ebd1a,cea7edf64d9e93fbf6b89cc3ba537cd9,a4b6b9b992b46e9ef863637af96e04bc,61.24,2690.00
da9d5d868a28b17116214d1240c22837#1,da9d5d868a28b17116214d1240c22837,69898c1a5e170da88769a92f466dac8f,8a40ae794fa3f9892cee24bd5af0488b,42.38,49.99
daa1c13dd8df972cbc97ca351c67f32b#1,daa1c13dd8df972cbc97ca351c67f32b,e7cc48a9daff5436f63d3aad9426f28b,53243585a1d6dc2643021fd1853d8905,25.54,170.00
daa1c13dd8df972cbc97ca351c67f32b#2,daa1c13dd8df972cbc97ca351c67f32b,e7cc48a9daff5436f63d3aad9426f28b,53243585a1d6dc2643021fd1853d8905,25.54,170.00
daac1a5a0e38caa76166f1569db2895c#1,daac1a5a0e38caa76166f1569db2895c,7a33dd7b3c419e24dc196f7381b49f32,0ea22c1cfbdc755f86b9b54b39c16043,13.47,39.90
dac8bbf73624993402c1e7481bb37ee5#1,dac8bbf73624993402c1e7481bb37ee5,98a8c2fa16d7239c606640f5555768e4,001cca7ae9ae17fb1caed9dfb1094831,38.53,99.00
dacbba6fa0fb5bbe678d0d3007b0be10#1,dacbba6fa0fb5bbe678d0d3007b0be10,bc14412610aee0e67600fc300c46226e,e9779976487b77c6d4ac45f75ec7afe9,19.18,185.49
daec7c006304b60ca87044f26409ef2e#1,daec7c006304b60ca87044f26409ef2e,c7c99e372ec2f873701c20e3a00ff29c,7d76b645482be4a332374e8223836592,11.85,16.90
db0b67b642c6fdc947608f6b2108f802#1,db0b67b642c6fdc947608f6b2108f802,575889c312f07612d39648ea61253cd5,9d39404483343dd55c7ae254494d8388,7.78,29.90
db0d194c127a36909de3bda3edad30bc#1,db0d194c127a36909de3bda3edad30bc,2b0ee2d07306f7c9ac55a43166e9bb4b,1900267e848ceeba8fa32d80c1a5f5a8,12.76,59.99
db0d194c127a36909de3bda3edad30bc#2,db0d194c127a36909de3bda3edad30bc,2b0ee2d07306f7c9ac55a43166e9bb4b,1900267e848ceeba8fa32d80c1a5f5a8,12.76,59.99
db103a5891ce37dbf3a84d9273f55dbe#1,db103a5891ce37dbf3a84d9273f55dbe,0fce35c0b7338bda3e52e2389f0c0762,391fc6631aebcf3004804e51b40bcf1e,19.35,149.97
db115077a7bd949a515922eb40aea6c3#1,db115077a7bd949a515922eb40aea6c3,a02d0123079f4ae96001ba2010d1a2df,1025f0e2d44d7041d6cf58b6550e0bfa,62.26,228.00
db115077a7bd949a515922eb40aea6c3#2,db115077a7bd949a515922eb40aea6c3,71f0bc096460c175e49cb3826bc8761a,2a261b5b644fa05f4f2700eb93544f2c,62.26,90.00
db2351cb5d7dbd5c45ac607d32f2cb9b#1,db2351cb5d7dbd5c45ac607d32f2cb9b,289dfe89bc0d1eb6bea5a0a3bde85552,259f7b5e6e482c230e5bfaa670b6bb8f,13.40,54.90
db37a79f21c59753d1ba93cc44d6cc4a#1,db37a79f21c59753d1ba93cc44d6cc4a,1f0fa82e30437fd4a2596a4ad75d8ee0,2a84855fd20af891be03bc5924d2b453,15.23,18.90
db4d39113d1f1f359709384518d81e31#1,db4d39113d1f1f359709384518d81e31,f15dfa318985df28b020ca9fa88552aa,d20b021d3efdf267a402c402a48ea64b,17.81,79.99
db5fdbee9ab29d55f24c329246e6fe51#1,db5fdbee9ab29d55f24c329246e6fe51,55945cf4a4e6def88dcc8996a581608a,e9779976487b77c6d4ac45f75ec7afe9,15.37,89.00
db65bf4cccb652a88bf890bd8a69cdc8#1,db65bf4cccb652a88bf890bd8a69cdc8,0e173417855ce91518a2e79d760f93a9,fec6275253471ace26d209bbaa64cd0f,39.54,284.00
db6a3a98e587a2b75215bf8f467d43ec#1,db6a3a98e587a2b75215bf8f467d43ec,f699b297070aa38aaf3de9639302506a,c3867b4666c7d76867627c2f7fb22e21,18.06,115.00
db75b87461daf92c7fdf7310f347d229#1,db75b87461daf92c7fdf7310f347d229,b5e13c9a353102f79c6206ff5cb61a50,a49928bcdf77c55c6d6e05e09a9b4ca5,11.83,89.90
db7c883ba7581113260202fc55e73782#1,db7c883ba7581113260202fc55e73782,c89bd65c6473672b9808b1d1d4df79f9,7e93a43ef30c4f03f38b393420bc753a,12.21,229.00
db7f34935c2b818933171e61c031695c#1,db7f34935c2b818933171e61c031695c,d787de6a880320609e500adbb90fb9c7,db4350fd57ae30082dec7acbaacc17f9,14.10,15.99
db80ebec0cd5d08e1d9e9c10f691f491#1,db80ebec0cd5d08e1d9e9c10f691f491,0ac2a75d9c1e9688df3a7730a4ffad14,fc906263ca5083d09dce42fe02247800,14.10,39.90
db88396cf9aab6635eb909ed423d6662#1,db88396cf9aab6635eb909ed423d6662,8f40f0b0018b8f6fd449c4c0713e3118,9de4643a8dbde634fe55621059d92273,24.26,538.90
db93355c53b6e6a6119012d4880abd94#1,db93355c53b6e6a6119012d4880abd94,34d6306314a47fe15c1efdbc23302020,229c3efbfb0ea2058de4ccdfbc3d784a,14.23,69.00
db999a5bcd3e9db87cafe71501d3a653#1,db999a5bcd3e9db87cafe71501d3a653,5f0968068096bd1129c543f3fb59604b,835f0f7810c76831d6c7d24c7a646d4d,24.90,99.90
dbb786f88b6d4e52fe3cb5d771b979d6#1,dbb786f88b6d4e52fe3cb5d771b979d6,39a1a3b9314738724fce4b2907ae6686,da8622b14eb17ae2831f4ac5b9dab84a,12.07,149.90
dbd10344065568345dadbd904bb51dc1#1,dbd10344065568345dadbd904bb51dc1,44053ed0088d0655ed338810cd2d4d51,fdb9095204a334cd8872252ffec6f2db,18.55,138.00
dbe267dee5dcb469508162440874551f#1,dbe267dee5dcb469508162440874551f,909b87db6cb3a7ab26bd03cc59860136,de722cd6dad950a92b7d4f82673f8833,15.79,39.90
dc05a07c0cc70e26e10e274313034ad3#1,dc05a07c0cc70e26e10e274313034ad3,5145cef9f9e1293cf8cba2c924eb94e9,17a053fcb14bd219540cbde0df490be0,129.74,299.90
dc0d27ec49c399d19c810f94cd9d322c#1,dc0d27ec49c399d19c810f94cd9d322c,4c1bbc12438daec98a77243c2bf7a3ba,7c67e1448b00f6e969d365cea6b010ab,35.19,146.99
dc32c5b96c5aa06641f7c32f3f1bce98#1,dc32c5b96c5aa06641f7c32f3f1bce98,bd6e6fce9ada76ea2db0f1912e8e478f,1835b56ce799e6a4dc4eddc053f04066,16.16,56.99
dc400373e624e9b0435847a79813c658#1,dc400373e624e9b0435847a79813c658,91910bbde68f7027e850dcd82b25c5bb,2e1a7d075abe038c1b2743005fe42ff1,9.34,39.90
dc5f6cd4492bbffe5bcda9b87856c9a5#1,dc5f6cd4492bbffe5bcda9b87856c9a5,af667947a84d9ff9d326b60ab75d1ae2,89bc797e2e29667aa035d4368f9b7f92,14.52,39.90
dc5f6cd4492bbffe5bcda9b87856c9a5#2,dc5f6cd4492bbffe5bcda9b87856c9a5,af667947a84d9ff9d326b60ab75d1ae2,89bc797e2e29667aa035d4368f9b7f92,14.52,39.90
dc81a7a14a9502b15d6e1791eaa4ade6#1,dc81a7a14a9502b15d6e1791eaa4ade6,6d2fde7d12bb6ff367dbda120ba8828e,897060da8b9a21f655304d50fd935913,10.96,22.00
dc8813f7d3d197a72f015b1faf219a72#1,dc8813f7d3d197a72f015b1faf219a72,0e87ff05afa3ddd73b7920ff4587e0a4,12b9676b00f60f3b700e83af21824c0e,17.92,238.00
dc8db01e3bbdf8eae34d6509752ddc88#1,dc8db01e3bbdf8eae34d6509752ddc88,0aabfb375647d9738ad0f7b4ea3653b1,37515688008a7a40ac93e3b2e4ab203f,15.10,24.50
dc96a12713fb7cbfd8feac4ab0b8f2a2#1,dc96a12713fb7cbfd8feac4ab0b8f2a2,1ffe365aa7583189e63f2fa4f060b269,80e6699fe29150b372a0c8a1ebf7dcc8,17.59,547.99
dca86af3a25e55e88e77e0197f4b6c2b#1,dca86af3a25e55e88e77e0197f4b6c2b,3ce7358fb633d033a700464c6a82e0bb,edf96ef93ed595084bbcbd9224bd2894,18.13,199.00
dca86af3a25e55e88e77e0197f4b6c2b#2,dca86af3a25e55e88e77e0197f4b6c2b,3ce7358fb633d033a700464c6a82e0bb,edf96ef93ed595084bbcbd9224bd2894,18.13,199.00
dcb36b511fcac050b97cd5c05de84dc3#1,dcb36b511fcac050b97cd5c05de84dc3,009c09f439988bc06a93d6b8186dce73,89a51f50b8095ea78d5768f34c13a76f,14.05,132.40
dcb4a1d21593a108db61f12a4b3d61db#1,dcb4a1d21593a108db61f12a4b3d61db,1d8ff272f4ff5248bde1358ef928713f,082e0bf4cb865a6533b1e8e498cc0255,23.42,89.00
dcb4a1d21593a108db61f12a4b3d61db#2,dcb4a1d21593a108db61f12a4b3d61db,1d8ff272f4ff5248bde1358ef928713f,082e0bf4cb865a6533b1e8e498cc0255,23.42,89.00
dcbd516c0f39081a5e542ef76bbc3fe4#1,dcbd516c0f39081a5e542ef76bbc3fe4,53759a2ecddad2bb87a079a1f1519f73,1f50f920176fa81dab994f9023523100,41.33,49.90
dcc3610bd6745b8ec0d84354631fbd3d#1,dcc3610bd6745b8ec0d84354631fbd3d,c765fb286266d05deb16689631d841e1,77a515caa36327151d1cc6c32a9f00e1,20.03,120.00
dcc74da4fd99c9e96c775807b658336d#1,dcc74da4fd99c9e96c775807b658336d,056193fc88b3f131fae751356896b168,7a241947449cc45dbfda4f9d0798d9d0,40.24,129.99
dcda6f9e7ef0110e7cfc192c003c8ae4#1,dcda6f9e7ef0110e7cfc192c003c8ae4,cebff45f1d1558430be0e07ac0df6a68,c003204e1ab016dfa150abc119207b24,23.47,95.90
dcedac1406b3713259927ba54a3ad206#1,dcedac1406b3713259927ba54a3ad206,e9def91e99c8ecb7c5cef5e31506a056,850f4f8af5ea87287ac68de36e29107f,15.25,69.99
dd0873e10bd3c63b350df2fb55bbbfb0#1,dd0873e10bd3c63b350df2fb55bbbfb0,4ae634441e444ca4bc85903cafe98d73,92eb0f42c21942b6552362b9b114707d,25.63,11.99
dd1170f24eb54d1e79df08ccbb49a377#1,dd1170f24eb54d1e79df08ccbb49a377,89b121bee266dcd25688a1ba72eefb61,2eb70248d66e0e3ef83659f71b244378,13.00,79.90
dd3d73f70b77e2a07f64360620621ca4#1,dd3d73f70b77e2a07f64360620621ca4,adf24c4c9e90e7054d07309a04c419d0,270297ead4c65a6cd2593960d2af6b21,12.95,249.99
dd480c63548e3c0b7219520e3784ebd2#1,dd480c63548e3c0b7219520e3784ebd2,56fd30e18420cb9a5a50c718168fa660,9535a841eecebed61a9fb1ac1cbb5597,15.47,186.00
dd501072091c950a1e6bb5ea9182df2a#1,dd501072091c950a1e6bb5ea9182df2a,dfe123265435bbc08b40fc418f66d9a3,7c67e1448b00f6e969d365cea6b010ab,93.33,169.90
dd5831f3eb10afa80b5cea07ae84e87e#1,dd5831f3eb10afa80b5cea07ae84e87e,bea920589ef5e1949b4627e0574b877b,4c18691b6037662be2df78a765d98ab5,7.39,25.00
dd6a1b472e35baa63f56890e96f5ae0a#1,dd6a1b472e35baa63f56890e96f5ae0a,24a014458ccc6e989b4fcef5fa71da58,4a3ca9315b744ce9f8e9374361493884,15.52,109.90
dd6d0f11a9c3d2abdc91e95b9598b332#1,dd6d0f11a9c3d2abdc91e95b9598b332,b4436da747c3a53ab07ac0e71de17dcd,cf8ab1616079e2793aa29d524df01bb1,93.05,1599.00
dd78f560c270f1909639c11b925620ea#1,dd78f560c270f1909639c11b925620ea,00baba5b58e274d0332a0c8a0a66f877,d3f39f05462b79a4562d35893a28f159,12.79,47.90
dd94f2867bcd2be2229f44d7a0df4e5b#1,dd94f2867bcd2be2229f44d7a0df4e5b,4acecc563402664291309d5f9d5cafc7,7a67c85e85bb2ce8582c35f2203ad736,12.93,43.99
dda3e0dbde3a2cd09432650b3634582d#1,dda3e0dbde3a2cd09432650b3634582d,177d3d5bb9d4d29222a222e3b3554f41,3d871de0142ce09b7081e2b9d1733cb1,13.81,109.00
ddb0d201c7d2c8ce0e966d98128d16e9#1,ddb0d201c7d2c8ce0e966d98128d16e9,d5852e1fab9be489b5371a70adad7494,5d9dc90a686a8fddacffab6bab5653a3,8.72,33.00
ddbe4f58b06d8793a3c77c114b180574#1,ddbe4f58b06d8793a3c77c114b180574,e493c5e2a707b9eb0f6d01041c86856e,1554a68530182680ad5c8b042c3ab563,71.25,179.90
ddc5df3b1c497720bae1692c170baec0#1,ddc5df3b1c497720bae1692c170baec0,d22625c4bd160a54f96629f139153c74,c3cfdc648177fdbbbb35635a37472c53,43.45,148.90
ddc75e18227aa517946c2239d18d1300#1,ddc75e18227aa517946c2239d18d1300,698b3ddae2f0b80c2a48fb40624ca4e4,0241d4d5d36f10f80c644447315af0bd,35.47,199.00
ddcb9f924091ed9cc49b9c78d37d48b6#1,ddcb9f924091ed9cc49b9c78d37d48b6,7642ddbf174d9a97119510f56be6c201,46dc3b2cc0980fb8ec44634e21d2718e,22.22,299.99
dde44f7e3e37e8a34b9cdffc9bc652e5#1,dde44f7e3e37e8a34b9cdffc9bc652e5,be7e1eebdec8d6a9842ebf1c2c2c3dac,955fee9216a65b617aa5c0531780ce60,17.34,155.00
ddf574153803a9012e68e479fa941b0f#1,ddf574153803a9012e68e479fa941b0f,891fda5230e6e284e5430ded76eebcd7,8b321bb669392f5163d04c59e235e066,18.23,15.00
ddfb686b5b2ac3fbece69e652701a876#1,ddfb686b5b2ac3fbece69e652701a876,ad88641611c35ebd59ecda07a9f17099,c826c40d7b19f62a09e2d7c5e7295ee2,15.85,157.77
de2d0036fb45333e82bb658ced9a4fd0#1,de2d0036fb45333e82bb658ced9a4fd0,99a4788cb24856965c36a24e339b6058,4a3ca9315b744ce9f8e9374361493884,15.38,89.90
de6167039d6c71c0bea5a5d3b9437082#1,de6167039d6c71c0bea5a5d3b9437082,c0aed8767e46cce56e77db0ceef83035,cda598c48d7c614bc1cad7d8ff6f0010,19.75,79.90
de72d70497698d2416dc47712bbc7678#1,de72d70497698d2416dc47712bbc7678,52c80cedd4e90108bf4fa6a206ef6b03,a1043bafd471dff536d0c462352beb48,45.71,179.00
de81104d0d1d1a5d4dd09e89a7ea4cd1#1,de81104d0d1d1a5d4dd09e89a7ea4cd1,66a0a6e02b7f543e5b021ce361f267d4,7a67c85e85bb2ce8582c35f2203ad736,16.05,119.99
dea01d9c1e4b72c2db85ece62b00d823#1,dea01d9c1e4b72c2db85ece62b00d823,0d90fced28b749fa0468818d98cb8212,dbd66278cbfe1aa1000f90a217ca4695,26.65,57.90
dec0a06aff130c128418082f77f5b083#1,dec0a06aff130c128418082f77f5b083,aef3e3251c02ee19b8f193f158a49a53,282f23a9769b2690c5dda22e316f9941,16.60,43.50
dec0f6569996808803b3a8130c35a997#1,dec0f6569996808803b3a8130c35a997,ee0c1cf2fbeae95205b4aa506f1469f0,cc419e0650a3c5ba77189a1882b7556a,11.88,53.99
def622b4b003c4749c889dd9a0b43eca#1,def622b4b003c4749c889dd9a0b43eca,4615c086d05b264e9ff7004fcb515e37,0bae85eb84b9fb3bd773911e89288d54,15.10,38.20
df281308c4a5cd2e3f2cc5c7eb5c30c3#1,df281308c4a5cd2e3f2cc5c7eb5c30c3,585fba465552491690a4d0ebc78ef585,7a2d2949aea47fab95fd98d6c9f618b1,19.32,12.99
df2bdc45d6c56cd6dce35aea5c391f4e#1,df2bdc45d6c56cd6dce35aea5c391f4e,389d119b48cf3043d311335e499d9c6b,1f50f920176fa81dab994f9023523100,16.07,53.90
df6340ee228a1f029c6341931763f177#1,df6340ee228a1f029c6341931763f177,a92930c327948861c015c919a0bcb4a8,6560211a19b47992c3666cc44a7e94c0,14.30,78.00
df66e94131ba6d4c45c7b0f75680d29b#1,df66e94131ba6d4c45c7b0f75680d29b,423b46d7ff817b1cd19ab195c7b76546,6560211a19b47992c3666cc44a7e94c0,15.49,55.00
df6e64a3be9ccea48c3bfe8e096e8749#1,df6e64a3be9ccea48c3bfe8e096e8749,99a4788cb24856965c36a24e339b6058,4a3ca9315b744ce9f8e9374361493884,17.88,89.90
df71ba0f02310921da0a5e4f708916a5#1,df71ba0f02310921da0a5e4f708916a5,01d4157fd9738ea81038316ae4cfc192,7ad32824caee82087b3e2e5f33b1bf32,20.56,56.00
df71ba0f02310921da0a5e4f708916a5#2,df71ba0f02310921da0a5e4f708916a5,1ee194d6fcec9e4cbaeef1a99a6911a2,7ad32824caee82087b3e2e5f33b1bf32,20.56,79.00
df71ba0f02310921da0a5e4f708916a5#3,df71ba0f02310921da0a5e4f708916a5,8155728af949f234b666bf60ed257e6a,7ad32824caee82087b3e2e5f33b1bf32,20.57,79.00
df71ba0f02310921da0a5e4f708916a5#4,df71ba0f02310921da0a5e4f708916a5,2ba4f78910f6fe61e7ae7bfa4efe2726,7ad32824caee82087b3e2e5f33b1bf32,20.56,56.00
df81ce0f4ef34bd3096776fcc5ecd246#1,df81ce0f4ef34bd3096776fcc5ecd246,c8c073a1cae6a98799d7581958ede514,ad97a199236354e53fcd91a5a913e9a2,26.53,522.50
df82ea7ca7f0f799161e0fd92c3ab96a#1,df82ea7ca7f0f799161e0fd92c3ab96a,d1c427060a0f73f6b889a5c7c61f2ac4,a1043bafd471dff536d0c462352beb48,58.69,119.00
df82ea7ca7f0f799161e0fd92c3ab96a#2,df82ea7ca7f0f799161e0fd92c3ab96a,d1c427060a0f73f6b889a5c7c61f2ac4,a1043bafd471dff536d0c462352beb48,58.69,119.00
df8e5e994bcc820fcf403f9a875201e6#1,df8e5e994bcc820fcf403f9a875201e6,962a6951154f98f2c8e9a5b8b2bcf4a9,1025f0e2d44d7041d6cf58b6550e0bfa,21.17,75.00
df972aca1fba0a417674857678e2c4bb#1,df972aca1fba0a417674857678e2c4bb,595fac2a385ac33a80bd5114aec74eb8,ef0ace09169ac090589d85746e3e036f,15.72,119.90
dfa3653e86520b99a8a2dceed4362a7c#1,dfa3653e86520b99a8a2dceed4362a7c,1a428b685ede76217c9efb550c4aaa59,d2374cbcbb3ca4ab1086534108cc3ab7,11.85,22.90
dfa3653e86520b99a8a2dceed4362a7c#2,dfa3653e86520b99a8a2dceed4362a7c,1a428b685ede76217c9efb550c4aaa59,d2374cbcbb3ca4ab1086534108cc3ab7,11.85,22.90
dfa7d326a489fe0c01a652351a552b43#1,dfa7d326a489fe0c01a652351a552b43,78b7b1ff2d3f06a589354ddf2f4f9db3,620c87c171fb2a6dd6e8bb4dec959fc6,16.22,292.90
dff6ed771cf60abd35926e39beb502ef#1,dff6ed771cf60abd35926e39beb502ef,2056c9497992c9032fdd92346baab6c3,eeb6de78f79159600292e314a77cbd18,18.13,126.00
e00c5912daa4e24b9f1820ebb4e930ae#1,e00c5912daa4e24b9f1820ebb4e930ae,976738868bdcc86e959ba2a7b726d4d5,d1c281d3ae149232351cd8c8cc885f0d,26.20,193.99
e01734681e487d52315e5745bf478d7d#1,e01734681e487d52315e5745bf478d7d,b2f041d29dd572b298f0f74de6297b6d,46dc3b2cc0980fb8ec44634e21d2718e,15.88,159.99
e0392865844b1934818565a516cf8bdb#1,e0392865844b1934818565a516cf8bdb,3dd2a17168ec895c781a9191c1e95ad7,de722cd6dad950a92b7d4f82673f8833,53.40,149.90
e05ad3bb40dd7a1f005c828e86493bcc#1,e05ad3bb40dd7a1f005c828e86493bcc,537652d95702108d6f9a55852ba97228,ef506c96320abeedfb894c34db06f478,7.39,22.99
e063aafe4ec760123fe14ed5925631a2#1,e063aafe4ec760123fe14ed5925631a2,662eb743b41155e398e7fdd5d4cf5a3a,620c87c171fb2a6dd6e8bb4dec959fc6,8.27,39.90
e078f7da1a6312d4103ba33cd4abd3b4#1,e078f7da1a6312d4103ba33cd4abd3b4,c9dbe2eec19a8093cb5ac57486531c18,cca3071e3e9bb7d12640c9fbe2301306,13.70,96.90
e08f76fed43c999d57979d1879871ce1#1,e08f76fed43c999d57979d1879871ce1,cea0783f5748d01abec8fd268dccba49,a416b6a846a11724393025641d4edd5e,15.39,89.57
e0a98f9b707c33a4c46e02a530c3419b#1,e0a98f9b707c33a4c46e02a530c3419b,6803077179d24889430188e03fafd31a,128639473a139ac0f3e5f5ade55873a5,16.95,19.90
e0b23ee5e7134cc220b6bbba915ee91c#1,e0b23ee5e7134cc220b6bbba915ee91c,b395922ca8e9ba82b2a81822968d0cf5,391fc6631aebcf3004804e51b40bcf1e,12.69,24.75
e0c8a0e62ecd027577c1cfdb38c8f1ee#1,e0c8a0e62ecd027577c1cfdb38c8f1ee,3bbacbe586e957acbf26c63b3ed532a3,729f06993dac8e860d4f02d7088ca48a,21.50,144.90
e11dbf8f73df2ef44ac68c5dd90b3892#1,e11dbf8f73df2ef44ac68c5dd90b3892,e9a19740a95180e871a7fd864bf65dd7,0885aaf116795758dfeb5f1032487bcd,9.41,94.90
e1215367814d0d82c496bf4c6b2ba6f7#1,e1215367814d0d82c496bf4c6b2ba6f7,67c3a22492bcb6677d6ee56b8516f537,6cd68b3ed6d59aaa9fece558ad360c0a,15.00,118.90
e1489cb4d16876c628a2dadb8e675c9a#1,e1489cb4d16876c628a2dadb8e675c9a,55b8781171d27966e82ed1faa77a4c7a,1e8b33f18b4f7598d87f5cbee2282cc2,27.20,159.90
e14b9bc8bd743ef2c1075fa8c73e52a6#1,e14b9bc8bd743ef2c1075fa8c73e52a6,9361d7d8750b24496371f42a056065b5,7d294cf9a6a69dc6a0c3e540fff0e039,64.81,51.45
e14fbb884fb89b4ed687485a902caf75#1,e14fbb884fb89b4ed687485a902caf75,0eb5d1d033dcdd7b9b11658ce84ee8e9,7a2d2949aea47fab95fd98d6c9f618b1,14.52,110.00
e16a85342c3b94f91ab4233c71168786#1,e16a85342c3b94f91ab4233c71168786,71a5f1c2a5fd9889ef26b5ac22aec9c6,537eb890efff034a88679788b647c564,18.27,24.90
e16efc3cc50ac44b70f993463b609174#1,e16efc3cc50ac44b70f993463b609174,99a4788cb24856965c36a24e339b6058,4a3ca9315b744ce9f8e9374361493884,12.13,89.90
e1860ce96baa10d7f08d86aaf5927459#1,e1860ce96baa10d7f08d86aaf5927459,99a4788cb24856965c36a24e339b6058,53d00c40e32aeb924a84ce72b1af869d,9.27,83.79
e194f9ac9793de14b87eecf9b3532421#1,e194f9ac9793de14b87eecf9b3532421,a02d0123079f4ae96001ba2010d1a2df,1025f0e2d44d7041d6cf58b6550e0bfa,97.56,250.00
e1a9f566dc38eac4f78556976596a43f#1,e1a9f566dc38eac4f78556976596a43f,8f0877b2fd784f6948e606be7f04744c,53e4c6e0f4312d4d2107a8c9cddf45cd,13.82,34.00
e1c7f4633671b4409b11c0779ecddff2#1,e1c7f4633671b4409b11c0779ecddff2,b2f15c23f560da3b247e1090d9d12be7,2ff97219cb8622eaf3cd89b7d9c09824,22.06,18.90
e1c7f4633671b4409b11c0779ecddff2#2,e1c7f4633671b4409b11c0779ecddff2,b2f15c23f560da3b247e1090d9d12be7,2ff97219cb8622eaf3cd89b7d9c09824,22.06,18.90
e1ccac2f83d9ae0c22cd16e9573c3f5c#1,e1ccac2f83d9ae0c22cd16e9573c3f5c,b1d207586fca400a2370d50a9ba1da98,1ca7077d890b907f89be8c954a02686a,15.79,149.00
e1d6acaba6d1e84b8514575b9ef6fd71#1,e1d6acaba6d1e84b8514575b9ef6fd71,d1c427060a0f73f6b889a5c7c61f2ac4,a1043bafd471dff536d0c462352beb48,17.60,119.00
e1da8361c76cab67aa3588a1fbf1af54#1,e1da8361c76cab67aa3588a1fbf1af54,e0d64dcfaa3b6db5c54ca298ae101d05,7e93a43ef30c4f03f38b393420bc753a,17.41,235.99
e210480a7951a7968ea2a32e38c6dd70#1,e210480a7951a7968ea2a32e38c6dd70,d285360f29ac7fd97640bf0baef03de0,2eb70248d66e0e3ef83659f71b244378,23.02,155.97
e210ce645469e7eb44209cb28f6bf097#1,e210ce645469e7eb44209cb28f6bf097,fb55982be901439613a95940feefd9ee,3d871de0142ce09b7081e2b9d1733cb1,28.95,79.00
e22b71f6e4a481445ec4527cb4c405f7#1,e22b71f6e4a481445ec4527cb4c405f7,3bc5164bc7f4be77002d6651da65c98c,6cd68b3ed6d59aaa9fece558ad360c0a,11.74,22.50
e2366f83c01269762e71b77254a6859c#1,e2366f83c01269762e71b77254a6859c,462b89aad33e9b762cff8fd20db1fdcb,e9bc59e7b60fc3063eb2290deda4cced,17.16,199.90
e247a0570d308da27cd7f349902e66f8#1,e247a0570d308da27cd7f349902e66f8,129de02d0ac6adf4f77c41bc157adbeb,1d4587203296c8f4ad134dc286fa6db0,12.79,14.90
e2493d49c7ac426207fb7575814ebbd4#1,e2493d49c7ac426207fb7575814ebbd4,97017430754804328eb9597b7f85da03,ea8482cd71df3c1969d7b9473ff13abc,17.63,27.99
e2676f5f513bf595fcbd506999db7c26#1,e2676f5f513bf595fcbd506999db7c26,11bbef4e2a44601d9dd471aa1fb433e6,5c243662ce92d84573bfaff24c3e3700,13.51,329.99
e29d6e9ee9068425cc712d11435411b5#1,e29d6e9ee9068425cc712d11435411b5,78d7edf3fda961dc8ac6999761ba5b05,fa1a9dec3a9940c072684a46728bf1fc,16.71,135.90
e2a0a74ea79eebb803a7752cf3b429bf#1,e2a0a74ea79eebb803a7752cf3b429bf,564d0015be20622253aee5b6e875bea8,ef506c96320abeedfb894c34db06f478,15.10,29.99
e2a4e699c1ba4cf1036be1ca8851b2f4#1,e2a4e699c1ba4cf1036be1ca8851b2f4,41311fd6316a50a9ff4ac5bfca1b910b,218d46b86c1881d022bce9c68a7d4b15,14.51,164.00
e2b405a4cccf1e66eb8d2b73a4bba700#1,e2b405a4cccf1e66eb8d2b73a4bba700,e0d64dcfaa3b6db5c54ca298ae101d05,2eb70248d66e0e3ef83659f71b244378,16.84,124.90
e2be0c01adce5e35793cdc2970d774fc#1,e2be0c01adce5e35793cdc2970d774fc,ce5cedf6e57d59b07eeecb68eeafd099,9a1aea68d3efa00862ec88c0768037d0,27.42,159.90
e2be0c01adce5e35793cdc2970d774fc#2,e2be0c01adce5e35793cdc2970d774fc,ce5cedf6e57d59b07eeecb68eeafd099,9a1aea68d3efa00862ec88c0768037d0,27.42,159.90
e2beeb3a428f811804079bc11b23c0c0#1,e2beeb3a428f811804079bc11b23c0c0,0a57f7d2c983bcf8188589a5fea4a8da,4342d4b2ba6b161468c63a7e7cfce593,9.28,129.90
e2cfe4b2af025a2ae3b1d8795f677525#1,e2cfe4b2af025a2ae3b1d8795f677525,50142ec1faa11eb5a756baf3020128e8,8f54d64f28a993550aa7943f12572959,21.29,113.90
e2d3e5a5b56149b36e4df4dedd8648f5#1,e2d3e5a5b56149b36e4df4dedd8648f5,8aa6223e400af9c97b07c75993142721,1f9ab4708f3056ede07124aad39a2554,31.94,169.90
e2df40dd64276b2f2040c798751c188d#1,e2df40dd64276b2f2040c798751c188d,da126b80758e8f5f13c45580e9260fd9,ef0ace09169ac090589d85746e3e036f,19.64,64.90
e2e8773d11f4499f15349b8f613350a0#1,e2e8773d11f4499f15349b8f613350a0,7273e94a33eb07341d5d86a7b815f901,2a1348e9addc1af5aaa619b1a3679d6b,11.59,139.90
e2eb25bad1122ea7060e7e1b97feea74#1,e2eb25bad1122ea7060e7e1b97feea74,afce90df29b9a0c1bfe5e1033f1197b1,92eb0f42c21942b6552362b9b114707d,17.63,14.67
e2ecc8a06aa292e6cf6f88f2826dd141#1,e2ecc8a06aa292e6cf6f88f2826dd141,43f911ac50adc19a96cd523ade4e7cca,620c87c171fb2a6dd6e8bb4dec959fc6,13.92,49.90
e2f630b53cb2637be372c3810b089868#1,e2f630b53cb2637be372c3810b089868,4a0938478787f49dc07af734b86be96c,6560211a19b47992c3666cc44a7e94c0,26.32,149.00
e2fa3a143afcfe0dc65730a780af43e1#1,e2fa3a143afcfe0dc65730a780af43e1,46b0edb9f3206f9c093f3ab71e77710e,6edacfd9f9074789dad6d62ba7950b9c,19.80,118.90
e2fd3a04faecd73308b8d940dc3ab303#1,e2fd3a04faecd73308b8d940dc3ab303,5f504b3a1c75b73d6151be81eb05bdc9,834f3294fba9f932f56edc879193f925,65.01,610.00
e303201d86cda5183986a56d5ae1b084#1,e303201d86cda5183986a56d5ae1b084,0152f69b6cf919bcdaf117aa8c43e5a2,d2374cbcbb3ca4ab1086534108cc3ab7,10.96,13.90
e30bc9599660c657ce6cf351f1a98b5f#1,e30bc9599660c657ce6cf351f1a98b5f,165f86fe8b799a708a20ee4ba125c289,7ddcbb64b5bc1ef36ca8c151f6ec77df,20.66,166.99
e311f8fc30348d6213964a43f70f87fb#1,e311f8fc30348d6213964a43f70f87fb,52c80cedd4e90108bf4fa6a206ef6b03,a1043bafd471dff536d0c462352beb48,8.87,179.00
e3143ad1af7d0f2878a66a1cd565e4a2#1,e3143ad1af7d0f2878a66a1cd565e4a2,87cb507e0daa37bbf34956fd59eba832,6560211a19b47992c3666cc44a7e94c0,19.04,29.00
e340657d4d28d54192270b3b99ba63f4#1,e340657d4d28d54192270b3b99ba63f4,5581bb179770e44255d6bb9b9e1bcca9,3c03b12bab54d8b37d79d914bfdb1aa0,14.10,18.89
e3447938231fb6ba2fee0231b51eca59#1,e3447938231fb6ba2fee0231b51eca59,97f1396a5a1f7c07ba51784efdec44b8,955fee9216a65b617aa5c0531780ce60,12.14,160.00
e346cd9299371b18c0b28e8e29a5e376#1,e346cd9299371b18c0b28e8e29a5e376,f9a7825fa51f487b8a48f67e9efced8c,76d5af76d0271110f9af36c92573f765,12.69,29.90
e35b67f3b9778766f35d9d6e11af1761#1,e35b67f3b9778766f35d9d6e11af1761,6f3b5b605d91b7439c5e3f5a8dffeea7,4869f7a5dfa277a7dca6462dcf3b52b2,13.55,158.00
e3653c411aa1ac28f740e417e9a997bf#1,e3653c411aa1ac28f740e417e9a997bf,6d53aac0a317895a3d25dd19d821ec0c,30a2f535bb48308f991d0b9ad4a8c4bb,8.72,49.90
e37797aedc7cd4ef82278fbc169eecaf#1,e37797aedc7cd4ef82278fbc169eecaf,013ee64977aaa6b2b25475095162e0e9,640e21a7d01df7614a3b4923e990d40c,14.58,69.99
e383fed56a3263977ef519e546eeb1e7#1,e383fed56a3263977ef519e546eeb1e7,48116a826b3a019f97c5fa8e8ce788a5,d91fb3b7d041e83b64a00a3edfb37e4f,23.01,30.00
e3905e23c30d39e4c239cce9f353a67b#1,e3905e23c30d39e4c239cce9f353a67b,fdd84aefb08c8f8225e0b8c97429d53b,94144541854e298c2d976cb893b81343,16.08,54.90
e399680f053aca6ecc64cd1ec2c0741e#1,e399680f053aca6ecc64cd1ec2c0741e,368c6c730842d78016ad823897a372db,1f50f920176fa81dab994f9023523100,17.67,49.00
e3a83a19707a6f27e4fde8d6b13d43f4#1,e3a83a19707a6f27e4fde8d6b13d43f4,9a36241ab9d33e23d58b50eddb5097c9,1acde099eb406aa220b1169b188b42da,18.36,159.00
e3d98850cbbdab2420e8a49cf21bf194#1,e3d98850cbbdab2420e8a49cf21bf194,b60856ce32d90658dbf99b9485327c25,8b321bb669392f5163d04c59e235e066,15.10,9.00
e425680f760cbc130be3e53a9773c584#1,e425680f760cbc130be3e53a9773c584,9ecadb84c81da840dbf3564378b586e9,1025f0e2d44d7041d6cf58b6550e0bfa,11.85,38.40
e481f51cbdc54678b7cc49136f2d6af7#1,e481f51cbdc54678b7cc49136f2d6af7,87285b34884572647811a353c7ac498a,3504c0cb71d7fa48d967e0e4c94d59d9,8.72,29.99
e48247404129e18919a1425efabcf422#1,e48247404129e18919a1425efabcf422,3f14d740544f37ece8a9e7bc8349797e,f457c46070d02cadd8a68551231220dd,23.44,84.90
e48247404129e18919a1425efabcf422#2,e48247404129e18919a1425efabcf422,36f60d45225e60c7da4558b070ce4b60,f457c46070d02cadd8a68551231220dd,2.04,89.90
e4865416690d1f1fdad49bc94f871de6#1,e4865416690d1f1fdad49bc94f871de6,cf4f52b8f3c906f11d98e8866614f140,0ed6ce5d87fd9c69eaacaeb778d67235,9.74,39.90
e4992b3b826ff19edba39e9a4d9dae26#1,e4992b3b826ff19edba39e9a4d9dae26,933f4f76eae38d2a97ecfb7c6355f0bc,04308b1ee57b6625f47df1d56f00eedf,70.29,1429.90
e4aac63ea6f6b75b6d91ead05207fb43#1,e4aac63ea6f6b75b6d91ead05207fb43,0105b5323d24fc655f73052694dbbb3a,2138ccb85b11a4ec1e37afbd1c8eda1f,8.16,129.99
e4cf3be0bfaec7868f5c8ac4f977f997#1,e4cf3be0bfaec7868f5c8ac4f977f997,154e7e31ebfa092203795c972e5804a6,cc419e0650a3c5ba77189a1882b7556a,15.10,23.99
e4de6d53ecff736bc68804b0b6e9f635#1,e4de6d53ecff736bc68804b0b6e9f635,90b58782fdd04cb829667fcc41fb65f5,7c67e1448b00f6e969d365cea6b010ab,51.13,179.99
e51859ab3a4df4a9dd8d6f60a060148b#1,e51859ab3a4df4a9dd8d6f60a060148b,8e206e69d390e5a1076e0baeb446b0a0,7e93a43ef30c4f03f38b393420bc753a,14.14,849.99
e54613f3313c396f77d8280b9121ea2e#1,e54613f3313c396f77d8280b9121ea2e,1c5cd477820c6046039178150f6f8916,dbec9a0a7efeff029d4d9dce7dc4cc95,33.53,380.00
e55981b5cea8072097093592652571ca#1,e55981b5cea8072097093592652571ca,6cdd53843498f92890544667809f1595,ccc4bbb5f32a6ab2b7066a4130f114e3,18.70,349.90
e55e8c9f6f33a8562db1430444f22092#1,e55e8c9f6f33a8562db1430444f22092,f100f4ee5e2b55d163a3f7c300c24d26,a69aa24cec11168e7e39a3fbc727e925,18.44,39.99
e5733d96d53e3a8a13f59a0fe4c38d74#1,e5733d96d53e3a8a13f59a0fe4c38d74,09b069a1846b0e666a398952c8ba1605,7e1fb0a3ebfb01ffb3a7dae98bf3238d,22.89,168.00
e5858127da61f07285827883e605254b#1,e5858127da61f07285827883e605254b,9bb2d066e4b33b624cbdfec7d50b3dcb,2c43fb513632d29b3b58df74816f1b06,15.00,99.80
e5a7c745f93cb381d78042cdef65b05b#1,e5a7c745f93cb381d78042cdef65b05b,63de2743d05ab59d85caa49e49459ac1,cbd996ad3c1b7dc71fd0e5f5df9087e2,11.85,19.90
e5b692a00119342b4412cf70919378bd#1,e5b692a00119342b4412cf70919378bd,d6d73c1fe2e8c0e3e90e2421ffa4b963,01c97ebb5cdac52891c0ed1c37ba0012,16.11,29.40
e5b692a00119342b4412cf70919378bd#2,e5b692a00119342b4412cf70919378bd,d6d73c1fe2e8c0e3e90e2421ffa4b963,01c97ebb5cdac52891c0ed1c37ba0012,16.11,29.40
e5c7db6481f467875bd4d52357a8f8a1#1,e5c7db6481f467875bd4d52357a8f8a1,e53e557d5a159f5aa2c5e995dfdf244b,88460e8ebdecbfecb5f9601833981930,16.96,74.90
e5cc9aee90086c1cb675e3feef14cb57#1,e5cc9aee90086c1cb675e3feef14cb57,99a4788cb24856965c36a24e339b6058,4a3ca9315b744ce9f8e9374361493884,15.38,89.90
e5d48f5d3719ee190629a850e362dc57#1,e5d48f5d3719ee190629a850e362dc57,94475071013412139f862c0bd7e3bb37,955fee9216a65b617aa5c0531780ce60,8.72,39.99
e5d931ebd7214cd492fff71fb6a2aeff#1,e5d931ebd7214cd492fff71fb6a2aeff,1b947042ada4bafeaeb8714e1584d5b1,31344c16881c08a8a72c6d2eb29918c1,32.80,189.90
e5db7bda2b901c39641219e0b0112e5a#1,e5db7bda2b901c39641219e0b0112e5a,c20a3f598c16d77249da67e81caa8317,955fee9216a65b617aa5c0531780ce60,8.97,32.00
e5e6a20a4c3fbe6ee280c01f8fe279cc#1,e5e6a20a4c3fbe6ee280c01f8fe279cc,1b981d76f4ec023c49b13412f503f1c2,77530e9772f57a62c906e1c21538ab82,22.27,49.00
e5e7f892785fbe21a339bcd77efdae86#1,e5e7f892785fbe21a339bcd77efdae86,62744bf012b60074e5fa0fcd657cbd34,30a2f535bb48308f991d0b9ad4a8c4bb,8.72,74.90
e5f3aa7d16fea584333063fee66666b5#1,e5f3aa7d16fea584333063fee66666b5,6addacff5b9a648cf0760f3d943b99b0,2156f2671501a81034d7d07f217609d0,14.13,54.60
e5fa83ee166ad4e56b60c0bc4a2e12bc#1,e5fa83ee166ad4e56b60c0bc4a2e12bc,d5b703c271f43f9c588a6f512a00f77e,fa40cc5b934574b62717c68f3d678b6d,25.63,34.90
e6190dea235662449d160357e46eaec8#1,e6190dea235662449d160357e46eaec8,c415aad99ee06e0fe8a58c09d3598ef7,4de6e4ba574aa9dfdc824bc44dc47fdd,19.98,69.90
e61b3892b434215d5575d1f4c1b94da4#1,e61b3892b434215d5575d1f4c1b94da4,18b0e642cbae7251e60a64aa07dd9eb9,85d9eb9ddc5d00ca9336a2219c97bb13,18.26,22.32
e63244efc2759393ecb3f8a417efb78d#1,e63244efc2759393ecb3f8a417efb78d,e4ca5b20cfe1a020e15e36fe14e880ee,128639473a139ac0f3e5f5ade55873a5,12.48,19.90
e63271442e778d83ae9868408c1028e7#1,e63271442e778d83ae9868408c1028e7,9bfc55df037ce3ac01bfd84781adf7e5,7d13fca15225358621be4086e1eb0964,25.81,586.00
e639eb028398f98b7958207b2a45684c#1,e639eb028398f98b7958207b2a45684c,e06d5e832b37064a0f5193515b16f44f,d91fb3b7d041e83b64a00a3edfb37e4f,15.42,95.00
e6555e78046757613e040b01b153fc1f#1,e6555e78046757613e040b01b153fc1f,7c0ff36de8af6f43eabd036729ff64a1,6560211a19b47992c3666cc44a7e94c0,7.39,39.00
e659b8223be6f632acb24fb80cf50ca9#1,e659b8223be6f632acb24fb80cf50ca9,d899e614656fe7bddd577dcfe583d19c,6a8b085f816a1f75f92dbac6eb545f8f,25.71,61.50
e6657617ef1f4cc4cc2413cb0a6630ae#1,e6657617ef1f4cc4cc2413cb0a6630ae,99a4788cb24856965c36a24e339b6058,4a3ca9315b744ce9f8e9374361493884,16.24,86.90
e69bfb5eb88e0ed6a785585b27e16dbf#1,e69bfb5eb88e0ed6a785585b27e16dbf,9a78fb9862b10749a117f7fc3c31f051,7c67e1448b00f6e969d365cea6b010ab,19.77,149.99
e69e2290db6b2d3b7593a40112e1a82a#1,e69e2290db6b2d3b7593a40112e1a82a,6d68112743e7ed2de3932554b033f544,0d33a55da925bbf1ff02af5f6059fc7f,25.34,28.00
e69e2290db6b2d3b7593a40112e1a82a#2,e69e2290db6b2d3b7593a40112e1a82a,fde90f06296b26995fd0de6f16610d70,8bb48dc19fccaa8613b6229bf7f452a2,25.34,47.99
e6c3435aca88a50c893f06b6b13e9242#1,e6c3435aca88a50c893f06b6b13e9242,6cfe89ec0814c1a570172b0916b102a8,0afccdb8a34ee5c79f7c06faf2b4d56e,12.49,51.90
e6ce16cb79ec1d90b1da9085a6118aeb#1,e6ce16cb79ec1d90b1da9085a6118aeb,08574b074924071f4e201e151b152b4e,001cca7ae9ae17fb1caed9dfb1094831,30.53,99.00
e6ce16cb79ec1d90b1da9085a6118aeb#2,e6ce16cb79ec1d90b1da9085a6118aeb,08574b074924071f4e201e151b152b4e,001cca7ae9ae17fb1caed9dfb1094831,30.53,99.00
e6f6345c50327507fe35965aa65c8e94#1,e6f6345c50327507fe35965aa65c8e94,fd85f34d70edf41fbea6a3269d183e00,caa9bc43a9fe8cf9c564ddd8a03cc4a6,7.47,29.99
e6fad28cb7f01e461467af959930ae8a#1,e6fad28cb7f01e461467af959930ae8a,29427de7f8a9ee983d9dbc51cec569b4,7a67c85e85bb2ce8582c35f2203ad736,18.52,82.99
e6fc4ea08434b40ac98a0cb284e5a8eb#1,e6fc4ea08434b40ac98a0cb284e5a8eb,71a5f1c2a5fd9889ef26b5ac22aec9c6,537eb890efff034a88679788b647c564,19.08,24.90
e713631edbb37cc11f989c7d8412b80a#1,e713631edbb37cc11f989c7d8412b80a,b1bef728f668a4117c1129694b7f4bec,17a053fcb14bd219540cbde0df490be0,33.00,199.90
e74f16cd18d4e5b3dfbcc81e880430d9#1,e74f16cd18d4e5b3dfbcc81e880430d9,d5991653e037ccb7af6ed7d94246b249,25c5c91f63607446a97b143d2d535d31,38.81,137.90
e77577d115ded33e62a5874c383452a4#1,e77577d115ded33e62a5874c383452a4,d66c729cd3b64c98515a18898c6b65c3,d91fb3b7d041e83b64a00a3edfb37e4f,11.85,19.90
e793e2ffd549447018149bce4de2850c#1,e793e2ffd549447018149bce4de2850c,cbd27a4cfb94137cd08a4fda812d686b,404e1ba01358af4cd63f679b2c4d1fa1,16.79,19.90
e7a65190baa4e6fd192246157c0b81fb#1,e7a65190baa4e6fd192246157c0b81fb,b77dd6385638733dd46bf68b093715b7,ef506c96320abeedfb894c34db06f478,24.84,28.99
e7c5ccfc34c262f8f9240ade57e01ed7#1,e7c5ccfc34c262f8f9240ade57e01ed7,48465725d322101bdadd1d1a5acd8480,980640c45d7a4635885491d077167e4d,18.77,94.99
e7d090145a4a427aa8353f51b00381cb#1,e7d090145a4a427aa8353f51b00381cb,1127c7ede26c4c4d41eb80848d0bdb32,5343d0649eca2a983820bfe93fc4d17e,18.14,80.00
e7d090145a4a427aa8353f51b00381cb#2,e7d090145a4a427aa8353f51b00381cb,1127c7ede26c4c4d41eb80848d0bdb32,5343d0649eca2a983820bfe93fc4d17e,18.14,80.00
e7d090145a4a427aa8353f51b00381cb#3,e7d090145a4a427aa8353f51b00381cb,1127c7ede26c4c4d41eb80848d0bdb32,5343d0649eca2a983820bfe93fc4d17e,18.14,80.00
e7d090145a4a427aa8353f51b00381cb#4,e7d090145a4a427aa8353f51b00381cb,1127c7ede26c4c4d41eb80848d0bdb32,5343d0649eca2a983820bfe93fc4d17e,18.14,80.00
e7e312612b232f936e5f1ff9ee5bc2b5#1,e7e312612b232f936e5f1ff9ee5bc2b5,dbfa741e0e5dfae13c9f023d8b8cbd96,05f51e13da97139648b8125c31e5f51b,27.51,169.90
e7f237163458b9df35d29d4ee460f233#1,e7f237163458b9df35d29d4ee460f233,254e83d8714765408ae71c07e6a972e0,3a4127e1ba7208ea37044c5092aae170,20.60,388.90
e804510d7bf65ec23803813f9bc9dc15#1,e804510d7bf65ec23803813f9bc9dc15,8b45810da2ef9860496d56f62435fc40,1900267e848ceeba8fa32d80c1a5f5a8,19.54,49.99
e80d8758f771bccd842da8b6fc2837ca#1,e80d8758f771bccd842da8b6fc2837ca,ee406bf28024d97771c4b1e8b7e8e219,7a67c85e85bb2ce8582c35f2203ad736,11.64,144.99
e811880120e802367a37c73fdbc0a7a2#1,e811880120e802367a37c73fdbc0a7a2,1dec4c88c685d5a07bf01dcb0f8bf9f8,712e6ed8aa4aa1fa65dab41fed5737e4,37.27,559.00
e8198fb86447455d67c1ddd0b3a068b2#1,e8198fb86447455d67c1ddd0b3a068b2,2d4500a3d35334916c955b3c365dbefe,ba90964cff9b9e0e6f32b23b82465f7b,22.39,1199.00
e821c71ba6efed0813bbc0a01a95f24d#1,e821c71ba6efed0813bbc0a01a95f24d,f9259c9e7c0f12c70f7a81409680a5ff,c68fb906c8f4b4b946d8386bfa6e5467,18.00,107.63
e82a48563b753b7df504aba7e01f9faf#1,e82a48563b753b7df504aba7e01f9faf,9749139e09929de55d37e68e64b89706,cbd996ad3c1b7dc71fd0e5f5df9087e2,15.17,59.70
e83fecff545147241edc9399a93c8e53#1,e83fecff545147241edc9399a93c8e53,4a300735bc293723103db0d0c1bc1585,6f892e20a171e98efe17fdb971ff319b,15.25,70.90
e849e2829de302019ae8bd9924055171#1,e849e2829de302019ae8bd9924055171,bba0d9c4f470ff541dba7f02d791a4f3,fa1c13f2614d7b5c4749cbc52fecda94,26.56,579.90
e86c9bfc5e5cce878c7d0c2419927cd7#1,e86c9bfc5e5cce878c7d0c2419927cd7,5e21d5cab5d33e770d8150a4ee6117db,6560211a19b47992c3666cc44a7e94c0,15.23,49.00
e885304ec221dd09a24101f0dd920504#1,e885304ec221dd09a24101f0dd920504,e0d64dcfaa3b6db5c54ca298ae101d05,4869f7a5dfa277a7dca6462dcf3b52b2,17.97,151.90
e88708b0f6c58eaba5b9b3f850f212cc#1,e88708b0f6c58eaba5b9b3f850f212cc,54d798aec2c073d2d403f66ee33ddbe4,dbb9b48c841a0e39e21f98e1a6b2ec3e,11.74,39.90
e897d96adf4da16805cd6faf2913ce48#1,e897d96adf4da16805cd6faf2913ce48,24619f43ab25b60db576926fd78edd39,f25e239052084705e17a982bc600ab2a,56.89,798.00
e8b79ed0b3aa49f3a28b6939a3db249f#1,e8b79ed0b3aa49f3a28b6939a3db249f,ee0c1cf2fbeae95205b4aa506f1469f0,cc419e0650a3c5ba77189a1882b7556a,11.88,53.99
e8ba75632d34b2349d68fd8e37bcf6a4#1,e8ba75632d34b2349d68fd8e37bcf6a4,d60c281a9b31d5342030a89846998c5a,8160255418d5aaa7dbdc9f4c64ebda44,19.24,284.90
e8bcc9b5ec88c2aec681b7d52e5abccd#1,e8bcc9b5ec88c2aec681b7d52e5abccd,8bd4145633bb6d4e5ae091577f6b8dce,cfb1a033743668a192316f3c6d1d2671,17.19,49.90
e8c03a93e09bd0dde6dfabd1eac42235#1,e8c03a93e09bd0dde6dfabd1eac42235,fbed7bca664c2d2d9a1412223f7c8aeb,05d2173d43ea568aa0540eba70d2ca76,16.79,47.20
e8fba7de8823194ccf9c1f2d52123bee#1,e8fba7de8823194ccf9c1f2d52123bee,027cdd14a677a5834bc67a9789db5021,81f89e42267213cb94da7ddc301651da,13.11,64.00
e91130c6fc7b9ad7646ba8260477bd66#1,e91130c6fc7b9ad7646ba8260477bd66,03973c875a4653e663aede2c46a957f6,cee48807215b30a12ca2ca10ffb5f250,17.54,89.90
e91398c99556f8519e116e6ca4f774e1#1,e91398c99556f8519e116e6ca4f774e1,b88bec07c15c233600f4ce48b7bb44e0,dbb9b48c841a0e39e21f98e1a6b2ec3e,15.23,44.99
e9280658289b5c5215dcc3b7183c0541#1,e9280658289b5c5215dcc3b7183c0541,9b0ad21bbd4384f9ebc28a688e1e81cd,128639473a139ac0f3e5f5ade55873a5,16.79,18.90
e92f3505810692cd4a0350b19e2d9045#1,e92f3505810692cd4a0350b19e2d9045,65fd9b358b7ee029fba34839e9c35fdf,9f505651f4a6abe901a56cdc21508025,22.93,29.99
e93fceb3b0a859a71554881b5b9b5a86#1,e93fceb3b0a859a71554881b5b9b5a86,45db1cf7c08c21a37f3218e88943061f,2c2c9832d1bb38c5b0034a3b47d313ee,18.45,49.90
e95fc2995e8119f6216b0fed9887ef3b#1,e95fc2995e8119f6216b0fed9887ef3b,e9def91e99c8ecb7c5cef5e31506a056,850f4f8af5ea87287ac68de36e29107f,9.34,69.99
e97d413be381af1c85a368973f38ad0a#1,e97d413be381af1c85a368973f38ad0a,1529199a7d88ac40cef5b4a508f18f2c,9a84ba99f5367fdbd4598363496f1ea2,16.12,59.90
e981933dec07dfe833f737618e90afe2#1,e981933dec07dfe833f737618e90afe2,fa7be99321f2dbb1e518d2139ccb1d39,54a1852d1b8f10312c55e906355666ee,8.62,64.99
e991f50bb727c1894e1f74527af4edf8#1,e991f50bb727c1894e1f74527af4edf8,183c95ad186f48c320bbac4643829d3f,cab85505710c7cb9b720bceb52b01cee,15.23,49.90
e995d128a5a5bd59d704a736c4a75fd5#1,e995d128a5a5bd59d704a736c4a75fd5,c785fffd281ac9afffc38c8015455fd8,4a3ca9315b744ce9f8e9374361493884,13.78,59.90
e99d24bf7bab6f3b13feddbc3cca9cb7#1,e99d24bf7bab6f3b13feddbc3cca9cb7,5d7a4ee1450d108913cdd64fff383338,b4ffb71f0cb1b1c3d63fad021ecf93e1,7.39,34.50
e9ce52cd563d0124dced659e69eab10a#1,e9ce52cd563d0124dced659e69eab10a,0efb0a47500c44e05a5930cae12307d4,5dceca129747e92ff8ef7a997dc4f8ca,53.01,259.90
ea110ced6459b4dc6c73e0b2367077e9#1,ea110ced6459b4dc6c73e0b2367077e9,8a12c0e223d9dbd49ccfcd2ad25d1b30,b839e41795b7f3ad94cc2014a52f6796,25.53,1890.00
ea12bd9ee4b9a167ce287004482769e1#1,ea12bd9ee4b9a167ce287004482769e1,2ccd049c8e7ea210e079a1aa8ad92477,3d871de0142ce09b7081e2b9d1733cb1,13.57,79.00
ea1f26cda2f1854ff80a133e71ea9939#1,ea1f26cda2f1854ff80a133e71ea9939,ad0e74d7a7848008daa87492dff8db9f,080199a181c46c657dc5aa235411be3b,17.97,179.49
ea337f88a8c5cab4e99da87460f1b99e#1,ea337f88a8c5cab4e99da87460f1b99e,eba7488e1c67729f045ab43fac426f2e,620c87c171fb2a6dd6e8bb4dec959fc6,15.56,198.00
ea402ebc995cf3c736876cff354a896f#1,ea402ebc995cf3c736876cff354a896f,722a703d9aadc6e807aed5512eb447c7,6b803197e03abd5056b4313306b4f29d,7.39,25.00
ea402ebc995cf3c736876cff354a896f#2,ea402ebc995cf3c736876cff354a896f,722a703d9aadc6e807aed5512eb447c7,6b803197e03abd5056b4313306b4f29d,7.39,25.00
ea497a8fb762e77015ca8d85236d6e47#1,ea497a8fb762e77015ca8d85236d6e47,9e10ae46a3021a02f1692448ef9fa1db,8b28d096634035667e8263d57ba3368c,11.85,37.90
ea7e528106f7ea156423a2cbafd75bc2#1,ea7e528106f7ea156423a2cbafd75bc2,08574b074924071f4e201e151b152b4e,001cca7ae9ae17fb1caed9dfb1094831,41.08,99.00
ea88c2a0257950a370dc5a14925d3871#1,ea88c2a0257950a370dc5a14925d3871,35ebf08a93899d44e756809e11b14754,128639473a139ac0f3e5f5ade55873a5,15.10,18.90
ea8dcab0edc786ce2f0ae34a906657d1#1,ea8dcab0edc786ce2f0ae34a906657d1,c706d50b57c9e83293c2586d01f32445,7ecd59e5e20407131822c1a68ac59c1f,18.28,49.99
ea9184ad433a404df1d72fa0a8764232#1,ea9184ad433a404df1d72fa0a8764232,eb6511e81e85ff51547765cbc892f094,70a12e78e608ac31179aea7f8422044b,18.72,89.00
ea974c4643d1f84570ee374ac0b44475#1,ea974c4643d1f84570ee374ac0b44475,781afe929e3016a667f5f439afd55fce,08633c14ef2db992c11f840f04fad4cd,15.86,107.90
ea974c4643d1f84570ee374ac0b44475#2,ea974c4643d1f84570ee374ac0b44475,781afe929e3016a667f5f439afd55fce,08633c14ef2db992c11f840f04fad4cd,15.86,107.90
eaae5e87592113d14ab25a25bf5105e6#1,eaae5e87592113d14ab25a25bf5105e6,ae7d8348fbef50928a680454fffbca00,a3a38f4affed601eb87a97788c949667,14.66,69.90
eabfb81cf01d772d65405ff27c793ddb#1,eabfb81cf01d772d65405ff27c793ddb,6cdd53843498f92890544667809f1595,ccc4bbb5f32a6ab2b7066a4130f114e3,24.38,349.90
ead893b6feb078f2a8f88787db56dcc7#1,ead893b6feb078f2a8f88787db56dcc7,d5cf579c6679ff170fe911659e186285,ae45df84722b1d15c5f32b23a095746c,7.96,99.99
ead893b6feb078f2a8f88787db56dcc7#2,ead893b6feb078f2a8f88787db56dcc7,9a36ef546bfd8ad2c01c308dcfe4084f,ae45df84722b1d15c5f32b23a095746c,7.96,99.90
eaef7f919169425e4108197b3bad8065#1,eaef7f919169425e4108197b3bad8065,41c24b8ce92d1a2cac62db5edfd088b2,4869f7a5dfa277a7dca6462dcf3b52b2,13.26,116.90
eafef0e6c44f121531569a69a318c3b3#1,eafef0e6c44f121531569a69a318c3b3,e1901d5d99ca951543717ea5d1940a36,855668e0971d4dfd7bef1b6a4133b41b,15.22,65.99
eb1873ec4d6a2af1c0626a7d08bd9c09#1,eb1873ec4d6a2af1c0626a7d08bd9c09,d2239567438e335a463191a43f2f02ff,b94cc9f10ddc85e4ba73a6f7974e7101,28.18,799.90
eb270c4cbf3671961f3883e8b888571b#1,eb270c4cbf3671961f3883e8b888571b,e25f22a38cdc5a14a51ade281eebd0e9,128639473a139ac0f3e5f5ade55873a5,17.07,89.90
eb2bf5506d653259aa38a20ecbb4bf4f#1,eb2bf5506d653259aa38a20ecbb4bf4f,b0961721fd839e9982420e807758a2a6,1f50f920176fa81dab994f9023523100,35.93,49.00
eb314576a333adeb296496f38c4c7852#1,eb314576a333adeb296496f38c4c7852,0bcc3eeca39e1064258aa1e932269894,1f50f920176fa81dab994f9023523100,17.60,49.90
eb35492173c3951dc20f437e0f5baf8e#1,eb35492173c3951dc20f437e0f5baf8e,16679d68bdbed3fb97af806424d7f2b7,9b013e03b2ab786505a1d3b5c0756754,7.87,29.00
eb35492173c3951dc20f437e0f5baf8e#2,eb35492173c3951dc20f437e0f5baf8e,16679d68bdbed3fb97af806424d7f2b7,9b013e03b2ab786505a1d3b5c0756754,7.87,29.00
eb35492173c3951dc20f437e0f5baf8e#3,eb35492173c3951dc20f437e0f5baf8e,16679d68bdbed3fb97af806424d7f2b7,9b013e03b2ab786505a1d3b5c0756754,7.87,29.00
eb366fe32c33e3b4037e9c3290b3ecec#1,eb366fe32c33e3b4037e9c3290b3ecec,cac9e5692471a0700418aa3400b9b2b1,7ea5bfa6c340f58f8e71fc1f0412b0d6,15.67,129.99
eb3b5ecbc980ff057c188ea3b3eaf722#1,eb3b5ecbc980ff057c188ea3b3eaf722,99a4788cb24856965c36a24e339b6058,4a3ca9315b744ce9f8e9374361493884,14.87,79.90
eb79e3366c1e8ef5a331f96b5c73995f#1,eb79e3366c1e8ef5a331f96b5c73995f,53759a2ecddad2bb87a079a1f1519f73,1f50f920176fa81dab994f9023523100,17.67,59.90
eb79e3366c1e8ef5a331f96b5c73995f#2,eb79e3366c1e8ef5a331f96b5c73995f,53759a2ecddad2bb87a079a1f1519f73,1f50f920176fa81dab994f9023523100,17.67,59.90
eb7aac057d7c17adb860b770451ae250#1,eb7aac057d7c17adb860b770451ae250,c94d19d021d4a8fbae5a45f904aeea90,701938c450705b8ae65fc923b70f35c7,60.42,103.99
eb7aac057d7c17adb860b770451ae250#2,eb7aac057d7c17adb860b770451ae250,c94d19d021d4a8fbae5a45f904aeea90,701938c450705b8ae65fc923b70f35c7,60.42,103.99
eb7ad8aef38707da6cf8a476dd47198e#1,eb7ad8aef38707da6cf8a476dd47198e,e40fa115d27ea4a80bf2136d5f0cfcd7,d91fb3b7d041e83b64a00a3edfb37e4f,8.83,155.00
eb8d44030d2f4ebce460ebce652242e2#1,eb8d44030d2f4ebce460ebce652242e2,a080d0af331e8a4152c49bfc8113dec9,4830e40640734fc1c52cd21127c341d4,9.34,35.00
eb9236a155ca9a3bb5059cdb8e167724#1,eb9236a155ca9a3bb5059cdb8e167724,72d6074ef5c81ec3102b3f2a052c5f49,edb1ef5e36e0c8cd84eb3c9b003e486d,17.42,139.65
eb94ceabe643cd28e6fb58503790a2e1#1,eb94ceabe643cd28e6fb58503790a2e1,d2e131d6f19ae0d665fc1a6c420b4f4c,7e93a43ef30c4f03f38b393420bc753a,14.34,789.99
eb95318c123e12f8213e02bd24fe4118#1,eb95318c123e12f8213e02bd24fe4118,d00f6c52d2730de05fb409f09ab6e732,d9442042130b7fe579d1295f9f4a248f,19.84,46.90
eba18dfa91e31cf748f9f52b779f9ae8#1,eba18dfa91e31cf748f9f52b779f9ae8,154e7e31ebfa092203795c972e5804a6,cc419e0650a3c5ba77189a1882b7556a,7.78,23.99
eba5d5c86dc17ef81926ce3e339da945#1,eba5d5c86dc17ef81926ce3e339da945,b0961721fd839e9982420e807758a2a6,1f50f920176fa81dab994f9023523100,65.23,59.90
eba5d5c86dc17ef81926ce3e339da945#2,eba5d5c86dc17ef81926ce3e339da945,b0961721fd839e9982420e807758a2a6,1f50f920176fa81dab994f9023523100,65.23,59.90
eba75422c6a2414d3cd8289123e64200#1,eba75422c6a2414d3cd8289123e64200,472a376420891aa45cee5d0b46c17d4c,3d871de0142ce09b7081e2b9d1733cb1,41.67,99.00
ebb064563b938e019b2627b762ab42ce#1,ebb064563b938e019b2627b762ab42ce,6c50c87e36d8641d67fbcceed5cfec5e,6560211a19b47992c3666cc44a7e94c0,18.49,55.00
ebb1c6b241437a3a506a9a9ca419cbb3#1,ebb1c6b241437a3a506a9a9ca419cbb3,c6dd917a0be2a704582055949915ab32,7a67c85e85bb2ce8582c35f2203ad736,17.54,99.99
ebb7be9b346d08fc0d788e3b9e4bd02e#1,ebb7be9b346d08fc0d788e3b9e4bd02e,05af73bb3143cbc5233c1cdff4a767b5,1dcfa3835714681d4ba4a93bc1e0fd41,15.31,79.90
ebb9d61c0744305e9172b4265468c17b#1,ebb9d61c0744305e9172b4265468c17b,f109f04ad95889f2f041a91afe3d894e,2e7ea2aafec5835e781b21d6d1faf1f1,17.45,45.90
ebc8d4b1397747291b758772e9d87984#1,ebc8d4b1397747291b758772e9d87984,3354a4e684f5e7199f9407db70ccd92b,7a67c85e85bb2ce8582c35f2203ad736,18.21,89.99
ebf6d4734dafb7b6c2c67b98db1b90c4#1,ebf6d4734dafb7b6c2c67b98db1b90c4,338bf1554cc911be551275c6c6c396c7,3be634553519fb6536a03e1358e9fdc7,18.56,89.90
ec07555943e04d757937a8bea3a75ed7#1,ec07555943e04d757937a8bea3a75ed7,0b7142355a981ed9a8ba988a0b613dce,34056b8b55c1775a22af2331670a799c,16.53,109.80
ec1fc57b72a7bbe5b32f9c606510db76#1,ec1fc57b72a7bbe5b32f9c606510db76,e15746c8f73cb5e9d74ae01533fa02a5,b19f3ca2ea475913750f25a5c37c8d8f,34.52,139.90
ec258e1773b41df94290f07bccbd1ec1#1,ec258e1773b41df94290f07bccbd1ec1,98613092c09065649a714a888cfeb29a,1900267e848ceeba8fa32d80c1a5f5a8,15.12,53.00
ec341c54a5ebf8ee0a67a8632aa7579b#1,ec341c54a5ebf8ee0a67a8632aa7579b,22f5b63060a1185e5ec7721efd622321,4c8b8048e33af2bf94f2eb547746a916,15.10,14.82
ec3b583694db9a04ad2928a8f0546207#1,ec3b583694db9a04ad2928a8f0546207,de0f5a42f807e66ec0e2803eb10a5a4b,4b0fdb526525f9890eb145bf1534640e,19.00,99.90
ec3d63b91b19bedcbe453ea0df14dd50#1,ec3d63b91b19bedcbe453ea0df14dd50,214f3ddd6bf0b37fcc394a822e319a30,c70c1b0d8ca86052f45a432a38b73958,7.64,110.32
ec67500767e46c56db2d046d13e46296#1,ec67500767e46c56db2d046d13e46296,25f86162fee18735fffdb762dcb10d7c,1a3df491d1c4f1589fc2b934ada68bf2,17.70,149.90
ec727bb2d54db32de3e2a4845988fe0b#1,ec727bb2d54db32de3e2a4845988fe0b,c1f5307decb89342351bec53668cffd9,ea8482cd71df3c1969d7b9473ff13abc,11.85,29.99
ec9b762e44b1848fb62eab0de58e8abf#1,ec9b762e44b1848fb62eab0de58e8abf,cfb79bfbdaf59cfe2e9ae0a071451f32,f7ccf836d21b2fb1de37564105216cc1,13.85,39.00
eca3005a4f60ceb77b67a30b74095ddf#1,eca3005a4f60ceb77b67a30b74095ddf,23365beed316535b4105bd800c46670e,92eb0f42c21942b6552362b9b114707d,8.72,12.50
ecab90c9933c58908d3d6add7c6f5ae3#1,ecab90c9933c58908d3d6add7c6f5ae3,c0db539123a403f670c50237d970b215,f7720c4fa8e3aba4546301ab80ea1f1b,33.24,30.10
ece1fa4a929c6a0e8b6678e10b2ac642#1,ece1fa4a929c6a0e8b6678e10b2ac642,d00f6c52d2730de05fb409f09ab6e732,3969863bb8af7f72580b3b1ffd3a17b3,28.54,44.99
ece1fa4a929c6a0e8b6678e10b2ac642#2,ece1fa4a929c6a0e8b6678e10b2ac642,8ddbf2c953e42ed2a627c4ac08706bc2,fffd5413c0700ac820c7069d66d98c89,17.83,98.00
ed01ce003df13cab401ba2ff57ea2542#1,ed01ce003df13cab401ba2ff57ea2542,1cf0c9095608952cb1c65c4789946375,b2ba3715d723d245138f291a6fe42594,9.34,59.90
ed01ce003df13cab401ba2ff57ea2542#2,ed01ce003df13cab401ba2ff57ea2542,1cf0c9095608952cb1c65c4789946375,b2ba3715d723d245138f291a6fe42594,9.34,59.90
ed1407b1e486fadba3e6cd4460dccd56#1,ed1407b1e486fadba3e6cd4460dccd56,d1c427060a0f73f6b889a5c7c61f2ac4,a1043bafd471dff536d0c462352beb48,40.38,149.99
ed24759a0ae96582e88fdca0c0997d22#1,ed24759a0ae96582e88fdca0c0997d22,914c9e9af640dd56f48764a225b00f89,7c67e1448b00f6e969d365cea6b010ab,22.87,79.98
ed3096861c94e38da3ac5ded1f35a0b0#1,ed3096861c94e38da3ac5ded1f35a0b0,0134eb6b933b7ebc0f9e24ae5abefaa0,d91fb3b7d041e83b64a00a3edfb37e4f,8.82,40.50
ed3b269b4badaf0126050c9d4f7b854c#1,ed3b269b4badaf0126050c9d4f7b854c,054515fd15bc1a2029f10de97ffa9120,e9779976487b77c6d4ac45f75ec7afe9,12.96,43.00
ed60085e92e2aa3debf49159deb34da7#1,ed60085e92e2aa3debf49159deb34da7,6e835aea84ae8eb68b8c14878dd43b30,4d6d651bd7684af3fffabd5f08d12e5a,20.98,69.90
ed63e82cc089fa6625b919b6533ff7bc#1,ed63e82cc089fa6625b919b6533ff7bc,c78fe06bf8820aaf7ccbe38f2a7f5a76,080199a181c46c657dc5aa235411be3b,9.45,179.49
ed74f58267e72cfff04845c801ae8bf0#1,ed74f58267e72cfff04845c801ae8bf0,91846781ef75057e134949400768e272,530ec6109d11eaaf87999465c6afee01,27.64,129.90
ed91235fc08276eed0470b26a6dbd4a3#1,ed91235fc08276eed0470b26a6dbd4a3,bb50f2e236e5eea0100680137654686c,f7ba60f8c3f99e7ee4042fdef03b70c4,38.96,325.00
ed98c37d860890f940e2acd83629fdd1#1,ed98c37d860890f940e2acd83629fdd1,aca2eb7d00ea1a7b8ebd4e68314663af,955fee9216a65b617aa5c0531780ce60,13.08,75.00
ed98c37d860890f940e2acd83629fdd1#2,ed98c37d860890f940e2acd83629fdd1,aca2eb7d00ea1a7b8ebd4e68314663af,955fee9216a65b617aa5c0531780ce60,13.08,75.00
ed9ddf13b205161d8ca32de15a50a5c7#1,ed9ddf13b205161d8ca32de15a50a5c7,6f33a4a09ae1180a0ee1ff4682b2d21f,725c32fa80c2faacc4fc88450d27314e,15.74,139.99
eda1d5c35a11575cffaa3e0fa9d0cd5e#1,eda1d5c35a11575cffaa3e0fa9d0cd5e,544c14365db76307e0820a1468ed8114,334cab711dee080b079fa5779b584783,12.79,49.90
eda1d5c35a11575cffaa3e0fa9d0cd5e#2,eda1d5c35a11575cffaa3e0fa9d0cd5e,544c14365db76307e0820a1468ed8114,334cab711dee080b079fa5779b584783,12.79,49.90
edc531c3153d23614049077e7e1e6405#1,edc531c3153d23614049077e7e1e6405,cc5447118c174dcc6456c84ccb29e6f7,ef0ace09169ac090589d85746e3e036f,18.70,117.70
edcc6b79e8394346ba3ba21b00b4055e#1,edcc6b79e8394346ba3ba21b00b4055e,c6e474e4e7e08a02bd7153cfe6d68dfc,5cf13accae3222c70a9cac40818ae839,62.73,99.90
edddb585a5c894ef488568334c567e2e#1,edddb585a5c894ef488568334c567e2e,99a4788cb24856965c36a24e339b6058,4a3ca9315b744ce9f8e9374361493884,23.32,74.00
edee5e7cf341c4b22a2cf863e94670b2#1,edee5e7cf341c4b22a2cf863e94670b2,f2260011ffd0ed4238e48fc8dc2319de,f9244d45189d3a3605499abddeade7d5,79.72,999.99
edf4d697d6281d6f40f101a31462c929#1,edf4d697d6281d6f40f101a31462c929,2e0ce433616916840a405d0853407af8,897060da8b9a21f655304d50fd935913,17.00,25.90
edfbaf2edc8f77e074f28ff26a6ab6ad#1,edfbaf2edc8f77e074f28ff26a6ab6ad,d2e8130fbec52f5dac0571ea1993f28a,f262cbc1c910c83959f849465454ddd3,16.44,239.99
ee038389c9f437f7c0e2d1b105a26038#1,ee038389c9f437f7c0e2d1b105a26038,40c6502218c2b8ae624cd1576aac13c1,aced59e9b31ef866a94f9e7f29d8d418,6.19,59.00
ee038389c9f437f7c0e2d1b105a26038#2,ee038389c9f437f7c0e2d1b105a26038,a3b68fbd8f68d8fdff1dd36cf1336b6b,aced59e9b31ef866a94f9e7f29d8d418,30.92,210.00
ee0c5c649e17808bc4a363d3a80ebf85#1,ee0c5c649e17808bc4a363d3a80ebf85,c63857f1b80521fbf01eb987423d0ccd,bc47d5d1490df2b36add65d733eafaba,14.10,12.50
ee0c5c649e17808bc4a363d3a80ebf85#2,ee0c5c649e17808bc4a363d3a80ebf85,c63857f1b80521fbf01eb987423d0ccd,bc47d5d1490df2b36add65d733eafaba,14.10,12.50
ee1c259624feb697ba9a84a268f77cfa#1,ee1c259624feb697ba9a84a268f77cfa,ee406bf28024d97771c4b1e8b7e8e219,7a67c85e85bb2ce8582c35f2203ad736,18.26,144.99
ee3fad68d0f56d60e91a2363ec879e44#1,ee3fad68d0f56d60e91a2363ec879e44,b7a89537c40b1f5a18b5ba75dbb91cbe,a13aaf2d2886ab9fb30fb9a920160b8f,16.19,247.88
ee40c6051d9d3a4c45904eaa1e5fe733#1,ee40c6051d9d3a4c45904eaa1e5fe733,f1c7f353075ce59d8a6f3cf58f419c9c,37be5a7c751166fbc5f8ccba4119e043,22.27,205.00
ee43d4bf4491386fa4837c502b9c3f4e#1,ee43d4bf4491386fa4837c502b9c3f4e,81288df52439985f610be64465e53f57,54a1852d1b8f10312c55e906355666ee,29.70,109.99
ee64d42b8cf066f35eac1cf57de1aa85#1,ee64d42b8cf066f35eac1cf57de1aa85,c50ca07e9e4db9ea5011f06802c0aea0,e9779976487b77c6d4ac45f75ec7afe9,7.87,14.49
ee64f23a1a4a4ec65bf0295652f91d5a#1,ee64f23a1a4a4ec65bf0295652f91d5a,77440e31527d8fa95aaf43bef08068fe,4371b634e0efc0e22b09b52907d9d469,14.45,100.00
ee6f7abb8cf6ea119dbd09f8cf6acbfe#1,ee6f7abb8cf6ea119dbd09f8cf6acbfe,8ccaa3f8b171b199e37294ece30815a3,95ec4458365c4d11f452ccf538377619,18.63,18.90
ee6f7abb8cf6ea119dbd09f8cf6acbfe#2,ee6f7abb8cf6ea119dbd09f8cf6acbfe,afdb083178822a8d5ead45e3e69c9ebf,3dfd3dc96f7f8598eca74e9ac8a2fa31,14.90,30.00
ee89958a185022844bd25342c31208bc#1,ee89958a185022844bd25342c31208bc,bb90206fa281c20f0b4c42a2393b54dd,e9bc59e7b60fc3063eb2290deda4cced,14.39,195.90
ee941f6c41c8ec03c25b856432b50153#1,ee941f6c41c8ec03c25b856432b50153,e5130ccb07bdb4424ec93754a54c917f,abcd2cb37d46c2c8fb1bf071c859fc5b,36.61,184.95
ee990334acb0ff9333b01afa465f3006#1,ee990334acb0ff9333b01afa465f3006,672e757f331900b9deea127a2a7b79fd,e59aa562b9f8076dd550fcddf0e73491,35.32,410.00
eea0eb694d4eb8ffa2ed9279f4c348e5#1,eea0eb694d4eb8ffa2ed9279f4c348e5,49c934af2be4194ac63262d60745fcb0,4da0e408c99d2fdc2126dc9fce518060,14.55,67.00
eede8f1b542f41da8b04e72bdd357dde#1,eede8f1b542f41da8b04e72bdd357dde,bb50f2e236e5eea0100680137654686c,f7ba60f8c3f99e7ee4042fdef03b70c4,38.96,325.00
eeeebba48c7b5fc22f6e12734ed319ed#1,eeeebba48c7b5fc22f6e12734ed319ed,10244e4307f7a1575e022f248b51402a,7ad32824caee82087b3e2e5f33b1bf32,14.86,79.00
ef1470cc5437e2d2d5e2ad587712a406#1,ef1470cc5437e2d2d5e2ad587712a406,341d85d688ecc3353cf2a968e7ad0dbf,620c87c171fb2a6dd6e8bb4dec959fc6,18.94,119.90
ef2b686edd39d4c6b594040d43489f56#1,ef2b686edd39d4c6b594040d43489f56,b7bea0eb38a6cd6e90c00c9bc6422193,4830e40640734fc1c52cd21127c341d4,12.50,47.00
ef2b686edd39d4c6b594040d43489f56#2,ef2b686edd39d4c6b594040d43489f56,f3ead0dbcae5b065731b183396c1da2f,d12c926d74ceff0a90a21184466ce161,4.00,45.00
ef2ca7d8cb8ec4ec022a77785b6b48ff#1,ef2ca7d8cb8ec4ec022a77785b6b48ff,d1c427060a0f73f6b889a5c7c61f2ac4,a1043bafd471dff536d0c462352beb48,64.14,109.99
ef340fd20274f4bc0181f8d9b8ae9748#1,ef340fd20274f4bc0181f8d9b8ae9748,06c6e01186af8b98ee1fc9e01f9471e9,fc906263ca5083d09dce42fe02247800,15.10,39.90
ef37efcd7c68d5d876772184772a1ea5#1,ef37efcd7c68d5d876772184772a1ea5,2216232cbfdfdc984d20cd53acb7aba8,ed4311e67debd72b8610a5347a743087,30.78,140.00
ef45f5b9b9146357bf702bb363b16899#1,ef45f5b9b9146357bf702bb363b16899,f017f439ad87e9501378bd226f2ce26e,dbb9b48c841a0e39e21f98e1a6b2ec3e,14.52,39.99
ef4e154fd9b51d276fad7ed482b97e58#1,ef4e154fd9b51d276fad7ed482b97e58,fe6a9515d655fa7936b8a7c841039f34,dc317f341ab0e22f39acbd9dbf9b4a1f,69.21,249.90
ef5b03340b5839974405018a62e03f29#1,ef5b03340b5839974405018a62e03f29,a6690024de846637eee71e11fdbd95fa,76d5af76d0271110f9af36c92573f765,7.39,51.45
ef5b03340b5839974405018a62e03f29#2,ef5b03340b5839974405018a62e03f29,a6690024de846637eee71e11fdbd95fa,76d5af76d0271110f9af36c92573f765,7.39,51.45
ef6fb04e563be683ade0b04904bf0d39#1,ef6fb04e563be683ade0b04904bf0d39,71a5f1c2a5fd9889ef26b5ac22aec9c6,537eb890efff034a88679788b647c564,7.94,19.90
ef99f25a4dd935f92a388af905f868d1#1,ef99f25a4dd935f92a388af905f868d1,22c5ddc22ea8cae84fc9917def682dc6,cc419e0650a3c5ba77189a1882b7556a,14.15,56.99
efab4aff7807bb9194a9f4f434820161#1,efab4aff7807bb9194a9f4f434820161,4deb009c36a910076a023947a7929201,4c61e37f664c3c88aff092aa5ac779d7,18.26,53.89
efb6d19e3c56fa371d59421e45e53a49#1,efb6d19e3c56fa371d59421e45e53a49,eaa26a34984cbfedc19b1e45f09f3c9a,9646c3513289980f17226a2fc4720dbd,12.08,98.00
efc21a26212414ea2383d5392f15f231#1,efc21a26212414ea2383d5392f15f231,727a46f0b58a9ef165af9f7ebcfebfa9,9b013e03b2ab786505a1d3b5c0756754,7.87,18.00
efc59e55658890749e19367044ab1a43#1,efc59e55658890749e19367044ab1a43,c1488892604e4ba5cff5b4eb4d595400,1554a68530182680ad5c8b042c3ab563,15.56,38.50
efcdad37e7529147a3c3ece422943baf#1,efcdad37e7529147a3c3ece422943baf,fcf28afb1353f2f12ea041dd74954226,ea8482cd71df3c1969d7b9473ff13abc,7.78,27.99
efe9bd98be3cb5cb5c87e7ca27abe613#1,efe9bd98be3cb5cb5c87e7ca27abe613,583f158587cdecda3e8bdea694021e39,955fee9216a65b617aa5c0531780ce60,16.11,45.00
efeb57b095ad1d83a933437cb2c4837c#1,efeb57b095ad1d83a933437cb2c4837c,cbb698a524aa75c4c6c9248368ebba55,0176f73cc1195f367f7b32db1e5b3aa8,49.79,179.90
effbc2be1e2eda5f0250adc2f307f346#1,effbc2be1e2eda5f0250adc2f307f346,887c03038c774a15272a3e75ca7b4fa7,de9727ca376d1be6ec121b110aa7954c,13.82,68.90
effbc2be1e2eda5f0250adc2f307f346#2,effbc2be1e2eda5f0250adc2f307f346,887c03038c774a15272a3e75ca7b4fa7,de9727ca376d1be6ec121b110aa7954c,13.82,68.90
efff0f02714bda94c05b552d6603f6f9#1,efff0f02714bda94c05b552d6603f6f9,5a0783457f0264ade6beeac64ba145f4,52f9db5cfb423382a2fa5c9e39303202,11.92,59.99
f01a5a364ba478074322dbb1b084d647#1,f01a5a364ba478074322dbb1b084d647,4c2394abfbac7ff59ec7a420918562fa,cc419e0650a3c5ba77189a1882b7556a,12.93,84.99
f029d5966aa03c87e17e2482f86202b1#1,f029d5966aa03c87e17e2482f86202b1,4a3b0111d9c112251e4732b44d1d118b,3a734b715d333a2588a3d54a0c9b8746,15.57,117.00
f037c28c7c878c3d1df3485872d3b63b#1,f037c28c7c878c3d1df3485872d3b63b,aaa86a9a394d5df9490a43aa78b4a59d,6a8b085f816a1f75f92dbac6eb545f8f,18.55,63.50
f03bbe221b9e5bae09eccab6a0c4120e#1,f03bbe221b9e5bae09eccab6a0c4120e,234d0c9586a851ff11033aedd13c1837,2dee2ce60de9709b1a24083217181a1f,18.33,108.00
f049e19134a95d09c806851a5ea1872e#1,f049e19134a95d09c806851a5ea1872e,6d3dc397c315b4afa15c2cedda354740,4a3ca9315b744ce9f8e9374361493884,11.85,19.90
f04bfdbef5359607d39e66fccc9cc0de#1,f04bfdbef5359607d39e66fccc9cc0de,482c25dc8512547962854dfff5ac057b,48162d548f5b1b11b9d29d1e01f75a61,129.84,217.85
f04bfdbef5359607d39e66fccc9cc0de#2,f04bfdbef5359607d39e66fccc9cc0de,027325f946f1b3d8f94c3496e9a59a10,4a3ccda38b2129705f3fb522db62ca31,8.66,142.90
f04bfdbef5359607d39e66fccc9cc0de#3,f04bfdbef5359607d39e66fccc9cc0de,027325f946f1b3d8f94c3496e9a59a10,4a3ccda38b2129705f3fb522db62ca31,8.66,142.90
f04bfdbef5359607d39e66fccc9cc0de#4,f04bfdbef5359607d39e66fccc9cc0de,482c25dc8512547962854dfff5ac057b,48162d548f5b1b11b9d29d1e01f75a61,129.84,217.85
f056d4857c146c38ff02566b3e152bca#1,f056d4857c146c38ff02566b3e152bca,9c60e93e03989cf6e4a7da214723920d,58f1a6197ed863543e0136bdedb3fce2,14.13,169.00
f05aaa145a323239764fc5948997db58#1,f05aaa145a323239764fc5948997db58,52e5fdcb5e51164483d584c75bd3a478,92eb0f42c21942b6552362b9b114707d,7.39,25.77
f05aaa145a323239764fc5948997db58#2,f05aaa145a323239764fc5948997db58,52e5fdcb5e51164483d584c75bd3a478,92eb0f42c21942b6552362b9b114707d,7.39,25.77
f05b87cae9d521c780bc3dfc281ca892#1,f05b87cae9d521c780bc3dfc281ca892,457ca2b0e3bf044a65c8bee434d5c5f8,955fee9216a65b617aa5c0531780ce60,24.98,90.00
f07cd569c4555fbf9dd3568b7995827a#1,f07cd569c4555fbf9dd3568b7995827a,6f3b5b605d91b7439c5e3f5a8dffeea7,7d13fca15225358621be4086e1eb0964,18.89,145.00
f083654dfd0f9ad9ae0356bf7c68f246#1,f083654dfd0f9ad9ae0356bf7c68f246,ed71a85647afea9562cd2a14b1ac8622,6c177e38df6d3f34182b1f1d427231bf,18.53,299.00
f09942b1e1419e69f7509158f2a9c1d6#1,f09942b1e1419e69f7509158f2a9c1d6,14dffa241a078aeaebaef48a49e807ca,fa40cc5b934574b62717c68f3d678b6d,7.78,64.90
f099e70d7cf0a758ccb7fb362d477166#1,f099e70d7cf0a758ccb7fb362d477166,b5e13c9a353102f79c6206ff5cb61a50,a49928bcdf77c55c6d6e05e09a9b4ca5,23.21,89.90
f09d0203a51785e9ba9279607c38958c#1,f09d0203a51785e9ba9279607c38958c,a0fe1efb855f3e786f0650268cd77f44,ef506c96320abeedfb894c34db06f478,16.05,21.99
f0a82a328fd64b2796242bbfddb7e1d4#1,f0a82a328fd64b2796242bbfddb7e1d4,3b3c3503539e7f917eb57a8d4bfa69f0,bfd27a966d91cfaafdb25d076585f0da,19.83,359.00
f0c82a051af6be8d8bc640ac7ed53065#1,f0c82a051af6be8d8bc640ac7ed53065,27da598c46f42cc744ead106a289e677,b2ba3715d723d245138f291a6fe42594,11.74,29.90
f0dd29734578caa3db607e173070e2a9#1,f0dd29734578caa3db607e173070e2a9,252dc1fbd22786a5305623453f8eaf8b,e9779976487b77c6d4ac45f75ec7afe9,15.24,69.49
f0dd4c57ab7f24c4d9e52674ef3c887e#1,f0dd4c57ab7f24c4d9e52674ef3c887e,36f78198534cccd08c53c29b56e82d55,55dedd83e501d8248880557d9073cbfd,16.08,139.90
f105bb5b6c1008c5dcf7b3ab47753e5e#1,f105bb5b6c1008c5dcf7b3ab47753e5e,2484041040e0c40b2a21ba32219d5537,e9d99831abad74458942f21e16f33f92,16.17,58.00
f112b9fc8967a675670bedf5a2bc6b2b#1,f112b9fc8967a675670bedf5a2bc6b2b,88a1223b29fac4c3abef8d1369dbbaea,5abb8ea023c77787f2c15da891c8d384,36.24,59.00
f1170c260d0d021017645fd94d65d78b#1,f1170c260d0d021017645fd94d65d78b,e9eebb8e8ba0fadb9020f8ba1c003b48,620c87c171fb2a6dd6e8bb4dec959fc6,20.23,389.90
f11b36b3bc7bacf06deef862ed611f02#1,f11b36b3bc7bacf06deef862ed611f02,9ad75bd7267e5c724cb42c71ac56ca72,8160255418d5aaa7dbdc9f4c64ebda44,14.86,109.90
f11d1468c04bda8475ef44acac005655#1,f11d1468c04bda8475ef44acac005655,503976dd917f8133babc4f0492a0e938,b4ffb71f0cb1b1c3d63fad021ecf93e1,7.78,30.00
f11d42e75fda2da775eb7a258bc5c635#1,f11d42e75fda2da775eb7a258bc5c635,7859f528174ebd0467278f357d67833e,2745f798279e0ed033addcc1474776d7,51.18,225.50
f11e9516ca2b6091b64f2e2ea0ebebb3#1,f11e9516ca2b6091b64f2e2ea0ebebb3,7a10781637204d8d10485c71a6108a2e,4869f7a5dfa277a7dca6462dcf3b52b2,18.68,204.00
f1282227fa785dd8dfdcdb22f99be533#1,f1282227fa785dd8dfdcdb22f99be533,5a6e53c3b4e8684b13388d6aa4afdf12,7299e27ed73d2ad986de7f7c77d919fa,12.48,16.99
f13e2dd2c1c2f64bad1edb05bf4f241c#1,f13e2dd2c1c2f64bad1edb05bf4f241c,a9ccb9dca11ae8ca804b47417d0411f2,3ab971ce71839580d2ae5b4e40fe8044,25.27,169.90
f15ee2f37da0500e278ec213c201edf3#1,f15ee2f37da0500e278ec213c201edf3,6d8096ca93caea3416a6b24bf411bc86,fa1c13f2614d7b5c4749cbc52fecda94,17.41,329.90
f161009fa560294248d76cf02ea7443f#1,f161009fa560294248d76cf02ea7443f,d6bd998d3d01aaf250bd790a3dab71ac,822166ed1e47908f7cfb49946d03c726,15.10,12.49
f161009fa560294248d76cf02ea7443f#2,f161009fa560294248d76cf02ea7443f,d6bd998d3d01aaf250bd790a3dab71ac,822166ed1e47908f7cfb49946d03c726,15.10,12.49
f163011d712f39566f8631259e471129#1,f163011d712f39566f8631259e471129,11250b0d4b709fee92441c5f34122aed,e59aa562b9f8076dd550fcddf0e73491,30.26,412.00
f169bd689fb8b32ccd62df9050aebc0b#1,f169bd689fb8b32ccd62df9050aebc0b,20a8603c265d777e25da064113d556f5,e70053bf73d1b5863932e53a9fa47496,13.08,759.00
f16d36e918e76d6b9afabb3d8189f313#1,f16d36e918e76d6b9afabb3d8189f313,626fcce994b573d0bd54d6447d5badd3,c113b8df1fc375bc3d73d29c1b1144d1,7.78,59.00
f16d36e918e76d6b9afabb3d8189f313#2,f16d36e918e76d6b9afabb3d8189f313,626fcce994b573d0bd54d6447d5badd3,c113b8df1fc375bc3d73d29c1b1144d1,7.78,59.00
f16dee6de72d9dcf6b644a19233a39da#1,f16dee6de72d9dcf6b644a19233a39da,4965fd68b4fa0cab5fca575c3b4f4b73,dbb9b48c841a0e39e21f98e1a6b2ec3e,15.23,39.99
f175d67589e059cbbda956f10f0702e6#1,f175d67589e059cbbda956f10f0702e6,d8c365a069853295a82caf595c2c8c8d,48efc9d94a9834137efd9ea76b065a38,8.72,9.90
f1847d849e2d6711494f463343546542#1,f1847d849e2d6711494f463343546542,642a40d4d73b4b2604968937de13634a,d2374cbcbb3ca4ab1086534108cc3ab7,15.10,12.90
f18eb4af9b5b05f1b47b1cb4e4abe4ba#1,f18eb4af9b5b05f1b47b1cb4e4abe4ba,010f24a605e8431fc68562e597f80d63,0be8ff43f22e456b4e0371b2245e4d01,8.33,24.90
f18f5dcedf8a6caf530bf0cad9937b4f#1,f18f5dcedf8a6caf530bf0cad9937b4f,7c1bd920dbdf22470b68bde975dd3ccf,cc419e0650a3c5ba77189a1882b7556a,20.81,58.99
f197897366a10204e289606b4838ea3c#1,f197897366a10204e289606b4838ea3c,049ac5dce8536884a652ce73c58022ab,439a47cc365d6e3bd526812ea9de3c29,14.10,34.00
f197897366a10204e289606b4838ea3c#2,f197897366a10204e289606b4838ea3c,049ac5dce8536884a652ce73c58022ab,439a47cc365d6e3bd526812ea9de3c29,14.10,34.00
f1d572fdda4a03235f86ebb75b8e536c#1,f1d572fdda4a03235f86ebb75b8e536c,7ba8971d032709efa2bf76c413975d2c,dbc22125167c298ef99da25668e1011f,16.25,69.90
f222b3fc537088809c0a227ebac8c7ab#1,f222b3fc537088809c0a227ebac8c7ab,fe95eb948375116da759c8ef60295001,4a3ca9315b744ce9f8e9374361493884,12.80,65.90
f222c56f035b47dfa1e069a88235d730#1,f222c56f035b47dfa1e069a88235d730,16ed6a6e3fce23b741650437fe58d65b,e5a38146df062edaf55c38afa99e42dc,9.44,89.18
f2295bca86e6c4a2a1c211330a5c5779#1,f2295bca86e6c4a2a1c211330a5c5779,68841da6fdd03f059359823165da9444,fa1c13f2614d7b5c4749cbc52fecda94,15.85,299.90
f230041025cb889113e0999362dc2ad1#1,f230041025cb889113e0999362dc2ad1,01f2d77d8a63937c77c7128ce4bd2ada,7142540dd4c91e2237acb7e911c4eba2,27.29,79.90
f237e8ddc05a21386ec9441d40f8e09e#1,f237e8ddc05a21386ec9441d40f8e09e,9348cf658c9f20576186a9f3b82c58c3,7dc8c42cc750eeafea6c85712ffee9bf,13.20,89.00
f23c71439ab24ac853522e783dd7dec2#1,f23c71439ab24ac853522e783dd7dec2,35582ccc8dcd2cc9841d257c0506b641,4d6d651bd7684af3fffabd5f08d12e5a,36.04,129.90
f255802c9fa377d64b1699bcf855a608#1,f255802c9fa377d64b1699bcf855a608,feee7d52babf4002f100a79183eb7989,2e1c9f22be269ef4643f826c9e650a52,14.10,39.90
f25bd9ce4a4433355f6011c1a262c49d#1,f25bd9ce4a4433355f6011c1a262c49d,03b29ca1beec2e03e15a3b980c1505ed,d3674f271c91f824f82d24d92011f669,7.86,39.90
f25bdf0565e54301739c402947f7644e#1,f25bdf0565e54301739c402947f7644e,386486367c1f9d4f587a8864ccb6902b,cca3071e3e9bb7d12640c9fbe2301306,29.14,105.90
f26f92a3da58e9c771820a7b4d9a6800#1,f26f92a3da58e9c771820a7b4d9a6800,1ec486885049bbb9b79351d150ed18c4,cab85505710c7cb9b720bceb52b01cee,7.78,49.90
f271576bed568e896f99eb710cd3a6f8#1,f271576bed568e896f99eb710cd3a6f8,d457916b4fdc60154ed93b5dd3e6fd69,76d64c4aca3a7baf218bf93ef7fa768d,82.48,329.90
f271576bed568e896f99eb710cd3a6f8#2,f271576bed568e896f99eb710cd3a6f8,d457916b4fdc60154ed93b5dd3e6fd69,76d64c4aca3a7baf218bf93ef7fa768d,82.48,329.90
f27ea04b349ddb1a82dbc871adcefe37#1,f27ea04b349ddb1a82dbc871adcefe37,96bdf83ce8bcf48510e8a8ab8b5fb660,891071be6ba827b591264c90c2ae8a63,18.28,24.99
f29d0fd6d4e6d5ce550e0b2f9335116c#1,f29d0fd6d4e6d5ce550e0b2f9335116c,aca2eb7d00ea1a7b8ebd4e68314663af,955fee9216a65b617aa5c0531780ce60,0.00,69.90
f2b00200fa3b427fee60eb4fa811720b#1,f2b00200fa3b427fee60eb4fa811720b,422879e10f46682990de24d770e7f83d,1f50f920176fa81dab994f9023523100,19.32,49.90
f2b00200fa3b427fee60eb4fa811720b#2,f2b00200fa3b427fee60eb4fa811720b,422879e10f46682990de24d770e7f83d,1f50f920176fa81dab994f9023523100,19.32,49.90
f2b00200fa3b427fee60eb4fa811720b#3,f2b00200fa3b427fee60eb4fa811720b,422879e10f46682990de24d770e7f83d,1f50f920176fa81dab994f9023523100,19.32,49.90
f2b00200fa3b427fee60eb4fa811720b#4,f2b00200fa3b427fee60eb4fa811720b,422879e10f46682990de24d770e7f83d,1f50f920176fa81dab994f9023523100,19.32,49.90
f2b00200fa3b427fee60eb4fa811720b#5,f2b00200fa3b427fee60eb4fa811720b,422879e10f46682990de24d770e7f83d,1f50f920176fa81dab994f9023523100,19.32,49.90
f2b00200fa3b427fee60eb4fa811720b#6,f2b00200fa3b427fee60eb4fa811720b,422879e10f46682990de24d770e7f83d,1f50f920176fa81dab994f9023523100,19.32,49.90
f2bfe1e2b86b6e22866492f4dbd26ff0#1,f2bfe1e2b86b6e22866492f4dbd26ff0,52c80cedd4e90108bf4fa6a206ef6b03,a1043bafd471dff536d0c462352beb48,45.72,179.99
f2e891dfdc747b73c508d7a5689e82bf#1,f2e891dfdc747b73c508d7a5689e82bf,fbc1488c1a1e72ba175f53ab29a248e8,289cdb325fb7e7f891c38608bf9e0962,18.72,119.80
f2e97c3464ad5fb53d6be7afcd0e3eaa#1,f2e97c3464ad5fb53d6be7afcd0e3eaa,90b86c830114ddc888f6380a223ee285,d2374cbcbb3ca4ab1086534108cc3ab7,11.85,21.90
f2fa3795760c35b8c05fa8e2f09d5143#1,f2fa3795760c35b8c05fa8e2f09d5143,120fa011365fc39efe382cba4e50999e,da8622b14eb17ae2831f4ac5b9dab84a,8.41,179.90
f2fa3795760c35b8c05fa8e2f09d5143#2,f2fa3795760c35b8c05fa8e2f09d5143,68a058d125ba1544e726898f0b8c0523,7c67e1448b00f6e969d365cea6b010ab,28.05,119.99
f2fa3795760c35b8c05fa8e2f09d5143#3,f2fa3795760c35b8c05fa8e2f09d5143,eab67bf937aaadc19f83383a331d2dd9,7c67e1448b00f6e969d365cea6b010ab,32.05,149.99
f30607daae66843552e00843c6de88ef#1,f30607daae66843552e00843c6de88ef,aed75ad669fbebd5a385ac7cc2ae7573,17f51e7198701186712e53a39c564617,145.99,550.00
f312113915f8f85b447cbbb41a3bda73#1,f312113915f8f85b447cbbb41a3bda73,2b1253c7c4fc2b039a4a91b0a5f1cc68,d20b021d3efdf267a402c402a48ea64b,12.69,46.99
f31535f21d145b2345e2bf7f09d62322#1,f31535f21d145b2345e2bf7f09d62322,f196248e8b5d060cca414a664ea9a76f,91f0eec23d4a61d7d7caeefa3f0ad1ca,24.26,199.00
f315f8fbe6489c99c9e99dcbe52dace4#1,f315f8fbe6489c99c9e99dcbe52dace4,9b2db9ec16a8a51549f32462bf973523,406822777a0b9eb5c50e442dd4cd3ec5,17.74,118.90
f31e4f9ef9c06d4ec8fe2cb66c65e384#1,f31e4f9ef9c06d4ec8fe2cb66c65e384,368c6c730842d78016ad823897a372db,1f50f920176fa81dab994f9023523100,13.44,59.90
f31e4f9ef9c06d4ec8fe2cb66c65e384#2,f31e4f9ef9c06d4ec8fe2cb66c65e384,b0961721fd839e9982420e807758a2a6,1f50f920176fa81dab994f9023523100,13.44,59.90
f3381b1e6c37c70f2b3c9d211b166412#1,f3381b1e6c37c70f2b3c9d211b166412,16ed6a6e3fce23b741650437fe58d65b,e5a38146df062edaf55c38afa99e42dc,19.59,89.18
f343624eab419250ad81f1ce6be22c93#1,f343624eab419250ad81f1ce6be22c93,777d2e438a1b645f3aec9bd57e92672c,4a3ca9315b744ce9f8e9374361493884,15.70,69.90
f346ad4ee8f630e5e4ddaf862a34e6dd#1,f346ad4ee8f630e5e4ddaf862a34e6dd,4ce99ff9dcb7821acd8e599d5d4a6531,70125af26c2d6d4ef401a1d02ae7701f,13.76,39.90
f351c922b3d5947bcadbeeab096796b8#1,f351c922b3d5947bcadbeeab096796b8,7304acc3196eb4cb479464c421de747f,54965bbe3e4f07ae045b90b0b8541f52,28.95,375.00
f373335aac9a659de916f7170b8bc07a#1,f373335aac9a659de916f7170b8bc07a,0cf41187284d7f099adc8415a743ebbd,bbad7e518d7af88a0897397ffdca1979,23.28,35.90
f376081d7c5f1767fbc7fae2d19ca32e#1,f376081d7c5f1767fbc7fae2d19ca32e,c7079d23bead81759eb7c670b96728bc,385799a1cddbd26dfeb9157356a42282,6.75,91.99
f376081d7c5f1767fbc7fae2d19ca32e#2,f376081d7c5f1767fbc7fae2d19ca32e,04a4e9d8c0dc6b2b4b8e24ea78a8f318,385799a1cddbd26dfeb9157356a42282,13.50,91.99
f376081d7c5f1767fbc7fae2d19ca32e#3,f376081d7c5f1767fbc7fae2d19ca32e,04a4e9d8c0dc6b2b4b8e24ea78a8f318,385799a1cddbd26dfeb9157356a42282,13.50,91.99
f384f4edb05c390598d9010ea97f7f4e#1,f384f4edb05c390598d9010ea97f7f4e,5d0a7cb413c5b59233c57177fe2f20b0,fa40cc5b934574b62717c68f3d678b6d,10.08,49.90
f384f4edb05c390598d9010ea97f7f4e#2,f384f4edb05c390598d9010ea97f7f4e,9a4b403e612ff2c3b4867b318bb65d56,95e03ca3d4146e4011985981aeb959b9,22.02,28.99
f38baece3d405c61575ec8886dcf4cfe#1,f38baece3d405c61575ec8886dcf4cfe,2132979d9b6f64e99b8c9bb4da4e0323,45d33f715e24d15a6ccf5c17b3a23e3c,13.03,98.79
f396e1280028fa9c8c83111abee5f2e9#1,f396e1280028fa9c8c83111abee5f2e9,6cdd53843498f92890544667809f1595,ccc4bbb5f32a6ab2b7066a4130f114e3,36.90,364.00
f396e1280028fa9c8c83111abee5f2e9#2,f396e1280028fa9c8c83111abee5f2e9,9b1954fdd0f9b4ef4ee2d267ac9de4bd,f7ba60f8c3f99e7ee4042fdef03b70c4,1.48,53.00
f3a2f6c8a6fb28bb010f660ca61dd606#1,f3a2f6c8a6fb28bb010f660ca61dd606,cd48f265a63e13b762601f5f794c5fca,e9779976487b77c6d4ac45f75ec7afe9,15.20,65.00
f3a2f6c8a6fb28bb010f660ca61dd606#2,f3a2f6c8a6fb28bb010f660ca61dd606,cd48f265a63e13b762601f5f794c5fca,e9779976487b77c6d4ac45f75ec7afe9,15.20,65.00
f3c916d220c67cd493a09b5bb17bfc23#1,f3c916d220c67cd493a09b5bb17bfc23,8d219c7aa1a8032569bbd8c4ad515daa,4d6d651bd7684af3fffabd5f08d12e5a,20.18,119.90
f3c95cc4d7074e5b709ac1a9c10dea1c#1,f3c95cc4d7074e5b709ac1a9c10dea1c,2794308672e65bc5a970a627ddb9b0f1,dbb9b48c841a0e39e21f98e1a6b2ec3e,10.96,14.50
f3d418a0887dbfd5bd41c788c87ac28b#1,f3d418a0887dbfd5bd41c788c87ac28b,389d119b48cf3043d311335e499d9c6b,1f50f920176fa81dab994f9023523100,33.72,59.00
f3d418a0887dbfd5bd41c788c87ac28b#2,f3d418a0887dbfd5bd41c788c87ac28b,97759b2e2035fcd87986a43119b56c7d,213b25e6f54661939f11710a6fddb871,42.14,37.95
f3e7c359154d965827355f39d6b1fdac#1,f3e7c359154d965827355f39d6b1fdac,e99d69efe684efaa643f99805f7c81bc,55c26bcb609f480eb7868594245febb5,14.21,89.90
f3e7fae1e0a6001047deeefa288f96a9#1,f3e7fae1e0a6001047deeefa288f96a9,ecbe1ef7e2903ff8b1d704ba78fa264d,6b3bd31ad8fcda4b2635ec9f3ff2ecdf,19.59,89.10
f3edc53c0e5bd4a11ddd437dabb01c6b#1,f3edc53c0e5bd4a11ddd437dabb01c6b,c10a7001e8b49dfc03817444b5f2ed81,056b4ada5bbc2c50cc7842547dda6b51,14.12,129.99
f3edc8c0a39fd1b01507928af2a47448#1,f3edc8c0a39fd1b01507928af2a47448,11fd9d7ba552e1d28872e008acf1e050,cb8bcce248bb1fb274ba762d8b971456,17.42,139.90
f3f075558b483bc41012c816ef977100#1,f3f075558b483bc41012c816ef977100,74e901ea4caa0b0488e8350431c558e9,855668e0971d4dfd7bef1b6a4133b41b,15.63,290.00
f419e615bbdeb34741d4bdd661ff8599#1,f419e615bbdeb34741d4bdd661ff8599,18f6ea7e8cff29f8053baac6762449f9,f80edd2c5aaa505cc4b0a3b219abf4b8,18.20,56.90
f422805096570eb55302abeb0c77137d#1,f422805096570eb55302abeb0c77137d,e3425df9bd51be69917273c9dd92ed5e,86ccac0b835037332a596a33b6949ee1,19.72,67.90
f42afa7297d7d5f4c540fd31c4196821#1,f42afa7297d7d5f4c540fd31c4196821,cc7d8d232e6f5f27b70be81b68e27d6e,da8622b14eb17ae2831f4ac5b9dab84a,26.66,259.90
f44290da5e8c6072226e24963b341e8e#1,f44290da5e8c6072226e24963b341e8e,693794dd88f66112dd42d743d2e1edb5,b335c59ab742f751a85db9c411a86739,13.50,68.90
f4471dae8c482f51aa1826cd9f5d4433#1,f4471dae8c482f51aa1826cd9f5d4433,51c59cf09066762ba5740772b0a86215,33ac3e28642ab8bda860a2f693000e78,4.39,104.90
f4471dae8c482f51aa1826cd9f5d4433#2,f4471dae8c482f51aa1826cd9f5d4433,f889fb87b505b73de10c18b93352469f,c70c1b0d8ca86052f45a432a38b73958,12.53,110.32
f44cb69655f8e4d13e7aae7cdd3d3c25#1,f44cb69655f8e4d13e7aae7cdd3d3c25,d285360f29ac7fd97640bf0baef03de0,2eb70248d66e0e3ef83659f71b244378,8.35,155.97
f45cb38ce99572f3f71de38bebeee589#1,f45cb38ce99572f3f71de38bebeee589,4fcb3d9a5f4871e8362dfedbdb02b064,8581055ce74af1daba164fdbd55a40de,31.76,143.80
f46c420c45b388a5dc8fe673db89929f#1,f46c420c45b388a5dc8fe673db89929f,5a2f62420bd55b28cdc512cd79263c73,3c7c4a49ec3c6550809089c6a2ca9370,7.95,98.90
f472c6c9045f35a40845e71c997dcc74#1,f472c6c9045f35a40845e71c997dcc74,d1c427060a0f73f6b889a5c7c61f2ac4,a1043bafd471dff536d0c462352beb48,29.14,119.00
f477310b29b71da3ef394aaf61669075#1,f477310b29b71da3ef394aaf61669075,e7db73845e4033124467595ff6c0c237,116ccb1a1604bc88e4d234a8c23f33de,16.79,10.50
f4b76dbfe0f911217da5adaa458f5b5b#1,f4b76dbfe0f911217da5adaa458f5b5b,c00627ba53d46c497a4d302caa6d43bf,25e6ffe976bd75618accfe16cefcbd0d,15.81,149.90
f4f88d0fded20ff7a60fb80ccdd533d2#1,f4f88d0fded20ff7a60fb80ccdd533d2,501ae028cdc334d0292eb35591ccb5d6,99a54764c341d5dc80b4a8fac4eba3fb,17.93,15.90
f5136e38d1a14a4dbd87dff67da82701#1,f5136e38d1a14a4dbd87dff67da82701,1bdf5e6731585cf01aa8169c7028d6ad,ee27a8f15b1dded4d213a468ba4eb391,227.66,6499.00
f5218a2401f92542f87b1de5bc3f92ff#1,f5218a2401f92542f87b1de5bc3f92ff,727a46f0b58a9ef165af9f7ebcfebfa9,e9779976487b77c6d4ac45f75ec7afe9,8.27,19.49
f5218a2401f92542f87b1de5bc3f92ff#2,f5218a2401f92542f87b1de5bc3f92ff,727a46f0b58a9ef165af9f7ebcfebfa9,e9779976487b77c6d4ac45f75ec7afe9,8.27,19.49
f5248851770f05fc31f3915accb0bcff#1,f5248851770f05fc31f3915accb0bcff,d63c1011f49d98b976c352955b1c4bea,cc419e0650a3c5ba77189a1882b7556a,13.78,59.99
f52ec1996d054ab03ddef4968ff41fa5#1,f52ec1996d054ab03ddef4968ff41fa5,8aa87bc5f3053b4df2b05a2d3059790b,9aa388272ee334b6ae07bc73706e254a,23.39,84.00
f54752d5e157d03feb75bb1320f30ac2#1,f54752d5e157d03feb75bb1320f30ac2,7112e44ac350fab676c3f210c5c902b2,4736e9d642ef4257cd7622516931eb51,8.64,29.99
f55ebd23aed37969b6b05ae64bb1f034#1,f55ebd23aed37969b6b05ae64bb1f034,b8a0d73b2a06e7910d9864dccdb0cda2,620c87c171fb2a6dd6e8bb4dec959fc6,18.37,69.90
f57b72afcc4b452e33507898aa140ff5#1,f57b72afcc4b452e33507898aa140ff5,368c6c730842d78016ad823897a372db,1f50f920176fa81dab994f9023523100,20.99,49.90
f57b72afcc4b452e33507898aa140ff5#2,f57b72afcc4b452e33507898aa140ff5,368c6c730842d78016ad823897a372db,1f50f920176fa81dab994f9023523100,20.99,49.90
f594ab1eab2b9d5a646c989c1bc5eb3e#1,f594ab1eab2b9d5a646c989c1bc5eb3e,53b36df67ebb7c41585e8d54d6772e08,4869f7a5dfa277a7dca6462dcf3b52b2,15.94,169.90
f5af86a3bea41e5daef5c06e7a02ad2e#1,f5af86a3bea41e5daef5c06e7a02ad2e,dd2ca29c9d0f93d3b1d28d7d7ee3025c,5b0cc932433fa5184b5b94bfe6bcc256,22.51,99.00
f5c6db84c6a589ff1c0284e500a6acd3#1,f5c6db84c6a589ff1c0284e500a6acd3,781afe929e3016a667f5f439afd55fce,08633c14ef2db992c11f840f04fad4cd,9.12,109.90
f5dd4c037b81efb0d1ea5d0f7d8beddf#1,f5dd4c037b81efb0d1ea5d0f7d8beddf,28e1129b94381a4e42661bcfaedf2b86,9b00ed88b7fdb95d6ff76e27c1b52d16,14.13,54.00
f5fea26ab547eec920e6f8ecdc5c37e4#1,f5fea26ab547eec920e6f8ecdc5c37e4,f02eae5fd95b59b1ec82397e1ef7ccf1,0ad80de75c811326389cfb1daba7d45e,17.44,169.90
f6062f2fd7a79226266b4cdaded643ec#1,f6062f2fd7a79226266b4cdaded643ec,ffc9caf33e2d1e9f44e3e06da19085f7,b18dc380845b24038cfc48006478f099,12.02,199.89
f607a3db639728bdfeb918da3f84566d#1,f607a3db639728bdfeb918da3f84566d,462ca84097e3116f8dc7642fb057b4b2,85d9eb9ddc5d00ca9336a2219c97bb13,17.06,27.90
f61b61c2cbb4192ccaf9c2c76a4cc971#1,f61b61c2cbb4192ccaf9c2c76a4cc971,74e47bd907dc11882c23f4c4ce14031f,87142160b41353c4e5fca2360caf6f92,9.74,39.99
f62e6208120b502c087a5bbd9b2567e4#1,f62e6208120b502c087a5bbd9b2567e4,4c2394abfbac7ff59ec7a420918562fa,cc419e0650a3c5ba77189a1882b7556a,14.34,84.99
f633c884a99eb63866600655356d973e#1,f633c884a99eb63866600655356d973e,c1ad8ac66c91ad301cefc322ba2adf31,966cb4760537b1404caedd472cc610a5,20.90,599.00
f644267f332fbcb9fe143fbb7478441c#1,f644267f332fbcb9fe143fbb7478441c,6640d299f2649e432fa5416fb9672c64,9dda5bbacd45e18d6485fee649205d09,38.14,84.90
f645bae2cdb36f1fd4b912724fd610a4#1,f645bae2cdb36f1fd4b912724fd610a4,1162c818d0d0f9f4887164cd636bd760,382229d1e840115ffe3dbf5ff460e417,19.20,199.99
f64dd636875aef9058782fc05a867ec1#1,f64dd636875aef9058782fc05a867ec1,fa39c60599eb6573020f07a1b4dd38cf,0bae85eb84b9fb3bd773911e89288d54,29.00,86.36
f67ed27c364607b4afba7d4d7b32f524#1,f67ed27c364607b4afba7d4d7b32f524,7a6aebc4c1205818e64f9275475a73e9,8bd0f31cf0a614c658f6763bd02dea69,37.49,199.99
f689e331732447a491cab98872e7d53b#1,f689e331732447a491cab98872e7d53b,ad7c531c2001111873dcfed9d8317439,7a67c85e85bb2ce8582c35f2203ad736,18.09,72.99
f6cbd0bea76d160391128a43b629ae9f#1,f6cbd0bea76d160391128a43b629ae9f,af827351cc8287dd464466e8793046b0,ebd2d60905fb58271facef5596b620d3,17.21,66.90
f6daca3297f73de20d84ea604e1d68c0#1,f6daca3297f73de20d84ea604e1d68c0,2028bf1b01cafb2d2b1901fca4083222,cc419e0650a3c5ba77189a1882b7556a,15.15,56.99
f6e3e88cce05228735d1d123916961a8#1,f6e3e88cce05228735d1d123916961a8,4e46d4d7bdbc358eee60e44df825dd01,b372ee768ed69e46ca8cdbd267aa7a38,15.10,35.00
f6f6a68d78c7dd4b319f6df3c846094b#1,f6f6a68d78c7dd4b319f6df3c846094b,7fab1a1472fdd934397068931f63f3ca,3d871de0142ce09b7081e2b9d1733cb1,19.46,69.90
f70a0aff17df5a6cdd9a7196128bd354#1,f70a0aff17df5a6cdd9a7196128bd354,cafd558df4c3c9d1c338ba6930ea9a62,5dceca129747e92ff8ef7a997dc4f8ca,34.19,279.00
f718de7d7e4e4598f3579368cca01a91#1,f718de7d7e4e4598f3579368cca01a91,4a811f113c9c23284366e6dd165ba484,6edacfd9f9074789dad6d62ba7950b9c,15.64,76.90
f726cbd717234168cc573e1addd506af#1,f726cbd717234168cc573e1addd506af,a78e2e8f49106bb2123fe7541fa86640,ea8482cd71df3c1969d7b9473ff13abc,18.23,21.99
f72c493e7f65e42101baca23c7c2fd90#1,f72c493e7f65e42101baca23c7c2fd90,21c7ae0df2196c656289e946024f9224,ac3508719a1d8f5b7614b798f70af136,21.82,189.95
f76b895a9902ad634abed7eec3211a10#1,f76b895a9902ad634abed7eec3211a10,bbe8590c1225fbb6a477018283da0677,a6bd7d1ccdac48c6b33b28596b7eb122,56.68,649.51
f7851f9eb3d5ff0bee53bae976c77c8c#1,f7851f9eb3d5ff0bee53bae976c77c8c,247fa5b4e2f524a22b21ef256ffc23e4,3bdff180c7e1f6551a643b99c265a120,11.74,26.90
f7959f8385f34c4f645327465a1c9fc4#1,f7959f8385f34c4f645327465a1c9fc4,c1234c80dafde7ef3311b3eabd5069ed,dc4a0fc896dc34b0d5bfec8438291c80,10.96,17.90
f798a01c8646f8e701280d70b10f84bf#1,f798a01c8646f8e701280d70b10f84bf,e1e932dfb67414e80b87ad97688cf2a3,fde0cc9ea29c8ccfc0a2c22256a58c71,29.73,99.00
f7a4be4d6edb66bd0e62e91e1bbc9061#1,f7a4be4d6edb66bd0e62e91e1bbc9061,15b3d4c8373cd64166af5504b49d289d,0c8380b62e38e8a1e6adbeba7eb9688c,17.09,49.90
f7ad644f2dc46710f51f1bfbf01f94f2#1,f7ad644f2dc46710f51f1bfbf01f94f2,ce2c8e8fb6241fbc08bbed5a8c6e92cc,66dc1b1632bd6a3e508510c5b3492107,15.59,119.80
f7c061a1028ca02063801272ba6297f2#1,f7c061a1028ca02063801272ba6297f2,7167da6310e9d767a909d5fc6490daa9,af3ef48d0e13835e529c29ac573c63e5,23.09,53.00
f7c13c71907b58b590da46643fda3bbc#1,f7c13c71907b58b590da46643fda3bbc,35afc973633aaeb6b877ff57b2793310,4a3ca9315b744ce9f8e9374361493884,15.38,89.90
f7fd9088963ee4f442fd642219d80fb5#1,f7fd9088963ee4f442fd642219d80fb5,aca2eb7d00ea1a7b8ebd4e68314663af,955fee9216a65b617aa5c0531780ce60,0.00,69.90
f8204e84e9a426029a3f9848738caf33#1,f8204e84e9a426029a3f9848738caf33,ba18c48184ce58f0ffd8b656c4edf21c,d1c281d3ae149232351cd8c8cc885f0d,22.49,95.99
f825ff64b7a15cd4f3483fb00b6ad59c#1,f825ff64b7a15cd4f3483fb00b6ad59c,b5aa3dc3e3492bfa3dfed618a413e779,4ba52dfeba874da5b9ee7b17c7494f04,16.39,109.00
f833a0260cb98fa615a517d4e4a8cdf3#1,f833a0260cb98fa615a517d4e4a8cdf3,f7e0fa615b386bc9a8b9eb52bc1fff76,87142160b41353c4e5fca2360caf6f92,21.08,89.90
f847298c3beb552989d31c5f673da6fc#1,f847298c3beb552989d31c5f673da6fc,ed2067a9c1f79553088a3c67b99a9f97,cbd996ad3c1b7dc71fd0e5f5df9087e2,19.37,56.97
f848643eec1d69395095eb3840d2051e#1,f848643eec1d69395095eb3840d2051e,2b4609f8948be18874494203496bc318,cc419e0650a3c5ba77189a1882b7556a,8.91,79.99
f84f158d834dafae73fa8da8b11bea6d#1,f84f158d834dafae73fa8da8b11bea6d,b9311d581f5f341576a5a2892168355c,ec4608a1f76453166bb312b2968aeaf4,44.81,38.90
f86b24a45dc34d1b7fcdeb817bf503da#1,f86b24a45dc34d1b7fcdeb817bf503da,1bfb290d7273a442c874dbe74b4abae6,a7f13822ceb966b076af67121f87b063,26.11,86.96
f86b24a45dc34d1b7fcdeb817bf503da#2,f86b24a45dc34d1b7fcdeb817bf503da,1bfb290d7273a442c874dbe74b4abae6,a7f13822ceb966b076af67121f87b063,26.11,86.96
f895460919953cca1c737af25d8faf3c#1,f895460919953cca1c737af25d8faf3c,3fbc0ef745950c7932d5f2a446189725,06a2c3af7b3aee5d69171b0e14f0ee87,19.38,66.99
f8965d92f9d8e18cd5d1a0e3bc9d15fc#1,f8965d92f9d8e18cd5d1a0e3bc9d15fc,ec58535d820b93edc3f1cfde52290334,582d4f8675b945722eda7c0cb61ba4c7,14.59,175.00
f8ac1de7953f257102599bdaad640722#1,f8ac1de7953f257102599bdaad640722,4178e16324fd0c9a8e18463caf390cc6,ceaec5548eefc6e23e6607c5435102e7,17.59,269.00
f8c9df743a18aeeedd550486dbe39689#1,f8c9df743a18aeeedd550486dbe39689,928e52a9ad53a294fdcc91bcf59d1751,955fee9216a65b617aa5c0531780ce60,20.64,130.00
f8d19a0283152c2a14277f39a74da971#1,f8d19a0283152c2a14277f39a74da971,75d6b6963340c6063f7f4cfcccfe6a30,cc419e0650a3c5ba77189a1882b7556a,15.15,56.99
f8e373563d5e03306b7080b3c467f0ac#1,f8e373563d5e03306b7080b3c467f0ac,cadb69af336c16aba5c5223599821245,8b321bb669392f5163d04c59e235e066,8.29,13.65
f8e926b4541bd4af7a14350967ba217e#1,f8e926b4541bd4af7a14350967ba217e,a1e903cd2d23763ef8b85ec12eb79d9c,28f10b1c5e5abb9d4857745bede6147c,17.26,47.00
f8ebe0a43498e8d689afbbfec4b3eaba#1,f8ebe0a43498e8d689afbbfec4b3eaba,af0a917aec9cea3b353ece61a8825326,da8622b14eb17ae2831f4ac5b9dab84a,17.88,89.90
f90202d14e468090464aeb4b1f0372ab#1,f90202d14e468090464aeb4b1f0372ab,0a57f7d2c983bcf8188589a5fea4a8da,4869f7a5dfa277a7dca6462dcf3b52b2,6.56,96.00
f913d229653fdd809c249ed98ab6b754#1,f913d229653fdd809c249ed98ab6b754,595fac2a385ac33a80bd5114aec74eb8,ef0ace09169ac090589d85746e3e036f,17.55,119.90
f9161376e0d004c0b545db4e4bfb4e57#1,f9161376e0d004c0b545db4e4bfb4e57,7c1bd920dbdf22470b68bde975dd3ccf,cc419e0650a3c5ba77189a1882b7556a,11.15,58.99
f92c763c0b65518cb642202c62761040#1,f92c763c0b65518cb642202c62761040,6030758c474a231c434e17cfa97f951b,2b1a40c1daabc6ca280c4b815c101841,20.39,219.00
f92ebc52a42344683b930dfb16d2f317#1,f92ebc52a42344683b930dfb16d2f317,f09f6223e88af7f6de46dec6a437458b,54965bbe3e4f07ae045b90b0b8541f52,17.81,79.90
f92ebc52a42344683b930dfb16d2f317#2,f92ebc52a42344683b930dfb16d2f317,f09f6223e88af7f6de46dec6a437458b,54965bbe3e4f07ae045b90b0b8541f52,17.81,79.90
f93af565de05d2427790ad8d0368a80e#1,f93af565de05d2427790ad8d0368a80e,2b4609f8948be18874494203496bc318,cc419e0650a3c5ba77189a1882b7556a,8.32,79.99
f94b0a3a81bf5b4de22a8c2a90df7263#1,f94b0a3a81bf5b4de22a8c2a90df7263,9c8d6227bbe62913ca96217005540fda,ff1e15b778c700abdd4d239b81ac466d,14.72,59.90
f97a6e53615dfc1488e4bcf3dfe1cb2f#1,f97a6e53615dfc1488e4bcf3dfe1cb2f,0900e9b18da6627157a7e47a8ac8fc08,6560211a19b47992c3666cc44a7e94c0,15.10,29.00
f97e435076c45487417ce991028f5445#1,f97e435076c45487417ce991028f5445,1aec9dac073154a4d6350ad0e773a191,d12c926d74ceff0a90a21184466ce161,20.80,29.90
f98ae4bbfd1a32ea2104c8cf1f64dabf#1,f98ae4bbfd1a32ea2104c8cf1f64dabf,f2d649f157cebee085ed738f23d5d6b7,d673a59aac7a70d8b01e6902bf090a11,15.10,27.90
f996ee1563eca784e95ed1b6e3ff972c#1,f996ee1563eca784e95ed1b6e3ff972c,bc107cfd28a282c85b28e7054aeb729d,d180e07dc1e58c31c3f0cd599dc4d945,14.16,58.80
f99c42cf20b64fe3dc045ae83e56f4e1#1,f99c42cf20b64fe3dc045ae83e56f4e1,f3ce47ccf98da2906f6b8b1387618e07,7dc8c42cc750eeafea6c85712ffee9bf,21.50,120.00
f99c42cf20b64fe3dc045ae83e56f4e1#2,f99c42cf20b64fe3dc045ae83e56f4e1,f3ce47ccf98da2906f6b8b1387618e07,7dc8c42cc750eeafea6c85712ffee9bf,21.50,120.00
f99c42cf20b64fe3dc045ae83e56f4e1#3,f99c42cf20b64fe3dc045ae83e56f4e1,f3ce47ccf98da2906f6b8b1387618e07,7dc8c42cc750eeafea6c85712ffee9bf,21.50,120.00
f99c42cf20b64fe3dc045ae83e56f4e1#4,f99c42cf20b64fe3dc045ae83e56f4e1,f3ce47ccf98da2906f6b8b1387618e07,7dc8c42cc750eeafea6c85712ffee9bf,21.50,120.00
f9a8f148429cc3e0ebfc426bf5f7299e#1,f9a8f148429cc3e0ebfc426bf5f7299e,05019bc35fc2ed878c0c0f55346b91c6,e99e927c81e3f51739c94fcdfca9f10f,20.81,104.98
f9ada76953fa490d8a254d2e28f353ac#1,f9ada76953fa490d8a254d2e28f353ac,4c6a40b5fdcc849875c3d0b3144ea1f5,634964b17796e64304cadf1ad3050fb7,13.34,24.50
f9c684af08dd580ce166558cc3c7d8ad#1,f9c684af08dd580ce166558cc3c7d8ad,06edb72f1e0c64b14c5b79353f7abea3,391fc6631aebcf3004804e51b40bcf1e,6.78,39.99
f9c684af08dd580ce166558cc3c7d8ad#2,f9c684af08dd580ce166558cc3c7d8ad,06edb72f1e0c64b14c5b79353f7abea3,391fc6631aebcf3004804e51b40bcf1e,6.78,39.99
f9c73363efdacbd9919d6c57e388c21e#1,f9c73363efdacbd9919d6c57e388c21e,3e5201fe0d1ba474d9b90152c83c706c,8160255418d5aaa7dbdc9f4c64ebda44,14.97,125.90
f9c8a2771f663e15460ae6ba93205354#1,f9c8a2771f663e15460ae6ba93205354,1528d0673079ce2d79d29753b800d76e,01fdefa7697d26ad920e9e0346d4bd1b,13.44,59.90
f9ca536e1ef897f153c183d72ba141bb#1,f9ca536e1ef897f153c183d72ba141bb,47cad419b0ad5dc9d2305bf795c3c16f,05d2173d43ea568aa0540eba70d2ca76,18.61,104.71
f9ca536e1ef897f153c183d72ba141bb#2,f9ca536e1ef897f153c183d72ba141bb,ea1d9847778160f2d0c74950812fd8d0,05d2173d43ea568aa0540eba70d2ca76,18.61,104.71
f9d5bfb53147f381e81b89a848e26b16#1,f9d5bfb53147f381e81b89a848e26b16,d696750e550fd0f733979dd7e5dff921,9de4643a8dbde634fe55621059d92273,27.72,167.99
f9f15e02ed74cf8a21b8266a55498942#1,f9f15e02ed74cf8a21b8266a55498942,2b4609f8948be18874494203496bc318,cc419e0650a3c5ba77189a1882b7556a,22.95,89.99
f9f76d0f8ab416a42a2a3dad0d710162#1,f9f76d0f8ab416a42a2a3dad0d710162,330286b1345b8cc5abfbb74da93465a6,71039d19d4303bf9054d69e9a9236699,16.64,269.90
f9fc6b37b2a3a42ef88b609566e731c0#1,f9fc6b37b2a3a42ef88b609566e731c0,68a058d125ba1544e726898f0b8c0523,7c67e1448b00f6e969d365cea6b010ab,11.45,119.99
f9fe35b6ddb4b18faa9a9a683e20eaea#1,f9fe35b6ddb4b18faa9a9a683e20eaea,f889fb87b505b73de10c18b93352469f,c70c1b0d8ca86052f45a432a38b73958,19.95,110.32
fa2327f446a561a540a3fe3069f99046#1,fa2327f446a561a540a3fe3069f99046,164979bae3a9db1859e725b3a793f4d2,1838dd9b8977065acf51d95e0053ea7a,22.27,79.90
fa2cc48dfd7ce0f97490bb4ab4c98eb2#1,fa2cc48dfd7ce0f97490bb4ab4c98eb2,75d6b6963340c6063f7f4cfcccfe6a30,cc419e0650a3c5ba77189a1882b7556a,8.72,56.99
fa3c3fa4aaa5d4ca8cdfdd7daec909bb#1,fa3c3fa4aaa5d4ca8cdfdd7daec909bb,ce8a8e2aca6f910ff8bb3ae8bda6a041,9d4db00d65d7760644ac0c14edb5fd86,24.06,109.80
fa44b98d202360f1246681a3e0405db4#1,fa44b98d202360f1246681a3e0405db4,e940125d0a3c309f58f41cd21e39af06,6039e27294dc75811c0d8a39069f52c0,38.25,369.90
fa48ce5f6c4499293eecc423fde54476#1,fa48ce5f6c4499293eecc423fde54476,e482ad963bfb9a9abc51b9850aca97b7,c2d70ce2c5d0a2eb75e78668236e6dc8,7.78,49.00
fa48ce5f6c4499293eecc423fde54476#2,fa48ce5f6c4499293eecc423fde54476,e482ad963bfb9a9abc51b9850aca97b7,c2d70ce2c5d0a2eb75e78668236e6dc8,7.78,49.00
fa4c0ad484374bf0485f99f6a57255a5#1,fa4c0ad484374bf0485f99f6a57255a5,8c24ef6ef31f7c7b9e989cb1e0a66c9f,1835b56ce799e6a4dc4eddc053f04066,15.52,110.00
fa516182d28f96f5f5c651026b0749ee#1,fa516182d28f96f5f5c651026b0749ee,e932008cf0ea7c93a077dd8d7e5f49eb,fcdd820084f17e9982427971e4e9d47f,19.41,190.00
fa77901ba32818c037de356056fd2a6d#1,fa77901ba32818c037de356056fd2a6d,694cbe624717957c7536ef8cd9dfbf57,562fc2f2c2863ab7e79a9e4388a58a14,18.28,24.99
fa859e78da068661b096bfb4466ded18#1,fa859e78da068661b096bfb4466ded18,3a05a947f28cf46d789adedc107d7595,87142160b41353c4e5fca2360caf6f92,25.68,119.90
fa9832914e7afeaf41fc9fbda5ca335f#1,fa9832914e7afeaf41fc9fbda5ca335f,9007d9a8a0d332c61d9dd611fa341f4b,2c9e548be18521d1c43cde1c582c6de8,11.85,7.90
fa9832914e7afeaf41fc9fbda5ca335f#2,fa9832914e7afeaf41fc9fbda5ca335f,9007d9a8a0d332c61d9dd611fa341f4b,2c9e548be18521d1c43cde1c582c6de8,11.85,7.90
fa9aefedb556db70fd8ca7a716f79802#1,fa9aefedb556db70fd8ca7a716f79802,76d1a1a9d21ab677a61c3ae34b1b352f,c826c40d7b19f62a09e2d7c5e7295ee2,9.73,139.77
faa911f9ff46e53aedc9408c5d6a24ad#1,faa911f9ff46e53aedc9408c5d6a24ad,902a8b8bb0768e8562edc2d903337812,9bade61a92bed55a25d2b67b9f4ed739,19.04,37.39
faa911f9ff46e53aedc9408c5d6a24ad#2,faa911f9ff46e53aedc9408c5d6a24ad,902a8b8bb0768e8562edc2d903337812,9bade61a92bed55a25d2b67b9f4ed739,19.04,37.39
fae78da81b7ad4a5389732f61e0264ef#1,fae78da81b7ad4a5389732f61e0264ef,25bf7c5e5f9d008845212122805014e5,d2374cbcbb3ca4ab1086534108cc3ab7,15.10,18.90
fae78da81b7ad4a5389732f61e0264ef#2,fae78da81b7ad4a5389732f61e0264ef,25bf7c5e5f9d008845212122805014e5,d2374cbcbb3ca4ab1086534108cc3ab7,15.10,18.90
fae78da81b7ad4a5389732f61e0264ef#3,fae78da81b7ad4a5389732f61e0264ef,25bf7c5e5f9d008845212122805014e5,d2374cbcbb3ca4ab1086534108cc3ab7,15.10,18.90
fae78da81b7ad4a5389732f61e0264ef#4,fae78da81b7ad4a5389732f61e0264ef,25bf7c5e5f9d008845212122805014e5,d2374cbcbb3ca4ab1086534108cc3ab7,15.10,18.90
fb0a15c6b3645581d8535f4f873c7110#1,fb0a15c6b3645581d8535f4f873c7110,d285360f29ac7fd97640bf0baef03de0,2eb70248d66e0e3ef83659f71b244378,8.62,194.91
fb1e54ec77d42cc140f67895fd2c8d8a#1,fb1e54ec77d42cc140f67895fd2c8d8a,f2af004352a06a99dca765596240cbc3,f4aba7c0bca51484c30ab7bdc34bcdd1,7.78,44.90
fb3d204c4263192a9661a13797bfd63e#1,fb3d204c4263192a9661a13797bfd63e,f34707f5f83dbd799b36e79242802784,562fc2f2c2863ab7e79a9e4388a58a14,22.85,39.99
fb4c699559386e0b6b970181177d99bd#1,fb4c699559386e0b6b970181177d99bd,10717ff440b2320081989126e858b220,fdb9095204a334cd8872252ffec6f2db,21.90,138.00
fb4c699559386e0b6b970181177d99bd#2,fb4c699559386e0b6b970181177d99bd,10717ff440b2320081989126e858b220,fdb9095204a334cd8872252ffec6f2db,21.90,138.00
fb4c699559386e0b6b970181177d99bd#3,fb4c699559386e0b6b970181177d99bd,10717ff440b2320081989126e858b220,fdb9095204a334cd8872252ffec6f2db,21.90,138.00
fb6a01b94b2f20833eb7593ea1a54a8f#1,fb6a01b94b2f20833eb7593ea1a54a8f,88774687a8883c2c512e37de090bc725,ceaec5548eefc6e23e6607c5435102e7,16.33,389.00
fb6ba131bbeb30fd6db9c8900b5c5b92#1,fb6ba131bbeb30fd6db9c8900b5c5b92,99ba5fbf3ae895fe3a9289acd0a5eb91,562fc2f2c2863ab7e79a9e4388a58a14,37.04,39.99
fb797aee19d1e438385938cd482027bb#1,fb797aee19d1e438385938cd482027bb,52e9413ed0d3e64b796aac2bc2291d50,7f2617c58d5d06806987308b45654351,15.80,149.90
fb7a31602527aff8e971f4cf8e5ba0b2#1,fb7a31602527aff8e971f4cf8e5ba0b2,f7ac498363699addc5ff78eadee46977,2138ccb85b11a4ec1e37afbd1c8eda1f,16.79,48.99
fb8c84f49d464b75f05a3de37923fc87#1,fb8c84f49d464b75f05a3de37923fc87,0433830caca22b01a0f477d31307b043,ba90964cff9b9e0e6f32b23b82465f7b,29.41,1799.00
fb9b2930f4a30f96c7cc98eaaa85e5f0#1,fb9b2930f4a30f96c7cc98eaaa85e5f0,6f9771652ad5ec58e58f50475d6bfe0e,cca3071e3e9bb7d12640c9fbe2301306,13.52,70.91
fbbaa04b3e0910f8ae8711ff03a32fa7#1,fbbaa04b3e0910f8ae8711ff03a32fa7,b423d0e69f19a48cd48305328b8e3f02,0db783cfcd3b73998abc6e10e59a102f,9.27,69.90
fbbd2907c49e21c3c105257b12772380#1,fbbd2907c49e21c3c105257b12772380,b73e7ccdd22c0bb891a93ec7d80b717f,cd68562d3f44870c08922d380acae552,12.19,99.00
fbbd2907c49e21c3c105257b12772380#2,fbbd2907c49e21c3c105257b12772380,b73e7ccdd22c0bb891a93ec7d80b717f,cd68562d3f44870c08922d380acae552,12.19,99.00
fbd089d5e60178e50dfa3b157adc9dd8#1,fbd089d5e60178e50dfa3b157adc9dd8,ab328a14d2698a726fe1ed2695f5f43c,620c87c171fb2a6dd6e8bb4dec959fc6,12.48,69.90
fbee1784fcce86e1c120a0b525750e57#1,fbee1784fcce86e1c120a0b525750e57,846145e9b8d412bd1c9bb478a52ab4a0,432c37c9dfba871172ec162e20118b8c,15.79,25.00
fbee7d34e8344a4c1775259e98e9a2a3#1,fbee7d34e8344a4c1775259e98e9a2a3,450c25d98ed6923154a934554475bf13,dbdd0ec73a4817971d962698f2fea022,63.07,399.00
fbf0dfaa84a26a3cbddf314c3362316c#1,fbf0dfaa84a26a3cbddf314c3362316c,cf8f54285cd7068ecc0f6956d1dc311b,15aac934c58d886785ac1b17953ea898,14.10,19.00
fbf9ac61453ac646ce8ad9783d7d0af6#1,fbf9ac61453ac646ce8ad9783d7d0af6,7b717060aa783eb7f23a747a3a733dd7,c0563dd588b775f2e37747ef6ad6c92c,15.53,109.90
fc0973ba8c96e67e0cfb458c1bac3a6a#1,fc0973ba8c96e67e0cfb458c1bac3a6a,540a6b4600d6620f58aaff20eba82574,6cf476a4ca74498db55cbccdaa9dcfb6,14.52,24.99
fc0ab8cdbc2f9a64c50264d217e47114#1,fc0ab8cdbc2f9a64c50264d217e47114,aa995bbfcf2da055bed670f7282f90d8,7a67c85e85bb2ce8582c35f2203ad736,17.66,57.99
fc0e0898cfd3461507bc68aea61e36d8#1,fc0e0898cfd3461507bc68aea61e36d8,3c12d600fecb7aab3c4e4cd7755f1de3,5d0363b33554b373851fc1622e4d5f3c,16.35,89.90
fc302964719b32d2f8512770e87ff7fd#1,fc302964719b32d2f8512770e87ff7fd,7935ddc510afb7d08989660b382b7f26,3d871de0142ce09b7081e2b9d1733cb1,17.87,89.00
fc31a63e2f4e1c8cab6b97ec8eee6f84#1,fc31a63e2f4e1c8cab6b97ec8eee6f84,68bec1af3851f58027db8beadf3914d7,b2ba3715d723d245138f291a6fe42594,14.27,74.90
fc3e5cddf41dc7757252c2fc0a6c947b#1,fc3e5cddf41dc7757252c2fc0a6c947b,9ff668529410eefd5bca723acb4834c1,cca3071e3e9bb7d12640c9fbe2301306,15.81,99.90
fc4d2d157d4a89bc10a21af181e2a5a2#1,fc4d2d157d4a89bc10a21af181e2a5a2,8173ca41cdb176462f9ae79821a48404,d566c37fa119d5e66c4e9052e83ee4ea,12.79,35.90
fc56d6734e3fc6fa34d7e752a49bf25b#1,fc56d6734e3fc6fa34d7e752a49bf25b,99d1f27bf9ea0392ab69d0203c6efdc4,094ced053e257ae8cae57205592d6712,12.79,33.50
fc66798245e4d173bcc7eb36eb72a278#1,fc66798245e4d173bcc7eb36eb72a278,a067f34727f55a883d84f5b3a5c72255,ad420dd0c4f92f8af951ac24b86d0cf5,19.22,160.00
fc6b29ae668f5c526464fcd19d62efba#1,fc6b29ae668f5c526464fcd19d62efba,fc1449f3ffc59fd2eb9640505aea0581,25c5c91f63607446a97b143d2d535d31,20.29,149.88
fc6d2ee7c65043e4c842c367421052c6#1,fc6d2ee7c65043e4c842c367421052c6,349ce46a0e2e20054aa9d80c48af8816,d6b1ce66b035a475f00c017792ff9769,12.21,169.99
fc85b94eb688b0abb29954cf6354c1bc#1,fc85b94eb688b0abb29954cf6354c1bc,f3c5707e7c539ab6533e3611da02b648,d1c281d3ae149232351cd8c8cc885f0d,21.62,160.99
fcc69f39fe215a8ad61a1d1b1868d88d#1,fcc69f39fe215a8ad61a1d1b1868d88d,079189201e6c6f0b0f70d118fff53fd5,edb1ef5e36e0c8cd84eb3c9b003e486d,20.86,394.65
fcc92ad75bbb8728d4d4488325ffc907#1,fcc92ad75bbb8728d4d4488325ffc907,e5989cd466f0714e1439b95bf6a279da,1025f0e2d44d7041d6cf58b6550e0bfa,0.12,54.00
fcc92ad75bbb8728d4d4488325ffc907#2,fcc92ad75bbb8728d4d4488325ffc907,e5989cd466f0714e1439b95bf6a279da,1025f0e2d44d7041d6cf58b6550e0bfa,0.12,54.00
fcc92ad75bbb8728d4d4488325ffc907#3,fcc92ad75bbb8728d4d4488325ffc907,2584d5fa1ac792c8c26168eca51bb4d0,213b25e6f54661939f11710a6fddb871,59.76,129.95
fd0ea050aa7cb8693f02b9176d021a0a#1,fd0ea050aa7cb8693f02b9176d021a0a,86d2c13e1ce5c85177a6e7729892b501,f44b6f775a2b390380e0e30b5c9d3eee,47.04,369.00
fd180ff2363b236f823a4fa8a2a729f1#1,fd180ff2363b236f823a4fa8a2a729f1,63de2743d05ab59d85caa49e49459ac1,cbd996ad3c1b7dc71fd0e5f5df9087e2,11.85,19.90
fd190164f3696146e8a668324f90edc0#1,fd190164f3696146e8a668324f90edc0,274669a78ffdf9398adbd9502e6c4915,dbc22125167c298ef99da25668e1011f,13.37,29.90
fd2501379f4567dee6308aa8484f1a5a#1,fd2501379f4567dee6308aa8484f1a5a,3f9d819e1669be4865fdcd717968bb4e,e49c26c3edfa46d227d5121a6b6e4d37,24.84,25.86
fd367f6c9ff07dedbdbf5c44b23d209a#1,fd367f6c9ff07dedbdbf5c44b23d209a,3b7d1b901fe011eddf729f636ed0f861,f1b93673502375d491780bb49d615dbc,40.24,288.02
fd3a02bb749359b9e6a4126cd8a50822#1,fd3a02bb749359b9e6a4126cd8a50822,4f2174962b85f6f08d3258485d9de11a,92eb0f42c21942b6552362b9b114707d,18.23,11.97
fd3b391929c4fc835fb015acdf8049e2#1,fd3b391929c4fc835fb015acdf8049e2,cb8209d6b80bfeffaef2d1f694aa93a9,6d66611d7c44cc30ce351abc49a68421,11.15,39.90
fd3dec101097b7fd62ae62c0e627f70a#1,fd3dec101097b7fd62ae62c0e627f70a,06c950c36d589b39b34f5dc1d4a75e29,edb1ef5e36e0c8cd84eb3c9b003e486d,18.95,599.65
fd6ae3b1149c4a3a920086befc628e3d#1,fd6ae3b1149c4a3a920086befc628e3d,57e089e3103f5cda6a4ce23b77399bdb,aafe36600ce604f205b86b5084d3d767,19.53,47.90
fd7cce4167ef9737169204f0e7449b83#1,fd7cce4167ef9737169204f0e7449b83,6a057a401eab3b3cb8083d9e42972233,e64d65bc8dbec2accda90c58de5d1246,12.75,149.90
fd86c80924b4be8fb7f58c4ecc680dae#1,fd86c80924b4be8fb7f58c4ecc680dae,d22bbc02259111e107ee7916637d4791,8d956fec2e4337affcb520f56fd8cbfd,12.93,69.99
fd86c80924b4be8fb7f58c4ecc680dae#2,fd86c80924b4be8fb7f58c4ecc680dae,d22bbc02259111e107ee7916637d4791,8d956fec2e4337affcb520f56fd8cbfd,12.93,69.99
fd9b8ed51e5ffedf7a56bea36cc5b6f9#1,fd9b8ed51e5ffedf7a56bea36cc5b6f9,0ef8c1b31d81d6b4453f70a61321f73e,fa1a9dec3a9940c072684a46728bf1fc,23.42,119.90
fdaccd7db2bdc0c0f6632319b9020d26#1,fdaccd7db2bdc0c0f6632319b9020d26,19421075ae0b585f2dc13ff149e2119d,4c2b230173bb36f9b240f2b8ac11786e,14.10,45.90
fdb6e644d463ad142d9ed03c9f6222a6#1,fdb6e644d463ad142d9ed03c9f6222a6,2481a472d98c582b46bc2dfeae6f539f,391fc6631aebcf3004804e51b40bcf1e,11.81,59.90
fdbd371c335ecb94ccb8a65c37d8ebba#1,fdbd371c335ecb94ccb8a65c37d8ebba,a1efabfd513c691eeb2650e5f04e5cb6,7ddcbb64b5bc1ef36ca8c151f6ec77df,13.08,37.99
fdc259a28a8f4ba4ea007b10244a8272#1,fdc259a28a8f4ba4ea007b10244a8272,17d8b8e9c21ec0fc5b33724e32fe422e,d2374cbcbb3ca4ab1086534108cc3ab7,8.07,58.90
fdc259a28a8f4ba4ea007b10244a8272#2,fdc259a28a8f4ba4ea007b10244a8272,8df1a3abe96355f4a037a5345cc8594a,d20b021d3efdf267a402c402a48ea64b,24.21,46.99
fdd4a2c5c0d42678df8d78ec3af7d314#1,fdd4a2c5c0d42678df8d78ec3af7d314,4079a95ae53890e5c268117864020aa8,da8622b14eb17ae2831f4ac5b9dab84a,23.73,159.90
fdd4a2c5c0d42678df8d78ec3af7d314#2,fdd4a2c5c0d42678df8d78ec3af7d314,441f80632def2e872e95a3e474226119,391fc6631aebcf3004804e51b40bcf1e,15.47,39.90
fdd770b5f85e6ce0b1b549e331d424f5#1,fdd770b5f85e6ce0b1b549e331d424f5,2ff17002562478fb03cd44f09e7ca51a,fa1c13f2614d7b5c4749cbc52fecda94,20.51,228.80
fdeb8e2ed51d3a12a9d6c27a2f70e255#1,fdeb8e2ed51d3a12a9d6c27a2f70e255,b36f3c918c91478c4559160022d3f14e,1ca7077d890b907f89be8c954a02686a,8.30,150.00
fdf128b3630c21adc9ca4fb8a51b68ec#1,fdf128b3630c21adc9ca4fb8a51b68ec,89321f94e35fc6d7903d36f74e351d40,16090f2ca825584b5a147ab24aa30c86,18.30,27.90
fdf7396bbd1e126f45ba0fc3896360a7#1,fdf7396bbd1e126f45ba0fc3896360a7,b44cc626aea8d2a65572672cb050c083,165fc07beebdcb6190fba8a06db2a449,22.73,499.00
fdf7396bbd1e126f45ba0fc3896360a7#2,fdf7396bbd1e126f45ba0fc3896360a7,b44cc626aea8d2a65572672cb050c083,165fc07beebdcb6190fba8a06db2a449,22.73,499.00
fe0f62fd99cb34355fb8706ce0faf6c6#1,fe0f62fd99cb34355fb8706ce0faf6c6,06f24f9b9f5892496a4db38e42a6acc7,f8db351d8c4c4c22c6835c19a46f01b0,9.44,42.90
fe1b32a1829b1ddd26415d31fbf85b78#1,fe1b32a1829b1ddd26415d31fbf85b78,6a02077065f9af692480ab01fbff66d2,c3acdfac4e3e97ff87529454fbc03642,15.65,1199.00
fe1db39ee392d14b9d8b00c17e02023f#1,fe1db39ee392d14b9d8b00c17e02023f,177d3d5bb9d4d29222a222e3b3554f41,3d871de0142ce09b7081e2b9d1733cb1,21.47,119.00
fe2d73eb11a3d7eeea4e897f8ce8eb59#1,fe2d73eb11a3d7eeea4e897f8ce8eb59,c72edc98e7d77f0c4c04ec80730c05f5,5b925e1d006e9476d738aa200751b73b,11.73,69.00
fe317ce4a7ca2ec5a2cdb56c3e5788b2#1,fe317ce4a7ca2ec5a2cdb56c3e5788b2,719d571299707561c34ba04ab867b32a,0ef83d7d83ed97cd2a0049ac8be5f88a,18.33,56.89
fe421e7d38d622aedc8ca97d58771ea6#1,fe421e7d38d622aedc8ca97d58771ea6,28209b7aed95f7c0c9b9806f974a104e,432c37c9dfba871172ec162e20118b8c,18.27,119.90
fe47c42447b8cdec3dd299e95dc7fbc9#1,fe47c42447b8cdec3dd299e95dc7fbc9,56d45b2c27871322801134f57d1b9dfb,d1c281d3ae149232351cd8c8cc885f0d,16.78,163.99
fe58b25c8ebdc65c3d4cb34070bf9e5d#1,fe58b25c8ebdc65c3d4cb34070bf9e5d,c40b4d64d9a3328382ec1fc2948c4af0,95b293867b5862941c9cd74f756a3c68,14.13,54.90
fe5cc94bdaa0c8c83b6cfb74d01747cf#1,fe5cc94bdaa0c8c83b6cfb74d01747cf,2722b7e5f68e776d18fe901638034e54,3d5d0dc7073a299e31fa718ce1bc00b6,24.55,27.90
fe5d946bb1d5891792a436f46f3618a3#1,fe5d946bb1d5891792a436f46f3618a3,336cfb12a5468070795ae4c964f4ce47,7008613ea464bad5cb9b83456e1e6a8f,19.21,89.00
fe91d55ea129eb6d5a2d5fc82bcacbd0#1,fe91d55ea129eb6d5a2d5fc82bcacbd0,6afab9e71cf3c11c8baa174027ef4312,651fe66032c9520ee5587f694908040d,18.30,29.00
fe9a6d1cc6a07629474a4ecb1ed9077a#1,fe9a6d1cc6a07629474a4ecb1ed9077a,b58894ae62ca975959eb3a8d4c8f4f92,7aa4334be125fcdd2ba64b3180029f14,22.63,134.99
fe9a6d1cc6a07629474a4ecb1ed9077a#2,fe9a6d1cc6a07629474a4ecb1ed9077a,bed9b7934576c9ba61b6ba6f3babc698,7aa4334be125fcdd2ba64b3180029f14,31.67,26.26
fea58e65b788d96dd982a2660be9e2cc#1,fea58e65b788d96dd982a2660be9e2cc,3731a08877914ac1dbf9b7c995854f84,b561927807645834b59ef0d16ba55a24,12.87,29.30
fedebd6340d6998da33d42acafad9a4b#1,fedebd6340d6998da33d42acafad9a4b,3472b106bf41b1e7223330cdfb8a3673,d2374cbcbb3ca4ab1086534108cc3ab7,18.23,17.90
ff22f062d286cb9f0ac08978e3088b82#1,ff22f062d286cb9f0ac08978e3088b82,fb949f35bd1873f846cb7246d9db81b0,6edacfd9f9074789dad6d62ba7950b9c,16.12,51.90
ff455a4ac6c4471e4e1ddc55f6610e60#1,ff455a4ac6c4471e4e1ddc55f6610e60,431d674f9a4fbd0957ecf6ba3fcb6899,53243585a1d6dc2643021fd1853d8905,20.08,299.99
ff49c0a826a9b21b12361deec89f4a98#1,ff49c0a826a9b21b12361deec89f4a98,fbd4031ddbc3d02b95834b62769d3ad0,ce7d1888639e6fb06b2749cbfdac1ff7,26.12,138.00
ff6b6db3d3c1548c9b511a5320ee27d2#1,ff6b6db3d3c1548c9b511a5320ee27d2,0d85c435fd60b277ffb9e9b0f88f927a,f457c46070d02cadd8a68551231220dd,13.62,72.00
ff8780cfb4535054cc5b56046b170cc0#1,ff8780cfb4535054cc5b56046b170cc0,880be32f4db1d9f6e2bec38fb6ac23ab,fa40cc5b934574b62717c68f3d678b6d,17.63,44.90
ff9475663788de57817b221392697cce#1,ff9475663788de57817b221392697cce,f7ee078cfab4ad9144e1d75fd0258c5b,d57e18d5f73c7ccb7f7339b61166898d,16.32,37.90
ffa466d3e55f98477b7e0da764df3c6c#1,ffa466d3e55f98477b7e0da764df3c6c,07ffc018eaf23e086370dea42c74077b,49067458c68f7701fd334ce326accbe0,18.23,28.45
ffa466d3e55f98477b7e0da764df3c6c#2,ffa466d3e55f98477b7e0da764df3c6c,53c61580d8e5c4941a358ee0335c1d5c,49067458c68f7701fd334ce326accbe0,18.23,28.45
ffdd178654127ccf34a439e8704fecd9#1,ffdd178654127ccf34a439e8704fecd9,16b4473e98422039c388f144a0b16f55,4de6e4ba574aa9dfdc824bc44dc47fdd,38.71,69.90
