product_id,weight_g,volume_cm3,category
3aa071139cb16b67ca9e5dea641aaa2f,1000.0,10800.0,artes
e3e020af31d4d89d2602272b315c3f6e,75.0,1911.0,beleza_saude
1eba879220bd0981a0e2fbab499ed4e1,8950.0,45084.0,moveis_escritorio
ce5b91848b91118daffb3af53b747475,1388.0,9486.0,esporte_lazer
5f504b3a1c75b73d6151be81eb05bdc9,15350.0,88360.0,cool_stuff
278b3c6462e86b4556b99989513ddf73,350.0,8000.0,eletroportateis
64c8f1a52b407d92518a1f8b79240a70,100.0,1188.0,telefonia
bcd58b852a3b0152b6b384c4e4474ba2,1400.0,10000.0,cool_stuff
87fb220044e9aca16fbec51c6c997aa0,250.0,4800.0,relogios_presentes
b521fddf2c8a7e7d1791bfb3c1b2f278,1000.0,8000.0,esporte_lazer
1ffe365aa7583189e63f2fa4f060b269,5200.0,42000.0,esporte_lazer
3014e35fd70fce29095ced5cdc89f4ce,125.0,2380.0,telefonia
d458378a178cd7cae60052319cebf235,200.0,2352.0,papelaria
4473f3e5c65952b074ef987fa5c24662,350.0,816.0,telefonia
43724b27731595d954e911f443fb1cc4,2200.0,352.0,construcao_ferramentas_construcao
5e21d5cab5d33e770d8150a4ee6117db,200.0,352.0,relogios_presentes
a5bc1334f1762ce0a844f3f694dc08e1,1200.0,2560.0,cama_mesa_banho
701ff123e9085dcc9c2f833efded6374,10664.0,134505.0,cool_stuff
47969dd948e918289f809be899ddfb4c,258.0,4332.0,papelaria
1b37262ebd1307a6c9aab9aca8584e76,1300.0,5400.0,pet_shop
bbaef2eadf31fe3ea6702077398be06c,400.0,2178.0,perfumaria
84e1b9c6ba2ed178bd217097b41f1251,10893.0,127776.0,moveis_cozinha_area_de_servico_jantar_e_jardim
0e40b1ed4cfd3da1962ec91913e54ba8,175.0,3630.0,eletronicos
78119fbfa709d07b86f5ccf15043c6d6,586.0,2574.0,cool_stuff
c9fe02894880831f6f28d5ac212d036f,314.0,6840.0,construcao_ferramentas_seguranca
3c883b9d3fd2d0ce448d4136349dc0a4,550.0,7935.0,cama_mesa_banho
d19d6968c8fa843da04bf9c9d23c312f,400.0,1232.0,automotivo
c6336fa91fbd87c359e44f5dca5a90ed,150.0,2816.0,esporte_lazer
2e511b5741ab14e7f5294df6f1310b03,188.0,4800.0,informatica_acessorios
b0cd550945da1de6eb9cb69595d540df,900.0,4096.0,esporte_lazer
c04b8195870068ff5c495f269a0bc993,1100.0,1827.0,livros_tecnicos
3c2f792f1041177a81913a977431a99e,200.0,8000.0,eletronicos
f97d74310019b255120e4316f4515d74,200.0,1584.0,fashion_bolsas_e_acessorios
9a5a361f3cd6c280f6bf4ffb6207c51e,200.0,2415.0,papelaria
1dfb36d969d347f56f43590ec42c7b8c,900.0,2028.0,esporte_lazer
e24f73b7631ee3fbb2ab700a9acaa258,2250.0,6600.0,fashion_bolsas_e_acessorios
afce90df29b9a0c1bfe5e1033f1197b1,75.0,627.0,telefonia
0bb7cb61f1957f79dac582ab66ccdc1f,553.0,2430.0,utilidades_domesticas
f72379337062680ca5a2b7b0275913d8,2050.0,11880.0,moveis_decoracao
4c505e52bedf9651c08793647c925e65,350.0,2560.0,cama_mesa_banho
c23381297fa734ea441a15d723199fb5,200.0,8000.0,informatica_acessorios
62224b433a431310bf27129938ad9f64,700.0,15876.0,esporte_lazer
4c7d111494b1116a2bec5e2d940e3439,300.0,759.0,consoles_games
ad0e74d7a7848008daa87492dff8db9f,500.0,6048.0,automotivo
b5d214651360e2d58e13b48ae69c6199,10400.0,62100.0,bebes
dd2ca29c9d0f93d3b1d28d7d7ee3025c,7750.0,27225.0,moveis_sala
f102842fbe436027eeeb7fc76d3063aa,350.0,8000.0,consoles_games
593236d0ff46b4299b4787fb8d43f7f0,7225.0,41200.0,industria_comercio_e_negocios
386486367c1f9d4f587a8864ccb6902b,835.0,11880.0,cama_mesa_banho
35255921c732e0e9319097469d856cd5,400.0,2970.0,relogios_presentes
0eb8e03d4ef83152c4642b606b5bbdec,2900.0,14000.0,moveis_decoracao
3f9d819e1669be4865fdcd717968bb4e,200.0,352.0,informatica_acessorios
bdb0b11a36aed4d0d862a7037c838560,383.0,2496.0,telefonia
88d1ed18fd38fa0ffeeb4b517ca42a9d,470.0,10143.0,utilidades_domesticas
4079a95ae53890e5c268117864020aa8,2350.0,8547.0,cama_mesa_banho
9ff668529410eefd5bca723acb4834c1,1800.0,3600.0,moveis_decoracao
61a53738adc5c0e8d243553320f9ba1c,8809.0,45968.0,esporte_lazer
f50df9b142a624bf4c4d8495489a207e,600.0,11500.0,brinquedos
60bb4500843105345ef9541e59a7a87a,1200.0,14800.0,cama_mesa_banho
296ae6fd1ff55a39b63dbbb3ea7a36a0,8150.0,40000.0,cama_mesa_banho
5ade9eaa68986ae388b9d6ba2aa185e8,5250.0,32670.0,moveis_decoracao
01cf8c7364048b4b6ed0fe400667054d,1200.0,9600.0,brinquedos
af76a54b712e9cab85d2824e96c56ff8,200.0,816.0,automotivo
ca17b18b38db6e0d2c33d362322f2a06,1900.0,5400.0,livros_tecnicos
613d093272cb8f74f25a01e430155a6a,1050.0,60762.0,agro_industria_e_comercio
99d1f27bf9ea0392ab69d0203c6efdc4,150.0,3840.0,perfumaria
99b4596b82b6f75d453160c9c75e01f4,1550.0,7038.0,artigos_de_festas
b73e7ccdd22c0bb891a93ec7d80b717f,461.0,2520.0,esporte_lazer
bfae0d55eef43da69474aadac456cbe4,300.0,8000.0,esporte_lazer
53b36df67ebb7c41585e8d54d6772e08,584.0,2288.0,relogios_presentes
1e56c680b07833e85fec6904b2c7e4b8,200.0,6318.0,pet_shop
d389bacae4eb98af95b782dae3b7f03a,600.0,2850.0,relogios_presentes
98600823ba81f3ba76386dac7c31ee06,125.0,5760.0,beleza_saude
036734b5a58d5d4f46b0616ddc047ced,300.0,816.0,telefonia
87aa68bb4f8c5d53b7a6a496ce10d86c,1500.0,49500.0,pet_shop
b15b38f8a24ce6254dfa5bc5a06f18c5,1600.0,3825.0,automotivo
ca4a58d8a97a4e1c5822292d4cfcb4b6,100.0,612.0,fashion_bolsas_e_acessorios
ace5d86cf1ac63cdb76f49e5cd23d2f8,600.0,2400.0,moveis_decoracao
385a33a408e9c35c9fbc2025c12f3784,220.0,3432.0,informatica_acessorios
cc3181a81384b6fc34602d49cb6068a6,18450.0,59976.0,eletrodomesticos_2
4c35791f944cf1550e8ae288b3f9e258,424.0,4750.0,informatica_acessorios
52198ab6a720304fd80cac19c691a049,150.0,12800.0,beleza_saude
c83bfa25f218562a2db2cb8abce10e1e,100.0,4096.0,telefonia_fixa
70cc46ccdfff951dd7829395bce256ca,700.0,6000.0,ferramentas_jardim
2b5000342506556984dc8d0dcdbd4921,150.0,5967.0,eletrodomesticos
995e25d9b46dee183004994645768d95,500.0,4800.0,esporte_lazer
9d358fd2a77935cffa32834b50cfb21e,1200.0,15750.0,cool_stuff
f110a8fd4a8052d5717ce2adc2bb71d0,3350.0,17028.0,esporte_lazer
5bf681c3d83a332fbb49765e3e572145,100.0,2240.0,utilidades_domesticas
d19284bf0893e07e80c26fe4ad33458e,2550.0,22050.0,moveis_decoracao
9739d07ec835e1c66eedb9a6df402bd5,900.0,23478.0,cool_stuff
6d07236d4abe99b5b1cbf368971bf6e7,200.0,1428.0,brinquedos
a8115d34a4b7b74388da609692162c37,250.0,2378.0,informatica_acessorios
418b40c9e83b7e5ac79e4a7ef975ebbe,7300.0,44280.0,eletrodomesticos_2
ea44caac707f7f1325182a538007f838,6600.0,39375.0,bebes
237629a2fbb505d4db6ef67408dcf5bf,475.0,10944.0,utilidades_domesticas
90f97298579cd20412fdcc9b7a2d4b6b,475.0,4160.0,alimentos_bebidas
2ac7c9339ff85fff3e1aee3eaf7bb315,217.0,1260.0,utilidades_domesticas
7642ddbf174d9a97119510f56be6c201,1950.0,36750.0,brinquedos
b5c114b11d53b6fd85a6a90790f0b479,267.0,4320.0,utilidades_domesticas
31a2f42a87890f87d77daebdfabc182e,1700.0,26250.0,brinquedos
39af1cd37608a2db10b81fd2350ce047,533.0,5760.0,pet_shop
15a9e834e89eab39d973492882c658d6,949.0,15600.0,cama_mesa_banho
1fd5b8526b883f92d22dc09cda3031e3,350.0,25200.0,cama_mesa_banho
822c9ab05e9b8114704a5b2cd8639585,520.0,5304.0,perfumaria
bd9fca6bf4bdcbf4094d7bc11415dfe5,4683.0,28710.0,eletroportateis
9bda44a359c6f3c4a011c470eaa1708c,500.0,4096.0,perfumaria
a4c27cf9767fe2b589251c764b891eda,368.0,5940.0,perfumaria
902a8b8bb0768e8562edc2d903337812,750.0,15400.0,bebes
40c19ad8081c5efe90d93d945287adb8,150.0,2464.0,perfumaria
694f7daacd749d7bde487e0f9675c5b8,850.0,6750.0,malas_acessorios
c702ae743958a81cd230189d4e72674c,183.0,4508.0,informatica_acessorios
6e1b14d3cbb5fb3a2c00351007127dfd,1625.0,33792.0,cool_stuff
643a66b1dc5dad3de6cb5a41549e72f1,300.0,4536.0,casa_construcao
2944c269bc95271a46f4c63f07149b0a,275.0,3328.0,cool_stuff
962a6951154f98f2c8e9a5b8b2bcf4a9,2550.0,31500.0,moveis_decoracao
1a264b7839c199ba4df21d5284492650,250.0,2772.0,automotivo
d1ff1a1223a2739d17005c9f4c4a40b6,10100.0,56980.0,papelaria
6fd08d44046ab994b96ff38ad6fcfba1,500.0,12167.0,bebes
7c197490eb450e4ef0453e2ac0af9f30,900.0,6750.0,informatica_acessorios
5d0163a1864ccff91f6949a1b03a37ae,8450.0,24624.0,utilidades_domesticas
531db530c03405e0e34470594e53b7dc,250.0,15625.0,esporte_lazer
79e15231b726878193713bdd2c293448,932.0,11592.0,esporte_lazer
d2f2c2b94c6ac44ece0bd0dd202c7939,1050.0,12288.0,moveis_decoracao
431dc11c26a67c6a49e81cee84f35b28,600.0,3888.0,consoles_games
0820af09ddc75b84841b1fab4da4be9b,100.0,1872.0,eletrodomesticos
8173ca41cdb176462f9ae79821a48404,150.0,4000.0,esporte_lazer
8f79800a347de2da5104a414bc791a0b,400.0,9000.0,ferramentas_jardim
77922dd87928c2cf9225946dac2a27a7,650.0,15625.0,moveis_decoracao
ec72556b5da399d24fe06338e816a9ac,233.0,3300.0,papelaria
7b32b1b87594b60dced8abb4531d2986,350.0,1056.0,telefonia
c7079d23bead81759eb7c670b96728bc,600.0,10800.0,esporte_lazer
83b92639fffd1d55c9e04c77c86d8d2c,280.0,4200.0,informatica_acessorios
d696750e550fd0f733979dd7e5dff921,950.0,3445.0,utilidades_domesticas
cea7edf64d9e93fbf6b89cc3ba537cd9,25000.0,64000.0,ferramentas_jardim
54d04fc6ad1839346b6fe2c94687fd74,300.0,5780.0,esporte_lazer
56a5da29b4975931b470aa9d61ced8d3,200.0,2040.0,automotivo
e4e9fa024c5f014419b395452a41987c,3450.0,92400.0,esporte_lazer
b61ca163d698bd09698b6876a3e945e6,450.0,4000.0,utilidades_domesticas
9d395a6bc9dbad2dfe60c8c92d8df397,850.0,8349.0,moveis_decoracao
980f472a1354c8366960f7c4528c470e,350.0,2964.0,beleza_saude
99d649a55b3bbffa301adbe2e0661d41,150.0,1496.0,telefonia
d4f91ac96799dc3d9221293e29892e30,700.0,8575.0,brinquedos
cc5447118c174dcc6456c84ccb29e6f7,550.0,4446.0,perfumaria
a8e9f87b1e5eb60206b63ff80c5ecadc,700.0,1320.0,eletrodomesticos
601a360bd2a916ecef0e88de72a6531a,1600.0,15750.0,cool_stuff
af56e0203193f066ed64cbbbbf95ae6a,750.0,4375.0,esporte_lazer
1b981d76f4ec023c49b13412f503f1c2,300.0,8349.0,bebes
eba7488e1c67729f045ab43fac426f2e,610.0,4928.0,perfumaria
978859c6048ded0fa8bf3b9ea8236387,350.0,2640.0,utilidades_domesticas
37c0cfb5f2381b6130c1ddaa5df146ae,1200.0,16864.0,brinquedos
8f0877b2fd784f6948e606be7f04744c,700.0,27000.0,utilidades_domesticas
0105b5323d24fc655f73052694dbbb3a,2839.0,5472.0,pc_gamer
7567d226ff0be3edcfca0124da0ca3f5,100.0,2400.0,papelaria
f9be8e0e5acd947d8f49dbc390b9ab20,2400.0,23625.0,cama_mesa_banho
53c61580d8e5c4941a358ee0335c1d5c,210.0,2625.0,construcao_ferramentas_jardim
3f1a741cf5591384428c1cbb0ef07ec0,150.0,10560.0,beleza_saude
e27c4dd075a521097a085bced0631ce7,9750.0,37260.0,moveis_sala
db56f6d2b04c89eae4daba188842fd7b,12450.0,57000.0,malas_acessorios
52e9413ed0d3e64b796aac2bc2291d50,200.0,1870.0,esporte_lazer
79b34bfd104ba0110090a32b86572944,1050.0,27000.0,papelaria
eeb140d5f26a24f9920969845deb6b4b,600.0,2304.0,utilidades_domesticas
10b930e4c15b5f8e6b7c8c7e17ac776b,450.0,4275.0,consoles_games
154e7e31ebfa092203795c972e5804a6,100.0,4500.0,beleza_saude
4d339d073c4590d9a44b8fb0e43a61ac,50.0,2816.0,informatica_acessorios
f1d4ce8c6dd66c47bbaa8c6781c2a923,4950.0,16000.0,bebes
64051126507bdb875c1baf5b3b5a9a98,540.0,2380.0,informatica_acessorios
719d571299707561c34ba04ab867b32a,434.0,5760.0,beleza_saude
48465725d322101bdadd1d1a5acd8480,150.0,4800.0,fashion_bolsas_e_acessorios
20a8603c265d777e25da064113d556f5,475.0,3332.0,telefonia
e1ecd7384e97b1ca3f7b1601c78728c9,500.0,91125.0,utilidades_domesticas
c5fb785eb88d9246c4a9b3e7d47632b5,300.0,5600.0,informatica_acessorios
49949e69181c88f76527f613550ca6f6,500.0,2304.0,utilidades_domesticas
52e5fdcb5e51164483d584c75bd3a478,150.0,2432.0,telefonia
0eb5e2c967974b4a88f060ae6610788e,1600.0,43560.0,pet_shop
f83c9874b5b5044ea58fef1be68c1ea8,5200.0,9954.0,cool_stuff
19c91ef95d509ea33eda93495c4d3481,700.0,5700.0,beleza_saude
90ef6790cfc145cf45f9c476d1f47af0,6100.0,34800.0,papelaria
36f78198534cccd08c53c29b56e82d55,150.0,1056.0,beleza_saude
252dc1fbd22786a5305623453f8eaf8b,100.0,4368.0,beleza_saude
b58894ae62ca975959eb3a8d4c8f4f92,4200.0,108000.0,brinquedos
086351823300e0339f6955b27998c186,3305.0,35100.0,cama_mesa_banho
ec242882027ee23182f0e790e4117128,1400.0,23625.0,cama_mesa_banho
f4d2144023a238288d36db2840a37ea0,486.0,12852.0,informatica_acessorios
b6c312bb8b2e0c3ab0a23d207802f82f,5967.0,94128.0,cama_mesa_banho
0d90fced28b749fa0468818d98cb8212,983.0,33005.0,beleza_saude
f4387cd405b21509803344d044ac2c3c,350.0,1936.0,relogios_presentes
aa0756c28665669298ad1d32c064619e,1050.0,5120.0,casa_construcao
f6584475ef4b8710cec93be723766326,527.0,3744.0,beleza_saude
83d199d296c44101c8c3b5c9c0cce9ea,500.0,2268.0,brinquedos
d245838e3d0b2b51d751ccdc98885a8e,50.0,4500.0,beleza_saude
2ccd049c8e7ea210e079a1aa8ad92477,6900.0,56980.0,papelaria
c0603988d17e4588dfce0f7f01978557,400.0,10764.0,cama_mesa_banho
013298e0648d412de0d65690045493bc,350.0,4624.0,perfumaria
69523f67543ff9ea6b1a15858fb59b3b,200.0,352.0,relogios_presentes
a04087ab6a96ffa041f8a2701a72b616,13700.0,71550.0,pcs
40c9f84a8919516ca9b0d6a9f5ad27f4,100.0,1280.0,fashion_bolsas_e_acessorios
8ccda06566781fb3616d798bfe2fa783,433.0,4335.0,beleza_saude
ede062bcd13ef64b5cc87369e4edaf62,250.0,1200.0,beleza_saude
dd4c3b4ab7e001aaf385ea2e68952030,450.0,4200.0,bebes
3a53c1796dd7e4050fdfd2f5d4c90f70,6350.0,38080.0,pet_shop
2c82351074f92b0f7225437cea2b47c6,1150.0,17424.0,moveis_decoracao
99ad29366bb604be21e29faa41057d34,800.0,10416.0,informatica_acessorios
d4a3ae5a2378f3e732a6d3ba73cc22e4,571.0,12000.0,informatica_acessorios
a78e2e8f49106bb2123fe7541fa86640,250.0,816.0,telefonia
3f0376e782caf27ef19342d8e5c7e6f5,150.0,3872.0,eletronicos
323c53e2d6f8bace877b0df931ab58f9,1300.0,6400.0,cama_mesa_banho
3b402e910ac3b3271958456b36a7c7ac,300.0,2116.0,bebes
6803077179d24889430188e03fafd31a,100.0,3312.0,eletronicos
9ac3f8f66132539cb797c44296f1fa27,2000.0,17400.0,papelaria
ca7a479258a82d50745a75fc9a916475,1775.0,36456.0,automotivo
eb6511e81e85ff51547765cbc892f094,233.0,2142.0,construcao_ferramentas_construcao
d2f1cd931c7b76fefa93547cc1b4881b,850.0,2200.0,moveis_decoracao
7f4e034245e45549110139d1de248f83,600.0,3380.0,bebes
88dd63919fc9ab693803578a04a20209,217.0,3136.0,informatica_acessorios
d37c7b44350fea9327f32f3e603f682b,900.0,2400.0,moveis_decoracao
08bc541b873d8c1ecd4e6bdd1d287c97,500.0,880.0,automotivo
c862d801c5bf9b08e1bde0e3801199ed,1100.0,12480.0,automotivo
e672fbe634ad07cce9d85f412becb2c0,1400.0,15750.0,cool_stuff
3abefa3ab32440bb6f5937c65c6652f8,127.0,2688.0,perfumaria
e84997d75938765ef99930f908ceedf4,1900.0,21168.0,papelaria
3a8023f6ae79b6b7da36d630f2ee1658,8200.0,49280.0,bebes
ec96b7b4e1401281edb9465d0d689cae,1200.0,4784.0,alimentos_bebidas
8d1cfc0463b545928bfb4e589e017bd4,175.0,3230.0,market_place
87285b34884572647811a353c7ac498a,500.0,1976.0,utilidades_domesticas
9163c7e81fd68452472912c4cde810aa,300.0,1600.0,instrumentos_musicais
78efe838c04bbc568be034082200ac20,2500.0,12000.0,moveis_decoracao
31c1d1dfbb4b2730140b8bd9248bcd58,200.0,600.0,cama_mesa_banho
0cf3ab3383c2ae6f5750e5847c749e22,700.0,15625.0,informatica_acessorios
16ed6a6e3fce23b741650437fe58d65b,750.0,18375.0,utilidades_domesticas
7bdb28a55646012fb3348058d629d9bc,2750.0,21012.0,instrumentos_musicais
9d6580f17a0cba74324ce82874fbbe13,8100.0,15625.0,telefonia
588ec31c89dea5de5dc87e15790df3f4,6650.0,40000.0,cama_mesa_banho
9f7b48e2d4e4d7375f71a10791faa1b8,2050.0,20000.0,cama_mesa_banho
1ebd1450a2b8d51ffda696956426024a,300.0,1638.0,cama_mesa_banho
ceb25e5f3be12c14a1c69bd9e9e0f67f,318.0,7866.0,brinquedos
fef0dd8c53552d0f784b7cc5375a3ffe,600.0,352.0,automotivo
077599a82ee54960bc4f4c941b0d1359,1600.0,2880.0,beleza_saude
32aeecc02aa5adcb7f75155a80a47836,2152.0,13104.0,esporte_lazer
a695ab8413ea83619cde9b18292d6aa1,1700.0,3703.0,moveis_decoracao
96d1c06692244e2fed6e1f9aa9552770,625.0,52500.0,cama_mesa_banho
bd66403f5f11696c897a825d5235697f,274.0,3240.0,esporte_lazer
a848f5d152bc4b1ed01d9d231f15cdca,300.0,352.0,relogios_presentes
9cb42a0117f7a4098d69936a6e772481,100.0,528.0,telefonia
97017430754804328eb9597b7f85da03,300.0,816.0,telefonia
7b5d8be0e04080e4c8ee6a7ec2f1f597,650.0,14000.0,moveis_decoracao
f27aff266ad97e75d4a24c893b2c311e,8850.0,51975.0,eletrodomesticos_2
9d8a0e115e802d845b4ce1eb794d1260,150.0,3000.0,esporte_lazer
f22c9d6ce2431ff939aad39e026cc7ef,2600.0,15732.0,automotivo
bde643c31f72e37dd1aac0c43e130ddc,2150.0,9261.0,telefonia_fixa
f23c48d81cd6a0c87f5c3b14aac68371,900.0,14400.0,beleza_saude
4e04b7c4ec31cc8172cf3e5b863d34d0,200.0,1760.0,esporte_lazer
50627d7c3dd43902d64134574befe12f,300.0,704.0,informatica_acessorios
ff5d7f21d255435967dfbe72b5dcdb57,167.0,867.0,telefonia
74e47bd907dc11882c23f4c4ce14031f,350.0,6000.0,informatica_acessorios
87cb507e0daa37bbf34956fd59eba832,250.0,352.0,relogios_presentes
ab8ba49579d5b0173f85517ce22968c6,414.0,6210.0,perfumaria
fe75529a267b76ac6e96f0c322a899a4,304.0,4500.0,beleza_saude
7d78cbee891d98c76028e3008a230712,400.0,5625.0,brinquedos
6addacff5b9a648cf0760f3d943b99b0,250.0,880.0,informatica_acessorios
ed71a85647afea9562cd2a14b1ac8622,200.0,1200.0,telefonia
b45b5b25c6655d824ed7ffc8fa65688c,360.0,1452.0,telefonia
01a2ad2b54cd734f78cb817da7752d8b,430.0,3192.0,perfumaria
8d29622ad4b816113fa721f21af4f667,4200.0,6000.0,beleza_saude
5cb96c51c55f57503465e4d2558dc053,300.0,2310.0,esporte_lazer
f422d0d9f8b5f7c27289382b14b61248,1800.0,15960.0,brinquedos
07c055536ebf10dfbb6c6db6dbfc36e5,600.0,1800.0,moveis_decoracao
5ed9eaf534f6936b51d0b6c5e4d5c2e9,600.0,8400.0,cool_stuff
5c2bb11cf2149bd4d9fffcc1246458c3,2283.0,33075.0,papelaria
656e0eca68dcecf6a31b8ececfabe3e8,173.0,2808.0,informatica_acessorios
2a15783d3cb601f8d9a6a86806b037b3,600.0,6270.0,bebes
15ae68f4be12b1e7037da33a1ef9753a,7600.0,60000.0,casa_conforto
af8533a77adce26dca87480c4c5c9af4,550.0,2737.0,cool_stuff
0f96cb6fd0ba832f2d7a21d13b251526,2200.0,8100.0,informatica_acessorios
d309288ee9ab5d3d3326efb574f9b555,150.0,2250.0,beleza_saude
fdbfd4cec6db6e89f22d9aa2c4839eed,20050.0,75625.0,casa_construcao
81a3f1e46ec16acb4800a5002b014438,550.0,1760.0,perfumaria
94a75895c8f08d597e9a2d9447170fd4,11500.0,64000.0,papelaria
10d9c039b5dcb3b2a4a4fd507fd187a0,900.0,12500.0,cama_mesa_banho
2028bf1b01cafb2d2b1901fca4083222,250.0,3360.0,perfumaria
7518c51f502ca391864ea9b073e634d6,200.0,1680.0,beleza_saude
5554c5718f820a868853dbc5ca859b3b,3100.0,3971.0,esporte_lazer
3225c54bb2785c33f49f50398fcdb88c,269.0,2431.0,relogios_presentes
941fede5c398c3c84cac6e6c832c2b11,3000.0,10000.0,utilidades_domesticas
4613efcec95c18902f5e8b117df56188,666.0,4860.0,cama_mesa_banho
d8de812ed5d981fc6a3984f4caa2aa05,525.0,9280.0,esporte_lazer
a35a59bff183b90417bbc511e1d82115,500.0,1936.0,papelaria
7c1bd920dbdf22470b68bde975dd3ccf,200.0,3960.0,beleza_saude
c89bd65c6473672b9808b1d1d4df79f9,400.0,6555.0,relogios_presentes
e5eadf9be70a4a9fa514019542fc330a,1200.0,21000.0,eletrodomesticos
9e261f5543c32312afa68843fabcc119,4600.0,34776.0,pet_shop
63085bb4366ded27bcb63cbb59b4103a,13100.0,78584.0,bebes
2a217b8a9a09c938d8db704d99d7f053,3150.0,33930.0,brinquedos
249360ba4e41990fed4dd4398fd1893a,200.0,1056.0,bebes
ff7fccf8513f360157f0660fe51d1d88,1500.0,17920.0,esporte_lazer
6c81db10f914c4d032b14fa93aa0a818,150.0,4096.0,fashion_bolsas_e_acessorios
dc66bd48cefb7c7c6ad6684a305b6bf7,13050.0,88000.0,cama_mesa_banho
1c9b5793de6c3d9117b6218552c87a8f,50.0,880.0,perfumaria
ace1e48f1eaabcd539235e93e361133b,400.0,2125.0,moveis_decoracao
de80c37c338574091896b7fdc81dc376,333.0,4335.0,beleza_saude
5bd6493a2d5a384987386f2696bae33d,150.0,836.0,telefonia
09c2dde20d43a2b79ec17fa25a5ad6b6,1500.0,49500.0,pet_shop
2604055d4992311bc72b115b6d5adda9,1600.0,40000.0,esporte_lazer
7c0ff36de8af6f43eabd036729ff64a1,100.0,640.0,relogios_presentes
12e479f1c2c0417147a3e36302485e30,400.0,2304.0,relogios_presentes
57f2bc497c1a3ebe41ba7a06d78ed159,250.0,640.0,relogios_presentes
d2e8130fbec52f5dac0571ea1993f28a,525.0,4048.0,informatica_acessorios
1a758361b1c10b3ffe3d3373332de319,175.0,2210.0,esporte_lazer
6f2d7833b8f0a094571ebddebdc6623a,350.0,884.0,telefonia
fadc89c2a60ff96b18827644074dfd70,1800.0,27000.0,utilidades_domesticas
72a137b85d5a1d82cde242493f118f43,600.0,12960.0,consoles_games
483691880798b6f0f657c203494cfe3a,1050.0,4500.0,utilidades_domesticas
82495477af19e76ed4b080e66298f2bc,900.0,28842.0,brinquedos
4821fcfd5ac4f89ee295f3ac1f20c7a3,2900.0,4992.0,utilidades_domesticas
0f0c4960b05d6145bbb4b348423503ef,1700.0,4160.0,eletronicos
293ee8ac0a45f559cdeba37b938fdb66,8550.0,51200.0,cama_mesa_banho
5bf57bdef224b9486b45ebba37ec6191,1300.0,7448.0,cama_mesa_banho
2b0fac480ecacabf93bee47ad17c0b0c,900.0,10080.0,brinquedos
0bed2811f66d80c67e51d3d9a5127233,100.0,864.0,telefonia
ac20a9614b6db9e7289b85c4f4b6216a,1250.0,19760.0,eletrodomesticos
d41a23bd2bc3ec10cfffc66c0611a290,1000.0,10000.0,moveis_decoracao
4886ee6eaf4ab72e0e91ed0c42815f49,1950.0,4800.0,cama_mesa_banho
2f13d1dc8b4e1d9d8027be50339546a9,2650.0,27000.0,moveis_decoracao
9565229244e9341fb8c8069879cf73cd,1700.0,7616.0,cama_mesa_banho
bea920589ef5e1949b4627e0574b877b,200.0,4800.0,utilidades_domesticas
f97194491a605b1d0e50d631e443cb5a,1300.0,33635.0,esporte_lazer
b48d3e49914549b781c0b59f819b398e,1200.0,8000.0,beleza_saude
71f0bc096460c175e49cb3826bc8761a,5700.0,12000.0,moveis_decoracao
ec2d43cc59763ec91694573b31f1c29a,800.0,8000.0,cama_mesa_banho
e9eebb8e8ba0fadb9020f8ba1c003b48,541.0,5040.0,perfumaria
b72a8fd99d59007948419121f2a5056e,425.0,1900.0,automotivo
b37b72d5a56f887725c2862184b8cab8,150.0,836.0,telefonia
0bff7ada15fd3840490f79b2612db33b,1775.0,18876.0,papelaria
557313563f418e18cc4a19159774cecd,600.0,28000.0,cama_mesa_banho
6994675fdff4377e6e1b738094977cf4,6900.0,6912.0,utilidades_domesticas
61b5c300f3e56ac6bda4cb54de396f9b,200.0,900.0,telefonia
e090b9bd2ef7d60d3b0ee3399c79ee3d,1217.0,14850.0,informatica_acessorios
6c40c98da8f33daca57f0e9b78eae09d,2900.0,55350.0,brinquedos
2e0a8fea09b84a86e1fef3fcdf244668,7750.0,36608.0,esporte_lazer
fb19ac22e32dfecea21afbdde4b97b5f,100.0,3328.0,telefonia
65bfaa2fff2cfb55a0b7a466549e6758,2000.0,5760.0,beleza_saude
394ccaadf8429703362e1796dccbf4d9,1400.0,4800.0,alimentos
98c0c93d863d3da23549a04d45033e06,17950.0,87808.0,utilidades_domesticas
09b0d15a8cc9a84e7af7e0225f67dc45,1400.0,8000.0,moveis_decoracao
ac1789e492dcd698c5c10b97a671243a,300.0,18375.0,moveis_decoracao
d239ed6ed6dabbcbfd8a3b776e1ca50c,30000.0,216000.0,utilidades_domesticas
a0a6ba377d74146f38d2de3fca3817ae,9350.0,56000.0,utilidades_domesticas
c1ad8ac66c91ad301cefc322ba2adf31,757.0,3990.0,relogios_presentes
42a2bd596fda1baef5719cb74f73030c,1300.0,3080.0,cama_mesa_banho
aa8bc5595ba5d066c744e14995402cdd,333.0,3640.0,perfumaria
43f911ac50adc19a96cd523ade4e7cca,1617.0,5130.0,beleza_saude
1aa2ed670a95e9f475723707a7c3f386,1000.0,6612.0,cama_mesa_banho
5cca824e6a0eebe738c8a6381d0d9349,200.0,6992.0,informatica_acessorios
18e2f2853af64a5c039fb829e8609da1,600.0,1936.0,relogios_presentes
e493c5e2a707b9eb0f6d01041c86856e,5550.0,12000.0,utilidades_domesticas
84a517a0e06ef2a45abff3cab3f0ad0e,225.0,3120.0,informatica_acessorios
16ba44d9231d19fc57e0a4188d0ce1cf,303.0,850.0,moveis_decoracao
254e83d8714765408ae71c07e6a972e0,651.0,6600.0,telefonia
6f7326be4926840cfcd094d2629f1049,1000.0,10800.0,utilidades_domesticas
6f46359e56f51d5deded13adcd1c255c,650.0,4096.0,beleza_saude
aaa86a9a394d5df9490a43aa78b4a59d,50.0,816.0,automotivo
2d1d20d3c91d3940c6079a3bad529402,150.0,6732.0,perfumaria
85df978207ed4024ea16570dbb64fd6e,100.0,1800.0,cool_stuff
fca62108387e25005784da2f551466a1,14600.0,56448.0,moveis_decoracao
9e658d39c905e71cc35ec057b88b185b,675.0,18081.0,esporte_lazer
a2ff5a97bf95719e38ea2e3b4105bce8,11800.0,61920.0,eletroportateis
1613b819ab5dae53aead2dbb4ebdb378,50.0,2550.0,automotivo
55cfb8318af6fe90dfacf0892abb2cee,1500.0,8349.0,moveis_decoracao
33fac76e7f17367dedaef7954bbb33b4,550.0,8000.0,beleza_saude
7c6ae4d12d2754ca0826ad17792c554e,2000.0,29700.0,esporte_lazer
0ae10ca52e6cb8745e17c11e7c43907c,700.0,27000.0,
18b0e642cbae7251e60a64aa07dd9eb9,200.0,2378.0,informatica_acessorios
fed5c40c27e1c88560a9e92d82ee0825,150.0,5184.0,eletronicos
efcef300fe9b2c558a8ea258127f6e6f,7300.0,15625.0,pet_shop
4298b7e67dc399c200662b569563a2b2,200.0,4410.0,informatica_acessorios
501ae028cdc334d0292eb35591ccb5d6,9600.0,19200.0,utilidades_domesticas
43cc8e4d981bc04b9d78b12e8a908d41,11450.0,54080.0,beleza_saude
1f75be631e988bb0ad750e60e18d043b,200.0,3750.0,beleza_saude
77440e31527d8fa95aaf43bef08068fe,500.0,3120.0,beleza_saude
9456c129f470955000d28c94f73340cd,400.0,3402.0,esporte_lazer
33bd5538a16d23f0a39da1c9bfd20980,2200.0,13608.0,casa_conforto
2d2fbde9939c282238dc0847b04c5018,300.0,5280.0,informatica_acessorios
8347d3b517ab185dea43991aebb46737,200.0,2208.0,cama_mesa_banho
ca9b2caa4f7ec65aeda5825e09dcf99c,600.0,7072.0,moveis_decoracao
88703479ede641552b11881f0d2a6f6b,2250.0,4992.0,utilidades_domesticas
07691def223b4568e8ecb5a5b30574b1,150.0,2160.0,telefonia
48882f9b2e661cb01f564f54b92aa881,364.0,5500.0,livros_interesse_geral
d070415dddac66bcbc0a2e4f253c0f81,20100.0,137677.0,automotivo
f720c39eaaedbc6f37a0cac64fe6a6aa,150.0,5355.0,automotivo
69c5919a1b057b3d3d8b58f3b9b4b89d,800.0,4000.0,automotivo
6e729bd456c54469a9af4c8774f1eab7,6050.0,21762.0,ferramentas_jardim
0c761b0e33d708e6a3694a94ac4b82c4,2200.0,6300.0,beleza_saude
abaf51d7a67cc363c8da7ae77d15ecdb,300.0,4400.0,esporte_lazer
bb42f37fc3d9130e4a4339d24a47dd7c,400.0,600.0,cama_mesa_banho
f361fccba568fabe00db466f80626d1e,75.0,1768.0,automotivo
b7a89537c40b1f5a18b5ba75dbb91cbe,594.0,4800.0,instrumentos_musicais
3f31ad7df5482b3e8fcaac6ea060574f,200.0,1612.0,relogios_presentes
caa41bf17e27022341da028e79152c4c,180.0,2288.0,beleza_saude
3cfbc83ded5aa170816cc18cdb5d4188,400.0,3380.0,relogios_presentes
c2c00c360a8407127ec5393828933bc5,250.0,8000.0,papelaria
7f8b42a3cbe617b6112e0623f0d32fa2,6300.0,40400.0,esporte_lazer
8899e549604c83a99da5fd3ec51d955d,200.0,24000.0,cool_stuff
90c3564fa89e67d5e1b4898dd43cebc9,300.0,11475.0,automotivo
41c24b8ce92d1a2cac62db5edfd088b2,314.0,2772.0,relogios_presentes
575a896d07cd269eb0b2b8762e0be261,6150.0,8000.0,esporte_lazer
e1ed9c25b42fc1afbc7459cc821a9d44,7700.0,50000.0,construcao_ferramentas_construcao
12f066474dfa3c415c169051c5e1967e,200.0,2640.0,telefonia
88ffcf27478318ba55b1f9d22d65ce97,600.0,19375.0,construcao_ferramentas_seguranca
2afebecdbf5ff9f1058bc9164e65c200,8800.0,43560.0,bebes
b1f4ba08a7cc4ec6ba47a54fe99beea4,200.0,880.0,beleza_saude
a7c82583dc20dc8caa7b88a98b8f3cd5,350.0,3024.0,automotivo
441f80632def2e872e95a3e474226119,900.0,8400.0,moveis_decoracao
17efcba3c09566b89c945ef563f381d2,1150.0,6900.0,esporte_lazer
6af944d65385c537dd7fb26787c7dae3,2100.0,17500.0,moveis_decoracao
995132c3d9a4d244fdc9fb4b3d5c8e82,750.0,23460.0,brinquedos
9ccf11289147e5277b022439b4ea1f20,600.0,8000.0,automotivo
f7a17d2c51d9df89a4f1711c4ac17f33,350.0,3344.0,utilidades_domesticas
2a46d3a8cb337e4c4b5db2d6df599cea,5200.0,3900.0,eletronicos
cebff45f1d1558430be0e07ac0df6a68,1400.0,27000.0,automotivo
fa8b90b254398a181c77d51bae41eada,5550.0,33000.0,beleza_saude
5c9d7078a9ba9cfd2f39725146e15678,1350.0,15750.0,bebes
664fa109c2fdc2f1c8f1ec2b6863fe5c,350.0,13440.0,brinquedos
00d2add85b1f5aba6bb3d5d977314e25,9050.0,40768.0,casa_construcao
ec5a5cf28e0fbef0c5391157203ab8ce,188.0,2016.0,cool_stuff
6bd8c7dc9695bdc48adc5960f4fee0ff,2750.0,12250.0,moveis_decoracao
e435ceb7ced9b8446defd858630454ed,440.0,3740.0,beleza_saude
195a72beccf48da20d71e2d7530b470a,425.0,3080.0,beleza_saude
1d7db62a21ffb4f220d3e8a05fa77e02,100.0,2288.0,fashion_bolsas_e_acessorios
56fd30e18420cb9a5a50c718168fa660,700.0,4352.0,ferramentas_jardim
32bad49615b7c5da42609b98df97482c,50.0,1872.0,portateis_casa_forno_e_cafe
a7961e6620228e0f227361f0668e37ba,200.0,4800.0,cama_mesa_banho
951cb45d30e716a846d8cf5874034e56,150.0,648.0,telefonia
2c0b8a973e616502de1d80482fb9c5be,100.0,5760.0,eletronicos
6eb70dfb283dc3f645ed7b03c990dc72,343.0,2717.0,audio
4011494d902f1075a502ffe9432186b3,650.0,8000.0,instrumentos_musicais
58662fc2ddcb4853532ee42a1cfc9843,140.0,1680.0,informatica_acessorios
6bd248f93425ceeb625a8a97e2404112,550.0,14720.0,papelaria
99b5d7eec773ceced9d287d753ca00e9,1000.0,704.0,papelaria
b3cf0a98f31b76ed0cec13d9c77102c4,1300.0,4356.0,market_place
6d8f2ccbced01ba3165048d784a5cf0c,200.0,2100.0,relogios_presentes
c781fcf450227132b560b10bbd2ed26b,200.0,3248.0,bebes
318fda70a35e94c586339fe51eafbe7d,1350.0,5760.0,utilidades_domesticas
1eb5b06a73df439c29be30c762965ce3,900.0,6555.0,relogios_presentes
ce149636a055d9eded4cde55da9ebd3b,200.0,2352.0,fashion_underwear_e_moda_praia
4fcb3d9a5f4871e8362dfedbdb02b064,5950.0,46475.0,automotivo
368c6c730842d78016ad823897a372db,1650.0,19800.0,ferramentas_jardim
8338cef8355d238f43711dcb9c0657b2,700.0,1800.0,moveis_decoracao
936a034fe3b07b7ae7c87fc8ceb0749d,450.0,640.0,relogios_presentes
2e830c73f28d3b8542af03cf2637dfc4,275.0,3672.0,eletronicos
4fb3bad6b502eaca3b6d7d87bc1613a4,663.0,8000.0,casa_conforto_2
c10a7001e8b49dfc03817444b5f2ed81,500.0,352.0,relogios_presentes
4aa6014eceb682077f9dc4bffebc05b0,10150.0,53400.0,utilidades_domesticas
7d9f42ecf65ca91f7e28483c5008dc4b,1600.0,7616.0,cama_mesa_banho
a8e69cb7ca2c04d5ba7f73b2385f2a76,107.0,2268.0,esporte_lazer
45db4516caf5bf0516fb08b73fd14d1e,550.0,1056.0,malas_acessorios
7ac5f520abfc0589418bc7c76cea7a7c,1550.0,9000.0,cama_mesa_banho
423a6644f0aa529e8828ff1f91003690,5800.0,18000.0,agro_industria_e_comercio
5cc37c2c2b8ea0c98010d1ee6028e45b,8700.0,25600.0,eletroportateis
918d420adcb5ca26487f9fff29535fd6,4200.0,24500.0,utilidades_domesticas
4632bc49b300378ed4f1d48f424d414e,795.0,11700.0,automotivo
763c99ba797c7d691e58bec3d42843bf,3750.0,32000.0,utilidades_domesticas
2ef3cc0d3f3adddc0ef8ecf48989bba2,3875.0,18750.0,pet_shop
634256dbcd184b3757ffd7632c9fe52a,150.0,1360.0,beleza_saude
24bc2932a12c983f8e76d828b65cf39b,380.0,2431.0,beleza_saude
50b9ed3a22932b28d452c73046083f5d,254.0,3060.0,esporte_lazer
cfb79bfbdaf59cfe2e9ae0a071451f32,550.0,1710.0,cama_mesa_banho
ce6bbfa347690099b21b9d688772d5ab,700.0,5280.0,automotivo
a334304f952399f2161225628a9d2891,300.0,2520.0,beleza_saude
2132979d9b6f64e99b8c9bb4da4e0323,496.0,16380.0,informatica_acessorios
b8b426747049f2d3d6e00b486d47dedb,1250.0,5544.0,beleza_saude
896a64a7f34cdfef2c60ce59fa2a148f,800.0,10868.0,perfumaria
f410090aec61f7c73748ca894286edcd,450.0,21000.0,papelaria
7a7be236d8368315680071df4209dd4e,850.0,27000.0,moveis_decoracao
1f8aad0f80f6d061b4d09e538ad496d7,500.0,1568.0,brinquedos
e482ad963bfb9a9abc51b9850aca97b7,250.0,1672.0,utilidades_domesticas
45a15b38cc3c0514717a1de673c6193c,250.0,1768.0,
04c4182bda52366f3c4b8817ddbcd98e,250.0,3840.0,esporte_lazer
4858799008e3cd4fcab9c61fbc63a2a0,200.0,1800.0,moveis_decoracao
2722b86640ddc24e1374c2df1ac2a230,1700.0,4680.0,construcao_ferramentas_construcao
36ed077d2f4915bc4bd14ead16a028de,750.0,5120.0,alimentos
898fa82b63404937c7a3c2cc77d6e5b5,400.0,2268.0,perfumaria
330286b1345b8cc5abfbb74da93465a6,2800.0,51744.0,esporte_lazer
e251ebd2858be1aa7d9b2087a6992580,8875.0,24080.0,ferramentas_jardim
c689470c5a069795896edc7b896d9251,1300.0,6450.0,cama_mesa_banho
d2085f7e0f9533605386960fc7e987ec,150.0,352.0,ferramentas_jardim
de15917c5525c593f2a9747a5c943ee7,150.0,15625.0,pet_shop
6d0d7c2d9a4b8b79dbc12c47c74349dd,300.0,1944.0,beleza_saude
0c002598a0876501a172ffcea9496008,9150.0,60000.0,cama_mesa_banho
cf84f4d055494a42ee49d58b5f82afa2,1600.0,14400.0,beleza_saude
338bf1554cc911be551275c6c6c396c7,1400.0,17640.0,utilidades_domesticas
f7ac498363699addc5ff78eadee46977,150.0,1140.0,telefonia
aed7d0a9347ab6a62a7e25304e6f02ab,550.0,5760.0,utilidades_domesticas
7cd29da0653abeb444703cc5a957f479,1029.0,5100.0,beleza_saude
1d4de03a6141ce2a2ae5a97f51cabb37,4050.0,13800.0,cama_mesa_banho
04af9f3af5c6afc4eece909c25330934,200.0,640.0,relogios_presentes
8bab563be2e3316280e3990af91da7b7,133.0,2772.0,eletronicos
0becf258ac9a4ab1b6b3da6f0ad205fd,2000.0,2560.0,cama_mesa_banho
edfc544c4047e30a3bc73212e414330d,2900.0,8349.0,moveis_decoracao
a59fb60fddcc72a9878b7ed5cb69d8e4,200.0,2700.0,audio
924526b79ddb063f802d7a11720d7b5e,200.0,5712.0,perfumaria
869c418f22e0c0ed9207ff691f279e46,300.0,3000.0,utilidades_domesticas
afdcd7fb20b2bb98322d2b1400c074cf,138.0,924.0,eletronicos
ba6060edcfb9011f13da2fcdc78a01b8,1700.0,12600.0,automotivo
bb099f12bf2833153c9def3538cb52dc,10700.0,64000.0,malas_acessorios
741a31499a578979be85db7f80139e62,600.0,1800.0,moveis_decoracao
8d219c7aa1a8032569bbd8c4ad515daa,4350.0,8000.0,esporte_lazer
75d3880783e696c130527f026ee302d4,400.0,25168.0,esporte_lazer
232906919fb046e3d050f8dd336b2634,250.0,5336.0,livros_interesse_geral
f2af004352a06a99dca765596240cbc3,100.0,2175.0,beleza_saude
36ea81e90d1292dcdc3ad8abb09c20fe,350.0,47628.0,bebes
426844dd9ed9ae105a5d4b3f1e18becc,133.0,1728.0,ferramentas_jardim
1501b0033c68a37fa9560033a440e529,410.0,8976.0,eletroportateis
de607575b49bac3e75ff4e11bd3d3c11,200.0,3248.0,fashion_calcados
b126c36658d4d8ae320a4ad38531cbaf,500.0,12167.0,utilidades_domesticas
ab1f9387c0627dd24000bfbc54fdeee0,175.0,3872.0,eletronicos
516ccdc0667fe7e260156d1998ef9546,7563.0,113100.0,moveis_escritorio
4a8388d725082add032c3a248d515142,450.0,6144.0,esporte_lazer
71225f49be70df4297892f6a5fa62171,200.0,352.0,
d17a8ef6d4228318ca645116dd6bea23,350.0,2907.0,eletronicos
d65b6607952f9e0d705b1cbdc92ac027,500.0,4050.0,cool_stuff
e43311c5b307c31b994c47588c59b168,300.0,850.0,moveis_decoracao
b216627ec2c376d682722970832aa2c1,700.0,2560.0,cama_mesa_banho
d13014be74a15d878b1b681b779f3215,500.0,4224.0,brinquedos
d06466afa11453b6450b70992c90ece7,550.0,2880.0,beleza_saude
b046862b2553fe4962392cdc93a2ae93,850.0,37500.0,malas_acessorios
173c08b531cec70292992396ced22e7d,1600.0,9800.0,moveis_decoracao
8762b647d716b99b09ee045657f9d383,600.0,9600.0,malas_acessorios
aa280035c50ba62c746480a59045eec4,200.0,1408.0,brinquedos
20f160a9cf2e856ee5eba259e9ae33f9,556.0,5376.0,perfumaria
89db899bdb35ae40d0901e38f21d2ede,2200.0,352.0,automotivo
9bb2d066e4b33b624cbdfec7d50b3dcb,900.0,11362.0,pet_shop
f3a1a865ba61412ac17ab53f1a9c0082,50.0,3872.0,telefonia
f017f439ad87e9501378bd226f2ce26e,600.0,1936.0,fashion_bolsas_e_acessorios
43ee88561093499d9e571d4db5f20b79,200.0,8000.0,moveis_decoracao
aa8627a375771ab01288705307ec4ae5,5750.0,30000.0,utilidades_domesticas
d3b023772520cd1c6ea58f6701679d4b,2400.0,56980.0,papelaria
42877980a9990b1391c279582c1aa894,200.0,1680.0,esporte_lazer
622bad99b4296aade0783ebecdd3fa15,400.0,4050.0,esporte_lazer
6b82bdfc88a9241c396addd75f5c8baa,700.0,6912.0,casa_construcao
2584d5fa1ac792c8c26168eca51bb4d0,9950.0,59488.0,casa_construcao
49d89239eb92d383e390b38b9bb792c6,200.0,1600.0,automotivo
ba37ce1b5e0638cf45fd59f63ada0093,400.0,48000.0,moveis_decoracao
2eb2543712366c95191841792a725a23,450.0,3240.0,utilidades_domesticas
f8a8f05a35976a91aed5cccc3992c357,1500.0,23625.0,moveis_decoracao
3a05a947f28cf46d789adedc107d7595,3450.0,4800.0,esporte_lazer
b47e709bbae4533598f806553accd469,200.0,2592.0,informatica_acessorios
4660b448a9e1499945013a9fb3f11ec4,700.0,12500.0,cama_mesa_banho
eb719445ec882a7b60518fd8b55c1b0f,500.0,1200.0,informatica_acessorios
aed75ad669fbebd5a385ac7cc2ae7573,30000.0,210000.0,beleza_saude
cea0783f5748d01abec8fd268dccba49,1150.0,5100.0,beleza_saude
12acdab5736a2cbddfce65059918826c,425.0,3192.0,livros_interesse_geral
cf8c588a4b9b7599aa4807e78bbc65a9,50.0,10560.0,informatica_acessorios
cee96128d25ffe3429e69452233838dd,266.0,2240.0,cama_mesa_banho
7a8dfec813ae58cfaa3e1ef9f534adab,1200.0,9900.0,utilidades_domesticas
cb48e30ec967ad7cf282f8b417e397e2,2400.0,27993.0,bebes
ef0e165d773ec293c5aeb5470a08b183,2250.0,10240.0,cool_stuff
40b2a43c74c26b963dd1bd05384663a0,300.0,5400.0,esporte_lazer
c0abb5707b6d57b4e7d9797222a77fc8,417.0,3850.0,beleza_saude
7564c1759c04fc0a38f2aa84f7a370ee,1200.0,1936.0,construcao_ferramentas_construcao
fe31b2791161c24e921f90788d443e1c,1100.0,5148.0,consoles_games
bfc121a2f5d97868f3a02ae6c5b5f5a2,1850.0,11515.0,cama_mesa_banho
ebd7c847c1e1cb69ec374ae0ebee1f4c,1200.0,18000.0,moveis_decoracao
d5852e1fab9be489b5371a70adad7494,400.0,8500.0,esporte_lazer
af2f3030914ae3eaf70ebc74ecdb8c1c,825.0,9000.0,esporte_lazer
5ccaf4192eb1b45ada109ad4152de5dc,6100.0,9000.0,utilidades_domesticas
2b4609f8948be18874494203496bc318,250.0,3960.0,beleza_saude
9f81413382c6e7b2b2eaff6930f1fd98,450.0,3168.0,alimentos
15f773b4fea5b2ab681b02620b0c3a95,750.0,6000.0,
2052b3c5e08893e567c2fb7778476c75,810.0,1920.0,informatica_acessorios
31596cc4bf31a702bc34ab7223a827da,2850.0,27280.0,eletrodomesticos_2
f0087499874ae6c0b14f7b42671519fc,1300.0,17408.0,informatica_acessorios
8c0fd3e89ebf51f2fcff46abbc4eca05,500.0,17328.0,relogios_presentes
99e28f7c171b6945dc991d1178ffedfe,14000.0,52272.0,utilidades_domesticas
6f73b16abce275c50c172a2690ad4b12,450.0,1140.0,informatica_acessorios
22594ba8fd9a72ad95d352929c821560,8450.0,42400.0,moveis_escritorio
03b29ca1beec2e03e15a3b980c1505ed,100.0,1386.0,perfumaria
69455f41626a745aea9ee9164cb9eafd,501.0,3276.0,relogios_presentes
f3c5707e7c539ab6533e3611da02b648,2250.0,21000.0,cama_mesa_banho
06731ce59716357095ed1a25850320b8,1700.0,18000.0,moveis_cozinha_area_de_servico_jantar_e_jardim
cec09725da5ed01471d9a505e7389d37,2500.0,2420.0,esporte_lazer
6f9d3ff69fea5b27532628c987f4b49a,5900.0,25069.0,automotivo
3f0b2aa04502b87638f75da7b9cae50e,122.0,2856.0,bebes
f98ab3dc92c46ebabdc8f613acfae537,210.0,5016.0,beleza_saude
f2e53dd1670f3c376518263b3f71424d,1975.0,16523.0,cama_mesa_banho
9e2d3a8d8ffad53e2e35282a2020221c,1600.0,6720.0,moveis_decoracao
6e3186505d9f4c946921bd51a5b79742,580.0,7072.0,informatica_acessorios
3373d1ed7bf5f3187f110c0e9e40a02b,200.0,1875.0,
bd69e6d599b9a3d9c298617c14e46f9f,700.0,20250.0,cama_mesa_banho
b00e24be53a1785f1f613e747809a5ff,1400.0,8424.0,esporte_lazer
27672da99215b426dc0ced05731bccc6,200.0,352.0,fashion_bolsas_e_acessorios
5115d8cd6438c0c4d8abdf38d5d41ebd,350.0,640.0,fashion_bolsas_e_acessorios
1b3c5b1455f3e42d831fb778055c9e45,900.0,6400.0,consoles_games
d16a25f576e1296fd955eb4136323f21,4850.0,18750.0,esporte_lazer
58306668d7263e8ebd2d5c69ef31cc23,5300.0,31500.0,beleza_saude
84aa780b4f8692cf7a28b30cd0ff671d,2050.0,22500.0,automotivo
ef69b63fe95d8d9ff6ac136f213db1bc,3600.0,42875.0,cama_mesa_banho
1f0fa82e30437fd4a2596a4ad75d8ee0,530.0,5491.0,utilidades_domesticas
e0c47a145f4748e4d7a418502d65aa35,19500.0,269800.0,cool_stuff
15a8b28443e64b840cc27ee2491507d4,750.0,8000.0,beleza_saude
2eb384017334e47db9ccf364216799df,5500.0,32768.0,utilidades_domesticas
c6dd917a0be2a704582055949915ab32,1200.0,15750.0,cool_stuff
99f265229d46f700208ad7cb1ff48aae,350.0,816.0,telefonia
78d7edf3fda961dc8ac6999761ba5b05,1400.0,40000.0,pet_shop
40cb7bb3d30559b9b6c4fb62bc837962,350.0,6580.0,cama_mesa_banho
6f5cff7499746e6f722c4dcee24f7437,250.0,864.0,moveis_decoracao
41171e11f920c47deb1809edda2bf09d,200.0,4096.0,moveis_decoracao
4fb5aa1b9628ff1b6e79b07001874abd,1150.0,13500.0,esporte_lazer
69fb24f0cd077f460768e66b89c3565e,3400.0,14157.0,moveis_sala
ce169d5f9421a6f21e41a7bf54d0b98e,500.0,18000.0,instrumentos_musicais
aadff88486740e0b0ebe2be6c09476ae,250.0,1200.0,beleza_saude
aba86c093ccdbac75b09111d57e50004,2600.0,70200.0,moveis_escritorio
17f1ae71c27aaad9cee4655e62a50189,200.0,352.0,informatica_acessorios
47cad419b0ad5dc9d2305bf795c3c16f,1100.0,18750.0,automotivo
7781d6283100da12454a264ff46216b2,1000.0,42750.0,bebes
28e1129b94381a4e42661bcfaedf2b86,300.0,2736.0,esporte_lazer
e5989cd466f0714e1439b95bf6a279da,1200.0,8000.0,moveis_decoracao
2629c2e1e3a0b360912763741f1bb7ef,900.0,6880.0,moveis_decoracao
59cca754c20b7b0322b24dab95a81be5,6950.0,36750.0,utilidades_domesticas
5403528d987ad26e8d7cb25940411987,250.0,352.0,relogios_presentes
36cacc00d6c8a439a65077fd08294322,550.0,1760.0,cama_mesa_banho
c2a1ff8408a1c857c8730e4d12da714e,1450.0,7854.0,utilidades_domesticas
419a18f1940972e64957006dbfbf318e,500.0,4032.0,moveis_decoracao
c4913f978f6af6755a1dcc8d16e76774,7000.0,23520.0,moveis_decoracao
b369e02eda28d74a9bd658415b08d7fb,700.0,6264.0,papelaria
463cdd8acfe23847f35e29076df0bbbd,550.0,2816.0,relogios_presentes
675921526583e0b3096c3f811d46a7a0,18950.0,174592.0,moveis_escritorio
4a300735bc293723103db0d0c1bc1585,250.0,1280.0,telefonia
194e74feac1f84a8ee5a517d4b3e107a,14150.0,73008.0,pcs
7aac56e58e89831fecb41998f93049ea,750.0,7770.0,cama_mesa_banho
86b8032cbb666ec9ca1f2aa4d4cace06,418.0,1638.0,esporte_lazer
2d7ec74c6f93ad8234f2e29817b2827b,1400.0,36000.0,bebes
d3257d83b50d04301c9d969a0e2ec4ee,250.0,352.0,relogios_presentes
0c3256090b6cc52703b152c874827cd7,200.0,2352.0,consoles_games
e1d6e56531bd9c3dfad4f905f81072c7,1400.0,3312.0,cama_mesa_banho
7501e40e8bc7a7db7c2f4b005e1dddcb,650.0,4125.0,informatica_acessorios
99c97d191bcc87e072acc4521bce44d4,7350.0,18480.0,eletrodomesticos_2
9794fba8c8aa64ab4fece2d3cbe731e9,1350.0,21000.0,moveis_decoracao
5322d72e04acadda01cd9c274b4af288,400.0,1375.0,ferramentas_jardim
c5cb254d666e4420d56b5dc67ff59d29,50.0,528.0,informatica_acessorios
c8648fddfafc439c1c9bb5236945b953,923.0,10206.0,esporte_lazer
4180a49d4b879e727ad2c8e82a9f4d87,250.0,3840.0,esporte_lazer
6bbe55cf8f85c87b6eebb775a53402f4,283.0,5544.0,tablets_impressao_imagem
61e2cc02b96d5d61c27e21754260dccd,300.0,3025.0,papelaria
1c93b38903bf11d9a9bd28f3c65481d6,19800.0,23625.0,casa_conforto
7a5c07212703b5f01ee199d29a29a587,350.0,1936.0,cool_stuff
d22bbc02259111e107ee7916637d4791,700.0,1936.0,esporte_lazer
ca00f42e51fa8b6226d4c57ef6557967,350.0,3211.0,relogios_presentes
8ad1611d2c47dc2dbf44a8b99f80cda6,1300.0,3696.0,automotivo
ff29d8cb1cd0cd5ea37b80dac9939e1c,200.0,6000.0,eletronicos
91025258cde9e3ab5c55b59dbc77cde2,333.0,5225.0,construcao_ferramentas_construcao
36f60d45225e60c7da4558b070ce4b60,207.0,2926.0,informatica_acessorios
722a703d9aadc6e807aed5512eb447c7,500.0,8993.0,alimentos
6ae38d49db7fc65ad1779828542aecba,2300.0,9614.0,ferramentas_jardim
a5341e3f8155dbb3e62323d3ea289729,2850.0,8800.0,moveis_decoracao
fd220f6fd5a3f13ef9db07428f9c935d,280.0,1122.0,bebes
d1f69b1b509a6f4e1fdca33101625bc8,750.0,27000.0,relogios_presentes
762e9c384b4752bbcbea568e3d89856f,200.0,5712.0,pet_shop
828c579b949972bdea5cf2203faf4563,800.0,8000.0,casa_conforto
a19b6951c75da43aad691622dd2f6abe,650.0,14000.0,moveis_decoracao
c4d92c32b2e02363d3f087c7156a523c,800.0,5850.0,
fa7be99321f2dbb1e518d2139ccb1d39,500.0,8100.0,esporte_lazer
610c673331ac3c4fa0f393ce5af9aa2e,150.0,3872.0,eletronicos
249de764c23f381ef073c7520e0ab799,175.0,1300.0,pet_shop
aeae6a46f42d7755930f30825f5a4c5b,300.0,3584.0,consoles_games
71a7800a633691de8ecdd17463335e2e,550.0,9600.0,construcao_ferramentas_jardim
9820e04e332fc450d6fd975befc1bc28,10800.0,48000.0,
60c93709754c1b56d6fcc7187a4810f3,2700.0,27000.0,utilidades_domesticas
dc52f0f5d3ec37a93eaf956cde4e5d2c,400.0,640.0,relogios_presentes
d7db906531fe298de06721345a86828e,342.0,2592.0,relogios_presentes
d2f5484cbffe4ca766301b21ab9246dd,180.0,2304.0,informatica_acessorios
b2b7267fcaf435c1d6ff0fe43b6716d4,200.0,640.0,fashion_bolsas_e_acessorios
c7df652246ed7b3300aaf46960c141e4,683.0,9570.0,beleza_saude
1cf0c9095608952cb1c65c4789946375,275.0,5544.0,eletronicos
b6cefe1d620b9208fe6fae76b2c72887,200.0,1280.0,bebes
7a2f315c0441e5d437270cdfcb089c43,13700.0,137500.0,moveis_decoracao
801a8823d2fb3157110897e1af035a5d,1250.0,12000.0,eletroportateis
688ad0169550f8e2eb0307b61df3ba12,1050.0,15750.0,cama_mesa_banho
2d8f2be4f08788ee3bf5356af2b2ee6c,100.0,5967.0,climatizacao
db624f08f4e059241d3842eb750ecd7b,1450.0,2562.0,moveis_sala
01ef0716b68c8493434ad32430c24e18,1250.0,2560.0,cama_mesa_banho
5c973b4202aac5c372a483e712306f4f,350.0,4275.0,cama_mesa_banho
21634fadc73ca34ac36813b02f1f10c8,800.0,21560.0,utilidades_domesticas
e78506414d2563b6414cfd84b7fa0802,460.0,5600.0,perfumaria
43423cdffde7fda63d0414ed38c11a73,350.0,2464.0,relogios_presentes
06f89d2b2a8b4994e56366402feacba9,750.0,1408.0,consoles_games
dd60cac04e6bcbc919cb1c7dcc473211,900.0,22500.0,utilidades_domesticas
4c05be00027392c898ab59a94fad2151,250.0,2340.0,beleza_saude
6b00cb3fe05c73d0acef3fd949a34c0f,200.0,1760.0,brinquedos
f7d7b5c58704fb359a74580622800051,950.0,23625.0,cama_mesa_banho
887c03038c774a15272a3e75ca7b4fa7,150.0,2464.0,informatica_acessorios
f32415d23c358ef1e387a7d329d9ce9f,550.0,9504.0,papelaria
224f4ce3262279a31db214df54befe1b,350.0,2964.0,beleza_saude
069a004edf898d16c9331bafd6ac7f46,950.0,15625.0,moveis_decoracao
0ff3339eba4028a9dc569a61229c465a,100.0,896.0,informatica_acessorios
1427b126f61597524866770b05d4eed2,200.0,2873.0,informatica_acessorios
854f1672c41eaa84b3e3a79e06146f63,350.0,816.0,telefonia
3ab181ea2f9cc4be74bad27ef8a03492,3650.0,12000.0,cama_mesa_banho
575889c312f07612d39648ea61253cd5,250.0,1056.0,telefonia
0eb5d1d033dcdd7b9b11658ce84ee8e9,350.0,704.0,pet_shop
c38640ae3a92231abddd15f1fd863eb2,925.0,15840.0,automotivo
304fad8dc4d2012dc4062839972f2d96,1700.0,1936.0,construcao_ferramentas_construcao
b935c4a30d29406e3633e74b9b887307,2200.0,8246.0,cama_mesa_banho
2ffdf10e724b958c0f7ea69e97d32f64,263.0,2652.0,relogios_presentes
0bcc3eeca39e1064258aa1e932269894,1800.0,32560.0,ferramentas_jardim
d86db9a9e478ff057c0541537639a10e,300.0,850.0,moveis_decoracao
1fcbdcb14ed564faddf72bbcef855036,300.0,2560.0,construcao_ferramentas_iluminacao
ea1d9847778160f2d0c74950812fd8d0,5600.0,18750.0,automotivo
ac1fcaf7402bfbf019afdcce1a784ad4,450.0,5445.0,cama_mesa_banho
129de02d0ac6adf4f77c41bc157adbeb,250.0,1280.0,automotivo
628bbcb76ac6c7d4abf432b345635f47,1800.0,9240.0,moveis_decoracao
71b7bb7d435217ef96c1ec8e48421599,980.0,19136.0,esporte_lazer
b77dd6385638733dd46bf68b093715b7,150.0,1045.0,telefonia
7e775daffa00892bdd6b7672e05dd31d,438.0,5130.0,relogios_presentes
b8a0d73b2a06e7910d9864dccdb0cda2,371.0,5120.0,beleza_saude
2a7d1be78b464ce799d177a408e327c0,250.0,5508.0,eletronicos
0efb0a47500c44e05a5930cae12307d4,18400.0,134673.0,malas_acessorios
7c4a8bec217df1de0df2b5aaf8175b65,167.0,704.0,audio
9ac3471b9357338ea8054108a00389e3,150.0,4913.0,telefonia
d899e614656fe7bddd577dcfe583d19c,100.0,816.0,automotivo
60184212dae4e6b0da32bf54271a8c4a,394.0,2618.0,relogios_presentes
3f13f4fabd1eafe564af941a8ee8e279,600.0,9295.0,moveis_decoracao
1a405418406359cc2b8815f93bf359c2,4550.0,8000.0,esporte_lazer
0f39dd7b84f0532254c167aa5ad6bbca,333.0,3969.0,beleza_saude
cb8209d6b80bfeffaef2d1f694aa93a9,1000.0,14400.0,automotivo
4697e1b622324d38a8989bff2bdc1c84,150.0,8000.0,papelaria
4c2394abfbac7ff59ec7a420918562fa,600.0,8151.0,beleza_saude
347a1dbb9334cebdd3f2c43bc1b34455,1800.0,36018.0,artigos_de_natal
97759b2e2035fcd87986a43119b56c7d,500.0,7803.0,casa_construcao
1127c7ede26c4c4d41eb80848d0bdb32,1550.0,27000.0,moveis_decoracao
e40cc7dc28dcdb3c15e8d03141f7b336,3750.0,24960.0,cama_mesa_banho
11059273f4bc1a293777e98c89807c62,1050.0,5610.0,beleza_saude
f7b6ca5735bfd052e73fa0b776070112,175.0,630.0,eletronicos
8551bb37c32cf4ff78125402b9c1942f,200.0,3640.0,automotivo
5e3b4b17383b90a3129e552bd71bf2b8,1450.0,4500.0,beleza_saude
dd1247b741df1771259ee7beb0e4b8fc,200.0,352.0,relogios_presentes
c0a0b5aa4507363e601eb90082c9c008,1700.0,15625.0,bebidas
a2105c8c0d5d99dbc5a2a9ad94321e5c,4800.0,29000.0,esporte_lazer
11875b30b49585209e608f40e8082e65,1032.0,4080.0,esporte_lazer
ab330e1b64fde92d3b4d4d6980a38576,150.0,1200.0,papelaria
54b755678728b84472c2b654ac4de777,200.0,3600.0,alimentos_bebidas
6b5170a2d3ae93a38e63f17b356da239,1200.0,2912.0,utilidades_domesticas
9e4cc01dcef75a47d9cd6c816d874cca,3675.0,23736.0,cama_mesa_banho
cd657380345b2ab760f39105fb163005,350.0,816.0,telefonia
9abb00920aae319ef9eba674b7d2e6ff,350.0,3192.0,bebes
e3425df9bd51be69917273c9dd92ed5e,733.0,3060.0,relogios_presentes
22a8168cf1f1c6347da8d29863b7f75e,155.0,1568.0,consoles_games
0a27be3536127164b11173c57f14a2da,500.0,2760.0,perfumaria
f8b09faf273ab8c2cb4209378253f56a,1200.0,8550.0,beleza_saude
b4b6d57077183818e56eb57b4e69c6ec,250.0,1760.0,telefonia
341d85d688ecc3353cf2a968e7ad0dbf,350.0,3200.0,beleza_saude
0a5ae82bab180da12f59a70b21605f92,850.0,2048.0,telefonia_fixa
50d77758742285ff49f340ebdf0df5a7,500.0,6120.0,eletrodomesticos
a067f34727f55a883d84f5b3a5c72255,350.0,4807.0,beleza_saude
8163c8c2e8dc7cc8c93d1b30a2e7428b,2375.0,13068.0,ferramentas_jardim
dfe123265435bbc08b40fc418f66d9a3,15467.0,99200.0,esporte_lazer
cb2047bfd317b05f62cf761708397641,100.0,2024.0,eletronicos
99f84efaad4ec3bc71502bb7e6d8f8e8,8250.0,47040.0,utilidades_domesticas
f286c2fe211df4102919d0bed084dddf,300.0,816.0,telefonia
c2f7953b36a941befe89795854fa2c48,1550.0,8118.0,esporte_lazer
bebcffeb66bcb8af8112dba655b1c1c3,6200.0,33852.0,utilidades_domesticas
4e46d4d7bdbc358eee60e44df825dd01,150.0,2646.0,fashion_bolsas_e_acessorios
052413504e5295cd66ec4ced0b310062,165.0,1920.0,relogios_presentes
59bcfc096cb9fa35b5c5294582c78486,3500.0,15750.0,beleza_saude
d7faab3fa0091d1220a8ada9cae1bab3,600.0,2200.0,esporte_lazer
ea20f928ceaa7f146fe62a0cc8413ee5,500.0,7072.0,moveis_decoracao
74cee16411adfa1d4d9a343d75aa6177,850.0,3125.0,cama_mesa_banho
e168af8b2f0d9319737c6a7a37904f9e,2000.0,27000.0,papelaria
35d6a7880150d5dacc9ad0c9a9cfb233,725.0,5152.0,instrumentos_musicais
fcf41b0fb1a95c8f66330d698d55a532,250.0,3840.0,relogios_presentes
274669a78ffdf9398adbd9502e6c4915,450.0,21504.0,papelaria
d79c712e7afe8f0fd59b749ee1e4fc97,250.0,352.0,relogios_presentes
7737a63b27d4c4ec7592e8429ad7f554,800.0,12000.0,esporte_lazer
cf6020146772dc8cdcd583c1651170a1,5150.0,34800.0,papelaria
3b3c3503539e7f917eb57a8d4bfa69f0,9350.0,56000.0,cool_stuff
1a2c16ff559425a46f2eba773fceb91d,300.0,8000.0,perfumaria
f16d9c6688f187efa6ce353d689d85fd,8400.0,21275.0,moveis_escritorio
fde90f06296b26995fd0de6f16610d70,1650.0,4312.0,construcao_ferramentas_jardim
541d7793096f512080b5b5c25ce3c44f,300.0,975.0,informatica_acessorios
e297db380aba505a729f00cd61b149d9,425.0,6396.0,utilidades_domesticas
188d0b148e6d1c86faffe0d73c3f2dad,7650.0,15625.0,moveis_decoracao
afdb083178822a8d5ead45e3e69c9ebf,650.0,14700.0,cama_mesa_banho
c56400aa5823575d5a92a8f98077490a,9150.0,63700.0,moveis_escritorio
eaa26a34984cbfedc19b1e45f09f3c9a,422.0,3240.0,cool_stuff
a3b46e392953235f9337a0a56f933ffa,700.0,13950.0,malas_acessorios
17823ffd2de8234f0e885a71109613a4,3750.0,20160.0,
09b069a1846b0e666a398952c8ba1605,350.0,2016.0,esporte_lazer
010951987d78f9d52fbf50a43b690ba1,1100.0,16000.0,informatica_acessorios
71a8ee0a8b3fe29f6d89c75e6c1d2dba,150.0,836.0,telefonia
b5e13c9a353102f79c6206ff5cb61a50,1500.0,20000.0,brinquedos
a0fe1efb855f3e786f0650268cd77f44,125.0,1040.0,agro_industria_e_comercio
62f68be290c2e9c8403e306bd023041c,200.0,352.0,fashion_bolsas_e_acessorios
e2e426d1332240070b0a836a854d057b,1100.0,7200.0,cama_mesa_banho
202d6bc7af7609f371b94e032925d314,550.0,2560.0,cama_mesa_banho
da93657c402ea46729003c282352d727,1795.0,21252.0,esporte_lazer
627d58d6a24ab3695604a3c4d8fb8e48,825.0,14706.0,utilidades_domesticas
7a8eb3bd149ed8073f9a9db5ea1fafd9,9350.0,45084.0,moveis_escritorio
1632189d4c3d9e64cf3fd110b93f1a19,200.0,352.0,fashion_bolsas_e_acessorios
951375c9c10ed889b35034522e5a334e,750.0,10200.0,casa_construcao
d1c427060a0f73f6b889a5c7c61f2ac4,6550.0,8000.0,informatica_acessorios
90f83991bae254d0fd02bdddaa20b340,1400.0,13600.0,moveis_decoracao
79f6572780845bf4fa186acf04e4f67a,800.0,4800.0,utilidades_domesticas
e8ac63e69971f9cf0bd7a7f78b8841ab,450.0,352.0,relogios_presentes
1f8fc2e117826028a2f1ad01a8638d62,4050.0,22528.0,utilidades_domesticas
7bbe91ccbf899dc40a38d012a4dc411f,2900.0,17408.0,eletroportateis
ef703385b2707af7f9af3e185679811c,1000.0,12096.0,cama_mesa_banho
91ebe9416c3c012500b800bd56e5f836,700.0,1750.0,moveis_decoracao
283dc451ad3918badb976d56ff887289,1650.0,3080.0,cama_mesa_banho
1da0fbb35cfdc9fcb6d48dfddca69513,700.0,5520.0,esporte_lazer
3c12d600fecb7aab3c4e4cd7755f1de3,5100.0,40625.0,automotivo
45448d98662daee2e5ee969475a90826,1200.0,4275.0,livros_interesse_geral
ca38c039b717207dec906f4fa9a21db7,538.0,9384.0,beleza_saude
320e20e13905991b0d83e8f181fcc196,300.0,48000.0,moveis_decoracao
cb6c1c21ebc9c153a7baf319c515657a,200.0,2378.0,informatica_acessorios
cf944645d4ff2a3eed3ae17f641ea861,450.0,2352.0,fashion_underwear_e_moda_praia
0bbb557651f08b3c732d9836de4d0bc3,5600.0,36000.0,market_place
ea2012e0b6ae52438a98f2c18108beed,250.0,4096.0,beleza_saude
9c1f132d460c48b30f756f3585d4a894,975.0,5700.0,esporte_lazer
32ad146ce66014dd98fdc2190bc995d6,200.0,2106.0,esporte_lazer
e9a19740a95180e871a7fd864bf65dd7,1175.0,14326.0,cama_mesa_banho
fa243e761ae871597627e917611eeb23,1800.0,12000.0,cama_mesa_banho
c1f5307decb89342351bec53668cffd9,300.0,816.0,telefonia
6893767814d1ac82a81bcd365e1cc918,200.0,2800.0,eletronicos
fc8379cce9f27ea602b3c16f7eb121b3,473.0,6426.0,cama_mesa_banho
b92a7304ebad1ca5b393b53b2de5c70a,9725.0,46852.0,moveis_escritorio
2c3f424b5643b03663e0f5861dde2bfe,8725.0,7569.0,construcao_ferramentas_construcao
5fbfa85126d6e59188d7da79f21e9687,600.0,5632.0,perfumaria
6a02077065f9af692480ab01fbff66d2,200.0,2816.0,relogios_presentes
f532ec9a55ee4e466e1c8fc913563ad5,6300.0,37500.0,utilidades_domesticas
6c712952b8ef62f8d06a0314917400c8,1200.0,5187.0,beleza_saude
2b0ee2d07306f7c9ac55a43166e9bb4b,1450.0,13500.0,cama_mesa_banho
da1cfaaffa7720fe28f26f18d52f5ad9,150.0,1584.0,fashion_bolsas_e_acessorios
f9a508234fed38c95437c5a16b847774,250.0,1680.0,consoles_games
70b8127a4ee86d4b37b3eaf5e337e91b,18900.0,96600.0,bebes
afeeea6271148ee1bb15173b8187c431,450.0,561.0,telefonia
fc1449f3ffc59fd2eb9640505aea0581,1400.0,11830.0,informatica_acessorios
ed836edc15625c202f6ba85dbbe95c3a,200.0,352.0,relogios_presentes
9d32095f76b97762307e86cfc18dd7a0,400.0,4275.0,cama_mesa_banho
68bec1af3851f58027db8beadf3914d7,350.0,4096.0,informatica_acessorios
cc30e5a54e83c955899121be1223104e,150.0,600.0,consoles_games
60f1546ceca9c1dfd87b26c9c6482846,5900.0,35100.0,utilidades_domesticas
57fcacc3434a1f2f2b039c1b4e61f5e1,50.0,528.0,telefonia
59f09deeea7c839a9212a19f3416b892,30000.0,114840.0,utilidades_domesticas
9e10ae46a3021a02f1692448ef9fa1db,175.0,945.0,beleza_saude
04f92f94955d380b722ed941f2e6e51c,3125.0,20520.0,eletroportateis
d70f38e7f79c630f8ea00c993897042c,10950.0,65600.0,bebes
d787de6a880320609e500adbb90fb9c7,250.0,864.0,telefonia
bab7ff9abbcc13690a62d015f2ca8e44,250.0,4200.0,informatica_acessorios
43f88c8353708451babf9bcdd1fda92a,200.0,880.0,fashion_bolsas_e_acessorios
63e0fba310acec294c78c0ad6e3d0e4a,275.0,4224.0,relogios_presentes
4e6b5c6e9884fdb15eccc9f5e83be842,2220.0,18000.0,cama_mesa_banho
f40876e0ef3cd5f9132b1f16b04b1346,427.0,3570.0,beleza_saude
a60613d36f37a7b27d3344f40f6a7945,350.0,4807.0,beleza_saude
98e91d0f32954dcd8505875bb2b42cdb,1132.0,25740.0,climatizacao
5dce4ec7e7079a63b3086781d26c2cd8,400.0,1375.0,ferramentas_jardim
7cdffa73c5aa5471607b4ac982baa201,2600.0,26400.0,beleza_saude
ab9cf155f8280c3739b09fe341a185e8,225.0,864.0,telefonia
c7dd80b25977a47ab7ca338ec01aacda,250.0,352.0,relogios_presentes
2abf28861922ed5da75726c7f3eb58f4,1000.0,6000.0,utilidades_domesticas
3ff22524016b71a48fd1e5054632985c,24050.0,144000.0,cama_mesa_banho
34b3d6e3e824bdbecac9611588a63459,1550.0,13500.0,esporte_lazer
027cdd14a677a5834bc67a9789db5021,341.0,5760.0,perfumaria
b75a056d7d03227c3a3b60e9ccf518c9,450.0,2520.0,automotivo
ec58535d820b93edc3f1cfde52290334,950.0,4116.0,telefonia_fixa
3a85491e291016cb452b9b8e78c30ddb,2600.0,27115.0,construcao_ferramentas_jardim
ad7c531c2001111873dcfed9d8317439,1000.0,15750.0,cool_stuff
3663ccbce96bbbea6b1b38558b5356a0,7050.0,40392.0,instrumentos_musicais
c5b72065154ec27c2d1ed8a654c3348f,416.0,2106.0,relogios_presentes
c3fff1789c3ee48e562e3ce051a4fa3f,200.0,836.0,telefonia
30ac6df06dc59ad72cf2f158fc2d904c,16550.0,57200.0,utilidades_domesticas
f2d649f157cebee085ed738f23d5d6b7,350.0,4608.0,bebes
4eda54569384f6cbe0511828fc574fb0,6825.0,37800.0,bebes
ee3cfb33869693f2a7e8417c795d8cfc,350.0,2200.0,perfumaria
289dfe89bc0d1eb6bea5a0a3bde85552,1700.0,20000.0,cama_mesa_banho
9348cf658c9f20576186a9f3b82c58c3,1175.0,17172.0,beleza_saude
af53bbaeee1f3190c2ff939fc236b6f5,350.0,2964.0,beleza_saude
5b99f79ba0d929b0f3270ab0f0f5911f,1400.0,9504.0,bebidas
2f48e99df2052ce8a7d14855ea40e838,1150.0,12250.0,cama_mesa_banho
ab328a14d2698a726fe1ed2695f5f43c,983.0,5520.0,beleza_saude
1dc7685f4fdb9622d84ae2ec658d5bbf,1025.0,6669.0,informatica_acessorios
3f84f961fb9323a568f07488788a4e6e,200.0,4000.0,beleza_saude
f52a0f70e54976873a4a7402349c6105,1500.0,5040.0,
835e3f51a6ef088097cc8cf42f08fd17,24700.0,48608.0,moveis_escritorio
a3ceb95649a48c0c54ae4bd1dd66d035,170.0,1840.0,telefonia
2e810f124ff7668bc1ea0d1953aaacd2,337.0,2704.0,relogios_presentes
f196248e8b5d060cca414a664ea9a76f,1900.0,22680.0,automotivo
1b93af229a5768eaaed2064722b1c1dc,9950.0,59488.0,casa_construcao
674d9e3c3964c35239687c920b19a307,100.0,627.0,telefonia
10335f29114548c89998eb43398f58e5,250.0,352.0,relogios_presentes
fa7e460c8ef762c029b4042723e481c7,150.0,1232.0,brinquedos
4754d89182db4010eabbf20da5fb7191,19300.0,102459.0,utilidades_domesticas
8c96a6969d0fad20629fec9c1ea45e02,400.0,6840.0,beleza_saude
d8c83b90d022e897454430e70afdc5d3,1525.0,21420.0,automotivo
01d4157fd9738ea81038316ae4cfc192,355.0,28560.0,cama_mesa_banho
d7d5562fce331ad958ca6f57057b3526,700.0,15750.0,cool_stuff
4a69baa66a13d1adeb41cfe3bc0c27be,500.0,17640.0,cool_stuff
78c3942245093508f8e17ffc06a0dfcf,313.0,5040.0,moveis_decoracao
b80921007ed3f68cf6e536e6daf08610,300.0,816.0,telefonia
568c923625669145cc9a644856fccd14,150.0,1782.0,fashion_bolsas_e_acessorios
e0cf79767c5b016251fe139915c59a26,250.0,1200.0,beleza_saude
f59871b3d9da4c64cbe41ad3dd04dc14,400.0,3927.0,artigos_de_natal
de7df82eb1e48c456b020c2cfb03aeed,200.0,12000.0,esporte_lazer
e61c78a7343d82c0539d27df0f7dfc31,2700.0,11808.0,cama_mesa_banho
9653bfe8d97baee3031ad3d15b73584b,1350.0,3000.0,automotivo
76426979761800347e9ea486ece96976,800.0,2200.0,moveis_decoracao
84777fa5b1c62e5e495240dfd0b2f24a,10667.0,63916.0,moveis_decoracao
aa385fbb4c463036286d169216104912,250.0,4180.0,brinquedos
fb949f35bd1873f846cb7246d9db81b0,600.0,3780.0,moveis_decoracao
6d8096ca93caea3416a6b24bf411bc86,250.0,3520.0,relogios_presentes
5afdd6208e8a2f20395ad08f90dfe8d3,5400.0,48000.0,automotivo
d5cf579c6679ff170fe911659e186285,150.0,352.0,beleza_saude
0b7142355a981ed9a8ba988a0b613dce,1100.0,19656.0,automotivo
4520766ec412348b8d4caa5e8a18c464,50.0,4352.0,automotivo
77cc62dc80ebe12a0452d1ce0565acdc,1625.0,12789.0,esporte_lazer
bb3a346d0fc86850244000d0fe5bf5dd,400.0,2000.0,papelaria
42ec84ace63b58b8c5a7ba7be01d5fb8,2550.0,14904.0,cool_stuff
813329d52f377306fa1614ca9a962cd5,225.0,648.0,telefonia
1e4ab43607e527a9a558faa24a9e6e81,226.0,7038.0,informatica_acessorios
096b00d9037146606b19d614cd67ab65,100.0,880.0,beleza_saude
35ad08ea141acf7c484c97075944610f,225.0,1936.0,perfumaria
57e089e3103f5cda6a4ce23b77399bdb,650.0,2240.0,bebes
37a4e50cc932108a1a952dcb9c15b0e7,600.0,16800.0,utilidades_domesticas
a842674062d24231d49b8a938c6bb439,700.0,2450.0,utilidades_domesticas
6f2c108731ef77738da45855e737c1bd,1400.0,8712.0,fashion_calcados
06f24f9b9f5892496a4db38e42a6acc7,1050.0,18432.0,utilidades_domesticas
c2a9f8aeb7a51580fccc2d1c4f8bceaf,3350.0,20520.0,bebes
df480c7d3f979093ac4c2d1109e78289,475.0,4275.0,relogios_presentes
3d9acab1b1c5cd858dab1a3d0872a370,150.0,8000.0,beleza_saude
a8075470f960215ffb67624782f80fec,2900.0,6231.0,ferramentas_jardim
0db608cb372db7e5f00b9f8c572b6ff6,2300.0,27588.0,cool_stuff
03078714f1e3f3758555f67ff35b4b01,600.0,4096.0,utilidades_domesticas
2ff17002562478fb03cd44f09e7ca51a,283.0,3528.0,relogios_presentes
a9fa5ce6ccf634df53e924a8ca7099ab,600.0,19200.0,moveis_decoracao
05d3d52aea100aa2f887fd940991f040,500.0,352.0,beleza_saude
10be5827cbcb06a81f220d46dafd0af0,375.0,528.0,beleza_saude
d88d2f4938825da4771d7972d76c5da7,30000.0,189600.0,esporte_lazer
e7bbc0d43d1f5cb09bab95b664236633,833.0,3876.0,informatica_acessorios
7814c273ab16783d73a9863ebfa8b141,12250.0,70875.0,moveis_decoracao
aefe4356e7a54d42df4a67468015e43e,800.0,9672.0,moveis_decoracao
0ab20af8197d84bc8831765be67b4cc6,11100.0,78584.0,bebes
cb03e4f0503f45854e87afe535e0681d,9150.0,8712.0,ferramentas_jardim
e256d05115f9eb3766f3ab752132a4e2,740.0,7410.0,informatica_acessorios
b8dabeb598db5ace52983a669b90238e,4850.0,27000.0,utilidades_domesticas
5ac9d9e379c606e36a8094a6046f75dc,525.0,4368.0,beleza_saude
a323784ac31c377c5ecaa26b8cb155db,200.0,2816.0,informatica_acessorios
b23cca4f37391d03408aed65983bdc40,3865.0,49000.0,brinquedos
625dac8156b3157351e7257305148f3f,175.0,3672.0,telefonia
37dcce9d511e9729330ad4d80de13cfa,100.0,640.0,fashion_bolsas_e_acessorios
5ca739ddd646d1ba53cca4e3c099a953,1200.0,25012.0,brinquedos
cbd27a4cfb94137cd08a4fda812d686b,50.0,1976.0,utilidades_domesticas
4a579d3f0c38c12a0e22c0146f2356f4,1000.0,5000.0,cama_mesa_banho
bc1771eea502c7888f4fa3d568a69111,950.0,24960.0,bebes
99a4788cb24856965c36a24e339b6058,1383.0,20000.0,cama_mesa_banho
fdba6f37e0258dbca54eb0ed8b293ae0,600.0,2240.0,bebes
ac85747ff00cf2a5cb1ef0901c7b21af,150.0,2800.0,eletronicos
010f24a605e8431fc68562e597f80d63,500.0,3600.0,informatica_acessorios
3940247162a820eff119efe47b02182f,518.0,12673.0,eletroportateis
4ab7490d3e55de79cae5fc88e1657276,1200.0,7488.0,cama_mesa_banho
f3ead0dbcae5b065731b183396c1da2f,400.0,3850.0,papelaria
c69da983317ecee971f64fc8202c959a,200.0,3564.0,informatica_acessorios
5e864d9858dc9a7b55f937ed8998ffe8,1100.0,15264.0,brinquedos
5145cef9f9e1293cf8cba2c924eb94e9,11600.0,67280.0,moveis_escritorio
b9754f9e21b6e6960b37594d4387fb1c,450.0,8970.0,perfumaria
ba90d9569ff1f3add3d6bc10532688f9,750.0,6496.0,instrumentos_musicais
c5841303f830680eb1cdda8be0ff35bf,250.0,891.0,papelaria
7239a6e2e573d13f4a62f90868e40264,800.0,3087.0,utilidades_domesticas
83b00325c13c44245b2c3a2befa62a0e,10700.0,64000.0,bebes
e1a5774894b0dcbed9a61bb82b96b3fd,405.0,4320.0,papelaria
02fb2d61da1247bf732360ea76b16240,850.0,32946.0,malas_acessorios
787268a8ccbecd1ae02d8001b61ca46d,2125.0,13858.0,cama_mesa_banho
401b5632c06c51319df083f1245a96ca,300.0,5120.0,audio
23227b07fc69250d2fa4be6602011aea,1250.0,6750.0,cama_mesa_banho
e0884eed28311e4365d93a89ac57eafb,250.0,2700.0,audio
b18040a8b795afd0802abd9c3755ea64,7000.0,45000.0,esporte_lazer
da8b72e46537fe5af3ade4bc6120f05c,100.0,2304.0,beleza_saude
9d2ff462feaaf88912539b8647e17ab4,813.0,8192.0,informatica_acessorios
0db0a25da8420d8e6d918b552c3c4891,100.0,8000.0,telefonia
48b68cf8eebb10e4dbf1b1ba6cf00107,150.0,880.0,beleza_saude
c765fb286266d05deb16689631d841e1,700.0,6438.0,papelaria
a1efabfd513c691eeb2650e5f04e5cb6,600.0,4048.0,esporte_lazer
1528d0673079ce2d79d29753b800d76e,800.0,2800.0,beleza_saude
cae79e3b5c787c231543fa415a20b5cc,350.0,24300.0,ferramentas_jardim
e20be15ef3888b958c8a76a2f0edfc25,400.0,2200.0,
21a53da27d4b830f32f475a09f0bd54a,1500.0,23625.0,cama_mesa_banho
f100f4ee5e2b55d163a3f7c300c24d26,417.0,2340.0,beleza_saude
70ad1cce006c26381f72387a1cdb2bf6,2700.0,14400.0,informatica_acessorios
72d3bf1d3a790f8874096fcf860e3eff,583.0,8400.0,brinquedos
97b3b8e8ed22d0ceb3b3c520e806a334,200.0,5236.0,eletronicos
758eb93d6519618b22b2721413074847,1650.0,27000.0,casa_conforto
22633013199a5fbb2c0094a6e2802386,600.0,15000.0,brinquedos
0645b477d9a79945e55ec6be1605b5a0,1200.0,31360.0,brinquedos
b5fd066805e6dbd581736d37d6313bb3,3000.0,8349.0,moveis_decoracao
4b5e26931a0b0d3a690a3f520329a975,9450.0,28050.0,esporte_lazer
4deb009c36a910076a023947a7929201,157.0,1768.0,consoles_games
7aafb113cc4cdd6f842135ceb2ba4b50,1950.0,28125.0,esporte_lazer
9bfc55df037ce3ac01bfd84781adf7e5,530.0,3990.0,audio
70358ca9f95694a2b9e41eed6edbd7b3,150.0,2016.0,informatica_acessorios
82c3ea364e5480f335f6743ee725a921,275.0,1600.0,informatica_acessorios
5ccdfc35d9cff8db4fa46b83d5712899,15700.0,92340.0,pet_shop
6ac3978babf6ca76087369391bb6ce5a,1683.0,12100.0,utilidades_domesticas
cf4f52b8f3c906f11d98e8866614f140,600.0,6750.0,agro_industria_e_comercio
2794308672e65bc5a970a627ddb9b0f1,500.0,25935.0,utilidades_domesticas
55403fdc84a027ae6565b360af50e1ee,5446.0,5292.0,perfumaria
76d1a1a9d21ab677a61c3ae34b1b352f,550.0,1232.0,
69594b9c8acebfbd1bbc19f782680d4c,600.0,18000.0,consoles_games
837b5c6df9ceb8a9c604e78fde0e60a2,250.0,2340.0,informatica_acessorios
331e79a28ee5afbb321a3146653085f2,10725.0,68970.0,moveis_escritorio
013ee64977aaa6b2b25475095162e0e9,1350.0,24750.0,cama_mesa_banho
d00f6c52d2730de05fb409f09ab6e732,2150.0,14250.0,utilidades_domesticas
1ec597ef2aaee9e73f32a970247f3192,300.0,7436.0,beleza_saude
3bc5164bc7f4be77002d6651da65c98c,550.0,3344.0,
d0c7f4863cf1497a8bc855b8b09116bf,1400.0,6877.0,beleza_saude
b5dfd307658435bd981ff29e6da7e77a,100.0,1500.0,bebes
5538ed283fd2d0e2a1151507e1cbd59c,400.0,3600.0,esporte_lazer
08c63555bbee955cad9c6a9feab9e9d4,11350.0,51170.0,utilidades_domesticas
1d8ff272f4ff5248bde1358ef928713f,900.0,21000.0,ferramentas_jardim
77ddf7d9682490a7d50e7d580460d4c1,1050.0,8000.0,papelaria
1aec9dac073154a4d6350ad0e773a191,200.0,1848.0,market_place
b1631003bdbc3b1e876f83a7d851d74a,350.0,3960.0,perfumaria
8ac47b3ab13c68f49f10dde899674149,2150.0,3000.0,dvds_blu_ray
d4670fa6cc31ee979c4cbd5904e0562a,1050.0,7680.0,informatica_acessorios
d5b703c271f43f9c588a6f512a00f77e,150.0,2240.0,brinquedos
cb6d69daafeddab34122e1de88e1274c,1850.0,11025.0,utilidades_domesticas
4744ba40fb4b128ffc1c6a753711f2f7,800.0,10800.0,moveis_decoracao
fe01b643060a6446e59f58e3021e66b3,1250.0,10920.0,perfumaria
78ab491fca1a263dc3d1a16833c57016,550.0,2800.0,perfumaria
f109f04ad95889f2f041a91afe3d894e,2033.0,4488.0,beleza_saude
5328338cfaa16ba10561cd970c73ca11,1950.0,27588.0,cool_stuff
72c0ede833dac61a24ac9a7c394066a5,1250.0,31920.0,papelaria
f7b0ee6d481a76a7bed4f0a7d574a6e2,700.0,10000.0,esporte_lazer
1567eb3a02b49c99d7d07045e9ce94f5,1900.0,7500.0,automotivo
25bf7c5e5f9d008845212122805014e5,300.0,4800.0,cama_mesa_banho
c342f482010f1ec6d94f55102e4994b9,400.0,4950.0,automotivo
d76c9aa6123ceda9cd490fb2301c1cb4,2200.0,17500.0,utilidades_domesticas
3b0f7951038b105522c2d566b54421f7,175.0,1326.0,telefonia
16e3cf9ffd35194d29e5560a23123732,875.0,6720.0,informatica_acessorios
473795a355d29305c3ea6b156833adf5,100.0,8000.0,perfumaria
be1c4cf8a2d2aade623eb7a646d2a0bc,850.0,20250.0,cama_mesa_banho
2873da054c3a30189c5aac7b87d3b6e9,1150.0,6600.0,
a35a9f46dcee0a67c8c7ad8493eb4135,200.0,2378.0,informatica_acessorios
b205c1d9481d550412cbac291356e234,2000.0,32200.0,malas_acessorios
7d873ae7ba4e637167c1a8d544bd6af8,1700.0,15625.0,bebidas
64d0feb1bcf9c7fe7b5dad3271c10910,750.0,13125.0,moveis_decoracao
a77453f011b20e66aec0d64f59106fbf,100.0,2816.0,informatica_acessorios
0f91b6a95a57a43203a9b17de98960d9,390.0,3876.0,beleza_saude
5a6eeab62396852f7d89b60ba3a73cce,300.0,3872.0,ferramentas_jardim
c1afa44a5a60e2e7cf7280e57eba0597,12300.0,52800.0,ferramentas_jardim
3ffc8b6c3ae2afbf307cbd802bfb5e4c,8950.0,65600.0,bebes
a98657f6c266c87a5477b593aa1b7a80,1350.0,8424.0,esporte_lazer
4b703444923b5e57bb73ba343f5ebab7,264.0,3808.0,cama_mesa_banho
9798f14fd2be3c482aaff824a05ac605,3000.0,26250.0,utilidades_domesticas
1e8d46e0cdc62c1ffa69cc04a6f2660f,250.0,2904.0,beleza_saude
5f42d57952b7815098979a5c4fa6f82a,150.0,990.0,beleza_saude
5a2f62420bd55b28cdc512cd79263c73,100.0,2464.0,perfumaria
59391e840980a4bb6df5f44d3d734df7,600.0,832.0,esporte_lazer
ac480ada5f06d9024eae2c6dd9de4c74,200.0,2800.0,perfumaria
d43c65f300c5cfaae005f1f954fc0b15,7450.0,22080.0,utilidades_domesticas
6263969289f84cd8bde876597407657d,5350.0,36000.0,market_place
95380c355d1a589a9f3e7bfe9e5920d3,4100.0,12920.0,cama_mesa_banho
bb1865456593db5a35bcc2b23174a09d,7450.0,51712.0,esporte_lazer
48aacddd51c3196ea66bf15d9f131c6b,649.0,4896.0,utilidades_domesticas
7cf14faf0bbe9357dbd24b4a1de69f2d,150.0,1960.0,esporte_lazer
1686ad611d0c19159f8052758f93f660,150.0,2156.0,telefonia
7fbf3cba00dcf6da3f7c0fe6a162b4c1,250.0,3000.0,beleza_saude
3db75f31b76375c502f64d550dcd1166,200.0,2378.0,informatica_acessorios
9cf46f1d4af935182cc2fa4690a77a00,200.0,2704.0,relogios_presentes
d5991653e037ccb7af6ed7d94246b249,922.0,7650.0,informatica_acessorios
82e4ad16521ca131d95e198d507db370,150.0,3648.0,eletronicos
aae9610f8843fbe3931dadce56c0ac94,3765.0,50336.0,informatica_acessorios
74e901ea4caa0b0488e8350431c558e9,3350.0,22000.0,bebes
7775d718fa8dfebe8015e6e5ee3dc5be,700.0,3200.0,
08574b074924071f4e201e151b152b4e,9000.0,19656.0,ferramentas_jardim
e9ed063dacf96b73a9567bf943e5f708,250.0,3168.0,perfumaria
4e0d588f8e002f2bad9cbe0b8f66f6f6,200.0,1875.0,
ce5cedf6e57d59b07eeecb68eeafd099,2750.0,16384.0,eletrodomesticos_2
4413a608a42bd21bbf9d5abbd58c249a,2350.0,10240.0,cool_stuff
290ada89b05e1dca2a4fe42f1cfc012e,300.0,1140.0,telefonia_fixa
85eed6b3f52d601d2a288e2668b888df,4950.0,25069.0,automotivo
dfb97c88e066dc22165f31648efe1312,5417.0,90992.0,automotivo
c7c99e372ec2f873701c20e3a00ff29c,100.0,1188.0,telefonia
13c68a908e3ec61b48544be41a74e8cd,6050.0,36000.0,
a996a4fecaea5e7e2638d2c5078ebf4b,1050.0,16170.0,moveis_decoracao
55d139324dfb785b405ef1e11f119adc,738.0,7360.0,casa_construcao
a1b5a3e2a2233424b6c4ce31f31aa8db,9675.0,65142.0,moveis_escritorio
33ab88b1e48538d846cd26ea55d34108,200.0,6192.0,eletronicos
750dcfda0a9788bba89c94bb82a322db,7350.0,38750.0,utilidades_domesticas
15fdd6032f35d4add5066fb90be28630,950.0,640.0,relogios_presentes
0134eb6b933b7ebc0f9e24ae5abefaa0,1150.0,48070.0,eletrodomesticos
37f05006248fc8b0d04270ef02d24406,50.0,3888.0,fashion_bolsas_e_acessorios
501c8cd285f4f2ed96efffbb3c697d0b,450.0,1235.0,construcao_ferramentas_construcao
540a6b4600d6620f58aaff20eba82574,300.0,3300.0,fashion_underwear_e_moda_praia
24d1e0447bc0f9b43af49837d0a4efd8,1150.0,5760.0,utilidades_domesticas
22c051b01971f34702857840a0e03fab,950.0,11286.0,instrumentos_musicais
c1ed7eeb2ac3e40d069da245ac1d3492,2250.0,15625.0,cama_mesa_banho
4fe644d766c7566dbc46fb851363cb3b,1700.0,19500.0,artes
74985eecf05f5ef2d7e4c59156454e2c,525.0,3978.0,automotivo
6480f3f31b23d41c1b8ad051c201b244,3500.0,22528.0,beleza_saude
66fc767a58575873dad11a4c717727dc,1550.0,13230.0,utilidades_domesticas
f8ddde5f054858a4316860ee89414db1,350.0,6580.0,cama_mesa_banho
8108bd323f83c37e82b2f8ff9263da19,2000.0,29925.0,cool_stuff
162e010af9fe224d35fd8496a273fb02,1800.0,29400.0,moveis_decoracao
340e3e28357bb29f7612c86c13d9729a,200.0,4500.0,beleza_saude
765828bfddc553298bd28c90187d5aaa,2300.0,15625.0,beleza_saude
781afe929e3016a667f5f439afd55fce,400.0,5832.0,esporte_lazer
7ae8d9b8eca8a6daf066e53ddc7034d3,150.0,2208.0,eletronicos
a412a4cce5810a2d4fc9ce36664a929b,5000.0,74664.0,automotivo
60495adb1f1a49c8aea75e5e56a47a48,150.0,1596.0,beleza_saude
79ccb1aca8fcf379a6ed2412fba0480e,8050.0,32760.0,moveis_decoracao
39774ab6b55af4ca99782e23935a97a4,12050.0,67716.0,moveis_escritorio
100e8441d08795468a34832962d2eaf6,950.0,2000.0,moveis_decoracao
1c99a6128a79a5fb5a34c1c6b3be9067,900.0,8712.0,fashion_calcados
0fa8853b873ba06e7d27385fbb1411ca,16250.0,68970.0,moveis_escritorio
30469bb5ea377eae7121981e2f0778e4,5950.0,48000.0,esporte_lazer
69898c1a5e170da88769a92f466dac8f,200.0,2000.0,telefonia
914c9e9af640dd56f48764a225b00f89,7463.0,125440.0,moveis_escritorio
bb1378aaa2d6f539069001a8dfda9a58,400.0,6624.0,brinquedos
72331bc45c5e8665ee12999363bc9186,350.0,1920.0,brinquedos
362e37b5c8826ef516a607cb5f99b8f1,13350.0,66500.0,esporte_lazer
e0d64dcfaa3b6db5c54ca298ae101d05,4338.0,2856.0,relogios_presentes
060890b1af8cc031e9dde49cf544f884,2900.0,29768.0,automotivo
b1cd1b18e50f570382f52a55898e8987,5350.0,34615.0,brinquedos
b0e3993f15923db74f7aea09b8043717,16400.0,96460.0,construcao_ferramentas_construcao
0606451146029c2f85c958b9cce49735,450.0,2112.0,relogios_presentes
e9a69340883a438c3f91739d14d3a56d,3000.0,13464.0,utilidades_domesticas
3d4609bbecb3db49babe621f46b1b8fb,300.0,3750.0,utilidades_domesticas
c07d367dd7b78b0558e7a3e1e1a975c8,12850.0,48000.0,cama_mesa_banho
7b35be468d9795a7529f65c50ec87668,4381.0,3528.0,relogios_presentes
ba3a1ee42fbee80933b0d24a275827f0,15250.0,52800.0,utilidades_domesticas
3570caaeaa3f5a1ae76392bb2b4155f9,1550.0,16740.0,esporte_lazer
f2610c932aaabc3eb24c3512b498a838,1200.0,1056.0,ferramentas_jardim
9e0873e9ac04b12f282b81af5daebd2e,2825.0,24389.0,ferramentas_jardim
8d4dac6177fb8134f26fb4c5cc6c0aff,250.0,1650.0,beleza_saude
b09cd20111b8c27705b617c3b5af7608,1100.0,6050.0,cama_mesa_banho
5e3555ed62835dd67704d40a72678cfd,300.0,4096.0,bebes
0f3288619c16188d156acc3ba91f36ab,300.0,4500.0,esporte_lazer
fd1976772549ed5b4aed965293122ac8,458.0,5508.0,perfumaria
9b5020f2bc3043b993be2559c465e380,450.0,5400.0,cool_stuff
256711bf66dcd14111581476d6cca1aa,1150.0,3696.0,pet_shop
55b0c08f98075107c8b7d4ccded44f05,150.0,2880.0,fashion_bolsas_e_acessorios
f8c6a76085bd3b4341cccb774b554c82,850.0,15750.0,fashion_roupa_masculina
1871f846d88e6b0632e1058b61d35964,117.0,1064.0,telefonia
ac44def10e24998cdee20a208d691127,1175.0,11025.0,cama_mesa_banho
4acecc563402664291309d5f9d5cafc7,900.0,48000.0,cool_stuff
7e93d6b6ef018d488da72952ce48fb9a,2800.0,20880.0,esporte_lazer
8aa6223e400af9c97b07c75993142721,5000.0,16000.0,bebes
9ad536de496ccba6e4a9ac7be933ad9d,1200.0,6292.0,beleza_saude
14a0471af2a7bc596532fc8a6f29b1f8,250.0,352.0,relogios_presentes
f17919cd5c50df5ea6b11d9665a0eb2f,1150.0,26071.0,esporte_lazer
bba0d9c4f470ff541dba7f02d791a4f3,400.0,1936.0,relogios_presentes
891fda5230e6e284e5430ded76eebcd7,100.0,2800.0,eletronicos
9b37a918bcf2c8e1064e867cf1df4637,1207.0,4000.0,eletronicos
65266b2da20d04dbe00c5c2d3bb7859e,250.0,11475.0,papelaria
b853b073ca63585ef3afd79a4ab97ef1,400.0,3248.0,fashion_calcados
9ce6c37f9df63de67692c3f7d4d209f1,1100.0,8866.0,moveis_decoracao
8f983b383c2d3e409d71cfd12dbc7a42,4300.0,49077.0,bebes
5c134d92a99c77b568ae488b28a04c45,200.0,4096.0,construcao_ferramentas_seguranca
16ec3cff48acf77c13de21217bcc8af0,3463.0,50976.0,cool_stuff
e518b28b071fde92b9d68d1ad51dcdb5,1450.0,5880.0,moveis_decoracao
104b9503ee57d0aa2cd3a6448f242636,3567.0,12096.0,construcao_ferramentas_jardim
04d70d184a7c12c93cecd9c0d8b5ad69,150.0,990.0,beleza_saude
00baba5b58e274d0332a0c8a0a66f877,200.0,1512.0,perfumaria
ccb4503d9d43d245d3b295d0544f988b,611.0,11132.0,livros_interesse_geral
b74d57e3377dd78aace6d070fc48cc88,675.0,25200.0,cama_mesa_banho
7b31b39ebebeb8282009c48e5587b1d0,1900.0,15750.0,bebes
f69c0a81b54c02376872d8bab620c55c,5700.0,27588.0,cool_stuff
672e757f331900b9deea127a2a7b79fd,2650.0,18000.0,agro_industria_e_comercio
c8e98656b0bfc1efbadc25aa3fb9640e,683.0,3780.0,beleza_saude
8988d11aace15e3c9e25763c6d87dcf5,200.0,13851.0,fashion_roupa_masculina
33b9801fec06f14bb7d33af01769bb3f,700.0,9600.0,utilidades_domesticas
624b5655a9d76b5a0e7d780dc4733887,200.0,836.0,telefonia
08a60a2b8d7362c5da1b6bc61f7d1191,5400.0,32300.0,instrumentos_musicais
dc0289c8cd78fb2f6c41bb8be865cbec,100.0,2376.0,informatica_acessorios
a9008450835cd38eabdf07eb6dd04bdd,526.0,5610.0,perfumaria
044f05bc9de36e8a693a83e4bc79dd0d,300.0,816.0,telefonia
34aec6c5358dee4e71cbaefc14935c5e,150.0,4000.0,beleza_saude
e8316a4667e5870c85e906b1f062bde1,9200.0,46852.0,moveis_escritorio
f4d450a6163f21cf9db8bcdf8c7e50f8,12125.0,97498.0,moveis_escritorio
02475368dfb38934fe55f574024fe1d7,250.0,352.0,relogios_presentes
e84e2fd4fd9f8789bd8cb6deaca58d30,625.0,7267.0,cine_foto
4dcb49b9ca7e48d2f108d40caa77caa2,850.0,11520.0,pet_shop
c9dbe2eec19a8093cb5ac57486531c18,1375.0,3960.0,cama_mesa_banho
124ce940a0950f162eecf1c7f3db5a53,200.0,1584.0,instrumentos_musicais
1d3ecbda18167c766a3381fd16108e4a,1700.0,14350.0,esporte_lazer
a298a105818dce6878b787e4af6cff7d,400.0,9000.0,bebes
93399fcfc1e2c0a01ea544754fddeed0,200.0,627.0,telefonia
16b4473e98422039c388f144a0b16f55,2350.0,4480.0,beleza_saude
45ae343d4991cc21e7ec0a775239402f,200.0,3840.0,bebes
50805a148492a9e871186240363cd2e8,2146.0,16632.0,cama_mesa_banho
06edb72f1e0c64b14c5b79353f7abea3,350.0,3800.0,cama_mesa_banho
e82b2c6e34cf0e72cd9dd14734dfb607,1600.0,2816.0,beleza_saude
aa4383b373c6aca5d8797843e5594415,420.0,9576.0,automotivo
759c85bda80286f647f1f71b847c6457,450.0,2016.0,utilidades_domesticas
9b5db368c0daee4e693aa981f17d0010,400.0,2312.0,moveis_decoracao
d8aead84c0ff5356cacb9ac841ec3a5f,600.0,9009.0,utilidades_domesticas
1cdfaf0cc5abd6063d3a10ae3318f345,2350.0,9009.0,cama_mesa_banho
6c50c87e36d8641d67fbcceed5cfec5e,200.0,640.0,relogios_presentes
f3ae4ce1b63810f2921ff353ddbec67d,850.0,14375.0,moveis_decoracao
376450070f391460f4b67e13166cae60,275.0,1056.0,telefonia
c4b925e40f11289063a854c47aaef129,100.0,8000.0,eletronicos
14dffa241a078aeaebaef48a49e807ca,250.0,1232.0,bebes
3498d7bf6679faec5a2e7d2b2e45443a,350.0,1587.0,bebes
a671b5c0b737258c5a3262826e3dd9c5,925.0,32000.0,pet_shop
ea3be87c5c6c69043c9eb7836199c200,600.0,27000.0,cama_mesa_banho
ced87016b816472a7e668e311d127ae0,1800.0,6720.0,cama_mesa_banho
ad0bce7600c071e450d162970917de7d,750.0,12800.0,cama_mesa_banho
74d392f9be63b94cd5e4917571242898,550.0,26910.0,brinquedos
262855d4dd5b0d39f786a3c86c285c6a,1700.0,15625.0,bebidas
7a33dd7b3c419e24dc196f7381b49f32,150.0,1056.0,fashion_bolsas_e_acessorios
b5f0fcccccb9b8be8914e92fd322804f,15950.0,87750.0,eletrodomesticos_2
16cc7a098d176187b6d8e9519fa81585,350.0,5984.0,informatica_acessorios
083ffd30820b592e294de7ed668ff975,300.0,3496.0,informatica_acessorios
1d723e2d139a9fd6feb67aff90081bbd,150.0,990.0,beleza_saude
0602bc6086443c4e9b9e5ba88119ce08,133.0,4788.0,perfumaria
5cd07c84a1c25575ac2fc3fa73f1d952,1200.0,12012.0,brinquedos
a00cd7752fb98e0a8382def60ecc0b17,200.0,1152.0,telefonia
879b84c7cf2433c4fa8f416a780109a8,200.0,12500.0,brinquedos
348ddc765722b7885d765f63eed52eed,2600.0,33600.0,esporte_lazer
9c60e93e03989cf6e4a7da214723920d,3675.0,19980.0,brinquedos
5a6e53c3b4e8684b13388d6aa4afdf12,200.0,2052.0,utilidades_domesticas
2d3a6bdc41b55fc4a14a6e70621940d7,6200.0,42875.0,moveis_decoracao
cd59f488cef311feb633141ad1e8563d,450.0,3136.0,alimentos
f497ba62f1d6b4f6a3a3266fa8623ad3,83.0,1248.0,beleza_saude
076e4ce53c8914382e7ff3732511b17e,633.0,5148.0,beleza_saude
363218ba55c610b750224f90bdd34be1,1813.0,37788.0,cama_mesa_banho
71191d3e8768745afc1c290c63f6241e,150.0,1904.0,telefonia
719845ce971819fd01ef5e1e9441390b,237.0,14326.0,brinquedos
a37c4dc2fd88e896e19c74a6b60a0e84,450.0,2464.0,casa_construcao
011967a30ceeaa86acb72e79664544ad,4100.0,21420.0,esporte_lazer
a7d06b7704b157e36c45b898fa555dd5,450.0,3024.0,utilidades_domesticas
c68307fcc510fdd70015276ba94cf5b7,500.0,1188.0,beleza_saude
b01d34f6d2545269d348181768eca049,150.0,352.0,relogios_presentes
cbb702235ad267cca951499fa8475606,433.0,5800.0,beleza_saude
383390bacab031887058eccc2e994879,400.0,9600.0,papelaria
9a2e821cfc513051382e27606ab3325c,6000.0,34800.0,papelaria
8aa87bc5f3053b4df2b05a2d3059790b,1400.0,3600.0,cama_mesa_banho
6f544a62e85efa4d7a5e135482b31d79,3300.0,47520.0,pet_shop
db06e3f64ff47ef36a46f8530d002fa5,1300.0,6460.0,
e24c96c234ee0f2b0947bd394ec402ca,1900.0,15840.0,malas_acessorios
71d22271ee986bf5a46a2c199da0265b,850.0,8750.0,cama_mesa_banho
63ee501f72520d5ec54cef5fd3a21a20,1093.0,5040.0,esporte_lazer
2b849e71ada03a262ef4338a7abd8b79,1700.0,2800.0,utilidades_domesticas
cc041329dc20f1f8c48eb9861c6084dd,2100.0,59520.0,cool_stuff
a71d0bc0c279b81bda788ecaca585ca5,9300.0,23625.0,cama_mesa_banho
c5fff00bf5f821911d676badbb286675,1550.0,11340.0,cama_mesa_banho
b746f0f77468910428130facb2ee2d1f,100.0,1920.0,informatica_acessorios
dc881ef926ca402063ea142afc83874c,2100.0,14720.0,cool_stuff
928e52a9ad53a294fdcc91bcf59d1751,1600.0,24000.0,utilidades_domesticas
4c2a4ab2efb349db80f195f4b122eb6b,550.0,6240.0,cama_mesa_banho
cf8f54285cd7068ecc0f6956d1dc311b,450.0,1680.0,cool_stuff
a92e80a616f43e92e581a60fa5b30dfb,500.0,4096.0,esporte_lazer
a565c2e7c2af3eaf353b14a2e82daa53,2150.0,12000.0,cama_mesa_banho
994ab76f0da3349fffcfe5d598e9babb,150.0,640.0,beleza_saude
249da6972f14b13495be6a75239e9a91,750.0,3900.0,cama_mesa_banho
4cd6ba4ea3112de8fc238307c4dc6307,1000.0,7000.0,cama_mesa_banho
3b99375795409600e7924e00452855c0,400.0,2640.0,beleza_saude
e7a7e6b2b4959a39ac5ca07aa21e09ea,400.0,1040.0,eletronicos
87700264f353c44d18c38c328d1fcd25,450.0,6048.0,automotivo
9562542703cb9359fa625418f190b920,100.0,2400.0,automotivo
ed739dfa91e2c770354726fe0bf9cc72,250.0,1540.0,utilidades_domesticas
78514b0a0cec96621010b7b6a2bfd6c6,450.0,3750.0,moveis_decoracao
3b7d1b901fe011eddf729f636ed0f861,15400.0,32487.0,utilidades_domesticas
fb2631932085fc37d651d3408aa65a8c,800.0,12167.0,esporte_lazer
d2e131d6f19ae0d665fc1a6c420b4f4c,660.0,4256.0,relogios_presentes
bcf64c2356ded745b81b4348a8a763e1,1000.0,5130.0,pet_shop
4ee0872b98a6a08ce8c8b65e2502842d,100.0,612.0,fashion_bolsas_e_acessorios
0cb9f521598f339ad6e6b41e34a1b169,220.0,4080.0,telefonia
9f2f03a7cc35b7c27e588388fa1e2252,467.0,5236.0,perfumaria
c6bc6e6265a9e3e202b0e843c983e77f,950.0,2560.0,cama_mesa_banho
2f774e1d1ee6937ae8294771c662066d,800.0,3600.0,ferramentas_jardim
242e1933d9cb1c789d3c6a3f2d083ba0,8975.0,48960.0,brinquedos
b1acb7e8152c90c9619897753a75c973,200.0,4500.0,beleza_saude
e89982d4c99a33861236cb1b4f996dec,1150.0,3600.0,fashion_bolsas_e_acessorios
c3d27ee9725d9bb6e585039665b36443,575.0,3240.0,perfumaria
3ced865c94d3396f990864fa7aef9104,225.0,864.0,telefonia
c5038055690911ed8e218cceb07acdf8,3500.0,40248.0,esporte_lazer
e178e8610a35f4d6c9b0934fb5e20e85,929.0,7680.0,beleza_saude
5bfc7506459ae2a7b4b573fe557a58e1,800.0,23625.0,cama_mesa_banho
612e4aedc946db0cf1a5b9e1f2f81272,250.0,1428.0,ferramentas_jardim
27f0ec8644d62c85b25674aaa6d1124c,1000.0,6600.0,
0aabfb375647d9738ad0f7b4ea3653b1,150.0,2304.0,consoles_games
4f25e5c4706d43e04c34566bfec175df,700.0,18576.0,fashion_bolsas_e_acessorios
8f3a1c2358138bedfb98645db449110c,297.0,3564.0,relogios_presentes
f67ad6b3366ae186b8d29087e6d5ebd0,100.0,1156.0,automotivo
59a5c66f3c04b01ccdb9362174f6ecdf,650.0,2057.0,informatica_acessorios
5c3aca5c078a343b3b873362e7ac2fcc,600.0,352.0,relogios_presentes
164979bae3a9db1859e725b3a793f4d2,400.0,18750.0,informatica_acessorios
0fdfe56a4dfd7aab5a321fe89f7fc63d,1350.0,13125.0,cama_mesa_banho
a5a0e71a81ae65aa335e71c06261e260,705.0,20944.0,utilidades_domesticas
be5353e2c543ba4f67831f95d3775420,150.0,8514.0,beleza_saude
d4dccae17c83ffbaafc50d763503e9eb,3070.0,10208.0,utilidades_domesticas
de533fe5b9448ea9792195806938dbf5,1650.0,28175.0,moveis_decoracao
ce2c8e8fb6241fbc08bbed5a8c6e92cc,150.0,3000.0,esporte_lazer
6a29caa68d4bc5536b4447c25de4c937,100.0,1408.0,automotivo
a322cb898d31adbe4a4de692f4bc0276,1200.0,5472.0,esporte_lazer
2c7d6cb2b1eeccd3ecadf62d0e60b90b,2800.0,6156.0,beleza_saude
3dee4915c4189291d7c8b79da897ca3a,2200.0,33300.0,moveis_decoracao
cb0c2c97fb2fca149a11c2f14027895d,350.0,816.0,telefonia
abf7c583f35ff13ce82c05debdef8ef0,650.0,4375.0,cama_mesa_banho
907578486a0740d13bf3a595047b3549,750.0,17500.0,brinquedos
049ac5dce8536884a652ce73c58022ab,250.0,3120.0,cama_mesa_banho
c0db539123a403f670c50237d970b215,850.0,8000.0,ferramentas_jardim
b2f15c23f560da3b247e1090d9d12be7,200.0,1152.0,utilidades_domesticas
21fd3b391a97c2fedab9d0efdd183a93,2650.0,10335.0,utilidades_domesticas
85337022853da10b8f5fd7d1ef180421,200.0,1875.0,consoles_games
3d92028223ae14160bf1938a522de2b8,3225.0,26908.0,brinquedos
28b5fef7b6d63771e9784bc68c783793,1500.0,19760.0,eletrodomesticos
a9ccb9dca11ae8ca804b47417d0411f2,8600.0,55125.0,utilidades_domesticas
9c3225fb1d3bb4943cf7be6afa4b4246,9225.0,111630.0,industria_comercio_e_negocios
6f9771652ad5ec58e58f50475d6bfe0e,1200.0,45630.0,moveis_decoracao
846145e9b8d412bd1c9bb478a52ab4a0,200.0,1792.0,cool_stuff
938e036a795cdacb18ed3c5a598f6cf0,4925.0,20640.0,portateis_casa_forno_e_cafe
4ac50dbde931c0a5ed8c33d3dc047351,600.0,8008.0,beleza_saude
aca2eb7d00ea1a7b8ebd4e68314663af,2600.0,15000.0,moveis_decoracao
44053ed0088d0655ed338810cd2d4d51,6900.0,57664.0,cama_mesa_banho
9c7c72948a0e56fdaa07985b71dffe18,150.0,864.0,utilidades_domesticas
ee97db3ef647a016f3bb7376f8a3ffcd,200.0,2016.0,utilidades_domesticas
46292acbc08d49b95138891146f7287b,158.0,1404.0,pet_shop
1c0c0093a48f13ba70d0c6b0a9157cb7,2500.0,40467.0,moveis_decoracao
b3da35152fd4ba6d1e3a536235e7a494,1200.0,5796.0,pet_shop
b14becd90b0c2fe7819c324c6a41168d,350.0,5120.0,automotivo
c43ab4269cbf91b373263db4c2973cad,650.0,16038.0,cool_stuff
793b8fa20a40b4b14c94ab9681bf13b5,700.0,7776.0,moveis_decoracao
dd113cb02b2af9c8e5787e8f1f0722f6,8000.0,61875.0,esporte_lazer
39aa98469aa7460a9764311b3f8efb12,350.0,3800.0,cama_mesa_banho
c985e917daf44dfe2779833209017098,200.0,2375.0,utilidades_domesticas
2a2d22ae30e026f1893083c8405ca522,8350.0,51300.0,cama_mesa_banho
546ec29050b44fb370bb27656052faae,1400.0,18750.0,utilidades_domesticas
091af6c2d579fe0926b4fcb8db07f78e,2350.0,8000.0,esporte_lazer
87feb07adc221a4c6cdf051ea1afd0ff,15833.0,50625.0,eletrodomesticos_2
771fdcb0db87731f794a0e723e93b732,300.0,5832.0,fashion_roupa_feminina
0d0f800ef21c01c777f2b36329584404,150.0,12500.0,esporte_lazer
566a4f2c4385f36d15c00dfcaae132d1,150.0,2800.0,eletronicos
dee65430e13a3daa9011e4f6f04b4981,200.0,1500.0,ferramentas_jardim
825993135690981b6014a46dbe75707e,1000.0,6000.0,moveis_decoracao
6ae3f85f46a37844372252496c77b4d8,650.0,2208.0,telefonia
ff907ae86deaa05b65cfb3b14166e7c7,1400.0,23166.0,beleza_saude
e2c843e2762213223f21e0206e3b9d9d,8450.0,34980.0,pet_shop
58013a514d435f19c974b8751c054a18,100.0,1872.0,eletrodomesticos
c706d50b57c9e83293c2586d01f32445,600.0,4200.0,papelaria
c6c1f263e076bd9c1f1640250a5d0c29,425.0,4608.0,perfumaria
5cd950f6f9b4f8c82e805a136e3df79f,2300.0,14112.0,brinquedos
f4c9a2926d5a2fe099ebbe7d0967bd37,300.0,3168.0,fashion_bolsas_e_acessorios
29c9a765d2ce9ee6d6ee72d6c316b9ef,14900.0,96000.0,moveis_decoracao
4a0938478787f49dc07af734b86be96c,250.0,352.0,relogios_presentes
84bfcd3c1a4f15e9bd5867a775e232d9,700.0,3927.0,automotivo
b0851f698789d7776fe66be8d6d4a9c6,900.0,23575.0,moveis_decoracao
b00cdd91a0fed77d5dd5437da9763ed5,2850.0,36000.0,papelaria
d938bcfd149a626da38febbe8a669a9e,2500.0,3840.0,beleza_saude
165f86fe8b799a708a20ee4ba125c289,2425.0,16530.0,cool_stuff
83fcbcb7aee7d8032262103f5e441ffd,700.0,9000.0,relogios_presentes
c7b3cf9de7be95b3e09e7a63315685eb,16250.0,37206.0,malas_acessorios
18f6ea7e8cff29f8053baac6762449f9,1850.0,23625.0,moveis_cozinha_area_de_servico_jantar_e_jardim
cc4a0eb659a396153f572dddc1c098a4,333.0,7475.0,cama_mesa_banho
0727e18d559a15ca5b2b9f76274d19ec,125.0,3872.0,eletronicos
4ddea479f39c2acfbde72ff8ddcec134,50.0,2560.0,bebes
fa9cc1dfd86d0877d43101973bf26eee,10200.0,57120.0,utilidades_domesticas
4ae634441e444ca4bc85903cafe98d73,275.0,864.0,telefonia
cfba4923dc05bdeee56a049ae75d078a,1419.0,4872.0,cool_stuff
477dae843da64019d49703a91abfbd33,1627.0,27166.0,beleza_saude
cd2ea14a901da3b47b33516f3ca6929e,800.0,6720.0,beleza_saude
15859e3a8aaa3c192c10a91d8722abd5,5650.0,33696.0,beleza_saude
3fbc0ef745950c7932d5f2a446189725,350.0,2964.0,beleza_saude
7698c2e9ec5dc2b70af8c1c8ac245cae,50.0,3360.0,beleza_saude
f39235c3486cd7ead746fc048475495c,400.0,3520.0,consoles_games
86e929e4090ee647cecc0426ad4b928e,2000.0,6647.0,alimentos
386703f26f328414fe118e10a5d92675,300.0,816.0,telefonia
1b0e39ec889889ea1d492603d8512bfb,400.0,21000.0,
48f45fb4d7e27353b8abef59be38b65e,1200.0,5400.0,utilidades_domesticas
e605538d760f85a1652bc128c724ab31,8100.0,102144.0,moveis_decoracao
26e253f334cf93847fcbf6e9faf51eb4,6650.0,51894.0,esporte_lazer
422879e10f46682990de24d770e7f83d,1550.0,19800.0,ferramentas_jardim
2b939dc9b176d7fa21594d588815d4a4,1300.0,16170.0,malas_acessorios
6d3dc397c315b4afa15c2cedda354740,600.0,23625.0,cama_mesa_banho
9766505cde62429c3629bb6411cd9dc4,900.0,5616.0,ferramentas_jardim
6b64362e89896be7589621df54be089e,3000.0,8349.0,moveis_decoracao
e1901d5d99ca951543717ea5d1940a36,500.0,5859.0,cool_stuff
8a5835aeef83efa6aa947f84f92deb0e,250.0,352.0,relogios_presentes
72172e982e8b92155069e4201c92c0bb,200.0,3640.0,esporte_lazer
6cfe89ec0814c1a570172b0916b102a8,100.0,5832.0,telefonia
4aaa2ddc43f64a2db232b71fc4639064,6050.0,40016.0,eletronicos
33e77eecc23c25a65d10f627e5053617,7400.0,57240.0,moveis_escritorio
94f49b07158ceba23362f72f24e04962,2200.0,15750.0,cool_stuff
94fb2ab4419d523ecce8e5d56676788d,400.0,1904.0,consoles_games
96d6c71675adc35bcf32f970cdffe2d6,167.0,792.0,telefonia
4d071a22b9cc548b64a75075a4c63151,750.0,3388.0,eletrodomesticos
5f1d10ccc8198967ca0278fdfd474a51,5150.0,39200.0,eletroportateis
b00a32a0b42fd65efb58a5822009f629,238.0,3000.0,bebes
07f381c65e8e66460c07781b9b1b8834,17050.0,93744.0,moveis_escritorio
c65f71634a9d0de5b4a1d7dbb6d3ae01,500.0,10500.0,utilidades_domesticas
5d4259625c11acce3dcc39c169037a9a,958.0,13050.0,construcao_ferramentas_construcao
42bf9ee410b1247f0223626107834b87,1350.0,12000.0,esporte_lazer
b2f041d29dd572b298f0f74de6297b6d,800.0,14976.0,brinquedos
59c1840441f4df065f52760bf51a8442,150.0,880.0,fashion_bolsas_e_acessorios
2c71438371b35f7ce3c2511d6b0927e7,250.0,352.0,relogios_presentes
a2446206efccf04cc7fd1511be0ee157,500.0,3600.0,perfumaria
b6e352d888ba31d8999af279cd63aa24,1225.0,18252.0,utilidades_domesticas
baeb8e1a680cf9e1f13557d74b6cec3d,2400.0,13020.0,ferramentas_jardim
f10d3472b287e627cf92e5ff1d8b88f2,900.0,29785.0,cama_mesa_banho
d4fe034cde911805af12724d73fde7e0,1100.0,6400.0,cama_mesa_banho
2b25ef4ad1788c0699dff628cdbbfbd0,525.0,5760.0,utilidades_domesticas
f7e0fa615b386bc9a8b9eb52bc1fff76,325.0,9261.0,informatica_acessorios
835d8502d265ddeb4bdd39591d55fa2b,500.0,16302.0,beleza_saude
48bc0b16a79dc0d94adfb679e1f6e965,1217.0,10868.0,beleza_saude
05019bc35fc2ed878c0c0f55346b91c6,2550.0,4896.0,beleza_saude
8b32eb3053c5c248a5e547f8a1bfb859,300.0,1632.0,informatica_acessorios
617186c3d97ea56c9c683a8a3974e8c1,550.0,5040.0,perfumaria
9b2db9ec16a8a51549f32462bf973523,3110.0,34056.0,brinquedos
adf24c4c9e90e7054d07309a04c419d0,1500.0,6300.0,moveis_decoracao
2a4cc5a2211eb5758a2dfbe772c91999,1050.0,3000.0,automotivo
e070a61270050c4b1b704300f331cca6,850.0,18000.0,pet_shop
d63c1011f49d98b976c352955b1c4bea,950.0,17500.0,beleza_saude
f2260011ffd0ed4238e48fc8dc2319de,17600.0,49000.0,eletroportateis
38327e062df5eb11f9ff87b586df0fd4,600.0,5400.0,esporte_lazer
1bdf5e6731585cf01aa8169c7028d6ad,7400.0,29375.0,artes
d04e48982547095af81c231c3d581cb6,292.0,2700.0,relogios_presentes
0e0be1b2859d8645f40d55e1dd855781,467.0,11088.0,bebes
7304acc3196eb4cb479464c421de747f,7700.0,18000.0,cama_mesa_banho
d2c7a1e57b8f3e74095798f867334b36,300.0,352.0,relogios_presentes
7a10781637204d8d10485c71a6108a2e,342.0,3510.0,relogios_presentes
9451e630d725c4bb7a5a206b48b99486,350.0,3720.0,bebes
4005df5f887f3c2529f363671fc8f4a5,2200.0,10580.0,beleza_saude
0e8c1dc0559f4a9a4a9066dc8c56755c,50.0,5104.0,utilidades_domesticas
87cc2aef12eddf0b170234138b0946e0,350.0,3360.0,informatica_acessorios
1c4e2aab2f3631a70816d1765ced8ea8,9900.0,58621.0,utilidades_domesticas
550dc4417c636abc04c71404342de695,1238.0,15504.0,informatica_acessorios
fe6a9515d655fa7936b8a7c841039f34,5650.0,106580.0,cool_stuff
98a8c2fa16d7239c606640f5555768e4,8325.0,19866.0,ferramentas_jardim
08401f48b67a852d06105725c3013eff,350.0,3360.0,brinquedos
2bf7ce28472c7ae94ee15e26991bc9b6,150.0,4500.0,papelaria
b044bbed524dc39f8465f2d1b5b620f8,375.0,15870.0,esporte_lazer
fd424396761d9e1609c5516b7d8ce17b,4825.0,74664.0,automotivo
b061d19bedb7cb3af1ae9d6fb52b5712,5100.0,28050.0,automotivo
964093075b6885bfcc6520dd216e4d8f,250.0,1320.0,utilidades_domesticas
00c744ca2f3b0e76ce227b146095d3f9,350.0,4335.0,brinquedos
df44d84f970884476b76a32ddf1ace55,300.0,22400.0,cama_mesa_banho
44a34214a57dc373dcd80f54c919d006,350.0,15075.0,esporte_lazer
2ba4f78910f6fe61e7ae7bfa4efe2726,380.0,28560.0,cama_mesa_banho
f7c72fa5d77c897b79b13a5f86f27b02,1000.0,15120.0,brinquedos
6e835aea84ae8eb68b8c14878dd43b30,2350.0,8000.0,esporte_lazer
842f01c6359ea76dede02a1daf8bbe77,2000.0,25840.0,automotivo
78b7b1ff2d3f06a589354ddf2f4f9db3,448.0,6358.0,perfumaria
fc2351bcf24c714e5d21b44ad41198b7,6850.0,40800.0,bebes
1d8b0573a8ebb81f72288beba6bf4327,250.0,11466.0,beleza_saude
0a8b35c2fbc824f7e1015cf330e6cc3c,250.0,352.0,esporte_lazer
151259fe8ced305ca05dc771fc72d711,418.0,3276.0,esporte_lazer
8b50a72d52d7a91fb19d19fbe069e2f2,250.0,2080.0,utilidades_domesticas
222efa72a47277d611b8b38d71149afd,300.0,3840.0,utilidades_domesticas
c638e232871cb1e760eaa7e724bc3eb2,300.0,4420.0,
96bdf83ce8bcf48510e8a8ab8b5fb660,50.0,3888.0,fashion_bolsas_e_acessorios
f1fe595ee7ef768b41bd9b246d13432d,1900.0,6851.0,ferramentas_jardim
c40b4d64d9a3328382ec1fc2948c4af0,100.0,1020.0,telefonia
3472b106bf41b1e7223330cdfb8a3673,250.0,4800.0,cama_mesa_banho
c384e8f1f1c380ef1dbafaf080ba25fc,500.0,15625.0,esporte_lazer
6c4d1dce076249f2314ac8f3fc3cc7d1,350.0,640.0,esporte_lazer
eab67bf937aaadc19f83383a331d2dd9,10975.0,48654.0,moveis_escritorio
17c4bd4269902c84acc14c497f282ddb,300.0,2415.0,telefonia
16e1eefb15c1601a11fefb18fd3d6036,1225.0,60458.0,cama_mesa_banho
e475b26e5db4c91fa1cd25927908eac2,200.0,1980.0,fashion_esporte
474bb6b54fc608ca71059a6c4f7ecda3,150.0,6000.0,eletronicos
41fbde40144efcd09db07250981d7b93,5500.0,40500.0,automotivo
108952e9e1c5cbd3f2b29ec2893c33da,900.0,14476.0,moveis_decoracao
15f50a93f26d97e9c940e45271e8c177,7100.0,14800.0,eletronicos
3c44881c6f1115b3a16f8281bb2a83ff,100.0,2800.0,perfumaria
b6475dae3a2796ed87cabc7b8e8debcf,250.0,8645.0,utilidades_domesticas
0a41699cb57f40c605d3cfdddd61673b,550.0,6400.0,esporte_lazer
7486542600afc050d20740e976ff87f8,450.0,4032.0,beleza_saude
2cb90322408fbc8131f039ac650b87f9,600.0,6000.0,moveis_decoracao
22c5e15506cbdfe5acd1b6a89e607868,647.0,4350.0,cama_mesa_banho
acdffc304400a49352181f5ee9a47c52,1000.0,12000.0,telefonia
c900bb01100f7e72011f57af81326b90,50.0,624.0,eletrodomesticos
6d59a3fe3140425fb175cdd1e688dc2e,400.0,9000.0,moveis_decoracao
3a7c9b0413d7b9cc7f4a18318fc5afb3,1500.0,60000.0,cool_stuff
482c25dc8512547962854dfff5ac057b,544.0,5148.0,casa_construcao
b3b0bce74668bf355cbd94db1e4d17b9,200.0,11340.0,informatica_acessorios
e5ae72c62ebfa708624f5029d609b160,156.0,3240.0,informatica_acessorios
253ef56cd52d920f8066748da224c5eb,450.0,3146.0,beleza_saude
78d622eda7a1b229d04311074b1029aa,17950.0,94192.0,moveis_escritorio
ba4bfbf74dbe7ab37e263b9326da0523,650.0,4800.0,esporte_lazer
d04857e7b4b708ee8b8b9921163edba3,450.0,1280.0,informatica_acessorios
87d6047f661dc87643c40612a6eff3b3,1150.0,14375.0,moveis_decoracao
9afaad66aca8b0c79e4f084a89c9c92b,150.0,1960.0,telefonia
fcf28afb1353f2f12ea041dd74954226,300.0,816.0,telefonia
ad40d166fe5dd229396bf570cd30fdbe,600.0,9295.0,moveis_decoracao
86d2c13e1ce5c85177a6e7729892b501,5400.0,61776.0,cool_stuff
de01db017586d557505e72625f9f49d4,2600.0,16632.0,cama_mesa_banho
8084d3582278c047f32ce0b24a42869d,641.0,3640.0,cama_mesa_banho
e40fa115d27ea4a80bf2136d5f0cfcd7,350.0,5967.0,eletrodomesticos
0ec96e6d31a1493b0475805c9ae1a0a2,1450.0,7776.0,moveis_decoracao
f524b3f36f5a7a8cecf77fd6083ad6fe,2400.0,12480.0,automotivo
608e8b2a725333b7f6c8cec028b90698,200.0,2016.0,cama_mesa_banho
5c5585c687a0293f10bb748c13cacc71,214.0,3276.0,informatica_acessorios
f3b5bbdfd20be94cc96583501d2819ce,400.0,5100.0,beleza_saude
50142ec1faa11eb5a756baf3020128e8,2245.0,6647.0,beleza_saude
d1c2619dd30b8bc3c63f18ca9692660a,2600.0,10944.0,utilidades_domesticas
5038cd913f549498c7e7251739050b0e,100.0,1104.0,cool_stuff
e5403f78625641d4ae41af599772fbfd,366.0,3808.0,perfumaria
def59eb2e17b32b980b5341984f6b500,300.0,3456.0,pet_shop
fc1d8637c0268af3db482c14b7ef8e75,1700.0,7616.0,cama_mesa_banho
145978af3e89b318be0b717a0953649a,150.0,2604.0,informatica_acessorios
59f17be62604541797d4df87ae80cf73,550.0,5202.0,consoles_games
5101f008a270fb10336de6703f32221e,2400.0,27000.0,cama_mesa_banho
90b58782fdd04cb829667fcc41fb65f5,7417.0,51612.0,moveis_escritorio
a02d0123079f4ae96001ba2010d1a2df,12000.0,70875.0,construcao_ferramentas_iluminacao
1e4aad71e70ec3236b054032c42d3494,200.0,5200.0,telefonia
55af6f61ee17f7290ce7bb14b6e38a60,2650.0,22050.0,moveis_decoracao
45cfee87da128a8f939226bedd92a72d,1500.0,49500.0,pet_shop
d189fbf8b5d79a670cebcaaad68d77b2,3000.0,9000.0,papelaria
6fd82d8f842424334fedf31190e54d24,250.0,640.0,relogios_presentes
b7bea0eb38a6cd6e90c00c9bc6422193,350.0,6400.0,relogios_presentes
0609678aec06f28cd8e177550d26e73b,1400.0,15600.0,cama_mesa_banho
1166bc797ddf5fb009c376d133f61204,1100.0,14400.0,utilidades_domesticas
05af73bb3143cbc5233c1cdff4a767b5,2700.0,13254.0,moveis_sala
e71ce72b19b83080d97cf4f06c90d096,400.0,7680.0,esporte_lazer
77aadda8f3636c56d2e32ebf735426ba,1500.0,17835.0,malas_acessorios
b96665121d5d14f5da703d30f116a56c,643.0,12825.0,informatica_acessorios
537652d95702108d6f9a55852ba97228,100.0,836.0,telefonia
c88e123d9b0b4aca866a9ed646b7a72f,2908.0,48240.0,cama_mesa_banho
af37cff523f7bacc47bc01c5674bf4b4,150.0,8000.0,beleza_saude
9df0e8a7eef2a38b74e6d5c0e224b11f,28600.0,160433.0,moveis_decoracao
214f3ddd6bf0b37fcc394a822e319a30,100.0,990.0,beleza_saude
37f9b5f1e37fc317e03a93b80915992b,10500.0,41600.0,moveis_escritorio
8de310188938fc8abfe1aa7ee927ccd2,200.0,2200.0,esporte_lazer
0cf573090c66bb30ac5e53c82bdb0403,128.0,1560.0,telefonia
08eada1514424f37cd0704a5f45c1e07,450.0,4116.0,relogios_presentes
267916420e3477d543e8db15decad252,1150.0,36000.0,pet_shop
f646af315b0f3a597f69213537ca2199,600.0,4913.0,moveis_decoracao
827c4a77226a3e7ef259d61eaa775df9,1300.0,18750.0,moveis_decoracao
45db1cf7c08c21a37f3218e88943061f,350.0,1444.0,perfumaria
5411e9269501a870cabf632f05655131,6550.0,31920.0,papelaria
4e0d01d5e5e4bd454e71e7cd1491c052,525.0,4140.0,beleza_saude
8cee1d824765335c48ccc515c2ecf4b8,900.0,5400.0,cama_mesa_banho
a8b3b0af05abaf1bc4d318debe51f3e1,1125.0,11600.0,beleza_saude
f8328e9125f089a968fc6b36116c4bb9,575.0,5120.0,esporte_lazer
b83727c2bb0942488a69e3683cc8682a,900.0,4096.0,esporte_lazer
777d2e438a1b645f3aec9bd57e92672c,950.0,23625.0,cama_mesa_banho
576260585d9d4d112b129048750cf18e,3500.0,5712.0,automotivo
e7cc48a9daff5436f63d3aad9426f28b,700.0,10080.0,telefonia
ff26009ac6b838dc6cffa2d589cdbefb,3500.0,32000.0,moveis_decoracao
35b9e8c317cea9e313573fe8cd9af9a2,350.0,352.0,relogios_presentes
9ee8c8a931dd4d34148aa31f54ee93c1,1700.0,14400.0,perfumaria
3efd399c5d016b9e6a5ad3196eade44f,1000.0,7500.0,bebes
9007d9a8a0d332c61d9dd611fa341f4b,200.0,11475.0,papelaria
d929915b6b69f9c91192c898b6fc21fc,1050.0,13860.0,informatica_acessorios
dc5fd9c9989813f354c865854be80178,125.0,1694.0,informatica_acessorios
af0a917aec9cea3b353ece61a8825326,1200.0,3080.0,cama_mesa_banho
cfd414b4463647f58c7775eaae06893d,300.0,1428.0,beleza_saude
6c1a3375a7b0cb7b5a454e123c61311b,2650.0,15872.0,cama_mesa_banho
28e2aedad93288312a4929b8dd91ec73,1100.0,1056.0,ferramentas_jardim
9a63d4ef456702710823c21b8cca0332,200.0,1056.0,automotivo
9da950e8c8c482441f1b93955b21c827,5200.0,25160.0,cool_stuff
9cfc534e612cd634ccf02aeb68583094,1733.0,8778.0,ferramentas_jardim
5f0968068096bd1129c543f3fb59604b,2000.0,19200.0,utilidades_domesticas
f5c0c21094c05855d475bc3890adb6dd,450.0,880.0,automotivo
183c95ad186f48c320bbac4643829d3f,150.0,1600.0,fashion_bolsas_e_acessorios
55ebae49cf4c0963d5738a39e1e79750,300.0,6776.0,fashion_bolsas_e_acessorios
79da264732f717f10ebf5d102aa6c32a,150.0,1904.0,telefonia
9bb8ca338e5588c361e34eae02e8fad6,431.0,4845.0,beleza_saude
26a6aaf337b078349b5ec749be2e7a5e,1100.0,4692.0,utilidades_domesticas
bee2e070c39f3dd2f6883a17a5f0da45,175.0,8000.0,informatica_acessorios
dd47440cb56de3ab674f9208ff0edc3e,2550.0,6600.0,informatica_acessorios
68841da6fdd03f059359823165da9444,400.0,1936.0,relogios_presentes
f5e3c48bff299925879d1507ab662a2b,500.0,2112.0,relogios_presentes
53e4a9df6738c52c11e3856a977404c4,250.0,3248.0,fashion_calcados
e2de41d7036bd95cd37a7a9f4949024f,350.0,1232.0,construcao_ferramentas_construcao
7d1fc7d682f6a5c8e47437e3540f4415,3400.0,21978.0,cool_stuff
a367f823feb49954fedb4f4a43ad9db2,300.0,640.0,relogios_presentes
49cd59957f1c81427ca0b2edf5696969,400.0,7500.0,bebes
5d9805d8578300114d104afcfd6e6b39,158.0,3952.0,esporte_lazer
fa3bc8d73fe3b0ec061190651433a417,1500.0,5616.0,esporte_lazer
c045b19fdb30a3035c56d04c6fe2e622,2050.0,20000.0,cama_mesa_banho
4ef061c259138e88ac20204e453f201c,750.0,11550.0,utilidades_domesticas
e27a738cbbcf6c8878c713af56835a19,300.0,2720.0,relogios_presentes
f9a7825fa51f487b8a48f67e9efced8c,2600.0,9000.0,esporte_lazer
1b947042ada4bafeaeb8714e1584d5b1,5950.0,32768.0,moveis_decoracao
8ccaa3f8b171b199e37294ece30815a3,150.0,2375.0,moveis_decoracao
07ffc018eaf23e086370dea42c74077b,185.0,2058.0,construcao_ferramentas_jardim
68a058d125ba1544e726898f0b8c0523,10475.0,45084.0,moveis_escritorio
7a27d105703555063bfa42ea2bfb32c8,2850.0,8349.0,moveis_decoracao
bb50f2e236e5eea0100680137654686c,400.0,2992.0,beleza_saude
8983a3b149303c013fceabef902e835a,450.0,720.0,informatica_acessorios
423b46d7ff817b1cd19ab195c7b76546,200.0,640.0,relogios_presentes
83caf799100f6f9418e0eb2950b757af,200.0,2400.0,utilidades_domesticas
0a1ca683d91a7cb9b806f3710873bf47,700.0,1836.0,perfumaria
fa39c60599eb6573020f07a1b4dd38cf,1183.0,17784.0,utilidades_domesticas
1954739d84629e7323a4295812a3e0ec,750.0,27000.0,portateis_cozinha_e_preparadores_de_alimentos
4a0d42e046d1d4d039b4b7807ca46e83,185.0,8993.0,esporte_lazer
1ea666016f92dbe83254279eda832f34,350.0,5000.0,malas_acessorios
d6bd998d3d01aaf250bd790a3dab71ac,500.0,48576.0,cama_mesa_banho
022649cdc8ef07dddfa3de3409647e00,825.0,5376.0,construcao_ferramentas_ferramentas
060f0122cdc8f25db4a0d7359fdae7b0,250.0,352.0,relogios_presentes
17704da54fb7512da5a72cc3b227185e,700.0,10692.0,beleza_saude
c827fb43ad0fb8708f34c2911fdc164b,10600.0,20280.0,esporte_lazer
ba18c48184ce58f0ffd8b656c4edf21c,1150.0,39375.0,cama_mesa_banho
5d0a7cb413c5b59233c57177fe2f20b0,200.0,1232.0,brinquedos
6c8b2975a4a05d1f36948b20753b29ca,1500.0,15750.0,ferramentas_jardim
462ca84097e3116f8dc7642fb057b4b2,200.0,2340.0,informatica_acessorios
b423d0e69f19a48cd48305328b8e3f02,300.0,3648.0,cool_stuff
926d11f0e2a1171fed968faf5caa8f92,1150.0,18480.0,ferramentas_jardim
fd85f34d70edf41fbea6a3269d183e00,163.0,9072.0,
10244e4307f7a1575e022f248b51402a,1400.0,6000.0,cama_mesa_banho
90b86c830114ddc888f6380a223ee285,300.0,4800.0,cama_mesa_banho
bf5d132b4d30a18970b8ee7798725af1,10800.0,79625.0,moveis_cozinha_area_de_servico_jantar_e_jardim
fe9dfbe7f974621789683b7b78be2a16,5300.0,27360.0,beleza_saude
9324d11d98d73e980e13fbd30569e9e4,875.0,11362.0,pet_shop
1fce7b244f4a45431713165a869f5f32,575.0,5632.0,perfumaria
145028037adecb27b1a58cf9597676cc,6650.0,12673.0,moveis_escritorio
3d7e90a312a036ed4ae2ecd2a459a629,200.0,3584.0,alimentos
23365beed316535b4105bd800c46670e,350.0,836.0,telefonia
9981d5a8b44135a14dffa76e857d2d83,12500.0,64638.0,moveis_escritorio
694cbe624717957c7536ef8cd9dfbf57,150.0,1904.0,telefonia
b88bec07c15c233600f4ce48b7bb44e0,550.0,11340.0,moveis_decoracao
cfc4861ae14c9e9e7679355f863c18d4,150.0,1104.0,automotivo
c2bd03501cf7f4f3a1201e6069155bc0,900.0,4200.0,moveis_decoracao
88b0e43d1df085c4e8c2be324e3785f3,175.0,2926.0,telefonia
d02e5b014cc50a42a3ede0b3dc1fc63e,1100.0,7942.0,utilidades_domesticas
ddc1d8513943b57455b160acf77e6507,550.0,15625.0,esporte_lazer
e9dd44f105ffdcb98405c94f1d0bbdd9,1000.0,14375.0,moveis_decoracao
94fb18015068e3550e6a8f0729558904,1700.0,7590.0,cama_mesa_banho
70615110b87b5e185d019c1968084752,1800.0,14000.0,brinquedos
06e73ddcb54620a36bfdb2e073c4dc40,150.0,1584.0,fashion_bolsas_e_acessorios
ba74c6b75d2ad7503175809688d5a03c,292.0,1632.0,relogios_presentes
10d2b7a176cd8a35bcae7c15e0e7626e,750.0,1760.0,esporte_lazer
9d4907a98d11d8b3254b9997e36e2a32,200.0,4096.0,esporte_lazer
bcaccccaa0255d8132172dfe9c10ab2e,150.0,2112.0,eletronicos
3c62f48140fdc7650a63b182fe3b9e4d,1700.0,6450.0,moveis_decoracao
0b2c18d8e73e17348a011241525cb089,400.0,640.0,relogios_presentes
d9235fea02ba3f9fafcd78d898ac4355,1300.0,5940.0,construcao_ferramentas_iluminacao
3b10cf7d1e08c598428ad6eb7c59d09c,1550.0,8960.0,cama_mesa_banho
45e95fa9b4822fe9928abd8993cc37ce,475.0,594.0,informatica_acessorios
ebb132e52ceaa1001756409f1dd0750a,950.0,6460.0,utilidades_domesticas
de89f330c497e12d2510c2cd2a48a29f,605.0,3584.0,telefonia
957e5bb30136d08f9e4f128d0fe9c393,450.0,8694.0,beleza_saude
da9323efe50198ccd3307f6a9a128a81,700.0,3040.0,esporte_lazer
909b87db6cb3a7ab26bd03cc59860136,169.0,1920.0,informatica_acessorios
e13d2c379481eddfa4b8844f8beb7db0,850.0,4950.0,ferramentas_jardim
33900d427fa4bd3f509cdacda72e84a3,2450.0,22680.0,la_cuisine
fa4e8255202fd921350a6fc716710dae,350.0,2000.0,informatica_acessorios
f3ce47ccf98da2906f6b8b1387618e07,10250.0,61250.0,utilidades_domesticas
054515fd15bc1a2029f10de97ffa9120,150.0,5832.0,esporte_lazer
51c59cf09066762ba5740772b0a86215,350.0,17500.0,esporte_lazer
cc31a2f3eb3df109e2e7dba6b15da5d5,10500.0,48762.0,eletrodomesticos_2
7f064525eaaa1ce9d22c085f7ff5413a,250.0,640.0,relogios_presentes
abe839f92bf39ec954b4b37b4b6c6860,801.0,2700.0,ferramentas_jardim
205cf43d203186d5eb440a791a5b7404,300.0,1280.0,bebes
6ed0ed10d62b45f3de46933b0b2989a6,700.0,60000.0,bebes
99a0e0cc451b1508edc91dd621c2f66a,4400.0,14664.0,automotivo
234d0c9586a851ff11033aedd13c1837,744.0,3458.0,perfumaria
58a56598bd27e4169dd5ab99d2eee335,250.0,1760.0,esporte_lazer
1e946cab712f702ca325f609894b7962,500.0,9600.0,esporte_lazer
f28a5b15b3dba915b2df1b23be439ab8,7550.0,9375.0,esporte_lazer
2ff995aead9c63a1f37a07b3664ead37,7500.0,30866.0,moveis_sala
17764de01dd9ad50ae317792ad2e2868,750.0,16000.0,pet_shop
57f2de7e1c6028c7d38a50cff155c794,400.0,6000.0,esporte_lazer
fa6eebf61147fc40bc2b49765f5b877f,2500.0,45000.0,eletroportateis
6173741c2ed0c265a1b002af9e7ecf08,125.0,5120.0,telefonia
7935ddc510afb7d08989660b382b7f26,7700.0,34800.0,papelaria
d0efdc4a1cc12f88f6a290fda8861fa7,900.0,6612.0,cama_mesa_banho
1498bc64386d231c0b467a99561b1760,750.0,8000.0,cama_mesa_banho
3fda13f397426103abde1f106676f0bf,300.0,4096.0,beleza_saude
955d159d5f3a5d16c3808fcb7705224f,50.0,3136.0,bebes
b68cf84ede4fd1e14b1740de5b727d55,638.0,7436.0,beleza_saude
ba9943916136c9959e24f71bdae28faa,200.0,1750.0,informatica_acessorios
4cb6e86e1328e77e20b5f90771683cbe,1100.0,13068.0,esporte_lazer
adf8f4e4c2e176a9e7437e484066f769,200.0,352.0,
94e6f132095f2a1ee6a6ba8330a9f9c0,100.0,627.0,telefonia
209d347513cb03998c962964dc046f93,1200.0,18216.0,brinquedos
a5bbc554f75cf4afa2cd56791015ec27,800.0,15000.0,instrumentos_musicais
4c68fa8fa43e3ffddf31ef176866f762,400.0,2205.0,papelaria
5599be6fe59cd2257edfdec9d45442e0,400.0,3927.0,automotivo
e906fa76a27488f805ba8584a4c10cba,650.0,2560.0,cama_mesa_banho
c92a8559445ec8f63ecf90c7dd910b7d,1050.0,9450.0,
db6796aa712a2626572bb3d0b9a039cf,1350.0,23625.0,cama_mesa_banho
399656db7a0d49d36300b81120bffeb1,3225.0,6000.0,cama_mesa_banho
b9023d686fca0dca3ac844814e92e92b,200.0,2912.0,eletronicos
671d1f1a67e731435bc7a91569004038,550.0,21280.0,esporte_lazer
62d8daeee0db3a60c234c2d1bfd10651,350.0,4800.0,cama_mesa_banho
198ed1dd26d075dc1e52e1909fc07938,2300.0,23520.0,utilidades_domesticas
2056c9497992c9032fdd92346baab6c3,1800.0,14105.0,ferramentas_jardim
fb09ab0eb676b60b254250a28fd46e10,308.0,5440.0,eletronicos
4b13aefdb8d42b55a96d9985fa5da023,400.0,4096.0,pet_shop
aeb37360d7dbf2f5136bb2ae449ac16b,7850.0,26910.0,brinquedos
027325f946f1b3d8f94c3496e9a59a10,300.0,8000.0,construcao_ferramentas_seguranca
d5ef840497eb48a751179b06d1efd063,2600.0,12167.0,beleza_saude
aafdb12b1b20091509f5c337498dbf1d,750.0,12000.0,moveis_decoracao
5994a2fdff4b0f9ca4376c4226adb442,8300.0,48552.0,utilidades_domesticas
12bc892d6fff0dc42c8177f3665ef00e,100.0,4368.0,beleza_saude
9069c427ca36847bc3907c09712f6cf8,6250.0,48000.0,brinquedos
fbd4031ddbc3d02b95834b62769d3ad0,10050.0,58682.0,utilidades_domesticas
2136c70bbe723d338fab53da3c03e6dc,200.0,352.0,relogios_presentes
ffc9caf33e2d1e9f44e3e06da19085f7,2134.0,8800.0,beleza_saude
b795524e6ddbae40e910d169242dbcd7,513.0,13041.0,pet_shop
95ddb6784d69952b116fd5bb2408b788,1600.0,21114.0,utilidades_domesticas
0521fe3eb04940304b489d0fb49a37dd,1450.0,9720.0,ferramentas_jardim
127c0cde3ea832c4c4901159cf902d0e,750.0,1728.0,informatica_acessorios
88bcd4cc43e257bf69ac62b2540f1c14,450.0,6250.0,relogios_presentes
a129c8279ee7fa447a6e8726f619dac7,28750.0,54560.0,bebes
39a1a3b9314738724fce4b2907ae6686,1550.0,7616.0,cama_mesa_banho
4a523a9f00bf299d2496151b0e2a3238,1500.0,30752.0,esporte_lazer
59fe488ea6ac9439bc86663f4a564c23,275.0,864.0,telefonia
94c8e41ff4b54668bf9a765e5a7fc9ac,200.0,880.0,fashion_bolsas_e_acessorios
d9bdf643d95cb89844c0da1a0df1d16e,475.0,2520.0,perfumaria
1aa464d8b37fad27aa67da15cb76d312,3000.0,8349.0,moveis_decoracao
9fbfc0d1a475bb65f9c0e39bb927a99a,4450.0,10672.0,utilidades_domesticas
99008b78e9206243c95a95cf02a71905,1467.0,14553.0,beleza_saude
07bcd890d449e493b4ec23d05a9e40ee,800.0,9000.0,esporte_lazer
ed321c2cdae7c40c08ac0eae3d500495,150.0,990.0,beleza_saude
ce497a3d92ec305f5d9ef0c4b6980a95,1200.0,14375.0,moveis_decoracao
952670bc019a73f0933157ec82ff6e4f,3300.0,54000.0,cama_mesa_banho
7b0837837bc77c47aff31afc04286281,10700.0,37720.0,ferramentas_jardim
be5f0f785e9495b018017045cc207457,455.0,2808.0,market_place
912d1fc21117a94dc8a67186df6010a7,458.0,3240.0,relogios_presentes
ed77034b92386a1a8cfd3c648d715dde,317.0,2432.0,telefonia
d1b5b0f59a008dc63de7a7146326c0d9,500.0,736.0,livros_interesse_geral
c1234c80dafde7ef3311b3eabd5069ed,300.0,600.0,cama_mesa_banho
5b3b5f9ae84ca9ead3138b199420cc94,5400.0,60000.0,brinquedos
317a06884480d645d7f0bc82455ec277,650.0,4125.0,informatica_acessorios
946b20e2799c73ad1f8f95440f723ce4,16800.0,23625.0,cama_mesa_banho
70aa499facb0946dc40ff974166fd522,2700.0,18400.0,automotivo
725cbfcaff95a4d43742fdf13cf43c75,1850.0,5780.0,cool_stuff
5e2ba75ad255ff60b1c76c5bf526ae9b,500.0,3200.0,beleza_saude
41751736c87d2da5af7c27168bf45a9d,7950.0,47520.0,bebes
3439529926df110506c6752e8f16d358,1190.0,16720.0,utilidades_domesticas
62744bf012b60074e5fa0fcd657cbd34,400.0,3750.0,moveis_decoracao
ad1128daf194f4b6ac4256e16233497c,100.0,528.0,telefonia
2c4930c4b284c7b99db2a4c52071a45e,9050.0,36750.0,moveis_decoracao
b8985a4d0fd0f1502eec53355f322670,2100.0,27993.0,bebes
34dcd1a460194e9a114524a6ec0ad39e,350.0,3060.0,brinquedos
e917a4c1765b98c448b7e4cadcbd0d36,100.0,1404.0,papelaria
ec5b5cce0b8464a1c618325f35c779dc,1300.0,8349.0,moveis_decoracao
65fd9b358b7ee029fba34839e9c35fdf,350.0,10360.0,informatica_acessorios
2c7f01e4f39f8ca21caddb86374d7b4b,8550.0,16146.0,eletronicos
968ada41fd04a1d3221d01f7598db4a2,1150.0,13500.0,esporte_lazer
5d7a4ee1450d108913cdd64fff383338,250.0,9375.0,automotivo
3487b8d662448326a09da14416640170,400.0,48000.0,moveis_decoracao
fc44aa56f6950438772a08ec23552fd9,750.0,19250.0,eletrodomesticos
ce4958776b3721723edac6bd9a05e833,5100.0,30000.0,utilidades_domesticas
bc14412610aee0e67600fc300c46226e,2050.0,29700.0,esporte_lazer
ed2067a9c1f79553088a3c67b99a9f97,750.0,2880.0,alimentos
b4436da747c3a53ab07ac0e71de17dcd,24450.0,105000.0,esporte_lazer
9e4a852f41aff52bafff133d9deb5eee,5700.0,31920.0,papelaria
e4f77c9e32d6ed0e4902b08955d77b23,200.0,1045.0,telefonia
27da598c46f42cc744ead106a289e677,1360.0,24360.0,brinquedos
7094fadc9773845c7d453e51b04289a8,1150.0,11286.0,cama_mesa_banho
24619f43ab25b60db576926fd78edd39,18800.0,86625.0,pet_shop
ae083e4a334a4210ae0ef7323f1584c5,250.0,1596.0,beleza_saude
40c6502218c2b8ae624cd1576aac13c1,550.0,3825.0,utilidades_domesticas
060109450b2f49e4d5c4fdfd3d8ebc34,450.0,1872.0,utilidades_domesticas
a9e1892ce37ec3b694e45a58e3377556,1850.0,12960.0,moveis_decoracao
ca0019454bd5ddca0f4022fe89f6557a,5700.0,32000.0,casa_conforto
94475071013412139f862c0bd7e3bb37,317.0,6776.0,papelaria
3e45fc327c9740f1ae03383a8e201968,107.0,2520.0,perfumaria
955e839e4a1e8af1dc811f11c4a5cdbc,350.0,1600.0,moveis_decoracao
6e86c76c9073070701739dc4fae68a6b,12600.0,70875.0,moveis_decoracao
b6c3ac7e88727311d75dc5695fb9f18e,1600.0,27000.0,esporte_lazer
015f06d7b83e5a6f7d1765fb5d8bdfa6,400.0,352.0,fashion_roupa_masculina
120fa011365fc39efe382cba4e50999e,2050.0,8704.0,cama_mesa_banho
5ef700515181623872771a16d1371cd4,12250.0,12000.0,casa_construcao
1dceebcc5f23c02ea23e16d5bedca000,550.0,13125.0,cds_dvds_musicais
668b1e2b9471f837ba1797832e3f2012,230.0,3094.0,telefonia
e15f2eb4bd9c94996e56cc76c1394361,750.0,7920.0,informatica_acessorios
08a58dc963320d6073623382b9ceb920,400.0,1547.0,informatica_acessorios
1bbb8e929009e827868035f4fa7a5884,518.0,12936.0,esporte_lazer
0b814a3c8fa6dbb849df7c28c1bd6831,10700.0,64449.0,moveis_quarto
f032eaa3a45e2f8093255251a93efa70,1450.0,7514.0,esporte_lazer
a0bcb790b8f1249bec0369de04a72d33,450.0,12180.0,cama_mesa_banho
c53ca80f7d74aa37ac1512e8d9a8cb6b,2100.0,13500.0,cama_mesa_banho
35c4a5bb0f191b77c8900661f047250b,1013.0,8970.0,esporte_lazer
156fef830e2c8871e3f1bf4dadf8e312,1000.0,16000.0,esporte_lazer
fffdb2d0ec8d6a61f0a0a0db3f25b441,150.0,832.0,informatica_acessorios
25292482a61cb3298df8dbe15ea69daf,500.0,1728.0,beleza_saude
7a2ce7934c70419330eaf46f20b159a0,925.0,7560.0,market_place
163e6400e6dadd0fe04775c5e9331fda,500.0,16920.0,bebes
009c09f439988bc06a93d6b8186dce73,150.0,8000.0,perfumaria
1529199a7d88ac40cef5b4a508f18f2c,500.0,1105.0,esporte_lazer
91846781ef75057e134949400768e272,1550.0,16000.0,esporte_lazer
7112e44ac350fab676c3f210c5c902b2,250.0,4500.0,esporte_lazer
1891f20b2a27a8b700d7a7ff5a7a0039,400.0,4800.0,cama_mesa_banho
286bcf62e47dfc1e51cf0d525bd4d1bf,4200.0,27993.0,cama_mesa_banho
7a6aebc4c1205818e64f9275475a73e9,12850.0,112896.0,moveis_decoracao
a076986c6dbcb66fb479167aa5a1b68e,900.0,4320.0,esporte_lazer
6ab9d49c399f239bc88ea28c7568213f,250.0,1408.0,
cadb69af336c16aba5c5223599821245,200.0,2800.0,eletronicos
d48bb8824fcf4720229d970fff608fda,2800.0,10296.0,moveis_decoracao
37470d84427730445b3b251bb796d528,125.0,2392.0,eletrodomesticos
380b4664ba5bb18cc9db78ee6bac3558,250.0,352.0,relogios_presentes
9483476ac5b7549f7df5ff12fb6fb5d9,300.0,5600.0,esporte_lazer
6d53aac0a317895a3d25dd19d821ec0c,400.0,3750.0,moveis_decoracao
919b08607e72077425654ac5fc0b5528,17250.0,90750.0,moveis_decoracao
90df1d60e33ed1bdadec994d809f4bfd,1200.0,27000.0,eletronicos
84a87daa85c8b432d90bc1baa0cb4388,700.0,3150.0,bebes
5d66715cc928aadd0074f61332698593,150.0,4680.0,eletronicos
ae5f5d4cad780bc59652d9ca6ba3b1a7,250.0,4400.0,brinquedos
a741ba9d329996cf515841327718913d,188.0,1560.0,bebes
779dd392d4fbe5ca656bf3ceabecbf0b,5450.0,12696.0,construcao_ferramentas_construcao
115e606ac8059e4cfa1c6c3310fb365c,285.0,2210.0,informatica_acessorios
1c5cd477820c6046039178150f6f8916,2900.0,29040.0,moveis_decoracao
4d8f78374f31cd4b4932c1f2a42c4674,100.0,2816.0,perfumaria
d103a59e482517dd37f6865b1bf5499d,1650.0,12500.0,ferramentas_jardim
7b717060aa783eb7f23a747a3a733dd7,500.0,4224.0,cool_stuff
f7f59e6186e10983a061ac7bdb3494d6,3700.0,32384.0,utilidades_domesticas
c20a3f598c16d77249da67e81caa8317,575.0,3456.0,utilidades_domesticas
823fbf290afe6e92a33834f5ca39e0f9,14100.0,86549.0,esporte_lazer
78cff417987f620d4277395265379d6a,200.0,4096.0,esporte_lazer
9ecadb84c81da840dbf3564378b586e9,950.0,14000.0,moveis_decoracao
a01df785213c3ea6d2a918f9095af482,18600.0,102144.0,moveis_decoracao
24aba57735be13fd785bc04d1a8812e4,21600.0,85050.0,
060cb19345d90064d1015407193c233d,7150.0,42250.0,automotivo
b395922ca8e9ba82b2a81822968d0cf5,800.0,10000.0,moveis_decoracao
aad0c94aa869497ef036b7549451134b,300.0,2464.0,brinquedos
ed1e39b938c6cc6867d8f5fd408ce319,650.0,9600.0,utilidades_domesticas
5f19455f0c3902e89f16a6042bd4221d,7600.0,35340.0,beleza_saude
c81ae6207142d6d844dfe928e7e51b04,200.0,1683.0,fashion_bolsas_e_acessorios
90c6d279023ee6c3b1f494883e90b6a8,6950.0,65600.0,bebes
b5e6d813290cd06e3015f41d246512e7,250.0,3289.0,papelaria
9363662bd84410483083a4fe6f06242a,500.0,4096.0,papelaria
1a080577618e7fe4d9ddd8fb2b47a964,425.0,3952.0,relogios_presentes
7f457254a89d62960399e075711b3deb,300.0,816.0,automotivo
72a97c271b2e429974398f46b93ae530,450.0,4352.0,perfumaria
7e6850f360e60da72b7d3b1b37f42312,800.0,5082.0,informatica_acessorios
af14fe70f0c9ddfe9914b0ced0998d40,1650.0,21168.0,cama_mesa_banho
11fd9d7ba552e1d28872e008acf1e050,10225.0,2299.0,cool_stuff
3bbacbe586e957acbf26c63b3ed532a3,8750.0,18000.0,pet_shop
8ddbf2c953e42ed2a627c4ac08706bc2,5150.0,18000.0,utilidades_domesticas
c9341fe3a3cf071d813a92b6b012efde,700.0,2601.0,utilidades_domesticas
216bb0e0cd43ffd832e0973d35e0377e,200.0,4096.0,construcao_ferramentas_iluminacao
004636c889c7c3dad6631f136b7fa082,550.0,7500.0,utilidades_domesticas
7148a8f67a1564b5a6c5944398357e18,800.0,2576.0,papelaria
cbf5cf4e5d906cda4c6d91d5b7b15e8b,100.0,4500.0,beleza_saude
82fd0e5d33b58ad696f75449679c1470,1087.0,18502.0,beleza_saude
7d4293d63939e17d3b331866cae7735f,2700.0,18000.0,utilidades_domesticas
a47295965bd091207681b541b26e40a5,300.0,816.0,telefonia
5825c8e4e13409ac13639e711804cce6,6950.0,24000.0,ferramentas_jardim
c201a862c6018d402222594d5229c613,1675.0,6440.0,automotivo
46b0edb9f3206f9c093f3ab71e77710e,4350.0,21114.0,moveis_decoracao
bb7181410b4e02f93f3697f765db53c7,14950.0,81620.0,bebes
6cdd53843498f92890544667809f1595,900.0,11400.0,beleza_saude
bae07c7efc89a25b04daff4b11b7d853,1700.0,21420.0,cama_mesa_banho
f1da618218e0af87b633532b561f5e6d,767.0,4352.0,esporte_lazer
77f374d14bd53f0ed5f29613363973b2,300.0,4096.0,utilidades_domesticas
f1f01d27cb8664e16d57ef4a8075f3be,4175.0,27621.0,esporte_lazer
0faf79119af5cb143f82d98d27d9c5e3,7133.0,45968.0,moveis_escritorio
d4a4ff95f641981ed47802cce0ea5c88,100.0,2400.0,fashion_bolsas_e_acessorios
cfce05163d94540468fd6c92c62fa5db,8161.0,61200.0,utilidades_domesticas
642a40d4d73b4b2604968937de13634a,250.0,4800.0,cama_mesa_banho
28a652ff04e43c1bc57937a9f8770f9b,7700.0,56980.0,papelaria
583f158587cdecda3e8bdea694021e39,800.0,8736.0,esporte_lazer
27bd615168b15793cc060588b2aadd60,919.0,4845.0,beleza_saude
0d86ff0b639e969a11a7b3dce67e181c,1850.0,6000.0,cama_mesa_banho
407729653f67fdfa6e588c6b0853edd7,100.0,836.0,telefonia
c8fade3c4ba064e104828c4ad4461178,3850.0,18240.0,cama_mesa_banho
9d123055622741ac77766a4dbfa4d1b9,786.0,5236.0,beleza_saude
a2a91fe6d8762e0371abd964cef88ec6,300.0,5750.0,utilidades_domesticas
0496f30fa502d5454825087842d7a497,250.0,5776.0,brinquedos
1600dcf1cea8c0c83702e07b577ab231,250.0,640.0,relogios_presentes
c73628b1c3144b2e0c9c88072f21a213,850.0,2520.0,automotivo
44414d55ce2808a7b8f3568a92d1484f,3763.0,74970.0,ferramentas_jardim
29427de7f8a9ee983d9dbc51cec569b4,4475.0,32736.0,cool_stuff
a9b36aaa68ebd315701524c822800f29,550.0,5390.0,moveis_decoracao
7fb04722aba7a2b632bac8f9819796f3,1850.0,19872.0,beleza_saude
9ef3514cbcbf73d8b7d294036f99737f,1650.0,27600.0,utilidades_domesticas
aa8d88eb4b9cb38894e33fa624c4287f,250.0,352.0,relogios_presentes
b2e22c958b453a43a650a579dcac2e43,438.0,2520.0,relogios_presentes
d3d2f358e7e92dbbbc0a37d0b7435253,2400.0,25296.0,utilidades_domesticas
668e8ee8f69c3545109fc40f72336e8f,1000.0,7000.0,esporte_lazer
64fb265487de2238627ce43fe8a67efc,1825.0,20944.0,cama_mesa_banho
555c681a23ca3d3adaaf1a74122b5bcf,5323.0,20592.0,informatica_acessorios
8155728af949f234b666bf60ed257e6a,550.0,33626.0,cama_mesa_banho
02a3073438c0d024f60e34a05bd340c4,850.0,20295.0,automotivo
8c8361199b662437db44cff3bb7686ec,100.0,816.0,automotivo
c3097e07a0a5de0d4b4c836d90c5a284,200.0,3872.0,eletronicos
e5130ccb07bdb4424ec93754a54c917f,1000.0,9044.0,beleza_saude
ad673c1cd02b966e931f9db4fdc34791,350.0,4114.0,informatica_acessorios
9b1954fdd0f9b4ef4ee2d267ac9de4bd,100.0,2299.0,beleza_saude
9adf1fe77e9fd5f8d3ade939b291029c,200.0,5832.0,esporte_lazer
3ba2b0de14984ce8f072c58be8d701dd,6133.0,73920.0,brinquedos
461f43be3bdf8844e65b62d9ac2c7a5a,444.0,4480.0,relogios_presentes
c72edc98e7d77f0c4c04ec80730c05f5,700.0,8736.0,esporte_lazer
f565767fe2205fbf1e7c0d1c2fc5773b,1100.0,15000.0,papelaria
e1e932dfb67414e80b87ad97688cf2a3,3850.0,20020.0,brinquedos
4749c60e1d85abdf15d45092c5a2cde2,1400.0,11907.0,utilidades_domesticas
b000447e24e31a4d7e628ca4d0622131,250.0,836.0,telefonia
2dc2efef0bbccb4ea53e2a21cdd52dc7,5650.0,60000.0,bebes
ca92f5c2276bfd491db575cd9de5a70d,800.0,8712.0,fashion_calcados
ee75970e2871fe4204cf7bcdda61d08a,1400.0,3168.0,informatica_acessorios
4a3b0111d9c112251e4732b44d1d118b,300.0,4500.0,telefonia
63de2743d05ab59d85caa49e49459ac1,178.0,3366.0,beleza_saude
246aa84ea966f137a2d87ef0041fa6ef,1600.0,14364.0,moveis_decoracao
1a4247b6eddc27c68f7995dcc68b01e2,725.0,7728.0,beleza_saude
4965fd68b4fa0cab5fca575c3b4f4b73,200.0,10000.0,fashion_bolsas_e_acessorios
af91083bde899b201798b52ae89babea,350.0,2964.0,beleza_saude
d6dc2dcbb3ef25e47ef82f3c013ab820,6500.0,31500.0,casa_construcao
5dc01f0525d00d0b349bf2ff92f7d1a2,250.0,4096.0,perfumaria
3c0f50234e2cac5b619f358d4325be0d,1500.0,34800.0,papelaria
38d070104c7e27171e177d581758a90f,450.0,5280.0,beleza_saude
19421075ae0b585f2dc13ff149e2119d,150.0,2816.0,esporte_lazer
a38b238734207eeb0388676235cf56ec,3200.0,352.0,relogios_presentes
16cb37c8d7713ae295b4c1a92a3f338c,213.0,2112.0,perfumaria
bb48c8fda6bcf73c9a0178fd1a1a366d,400.0,600.0,cama_mesa_banho
ee0c1cf2fbeae95205b4aa506f1469f0,200.0,3328.0,perfumaria
fd55ab8af788f6bba621cd37a8701889,3900.0,85800.0,esporte_lazer
5b8423dc7f23089c9c59c5d140eb5a1c,5250.0,39780.0,brinquedos
11bbef4e2a44601d9dd471aa1fb433e6,838.0,8232.0,beleza_saude
ed6d2fe9a24cfdfd0f4c40094db5145b,1000.0,3300.0,livros_interesse_geral
7945bb528c42095fccdf46321742afce,775.0,4488.0,utilidades_domesticas
f7ee078cfab4ad9144e1d75fd0258c5b,650.0,18576.0,perfumaria
689b01074243aeee72049c8da42d2e22,900.0,15000.0,brinquedos
1f24b46fe73e9c77bfdf756f69f3ea8b,100.0,1428.0,fashion_bolsas_e_acessorios
310b993294194cea025dcc9c23637b62,8650.0,39600.0,utilidades_domesticas
6c3effec7c8ddba466d4f03f982c7aa3,100.0,2304.0,consoles_games
8e96968cb84d255da9c325f3906909ad,400.0,4356.0,livros_tecnicos
0f3777229e40207d248acfd6e1f716b6,30000.0,207270.0,esporte_lazer
51f876eb62be778c757503cf7f8a3b74,67.0,3570.0,beleza_saude
d66c729cd3b64c98515a18898c6b65c3,100.0,3900.0,eletrodomesticos
25a2985f8f3f93ddf1c1d26847658dad,300.0,1760.0,informatica_acessorios
7532d12ded8aa3d108d6326a05466bc6,1500.0,6552.0,livros_interesse_geral
5016388edcd982069aa2d39a8a878da7,22800.0,136500.0,esporte_lazer
2b1253c7c4fc2b039a4a91b0a5f1cc68,700.0,48000.0,moveis_decoracao
c388aa3cdd554588ebcc869156381ba3,300.0,3500.0,esporte_lazer
dc404a1496a08f9f5540c8b5d4b92925,1582.0,33635.0,brinquedos
0581c05e8e3c0d17ea0ef8904419ec00,1250.0,27000.0,utilidades_domesticas
10717ff440b2320081989126e858b220,4867.0,56000.0,cama_mesa_banho
9361d7d8750b24496371f42a056065b5,3000.0,31820.0,bebes
e9def91e99c8ecb7c5cef5e31506a056,500.0,4180.0,brinquedos
d678178aa4291cd25a755a90188375c8,950.0,14000.0,moveis_decoracao
4e76a66033e3afa48e5ec8bf18e1c855,1250.0,6860.0,cama_mesa_banho
d60c281a9b31d5342030a89846998c5a,2550.0,58512.0,cama_mesa_banho
922ec0e0e2ca6416b4671198410cbf50,20900.0,125000.0,malas_acessorios
0e2c6b2fc22b192f824a68a0fa537aa0,1400.0,34596.0,esporte_lazer
efa1b15e58071189595afce796e08bdd,540.0,1936.0,relogios_presentes
282606dd11c6108bfa47f0e4b0918cfc,500.0,101200.0,eletrodomesticos
ff922797a6771cab4e0c51d482285ec3,1725.0,8184.0,market_place
0454c95c31d75e5f86c354896a3d9814,25000.0,54880.0,moveis_cozinha_area_de_servico_jantar_e_jardim
0dce093fc7ec4dec214256df878e3c08,200.0,1056.0,relogios_presentes
7a295e6687ed3e00c8143498115f6ca5,353.0,3456.0,beleza_saude
564d0015be20622253aee5b6e875bea8,150.0,1254.0,telefonia
fd15dec337d57a332d25ec667eb5e859,725.0,4212.0,relogios_presentes
040f34fe061b6024771f641fe922e782,750.0,2700.0,relogios_presentes
e7db73845e4033124467595ff6c0c237,425.0,4692.0,informatica_acessorios
25e2023ed83352bde98dc1490d14c3d8,887.0,13200.0,brinquedos
17d8b8e9c21ec0fc5b33724e32fe422e,1000.0,4800.0,cama_mesa_banho
f177b434709ecb652dbee4f4b19aef2f,200.0,4096.0,fashion_bolsas_e_acessorios
47ae44a186225b8a87ebb7bf39cc1444,1700.0,7590.0,cama_mesa_banho
d5bf1e6386a450dd26acf14a6f41768f,450.0,5445.0,cama_mesa_banho
dbfa741e0e5dfae13c9f023d8b8cbd96,5400.0,50625.0,bebes
e2b02dadb01104e3f9f588311b3f2612,188.0,3072.0,informatica_acessorios
eb4e1e1c54ecc1c4ff689edf7dd7753d,150.0,3456.0,brinquedos
450c25d98ed6923154a934554475bf13,19150.0,105792.0,beleza_saude
d842f3ca1facabd1a2d292b593dc8517,50.0,1280.0,automotivo
704ef63ad0ac345842ea734060a83db2,850.0,14440.0,cama_mesa_banho
7e0dc102074f8285580c9777f79c90cf,800.0,9000.0,ferramentas_jardim
3e8dfc6cfd5a615318051a93140c0286,200.0,3150.0,beleza_saude
d636661ff9dbdf576019c25999974ef9,7600.0,19550.0,moveis_decoracao
765424ab0bedf806eb8cbc97be0bea93,6750.0,13200.0,brinquedos
06c950c36d589b39b34f5dc1d4a75e29,667.0,6720.0,beleza_saude
5eedf4c1aa6ce63c49b7e0c547bf0ad9,14500.0,96000.0,moveis_decoracao
bea6df30df5a4d9e7edb50d44857dd54,2000.0,11960.0,cool_stuff
aa36c2127048efdcd47f4ad5b6b68810,1600.0,4692.0,cama_mesa_banho
e3e8e08714c40e0101bd225f06bf4fef,600.0,1428.0,utilidades_domesticas
6e2d41323c4b6d240b530b9e68e83de1,400.0,6555.0,relogios_presentes
e76572c2ae4cede1e3b2ead512423efe,450.0,5445.0,cama_mesa_banho
2d0090282bd77e1ae0f6336ba500facf,150.0,1836.0,beleza_saude
3c3b94d8e966e0a258d6baaa41549199,8200.0,49000.0,utilidades_domesticas
134a6fc4a713a799266ebd6a4f4008d4,117.0,3584.0,esporte_lazer
ca33dbc1342572c1aa64e74fb42bab4a,300.0,3168.0,esporte_lazer
7a3bc1b5f3ad201ecd5d03d51d34bedd,250.0,2805.0,beleza_saude
5ac3db3f4250d6add6afca7518ea7ed9,400.0,2400.0,moveis_decoracao
e67307ff0f15ade43fcb6e670be7a74c,150.0,7826.0,beleza_saude
6c8e5644615f97690580b1b06650f56d,2200.0,18468.0,beleza_saude
056193fc88b3f131fae751356896b168,8950.0,48000.0,utilidades_domesticas
d72542d54fc3e2e41ba701982a67b1e6,200.0,836.0,telefonia
fbce4c4cb307679d89a3bf3d3bb353b9,6550.0,27000.0,cama_mesa_banho
ea6d336eee5645b36bd18f202f90c58d,50.0,3640.0,automotivo
4abef02c9dfc89006cb3d501d1f291c1,250.0,1248.0,bebes
dbb67791e405873b259e4656bf971246,207.0,2652.0,informatica_acessorios
d3d10495159bcc41173e3d26a273529a,1200.0,5616.0,artes
c63857f1b80521fbf01eb987423d0ccd,150.0,9720.0,esporte_lazer
edf219cab1d0e435e3e499287dca9a03,200.0,4096.0,pet_shop
a080d0af331e8a4152c49bfc8113dec9,450.0,27000.0,esporte_lazer
d1e422d44f28b10c3899b6f494142de0,350.0,6600.0,utilidades_domesticas
52690beab08122aee391378fbf246a58,650.0,1344.0,cool_stuff
595fac2a385ac33a80bd5114aec74eb8,400.0,4693.0,perfumaria
3731a08877914ac1dbf9b7c995854f84,250.0,1056.0,papelaria
8d070077591cb06503a4933e5050bc69,10075.0,48654.0,moveis_escritorio
a92930c327948861c015c919a0bcb4a8,250.0,640.0,relogios_presentes
da023890ca0515244ea89dc905faceba,300.0,6080.0,automotivo
86133a2151bd98a3ed2ad758709e6d1b,1750.0,2240.0,cool_stuff
8c24ef6ef31f7c7b9e989cb1e0a66c9f,9050.0,2560.0,cama_mesa_banho
d54c5b81fc2b38707588dd4eddc7c594,7850.0,32760.0,moveis_decoracao
e3991d2e1045bf9b4f3474f50d5df842,750.0,2511.0,livros_tecnicos
574597aaf385996112490308e37399ce,4800.0,30492.0,utilidades_domesticas
13ed40194df36dfe1dc2bf7e4ce3bcf2,1000.0,8866.0,moveis_decoracao
9a36241ab9d33e23d58b50eddb5097c9,2500.0,14000.0,moveis_decoracao
66a0a6e02b7f543e5b021ce361f267d4,1500.0,60000.0,cool_stuff
076743539f8476d5c8a1e4e7b62ffc26,3000.0,11200.0,moveis_decoracao
0b3de7b77f38988388362460d76d884f,350.0,3600.0,beleza_saude
a54244559e62c8ef2939e52189d65d4c,1300.0,2736.0,alimentos_bebidas
b36f3c918c91478c4559160022d3f14e,300.0,704.0,
f1d3e7a4605f6cd5f2a3cf9bde5c7845,1000.0,6138.0,market_place
c2ece64199af7a53793ed9612a89a8cd,2500.0,14400.0,moveis_decoracao
72cc36db9008f414bea55e8d38d38049,500.0,4640.0,eletroportateis
1fb5f3130b9f5c67e7dc57e0f5df6e6d,1850.0,9504.0,instrumentos_musicais
50046ff3c7e886839388c4532a5ba24f,1100.0,5445.0,cama_mesa_banho
baff5f5a048f514e921ea530c4a7a814,450.0,19200.0,moveis_decoracao
ca9bcd697674a4d0eeb84be9c533b9d2,3800.0,47250.0,pet_shop
aa5889064ca9c81e3a9dc65dd018187c,1200.0,12000.0,esporte_lazer
765c417cdc38443aaa558a0159a98591,3500.0,55000.0,malas_acessorios
8f68521812e9648cf8129a3a6daaab0f,8250.0,19872.0,moveis_quarto
fb92dc4602bd9224e0e267496748afc5,475.0,5586.0,relogios_presentes
01d15932271068f9fd1f369b8449cac1,4900.0,9672.0,cool_stuff
d68e8addce6282d07c77214c6acc8885,200.0,2160.0,automotivo
2797d3826d386bfda4f347a378b89f4d,200.0,352.0,pet_shop
a869ec6209c361ca46dad85a5530e119,2438.0,20832.0,esporte_lazer
2fea0f2cec6b6324a277d4a61c2ed2c6,100.0,1331.0,beleza_saude
b71c0cacf053d9d8f92eb5965d8bd00c,300.0,3410.0,bebes
9d838a7fbaba7fca5f1fad259984063a,117.0,2816.0,informatica_acessorios
edcda2e50aadade37544f55a8da52207,350.0,816.0,telefonia
424471a68d6b1ae4a53d39723e6981d3,3767.0,34272.0,eletroportateis
b31c642959824fe2c1588ef5945d27f6,14267.0,153467.0,bebes
81e28350cb23946c126a86d92667c48b,525.0,7688.0,brinquedos
f63e5eb82736ac58d9d286f64fe5c44f,100.0,18000.0,pet_shop
b73f6899a58fe7a37e55149e9a11c717,10500.0,69642.0,moveis_escritorio
8fad1e543221d7d6867e756d4bc5e286,100.0,880.0,beleza_saude
22f5b63060a1185e5ec7721efd622321,400.0,6480.0,cama_mesa_banho
562502b79845deae9bcd86384921a2c5,200.0,25000.0,moveis_decoracao
7053ea870121d9f77c255101139dd0e9,2000.0,5625.0,informatica_acessorios
bff2010b28e8fbcff5a9db9d3fea5ac4,850.0,36000.0,ferramentas_jardim
4cac1a12a6fe9ffba4a9556dbe582e28,200.0,1600.0,automotivo
47ea90e9a2976bc290c3cdf3b5e0573d,1600.0,4995.0,cama_mesa_banho
13db47eae724e2848e12b71a617a3a41,425.0,2618.0,audio
f71973c922ccaab05514a36a8bc741b8,16100.0,100100.0,malas_acessorios
236b6ad1fbcdd18244aa773558d42b6d,100.0,816.0,automotivo
6cbbcefd974f08f72023c05064d96f27,50.0,528.0,esporte_lazer
af0a99476d96dcc1a1baa7c0d9ff6b9d,593.0,6240.0,beleza_saude
7d935f57cbfeccf7e6952dd286c3eba6,300.0,1936.0,relogios_presentes
7ba8971d032709efa2bf76c413975d2c,700.0,15180.0,malas_acessorios
33cf505f7d94c2283766b8b1b13ef3cd,900.0,7500.0,cama_mesa_banho
86bddf117876feb2e7ab68191c9b8bb1,50.0,9450.0,informatica_acessorios
c35498fbb4358837ae16850f50c3fd22,325.0,3344.0,telefonia
cfe6e9c01d0bbb5df9a75f0e3286baa9,1200.0,56250.0,bebes
5a0783457f0264ade6beeac64ba145f4,400.0,2640.0,eletroportateis
a8b89693eabf7221621a71285e07f486,6750.0,40467.0,cama_mesa_banho
181b31b11ea16a87d5acab5a78320b93,5200.0,5819.0,esporte_lazer
178c8458c4907a2680456130f76e10e0,300.0,352.0,fashion_bolsas_e_acessorios
35557c68a22ecebcf066e25ca2ddc144,300.0,1428.0,ferramentas_jardim
2481a472d98c582b46bc2dfeae6f539f,950.0,8866.0,moveis_decoracao
55b8781171d27966e82ed1faa77a4c7a,3800.0,23736.0,cama_mesa_banho
82a61259a621866c4ba63743da29a342,4350.0,8000.0,esporte_lazer
0cf41187284d7f099adc8415a743ebbd,300.0,4096.0,bebes
1176fc831c22bd69f919a091f888fd65,2200.0,12800.0,moveis_escritorio
c9c6fde711572c1ad99ca12728c6af00,150.0,1904.0,telefonia
544c14365db76307e0820a1468ed8114,550.0,6292.0,moveis_decoracao
88a1223b29fac4c3abef8d1369dbbaea,5500.0,37600.0,cine_foto
24a014458ccc6e989b4fcef5fa71da58,2000.0,23625.0,cama_mesa_banho
e53e557d5a159f5aa2c5e995dfdf244b,180.0,2210.0,informatica_acessorios
be7f0912ba01126704c81b3f705aaaf2,475.0,4560.0,perfumaria
89f055104adb9365d7f7b5c475f77742,114.0,5168.0,beleza_saude
954ed36fcf28237749ef5616ab0eff87,150.0,352.0,fashion_bolsas_e_acessorios
99f5b2240b82bf9387e5cf2fc0335b08,160.0,2926.0,informatica_acessorios
698b3ddae2f0b80c2a48fb40624ca4e4,8150.0,32760.0,moveis_decoracao
4615c086d05b264e9ff7004fcb515e37,450.0,5175.0,esporte_lazer
87ea2f45559e10519513a20b24147316,100.0,2142.0,informatica_acessorios
cd48f265a63e13b762601f5f794c5fca,175.0,10143.0,bebidas
6a057a401eab3b3cb8083d9e42972233,1200.0,5040.0,beleza_saude
7811ef9c6eed5bb33c3c6f9de751642f,100.0,1280.0,bebes
9fc063fd34fed29ccc57b7f8e8d03388,750.0,11400.0,beleza_saude
9e28a904bf99a4b3d1548580a906b3e7,11200.0,14664.0,automotivo
5581bb179770e44255d6bb9b9e1bcca9,363.0,4284.0,esporte_lazer
b72b1952fed0f11ff9621862f1272e50,275.0,2646.0,esporte_lazer
764292b2b0f73f77a0272be03fdd45f3,750.0,9900.0,moveis_decoracao
83cf2637b3c035693ee58369b791d966,7850.0,7500.0,construcao_ferramentas_construcao
c92f0e7b9d49a9543558d6532772441b,17550.0,68620.0,malas_acessorios
94976cc078d10e74c19c62f0b3b52432,6150.0,36608.0,cama_mesa_banho
bbe8590c1225fbb6a477018283da0677,450.0,8000.0,relogios_presentes
82254d93b897fde054504b15f8fe923c,2550.0,29792.0,casa_construcao
e40dacc1c350d93c25ee648abbdd9236,9183.0,48672.0,moveis_escritorio
5522d9e4b6d59f452aff650b213369d8,638.0,3952.0,beleza_saude
84f456958365164420cfc80fbe4c7fab,1550.0,20944.0,cama_mesa_banho
19f0917ba5781b978298ffcd9ae225c1,150.0,1080.0,consoles_games
807b2de93dbb064bbc82dc6ac963bc61,500.0,7680.0,moveis_decoracao
c403e106353e1aa40efe783ecb39ed7a,550.0,6000.0,cama_mesa_banho
56d45b2c27871322801134f57d1b9dfb,1800.0,21000.0,cama_mesa_banho
b0961721fd839e9982420e807758a2a6,1850.0,32560.0,ferramentas_jardim
9cb2acda8c8e56e0519fa6c974c1dc4b,650.0,13500.0,bebes
dcfe33bfae82bed3b1d9a7d15197f5be,192.0,2704.0,automotivo
8200643735a2f7985f5545b3163b3442,6050.0,36000.0,utilidades_domesticas
a35c14eaa384acf7aabbbec3bd76fae6,850.0,7392.0,utilidades_domesticas
a70d74f54feefedd8108c45553766340,150.0,2352.0,fashion_underwear_e_moda_praia
44d097d59e8430f88a67517cd0c4f865,350.0,640.0,fashion_bolsas_e_acessorios
39184c850194aa002371b2d16c373f3e,5950.0,25200.0,cama_mesa_banho
6f11a80f755a253700b454b4c6ac1cd5,1150.0,7436.0,instrumentos_musicais
fcf64c72035fc6f17660bae96c933ffb,200.0,4096.0,perfumaria
74939659dbb10592e383bebf2f78272c,500.0,2560.0,cama_mesa_banho
cf45cea95e6b4d46e80fe098eda10c8f,350.0,4752.0,perfumaria
6e29f8de1ad465c1fa275aae299fa98b,3850.0,20539.0,automotivo
eef7436637ac87cad6bf5108284c3413,342.0,3456.0,relogios_presentes
0f2fd0a589cb7849c1dbedbd4109c2f8,870.0,4845.0,beleza_saude
de1eee6c50298db6028af08bd88a702a,1100.0,10500.0,utilidades_domesticas
5f2641478d7b5ffbfcf1f2b5cdff4709,1950.0,8976.0,utilidades_domesticas
cda8b52b3a3d0574a74b18bc73da024f,1450.0,31500.0,moveis_decoracao
f2ecbb02b6da187a9f14b8ac5781faec,50.0,880.0,perfumaria
7ce94ab189134e2d3c05f496d635419c,200.0,2800.0,eletronicos
2a1585645ae682d38280cbfb12ab8eca,600.0,736.0,livros_tecnicos
6bd755fb81238df1567677fb15b2daaf,1150.0,27000.0,beleza_saude
b79a274e7373a1bfcbd788a239591dec,350.0,5832.0,perfumaria
d9471e8bbb843a2afe92def2edfb8638,700.0,5000.0,moveis_decoracao
cd0c6e2f80f5a0ea7e366b01bcb66154,200.0,836.0,telefonia
a91c1a94d83d36316c44e00e738607b1,1500.0,22500.0,automotivo
4e56c4cc11b3f85f53862139fd7d360d,350.0,3344.0,ferramentas_jardim
68821aa251c8715f0c4199f413511411,11150.0,3136.0,esporte_lazer
aa995bbfcf2da055bed670f7282f90d8,1000.0,15750.0,cool_stuff
87a71ae93900ab55fcf685c8040769b3,175.0,4862.0,eletronicos
251876e7ba013b87b7262fb2524e2d60,1720.0,32076.0,bebes
fb3d9b25b111fc87a868c07e66489cae,775.0,5130.0,beleza_saude
3b473a6b1c280e0345e876648a61a032,1200.0,8000.0,construcao_ferramentas_seguranca
1d9263e74c3e8e57d3a7bd505b7b871e,200.0,2240.0,informatica_acessorios
0ef8c1b31d81d6b4453f70a61321f73e,8350.0,40000.0,pet_shop
e7db7c40ea6647c808d48581f1308d88,9400.0,56250.0,bebes
ce0a7865b299f784a6ca12dac0ec8649,550.0,7500.0,automotivo
58efb9b638561ce132216a9a612513e2,9700.0,37260.0,moveis_sala
fc8595227785863846b7daa2ae3f2c9b,400.0,2880.0,beleza_saude
e84512060d6d75aeeadbe0ccc70e076b,600.0,6240.0,utilidades_domesticas
1a7340927178189657dfa923be3bfdda,150.0,816.0,telefonia
3f3695c50cf443bfc1058ce0c8ab6a46,175.0,4862.0,eletronicos
0b6a32b32a7dc68b12e8a0e0805c44d5,190.0,2112.0,relogios_presentes
3e824028352cd013af85473283f832ce,550.0,2880.0,beleza_saude
4ce99ff9dcb7821acd8e599d5d4a6531,450.0,3850.0,esporte_lazer
c80124276571cd4bef53cf35d9b36c5c,5650.0,32000.0,casa_conforto
c6e513054b982283c1cbbb2a45d02d83,300.0,1512.0,cool_stuff
8d4b5a0c6a09c5ee87acb936e218e9df,1050.0,10640.0,
b3be1f83cef05668c25e134852d44545,1750.0,16632.0,cama_mesa_banho
d8c365a069853295a82caf595c2c8c8d,200.0,352.0,moveis_quarto
eebe0f0f8b8d4e13e07a558b90e1a6dd,1200.0,18144.0,cama_mesa_banho
b141c668aca84c5877a5c66bd94fedc8,200.0,1200.0,beleza_saude
d7a023eecac412d29d49735e9e9b629f,400.0,8160.0,livros_tecnicos
fdd84aefb08c8f8225e0b8c97429d53b,123.0,2430.0,beleza_saude
157ee978f4fcdf8984b0bb33a6687fde,650.0,6859.0,bebidas
9c422a519119dcad7575db5af1ba540e,100.0,8000.0,informatica_acessorios
3354a4e684f5e7199f9407db70ccd92b,1200.0,15750.0,cool_stuff
1a658f920c35086bb2f6421f240608bd,100.0,4500.0,beleza_saude
821a07e1e2a0382df1f3761ae3cd435c,1550.0,4692.0,cama_mesa_banho
d7e446a8f36339b1a9d059d1237159c1,12050.0,72000.0,utilidades_domesticas
72d6074ef5c81ec3102b3f2a052c5f49,50.0,4500.0,beleza_saude
eda9ace7ea76f19d80475c07f44acfbe,400.0,2800.0,perfumaria
28bc7d95951d962dd5cdda791e07b56f,400.0,10764.0,cama_mesa_banho
695c34c5771cca25ecdc04d24a9b49f6,1750.0,28175.0,moveis_decoracao
381c84a4eb64a931d793f69112d5a34c,2050.0,4000.0,informatica_acessorios
1a4949c8e8e15e002d012272e49817ea,800.0,7803.0,moveis_decoracao
472a376420891aa45cee5d0b46c17d4c,5850.0,34800.0,papelaria
aef3e3251c02ee19b8f193f158a49a53,800.0,4913.0,alimentos_bebidas
46e4940f28c9231a801873e62ca55c53,50.0,6000.0,perfumaria
721b56b7d205d6750e97716593bcb370,2550.0,13650.0,beleza_saude
1de74e63d630007567726953a4eb2b36,150.0,8750.0,fashion_underwear_e_moda_praia
fe4cd3c795135b4f84e2da5a82ac84a8,200.0,5832.0,eletronicos
0c3305267c17b542aecbc2385f5f0794,500.0,7084.0,perfumaria
188c2b55dbae7df073f4f4a24e232ce9,800.0,18000.0,utilidades_domesticas
b4bcc9155de9c60e343ecbff22b86dc8,393.0,1666.0,cool_stuff
8562e2c780a345b609e1b802d7e3e4ae,1100.0,12600.0,cama_mesa_banho
0ac2a75d9c1e9688df3a7730a4ffad14,300.0,8000.0,informatica_acessorios
7340a3839a1de1e99d149b8cf052a2ec,800.0,23625.0,cama_mesa_banho
4fbe3ca0032bccfba232332f06ed4146,433.0,6580.0,cama_mesa_banho
10cdbbacd25110d10f8cbe925ea7853f,8975.0,71478.0,moveis_decoracao
67c3a22492bcb6677d6ee56b8516f537,900.0,39468.0,malas_acessorios
3c4223262d31fa35043380da246fb0fa,700.0,3600.0,esporte_lazer
130482add9fd75ccb6c57ba007694a2d,2800.0,24000.0,informatica_acessorios
6c09be1fc42a113b2f3e558d7df2f133,200.0,2415.0,utilidades_domesticas
d062241f27854330b57851b64d08d472,500.0,8000.0,moveis_decoracao
e671b914e8cc916b75cecb4034143e31,1350.0,31616.0,malas_acessorios
ecab3fa721d1b06c225f23c30f02eb5e,175.0,2376.0,esporte_lazer
97afd188bb555122d11925deb0052174,350.0,1056.0,esporte_lazer
b807683e40e7ea6ec8d74d34f2e02247,6300.0,37500.0,bebes
e478d0bd1efbc9329837d30c174bb850,500.0,24000.0,moveis_decoracao
b8fb835549196ef18695839a1a749584,13450.0,80640.0,moveis_decoracao
f74353ffeaa55836a3cf603a2dcd855e,5908.0,56350.0,eletroportateis
b573e2860f2732edf610345956e81bb9,850.0,5434.0,informatica_acessorios
c32788bc915b1ce4316822a1b7c4ec91,2000.0,47040.0,utilidades_domesticas
5b62b580e3f012c16682b625be5b4ae6,500.0,15625.0,esporte_lazer
c3ba4e8d3cb30049213b682e751e9d00,350.0,640.0,relogios_presentes
0e2d365a247d105fefc31b17ab8706d9,430.0,3927.0,perfumaria
3104dbf304c25fa1812a11ad924f8b57,600.0,9000.0,flores
ccd686475dbff77b93871eae4754526b,3850.0,31725.0,brinquedos
7f0362988b16ac7b5f65dc5fd0fbc77f,100.0,1232.0,telefonia
24270aa37ba68dcc6be98dfde14da3be,900.0,7700.0,malas_acessorios
88774687a8883c2c512e37de090bc725,7900.0,35112.0,cool_stuff
6d68112743e7ed2de3932554b033f544,500.0,10890.0,livros_tecnicos
76f520fa5e8912001989fa3fd6530d94,250.0,3520.0,automotivo
e35be783353a30d36b6facc6524b5f64,100.0,1408.0,informatica_acessorios
500870614ddcf5bd84f7d26861026c8a,217.0,936.0,telefonia
fad3ac91e2ae2e3e0e3f0bed36a565b8,6600.0,27000.0,cama_mesa_banho
306599a052830af3cfebe42ee7a79dde,1250.0,27000.0,utilidades_domesticas
8640f0c0e2d0af93274cad7452f80034,1300.0,6156.0,beleza_saude
34f99d82cfc355d08d8db780d14aa002,25950.0,155610.0,pcs
f045dc40e1d54d2f70286e4cbb07a357,550.0,7514.0,casa_construcao
0705b33fb285827a578fce4899f1b921,400.0,26790.0,esporte_lazer
8896b8c893a3dc9e5a6d10e00bada716,500.0,1456.0,esporte_lazer
d68be217281ba1c20f23f94781f29ba4,300.0,6000.0,utilidades_domesticas
163da86e86f0089de089399c28c3fcbb,400.0,1008.0,informatica_acessorios
fecf6223a3494f35362f670e571d2a04,800.0,37800.0,esporte_lazer
d8722b339cfc97d60ea267aaab121c39,875.0,15840.0,automotivo
1b363f393faf61f11af873b840645eb9,1050.0,14440.0,cama_mesa_banho
033c52084417b98d716d863d8bd11fba,600.0,12000.0,automotivo
1d682cfba05647a5231ac20cd77e6645,6525.0,46475.0,automotivo
0f398da178a64533d9576940656d23cb,2600.0,40467.0,cama_mesa_banho
fc931a514a3e080c336911cccd59145b,679.0,5440.0,automotivo
b2b748240f8b4fd833d2f61ec84d8ce5,150.0,2058.0,telefonia
b0fd7a18daa40299b5393b4280b55dad,415.0,11484.0,informatica_acessorios
6d2c812450dd02b2f87495af63f9b709,100.0,627.0,telefonia
8100d323ffa1909cfcf9fdf05f20b678,4017.0,55860.0,brinquedos
c02e3653af29a9204c8ebcbb20f4e475,22150.0,132848.0,moveis_cozinha_area_de_servico_jantar_e_jardim
1317921ea764ef06f7aa21094c7e7759,200.0,1920.0,esporte_lazer
282d681b3fdcb3f0a6da31a7339f48c2,150.0,704.0,telefonia
e68e475e0e1fa8744c2aef0f9864d679,1000.0,28512.0,papelaria
d77688ff55bbbc28706814a06538c8bc,1400.0,14400.0,cama_mesa_banho
54d9ac713e253fa1fae9c8003b011c2a,1867.0,7776.0,cool_stuff
1a3c44587dd8d3db5f2447078bc50d75,300.0,4896.0,cool_stuff
d47821b10559fffaefcf3e57d2b5ff76,400.0,1764.0,beleza_saude
a1804276d9941ac0733cfd409f5206eb,600.0,18375.0,
6de8bea41c968204fa93e4c2016d1bbb,4000.0,6804.0,eletronicos
bea978771d1c453faf756fa71f3bdd70,2301.0,38080.0,brinquedos
cac52d956eff0cacf32f4b0f0f3aac5c,450.0,15625.0,utilidades_domesticas
f20e2a3811156fe0a12b4cd5c3638195,200.0,1936.0,cool_stuff
e8f7d2639ff8caa8b86e5973295898b7,150.0,3200.0,fashion_esporte
c1dfd7dc17df380ed269d0fc905f6e22,600.0,4096.0,utilidades_domesticas
8b143abcb9481c99c2fbf0adbc987f54,200.0,8000.0,cool_stuff
0e11633dd5ea3089303dd9a9f226d5a8,1500.0,27000.0,alimentos
a87ee1e0d2b6d025ecfb1b8322659853,750.0,1140.0,relogios_presentes
616968e81dfe76aade96cd6f673b6d24,501.0,7038.0,esporte_lazer
91910bbde68f7027e850dcd82b25c5bb,650.0,26250.0,perfumaria
976738868bdcc86e959ba2a7b726d4d5,2700.0,21000.0,cama_mesa_banho
04c4a4b9c924494fcf82e0fba966f955,567.0,8112.0,relogios_presentes
96aca2f53bcaed6f466449f7fb18ae75,400.0,4096.0,
be9ab5610721c60c477717f7025d713e,150.0,4275.0,beleza_saude
0e173417855ce91518a2e79d760f93a9,1200.0,7680.0,beleza_saude
9036be77e0a74cca6eeef0740649b97b,405.0,2205.0,brinquedos
fbed7bca664c2d2d9a1412223f7c8aeb,600.0,27000.0,automotivo
44b36c8a125b604c4597100ef4b16538,200.0,1584.0,fashion_bolsas_e_acessorios
2c0b52e701cc59a38908d46a131e94b6,387.0,4800.0,telefonia_fixa
693794dd88f66112dd42d743d2e1edb5,1400.0,36000.0,
5faf912b4044bad95a8c882863473ba5,400.0,1936.0,relogios_presentes
79b45f6fe16c752af64c050de4566693,150.0,352.0,beleza_saude
6cf22bb1523c34ad8da500d1084155a5,267.0,2856.0,relogios_presentes
3356d43bd57f974c4ae7fc5f9c4e589a,1300.0,13500.0,esporte_lazer
306dcbc0bb646b50b3d86c6803558347,2000.0,24300.0,utilidades_domesticas
d1b1a0e78589ee89279d0be1e4a8b905,1500.0,4995.0,cama_mesa_banho
2d063994ae4667cff3d6841e9d441d1d,2750.0,9375.0,eletrodomesticos_2
87d780fa7d2cf3710aa02dc4ca8db985,1350.0,3312.0,cama_mesa_banho
d76c049f36a5b4975aa3cf095a6fa499,194.0,4725.0,informatica_acessorios
af041e55b9882e8263bde0a886b360be,950.0,7392.0,ferramentas_jardim
e6b6e13cf71449a457269f425b89dc74,588.0,4522.0,audio
52d9fae94c2e139cde2318ee1e3a9d1f,200.0,1235.0,informatica_acessorios
247fa5b4e2f524a22b21ef256ffc23e4,950.0,2852.0,informatica_acessorios
56c7e8adc8769d3dbc4dd74145c0e83c,200.0,2340.0,informatica_acessorios
852b4b6ded0425a736da9dd818e872b6,250.0,6864.0,fashion_bolsas_e_acessorios
f4cd1164757f2f82e7f949e9ba129664,800.0,8000.0,casa_conforto
47920da896bbd89e851429c78a7a7a8b,19400.0,120960.0,moveis_escritorio
22c5ddc22ea8cae84fc9917def682dc6,350.0,5625.0,perfumaria
3d36f403ac27db5c5b8faa68836e3d1f,1450.0,8349.0,moveis_decoracao
7e857e35018e4a05b7d124d1628dc1f0,329.0,5760.0,esporte_lazer
3cebb9158a3aa0b3f78ee0f934c9f032,1700.0,8624.0,esporte_lazer
4178e16324fd0c9a8e18463caf390cc6,11600.0,58045.0,cool_stuff
a48a82499de633cdd782856d69789b62,5575.0,4608.0,pet_shop
d7b1317236e0c03475bfe67536ae3c81,550.0,3900.0,eletrodomesticos
1b37b3107916db24fcb0ea0f9c024bd3,300.0,5766.0,beleza_saude
cafd558df4c3c9d1c338ba6930ea9a62,16450.0,98560.0,bebes
26a4f62a409a78816adb31e0d729a163,11100.0,51150.0,
62bf07cdb14270c48cf42ca0312986aa,8100.0,72000.0,esporte_lazer
b736d9a2b8c08167e109d209e97833e0,200.0,3072.0,fashion_bolsas_e_acessorios
f5f0b722d7662e8939727fb49e45d046,563.0,3584.0,relogios_presentes
cc1cf854a12251181a78ee8e39f2819b,450.0,4488.0,livros_tecnicos
330144665b875c2b4555f88d9f4ed7c1,558.0,4368.0,beleza_saude
2ea92fab7565c4fe9f91a5e4e1756258,10600.0,34800.0,papelaria
283ede5fd5aed76f9b6163d057098554,1050.0,24000.0,cool_stuff
7166b2d3c09b93e04279029b28c498e4,850.0,11520.0,pet_shop
64fc6010136aa59736e148c404e77a54,750.0,5120.0,casa_construcao
c0aed8767e46cce56e77db0ceef83035,500.0,2816.0,automotivo
97f1396a5a1f7c07ba51784efdec44b8,1400.0,13932.0,utilidades_domesticas
955129b53464486f9f93074c64b2bd88,150.0,768.0,informatica_acessorios
c5f5b4b17e4cd989c39986cd0dddc018,350.0,4096.0,moveis_decoracao
b0517edd4454b9c2537f65826f500a2f,250.0,6000.0,utilidades_domesticas
bdb4be6ce2f7f2b5be0a16088028c7fc,3100.0,32760.0,utilidades_domesticas
9c66292a0367d1a85842e4b302acca69,500.0,2880.0,utilidades_domesticas
1454b29e83ab2f8bf6b4102736498ff5,500.0,2400.0,telefonia_fixa
13a7ea24fee9ef57c3b7b5b69d3b4cda,250.0,1056.0,papelaria
7a49adf051c1e6fc5b639a98d17756f0,175.0,6300.0,eletronicos
53bd0c908c6ab820c9828763348728ef,1300.0,12600.0,moveis_decoracao
e57eb018e37376580079825eb29a3419,300.0,2464.0,relogios_presentes
058b372f969b59e8c4a27e224243909c,5650.0,12000.0,papelaria
d457916b4fdc60154ed93b5dd3e6fd69,10000.0,18000.0,construcao_ferramentas_construcao
4cb33e9787e8a38b82bd68e70f5f4700,333.0,7581.0,perfumaria
19ac68e14d04f4207dda95e2fd44a960,625.0,15435.0,brinquedos
337c81a0f9e751b6cbdf56680a33c365,163.0,1728.0,esporte_lazer
ffd4bf4306745865e5692f69bd237893,150.0,4096.0,fashion_bolsas_e_acessorios
5aad359a63cbb4fc35ead44346a3eeb4,100.0,48000.0,moveis_decoracao
d33a74e1b6cfc152b6b3f43324d54987,350.0,3672.0,informatica_acessorios
e8c6039a25765995ac7c1ec2cbef5765,250.0,10000.0,relogios_presentes
9df634af5c467f3b07f3d92f7765aa64,850.0,8192.0,brinquedos
fa304c5424fd292aed9c35eb36d9f495,1250.0,7429.0,cama_mesa_banho
0e87ff05afa3ddd73b7920ff4587e0a4,1650.0,27588.0,cool_stuff
457ca2b0e3bf044a65c8bee434d5c5f8,750.0,1862.0,ferramentas_jardim
489885ef5a88dcef73d4c22e2f500ae3,100.0,6000.0,automotivo
1a428b685ede76217c9efb550c4aaa59,400.0,4800.0,cama_mesa_banho
2a209ce7ce3ea3a21cc0b4c36495e9df,15225.0,9548.0,eletrodomesticos
3e96989101b99f1189a9f03bdd29464e,600.0,6358.0,telefonia
a54ab3c55cdb34ad7006d087ff4b6a9c,300.0,3600.0,bebes
59a6f4180469806670de7814d503202e,800.0,2835.0,bebes
a45af86c4a7948f5fabbb5b0132475cd,300.0,8000.0,utilidades_domesticas
fbc1488c1a1e72ba175f53ab29a248e8,560.0,4199.0,perfumaria
ce6f74096c84567f22728c84f3d6e7fc,1300.0,9000.0,cama_mesa_banho
fef7934cc233ee5b1dc13094d98a1465,5200.0,48125.0,cool_stuff
803f77475e1b51b47f1bfec4f2ec353f,350.0,2040.0,automotivo
af667947a84d9ff9d326b60ab75d1ae2,150.0,3952.0,telefonia
9e15353890070a3993281d90741280a9,650.0,16875.0,esporte_lazer
638bbb2a5e4f360b71f332ddfebfd672,20850.0,125000.0,construcao_ferramentas_construcao
f72b34a6b92429e02fd213923b3889fe,1200.0,3520.0,beleza_saude
878446a0acbf50aaffcad66218c018ea,3450.0,15444.0,cama_mesa_banho
0688d52e92d927814617e26d7702df10,133.0,4788.0,perfumaria
dc9a06452ff10a147f0f14cd4b8f5580,1450.0,5148.0,beleza_saude
99e365fea0b15ee63272ff391fdde785,550.0,2560.0,cama_mesa_banho
0546131238f7e9d6b5c24dbb5d8e3133,1450.0,4896.0,beleza_saude
fd939dd54384f5681c327919e8f6a1b8,500.0,5160.0,ferramentas_jardim
f62cbf4416c9ef8e1b4e8d5279891f24,200.0,2800.0,eletronicos
b5ac08b2bc73bc36eecc6107b78247d3,400.0,2100.0,perfumaria
f999580a69ce2d199677c5b6a5472aee,1150.0,4800.0,automotivo
16078eb07519685083510f372565ddc7,300.0,1440.0,automotivo
f03859e4cc21018569f5ae7a03897ff4,150.0,576.0,consoles_games
67d87e3b4ef9e609ba5eeed6a4b3b5f8,600.0,5040.0,esporte_lazer
37e7030d6095e672ebf05e2133b1a1bf,600.0,2400.0,instrumentos_musicais
12a3dba07d03c2dedf0c40d6499b55d3,6900.0,50024.0,moveis_decoracao
c6ea63369936552872ae890c82175b4b,2900.0,12600.0,cama_mesa_banho
57c580a8fbf3d8374b06bee7b6f4ce31,400.0,3750.0,moveis_decoracao
aa4c5e610242fdfd79969a9577dfe112,5300.0,31500.0,utilidades_domesticas
d41dc2f2979f52d75d78714b378d4068,450.0,5250.0,consoles_games
58e8a50e5d8d31362600e27bb4cddc29,600.0,14256.0,utilidades_domesticas
90ebb732ad20456afe8516eb5fbf75f6,2750.0,13475.0,moveis_decoracao
75d6b6963340c6063f7f4cfcccfe6a30,400.0,3960.0,perfumaria
f651a1feed5aa6608d52c05f6c435145,150.0,2816.0,telefonia
0433830caca22b01a0f477d31307b043,7450.0,16000.0,portateis_casa_forno_e_cafe
b6c9cd6e3f66939d3156d1def59b7639,1750.0,16416.0,utilidades_domesticas
9545d45c37449ccbc376de3a04c66e71,1350.0,4374.0,beleza_saude
afdcebff326be8196c01b6ac2758fce1,300.0,528.0,automotivo
84c79830527ae823029ee6b904cf948c,3520.0,14375.0,construcao_ferramentas_jardim
11dcc970f7a5581e1bf777b6da3f7096,1038.0,25256.0,utilidades_domesticas
431d674f9a4fbd0957ecf6ba3fcb6899,450.0,561.0,telefonia
b35ce9c1e37f5b0f4134da0fe4c93b84,1200.0,6400.0,cama_mesa_banho
bce474cc95b6e77657e10939b0b4248c,310.0,1920.0,relogios_presentes
d285360f29ac7fd97640bf0baef03de0,363.0,3042.0,relogios_presentes
a526c4bc0a48c0e4345f97af496d87cd,200.0,3795.0,esporte_lazer
0e95d6eef2bedaf4ecf3c33f78199059,1250.0,35000.0,cama_mesa_banho
1ec486885049bbb9b79351d150ed18c4,100.0,1600.0,fashion_bolsas_e_acessorios
4293865e4ead3d446609086b4cfedb4f,1650.0,4692.0,cama_mesa_banho
fd25ab760bfbba13c198fa3b4f1a0cd3,1300.0,31500.0,esporte_lazer
41ce18e06273b50422ebf6149066fa23,100.0,1280.0,papelaria
1f30aacc69904c0d0bf8d05cb2abef72,1850.0,12000.0,cama_mesa_banho
cdc4af478fef19f03f1d0353c00271cd,250.0,10000.0,relogios_presentes
eb8c629f70275fd1c4f809116cce1efc,1400.0,12000.0,moveis_decoracao
7a9cf133da2a6494259ffeeab11b6276,150.0,836.0,telefonia
c2ccc78b5a924096d5274ca6a3118e47,567.0,9632.0,beleza_saude
8e3eb37785e42b6b3721e459f1bfaaef,900.0,7680.0,informatica_acessorios
a060f64556f311d428c3589617d2db14,300.0,1152.0,cool_stuff
904a9e449fbfd90da738ab70ae6ca003,283.0,2430.0,eletronicos
017692475c1c954ff597feda05131d73,50.0,880.0,perfumaria
8acfff88a4a05f0ce1b0336e47d16825,250.0,5950.0,moveis_decoracao
bed9b7934576c9ba61b6ba6f3babc698,1400.0,15680.0,brinquedos
73a6530caef9511c04711d12dcef551c,5000.0,121500.0,moveis_escritorio
af35be35db4ad0dc288b571453337376,100.0,48000.0,moveis_decoracao
880be32f4db1d9f6e2bec38fb6ac23ab,200.0,1232.0,brinquedos
553e0e7590d3116a072507a3635d2877,800.0,8000.0,cama_mesa_banho
a659cb33082b851fb87a33af8f0fff29,150.0,1056.0,automotivo
6f5a84d79bc9f79ecd9095e91fc47a2d,1100.0,3200.0,esporte_lazer
a1692a17fad005e22bf5a54353439420,3600.0,12600.0,esporte_lazer
2f5e485bacfeb554bec55cd497c9bc51,236.0,5152.0,utilidades_domesticas
11b062c710beb867b4897ff2728e828d,1000.0,21250.0,moveis_cozinha_area_de_servico_jantar_e_jardim
12803e6c48756086227e39a8a2d2026b,12000.0,18600.0,cool_stuff
530b2adc666f8f1553e3590543920a72,800.0,8000.0,ferramentas_jardim
570509b6d981370031c1f839592a1be0,4006.0,32400.0,utilidades_domesticas
b993dfaf418915ff7d0aa74016f030f7,500.0,3248.0,fashion_calcados
cd9dfd413f60d6cdb25aa4a3e1960e59,1900.0,3780.0,livros_tecnicos
32ab984210a9cc604931ba8408ec6994,1300.0,2496.0,esporte_lazer
c785fffd281ac9afffc38c8015455fd8,600.0,30000.0,cama_mesa_banho
31b8e7c2a22f3dba5183cc110bdd72f7,281.0,1989.0,eletronicos
8d28eb3a7309368ca0de19e016266251,2525.0,3570.0,beleza_saude
0adf970bf07772b0f8c88f664e146221,3500.0,10912.0,ferramentas_jardim
71bd8f5de551c71f6ff1386868d57526,100.0,1666.0,esporte_lazer
bd6e6fce9ada76ea2db0f1912e8e478f,850.0,18000.0,cama_mesa_banho
af51d485dc5255ba2e18b21b550156e6,22350.0,125504.0,malas_acessorios
2772d1e494d431a05b7bcc95b02163b6,1550.0,25600.0,pet_shop
ae89da88eb55261881375b12d5cdcda4,3375.0,63963.0,automotivo
40cc62bf0cf7aacfd12d865c196baa55,250.0,836.0,telefonia
963bc5def5962c07b9a36fa70d08c989,150.0,5984.0,esporte_lazer
f6847515f58b8f340dcc75d150d6a0ab,900.0,15750.0,fashion_roupa_masculina
dd1759836cc99a88be1a42bf6673abe0,415.0,5616.0,perfumaria
30462047cff6376a3f9958b2ea254943,150.0,6400.0,construcao_ferramentas_jardim
52c80cedd4e90108bf4fa6a206ef6b03,7650.0,8000.0,ferramentas_jardim
07a2b4290dce4edc619005d1a6348439,500.0,2400.0,fashion_bolsas_e_acessorios
3236ebd1684fa3ff2b74858fcd9ea688,725.0,20416.0,beleza_saude
d836b3e9c0eeb39311934db68a0878db,725.0,21000.0,brinquedos
e89d4c89630fcc709f93fece786bb06d,350.0,18000.0,beleza_saude
a8e35f118bd7f9b1d38fc786b555d210,500.0,640.0,fashion_roupa_masculina
85095e161b46d68305c1293b02c27d23,217.0,1140.0,informatica_acessorios
73e0db4719016f90a37238ca8e5a1cab,3050.0,27600.0,casa_conforto
f819f0c84a64f02d3a5606ca95edd272,710.0,3458.0,relogios_presentes
306b0c58328826c0564cbc520787d508,765.0,33600.0,cama_mesa_banho
b9ee7519d0187d2389af62ba6c612963,900.0,7840.0,esporte_lazer
43706a3188de57bb50aa9f10e3b2fbde,150.0,1024.0,beleza_saude
a68149d568e07ca72477faf0b10906e1,2804.0,25916.0,bebes
3303c5bebf8d9dd9394a38501c4033f6,1100.0,8866.0,moveis_decoracao
feee7d52babf4002f100a79183eb7989,430.0,2873.0,beleza_saude
8f7a3322e1abfed89ac080b0f7364779,1403.0,34452.0,alimentos
ce8a8e2aca6f910ff8bb3ae8bda6a041,9025.0,71910.0,brinquedos
72af228db018a06518f1b2a8c070a2ac,1633.0,5202.0,livros_interesse_geral
6d2fde7d12bb6ff367dbda120ba8828e,200.0,3861.0,informatica_acessorios
5739177f0e1a8c060da43932f5a447a8,525.0,12285.0,alimentos
32b168004f17c743f16bcf5bab0de982,5250.0,32000.0,cool_stuff
d692d19cee022f7acab76373f297ad6a,1850.0,59500.0,cama_mesa_banho
4fce0eab61e01d521044c8b071cdfead,260.0,6720.0,esporte_lazer
6906f6d2bb318a3cbb5351653e93ceb4,6150.0,55680.0,beleza_saude
fcf6ad274391aea29f5d6e5ef9da5050,513.0,5130.0,pet_shop
77d86f9e64c28aa93e3d46f4047646d7,450.0,2640.0,automotivo
a701c0cf4ef20a945be9246c4c728c42,225.0,5832.0,brinquedos
c4101d1b4e0fabda6c62a8074e92cbbc,250.0,14000.0,eletroportateis
2e0ce433616916840a405d0853407af8,100.0,3696.0,informatica_acessorios
ce3331eb40fd5790c4109f40a80df7aa,200.0,23625.0,moveis_decoracao
d37abf50cce5bcd682830a357783622e,2500.0,25432.0,papelaria
ecac132b51e1c9c36430c6f9be9903a3,900.0,5500.0,moveis_decoracao
7172a7870fee91850dcbcb1f4de40cfc,1850.0,23625.0,cama_mesa_banho
6c4f9f5db7665ec7f628f17d459b4aac,400.0,2964.0,beleza_saude
ce6e846888716883ea858c8483dc2fef,100.0,5967.0,eletrodomesticos
ca0e18cb90ba3928271a3b09d9141dd0,126.0,2288.0,telefonia
7ac6cda1ec564b21b2daa9dc0973c1df,501.0,13068.0,brinquedos
5a76b277c6c31033b89362512fb80274,500.0,3000.0,cama_mesa_banho
58249dbd9270974a6a9d8f0222410165,7950.0,32760.0,moveis_decoracao
985c412b0ac92ed9d8a76bbeab6d44eb,1800.0,5712.0,moveis_decoracao
be7e1eebdec8d6a9842ebf1c2c2c3dac,1300.0,43200.0,automotivo
f5f0e64686adaf487590fbb8a75a1d2c,2200.0,10648.0,esporte_lazer
a6ad77b15e566298a4e8ee2011ab1255,3450.0,28175.0,moveis_decoracao
73c92dd0decac87c55334f6ae653ad36,550.0,6048.0,automotivo
44fded21627553d1886d459384bbce06,150.0,2800.0,eletronicos
a9f480bfc49f0b85e8394e1cdf685b4e,5700.0,33930.0,brinquedos
45746155b8481c23a21eb4645c306438,400.0,8470.0,moveis_decoracao
b192be433004cc1f10b467c0e9ea309b,725.0,4800.0,informatica_acessorios
ecf9484703bdfb9cfcc1ac9c2084b567,11400.0,38475.0,utilidades_domesticas
a3b68fbd8f68d8fdff1dd36cf1336b6b,2000.0,18750.0,utilidades_domesticas
662eb743b41155e398e7fdd5d4cf5a3a,600.0,3200.0,beleza_saude
e25f22a38cdc5a14a51ade281eebd0e9,450.0,2223.0,eletronicos
cc82434eb4afd2f81d3c2525e54cbfce,400.0,1936.0,instrumentos_musicais
6157bc1be1e8edc531fc0c94dddf5ac9,300.0,816.0,telefonia
a41d9e51c365f6e2f5eb1f98fa4097eb,150.0,8000.0,beleza_saude
e932008cf0ea7c93a077dd8d7e5f49eb,7350.0,42000.0,climatizacao
2484041040e0c40b2a21ba32219d5537,500.0,2664.0,informatica_acessorios
fc5043902812d122c4e80113ff924c1b,5500.0,84000.0,papelaria
cfa14c9ef22bd6c41e20df06de9dfa76,9950.0,58621.0,utilidades_domesticas
626fcce994b573d0bd54d6447d5badd3,300.0,1188.0,
00ba6d766f0b1d7b78a5ce3e1e033263,7850.0,48608.0,utilidades_domesticas
20415eb4f2c37838abe474b4d601da86,7000.0,38475.0,utilidades_domesticas
4efd35570dbaaa27e216bd8bf3ed4cf3,15925.0,67716.0,moveis_escritorio
d03a3e22b08287c1c29aa67a79f3b2ff,5400.0,28050.0,esporte_lazer
679c97b6819e657c506237438cacf60f,250.0,1936.0,relogios_presentes
f34707f5f83dbd799b36e79242802784,150.0,1904.0,telefonia
35582ccc8dcd2cc9841d257c0506b641,4250.0,8000.0,esporte_lazer
68fcd6e074680a12b9fa38a42bbfec1c,300.0,3520.0,relogios_presentes
d22625c4bd160a54f96629f139153c74,2386.0,22620.0,esporte_lazer
b621b4b501b679f21cf155135207503b,300.0,1232.0,brinquedos
6f3b5b605d91b7439c5e3f5a8dffeea7,335.0,2992.0,relogios_presentes
e9b3cf27d68caa64832c4a7c460abcb9,1200.0,12000.0,market_place
381a0b846affd6aa7e80a863bcda52b7,300.0,2352.0,papelaria
111d0b1e69f349615615113cf6b275fa,750.0,11250.0,esporte_lazer
0526bcd59b4bbb167f8a4e93d56c0a07,100.0,816.0,automotivo
d3e87f5919c07582b6b4ead0f7eb15c0,600.0,6750.0,cama_mesa_banho
c6e474e4e7e08a02bd7153cfe6d68dfc,850.0,11520.0,pet_shop
2820a0ee65a765e5dbb7ef1da30d2f4f,1525.0,14904.0,automotivo
58816ce2ec224ea03aff8abe045f8407,1050.0,7245.0,alimentos
786248c98cab9ad5cccdb751909da1af,200.0,2560.0,papelaria
1b28df0b54809d40f2bd2f2218c601a2,875.0,6647.0,alimentos_bebidas
fe95eb948375116da759c8ef60295001,800.0,23625.0,cama_mesa_banho
5dbd7cc557840defa81a4a99590b215e,2575.0,22736.0,utilidades_domesticas
a1250bbcaa645885c9165eab1573b5c6,200.0,640.0,fashion_bolsas_e_acessorios
14555ba663de8689feacf1d0819cc3b3,2150.0,14350.0,esporte_lazer
77ccbcf251886c8b83676fc918e7336c,200.0,6318.0,pet_shop
798edd0e46657089dcdd3ae893a5b015,1350.0,5060.0,informatica_acessorios
1e2e095149b3e9ca487d9c2d8c20378b,600.0,3094.0,relogios_presentes
f9f8bd8b40b145240563d5e05ac4c75d,60.0,3000.0,pet_shop
349ce46a0e2e20054aa9d80c48af8816,1300.0,4864.0,construcao_ferramentas_iluminacao
ee406bf28024d97771c4b1e8b7e8e219,1050.0,19008.0,cool_stuff
98ba4d6506268560a9b0a03b6ae02636,2700.0,31654.0,malas_acessorios
60d0556ba3ec09b00a4656eafb0a2760,300.0,1840.0,ferramentas_jardim
82b73150f90f4fef92913e35b9984bb7,2200.0,30000.0,utilidades_domesticas
629e019a6f298a83aeecc7877964f935,1750.0,27000.0,automotivo
2d72cf7f8c3240028550efb165045073,300.0,2000.0,instrumentos_musicais
da126b80758e8f5f13c45580e9260fd9,1250.0,10416.0,beleza_saude
3b0fbb3ab5b1512278d2e1c695b07e85,400.0,6000.0,cama_mesa_banho
2fb51d5cb775a68676826ebe06a17dc5,1000.0,5880.0,cama_mesa_banho
8f40f0b0018b8f6fd449c4c0713e3118,2900.0,10335.0,utilidades_domesticas
02706657691ad03bacea6d0d0d69d13d,4550.0,31050.0,eletroportateis
4c1bbc12438daec98a77243c2bf7a3ba,15475.0,47061.0,moveis_escritorio
e15746c8f73cb5e9d74ae01533fa02a5,6550.0,13440.0,utilidades_domesticas
dca8cbb1c9d8a2db0fbc0c36b8d1a7bc,200.0,352.0,audio
41311fd6316a50a9ff4ac5bfca1b910b,700.0,5832.0,esporte_lazer
b4b41230d7134dd767bc903a9c773f18,10700.0,88000.0,moveis_decoracao
e4ca5b20cfe1a020e15e36fe14e880ee,125.0,4680.0,eletronicos
c19d5ba108c34b8255cf9a524da92bc4,150.0,5120.0,informatica_acessorios
e4ad97ce352e46bebac92018f6ed976d,7750.0,56980.0,papelaria
1fd3bb291e0dba9d6081eb914303993b,350.0,27000.0,utilidades_domesticas
7666acd3cb60e97bf02449e36be0c02a,200.0,3000.0,esporte_lazer
b2572a992f6ea1d1a7eb518d54e64620,3600.0,31200.0,moveis_decoracao
df5a9191c2465bb6f8538b6b3371e019,663.0,5766.0,cama_mesa_banho
f9259c9e7c0f12c70f7a81409680a5ff,925.0,36036.0,esporte_lazer
b60856ce32d90658dbf99b9485327c25,150.0,2800.0,eletronicos
b6106bf3d09b8fdd33c3a9559da43145,30000.0,187200.0,moveis_sala
8707c6feb8f1d552e3d70b590481bec4,5650.0,14904.0,moveis_decoracao
490b7f74cbef35be4b6b69bb5f177386,150.0,5984.0,esporte_lazer
89321f94e35fc6d7903d36f74e351d40,150.0,2873.0,alimentos
b7538ba9e18ac05ea16d53aea0867f24,10550.0,63000.0,cama_mesa_banho
7185389e32acf9c5c5f61e6a23c0ab3a,4500.0,24336.0,cama_mesa_banho
0900e9b18da6627157a7e47a8ac8fc08,200.0,640.0,relogios_presentes
b69eb25e3a4def8e9cddee18712e0c5e,7750.0,37026.0,cool_stuff
933f4f76eae38d2a97ecfb7c6355f0bc,633.0,8704.0,beleza_saude
25f86162fee18735fffdb762dcb10d7c,10800.0,52488.0,cama_mesa_banho
ad2037645597db38527fe3afbe226af2,850.0,6358.0,bebidas
3d4784f9a07ca5de370c86800589c860,1350.0,2240.0,
f142a5ca78eb112cafbcf29f9a43eca7,50.0,8000.0,telefonia
15bef25125df6626665f702257bd1e79,150.0,1056.0,beleza_saude
f7c98cd8b2d4d3b9a2d1322721e60a5a,3200.0,10350.0,construcao_ferramentas_iluminacao
0cd9f302c8a5b076ffa5c3567c6705fd,200.0,2016.0,informatica_acessorios
06bf70b6e1d67d96308235ef350edc61,950.0,11550.0,brinquedos
943c812216923e4244e83099e0c62a08,1000.0,10800.0,beleza_saude
cad2db5e318d7283a234c517b2f28a42,1600.0,4500.0,cama_mesa_banho
89b121bee266dcd25688a1ba72eefb61,150.0,4096.0,informatica_acessorios
6e77b89d36e50217e6793780a8ce5c82,300.0,816.0,telefonia
bfe7e7ae5f1ec626a4a85d98712bbbb9,1450.0,27000.0,instrumentos_musicais
abc3432ff825d8e524db1d4eac6d2099,150.0,2210.0,telefonia
35084deab9603bbb6035bb8638b1df89,1200.0,12500.0,moveis_decoracao
cdd914e78124a73cc28a165cfc4a0bbc,1800.0,1827.0,livros_tecnicos
337f10f83d8ba37edab89b7a0e9f32b0,150.0,1360.0,beleza_saude
5b8a5a9417210b1b84b67b9a7aefb935,117.0,3276.0,informatica_acessorios
bf0fb54ca0888fce3109ad83c00617c4,500.0,4608.0,beleza_saude
264afa6d3b31bde30f0f2693c84795d9,950.0,4096.0,beleza_saude
7d0e0214a0852cf0c90032c7992cf27f,125.0,990.0,market_place
4a25d757ff72fad7534f478c90be77e6,275.0,864.0,telefonia
cbb698a524aa75c4c6c9248368ebba55,16100.0,67500.0,cama_mesa_banho
2233b59e8cf2817f9659e52cce3093de,9350.0,8000.0,casa_construcao
d1a7965ac8d6ae62c9c1984434227cb6,1100.0,18000.0,informatica_acessorios
eb1c2951b5beaa83e9a1ad096c9a2b0d,150.0,836.0,telefonia
664085fcb2616db929da15dc9ac204b4,350.0,816.0,telefonia
04a4e9d8c0dc6b2b4b8e24ea78a8f318,500.0,10800.0,esporte_lazer
3f14d740544f37ece8a9e7bc8349797e,321.0,3458.0,informatica_acessorios
0bdd9a52d192d64770e33ae559512478,250.0,640.0,relogios_presentes
c50ca07e9e4db9ea5011f06802c0aea0,125.0,6300.0,beleza_saude
5650f9e1f73d0a1c0176988cf2e950d5,400.0,2112.0,esporte_lazer
68c923fddf7f83316b53252eaf830724,1000.0,15750.0,cool_stuff
040b8534cb74ddaae70c21541f449630,13100.0,74800.0,construcao_ferramentas_jardim
ec5b3c8bb77ad22278f6e9d719a83de3,700.0,32760.0,casa_conforto_2
3ce7358fb633d033a700464c6a82e0bb,6200.0,9072.0,eletronicos
14d171d5043b1b2e14498f580e6225eb,600.0,2560.0,cama_mesa_banho
b4fc7e84dcaf2fcf3edb234e30362929,1300.0,13068.0,esporte_lazer
6d43aa08ee344527fc3e86b90cfd2379,1000.0,18600.0,brinquedos
6463e442310f2f4f321c83a32d8c662b,350.0,2850.0,beleza_saude
4253d0bdfe5de877ffc994926fa6041f,1000.0,12000.0,moveis_decoracao
914bbf1d7b288975a3a7ad2d004f7c3d,1410.0,43524.0,brinquedos
67217c43d81dea5a93bea48c23f4e156,300.0,1760.0,construcao_ferramentas_seguranca
e99d69efe684efaa643f99805f7c81bc,600.0,10725.0,papelaria
7bf115809ab249f1bf0fa92d72e0baf8,100.0,3564.0,informatica_acessorios
ecbe1ef7e2903ff8b1d704ba78fa264d,902.0,6384.0,esporte_lazer
90f39a309a8c05fa7aa4ef02178059cb,1000.0,39200.0,papelaria
bff381f7e26b290f53b9f5669eb7dfd5,650.0,9282.0,beleza_saude
f3dbf072e817667fbde052aae313cce1,18500.0,8580.0,esporte_lazer
ce99c3515272dee739f2d3eddae0f2cf,575.0,3663.0,relogios_presentes
2b4280ae2d10eefdff9b5e1b1a9ebf53,150.0,352.0,relogios_presentes
ed5122a6a757a4fea8f32a6fb95a5135,1938.0,21648.0,cama_mesa_banho
4dc2ff2b31e5b034eac68824c9394902,2850.0,8349.0,moveis_decoracao
9ad75bd7267e5c724cb42c71ac56ca72,1225.0,19950.0,cama_mesa_banho
c600d7f13104e8db2ca2b9fa78581409,2400.0,17010.0,
11250b0d4b709fee92441c5f34122aed,3000.0,18000.0,agro_industria_e_comercio
c0b677cf65712618cd0d86b9303aa61c,1800.0,2640.0,beleza_saude
0b0172eb0fd18479d29c3bc122c058c2,150.0,4290.0,eletronicos
f889fb87b505b73de10c18b93352469f,150.0,990.0,beleza_saude
303719bf7adc0897358c3dcc3c7a6190,2100.0,26085.0,brinquedos
b5aa3dc3e3492bfa3dfed618a413e779,2100.0,2976.0,livros_tecnicos
be021417a6acb56b9b50d3fd2714baa8,14300.0,43928.0,utilidades_domesticas
90509918fbc0f45016520d833ae25f78,5500.0,29400.0,market_place
d6bbda35f0b8505c2f824f1d90295855,250.0,1232.0,brinquedos
64c8bc3ebf6cc99d1a734c908961c8c8,4900.0,53751.0,automotivo
cc971e0365873137b8bef2ebad633e6f,2400.0,15750.0,cool_stuff
4c6a40b5fdcc849875c3d0b3144ea1f5,300.0,3468.0,eletronicos
2d2600c283c0c1af0528fd84c14a2c28,4117.0,44100.0,bebes
2948658cb6abc82847412be7201bfc4c,3500.0,18900.0,beleza_saude
0640a217fe729c5b8f61fd475f1fc22c,350.0,816.0,telefonia
28209b7aed95f7c0c9b9806f974a104e,500.0,1800.0,
3b42242085259cb66b6e577ae5173c76,1600.0,12558.0,cama_mesa_banho
ce9b5e2f3503d1142f9c9866db452633,1800.0,45000.0,utilidades_domesticas
0de1e69dff6f40f9f71be7034a8bb8d2,579.0,4641.0,perfumaria
642247ccf62585635cefa1bf09f59b94,900.0,4800.0,cama_mesa_banho
1697727d6c82c23c7149c6c773683d2c,2600.0,15680.0,esporte_lazer
7612afaa8218e79b3011243ed9edea9c,3450.0,80000.0,esporte_lazer
b24af8bca8813bcde4140ff8562f5e47,250.0,816.0,telefonia
91e2aac5302f657c8fdf3040124d8809,817.0,28314.0,papelaria
facd7264a689baabdce2373c4feb2dca,100.0,1536.0,eletronicos
f6863b4410e703a4182444a4ede2e7c2,1800.0,3168.0,esporte_lazer
e940125d0a3c309f58f41cd21e39af06,10550.0,63000.0,eletronicos
0db4869ac8a908414823d44d742f5ba3,17000.0,87696.0,moveis_escritorio
7c68e7297c7df2535c9f0dcd61007f64,300.0,880.0,moveis_decoracao
0a8f26369822d83b82d0d3e87908fbd4,250.0,1235.0,informatica_acessorios
588531f8ec37e7d5ff5b7b22ea0488f8,2750.0,19344.0,pcs
d2fc2696871ca6b94af5deb0a8d5590d,2500.0,5100.0,livros_interesse_geral
0da9ffd92214425d880de3f94e74ce39,10900.0,19656.0,construcao_ferramentas_construcao
48116a826b3a019f97c5fa8e8ce788a5,1400.0,16720.0,eletrodomesticos
c389f712c4b4510bc997cee93e8b1a28,2965.0,37638.0,malas_acessorios
73852ee3739732147010f2be732d597c,1147.0,9975.0,esporte_lazer
7ab21257ee876b3897bd55046d3d81d3,683.0,18600.0,brinquedos
6daadc7e6029cf01762f941e488caa1b,6794.0,45600.0,brinquedos
651fe753ea1d6ad3d5744c1bffd3d6e1,50.0,2816.0,beleza_saude
a9fa0428bc677ac4d0a948fe2982ad1d,200.0,2520.0,esporte_lazer
d322eb25f02924adba73e58dbc36b29c,300.0,2268.0,relogios_presentes
2d27a2ca6a182ff8cee95fea0f6a69ce,200.0,2560.0,casa_construcao
e06f99e79036d681effa3de75989bf22,200.0,640.0,relogios_presentes
91b08d34d0ba4db44da2dc382867ba49,100.0,704.0,telefonia
b30d7b0adcdc4a117f455472548155ec,150.0,4500.0,eletrodomesticos
f1b5bab9091189a35c60f52afb5bcfa0,1223.0,18400.0,esporte_lazer
a01801e4d348c3375e43643085a6b576,350.0,3520.0,eletrodomesticos
e5bd04e8e3cb77f1a49404d588d3e528,600.0,1040.0,cama_mesa_banho
cce679660c66e6fbd5c8091dfd29e9cd,250.0,4800.0,cama_mesa_banho
16241e79b047426033194065d8b321b2,400.0,4788.0,moveis_decoracao
aea8161ed6bc3b11628cd393fd03486a,200.0,352.0,fashion_bolsas_e_acessorios
ac374e17faa1d8981d2c2329449d1519,550.0,1710.0,cama_mesa_banho
0a57f7d2c983bcf8188589a5fea4a8da,396.0,2772.0,relogios_presentes
13befae9b3fb34c439cf4744fd18dfa7,250.0,4800.0,cama_mesa_banho
1f112631857414c63be3c00b6d8bf45f,467.0,4940.0,relogios_presentes
7d854ab97c64ef9df2bbfaf332765786,4100.0,14952.0,cool_stuff
4b6b3a7072d549354c3743dedbf4170a,350.0,640.0,relogios_presentes
c989db5e9fa3ee241a62cf92a4a27a4b,200.0,2100.0,relogios_presentes
c94d19d021d4a8fbae5a45f904aeea90,9750.0,37260.0,moveis_sala
657247f6f60543b93e3cc708a8e6329c,18050.0,75000.0,malas_acessorios
4debd977b5bc245487ec61b7961b16e3,650.0,627.0,telefonia
c7a94c6dde9d81dc864941084dbdfe45,1100.0,13500.0,esporte_lazer
8ad5422c2f13436a172cbdd5f2faa00e,1200.0,48070.0,eletrodomesticos
9a7c0784b8058269d176b3089c946ed0,900.0,2560.0,cama_mesa_banho
55ba658d5c2f0b1f118f98c36fe3fa04,200.0,352.0,brinquedos
c46c87888b081cf424913fd74b9b6e87,450.0,5643.0,beleza_saude
1f411e9a31196b71ed8438c8254b858e,11850.0,62500.0,pcs
1dec4c88c685d5a07bf01dcb0f8bf9f8,17600.0,55223.0,automotivo
bffdb7d6bdb994823039ac983d6d30ec,144.0,3456.0,pet_shop
2078312a2dcf1fcd8a38eabcf5dd033a,400.0,3750.0,moveis_decoracao
9f1c3e71d56894398a42b050b07f1baa,163.0,2431.0,cool_stuff
7c55ea4aea1acf1ce11440010f5aa298,9900.0,60000.0,utilidades_domesticas
cfb763496d9fc48751a27db4fd02aa2d,350.0,4275.0,cama_mesa_banho
d952c09021388fd5b1e5f914f559fb10,75.0,648.0,telefonia
a7d756e8f7c4b7e5b679e248a57d91ec,150.0,1920.0,fashion_bolsas_e_acessorios
9ffe607c48a0473e200e4035bf97de49,200.0,4608.0,relogios_presentes
44a6e4ecf7b48f87481c243383b1c4cf,230.0,1729.0,beleza_saude
0fce35c0b7338bda3e52e2389f0c0762,3450.0,15375.0,moveis_decoracao
06abf4be826ed1d548e8a22a3d75d912,5250.0,38080.0,beleza_saude
5131368354b35ed441caa8ca27244f16,1383.0,22680.0,beleza_saude
5d7c23067ed3fc8c6e699b9373d5890b,250.0,640.0,fashion_bolsas_e_acessorios
e1bf73a530f7e6ea9df12e1238ab7600,400.0,3248.0,bebes
3dd6c9d499e7c311a29e08afe1fd8fc6,250.0,2736.0,cool_stuff
167b4b8c4bd0c401bea62f5e050d70a4,517.0,5577.0,informatica_acessorios
ac8e7cf3a658f63dc68dd7f3b8b5f97b,3100.0,17280.0,esporte_lazer
497aaad8194759cfad63465c1b810286,5450.0,21000.0,utilidades_domesticas
46e24ce614899e36617e37ea1e4aa6ff,30000.0,251625.0,beleza_saude
8b45810da2ef9860496d56f62435fc40,800.0,2560.0,cama_mesa_banho
0c71252f37443403376d2008034a7240,156.0,2520.0,pet_shop
24376321a0e7d0debc7a632cd4c9dda3,900.0,5760.0,utilidades_domesticas
d5e17af4e0c9b0def251a1c9d2b0eaa2,334.0,2652.0,construcao_ferramentas_seguranca
871cfa7d587b8305a5a0e376866323ef,4300.0,4851.0,esporte_lazer
cf600a2ef17c0e0d1ab1f65b0b6420f1,1177.0,7500.0,eletronicos
c0e452663c284f3f8e578f390dc3ab21,1300.0,15625.0,bebidas
ae7d8348fbef50928a680454fffbca00,304.0,12393.0,esporte_lazer
1bfb290d7273a442c874dbe74b4abae6,10075.0,91520.0,moveis_escritorio
5cc23f2c72b47d7b95f4df9855848a46,8200.0,48552.0,cama_mesa_banho
ecc7e6fab3b3398b08af2baf86214af6,133.0,1235.0,telefonia
d20f41d8b70e59cb4c63d68b1dcfc0a4,500.0,2112.0,utilidades_domesticas
78f29023586e374cdc3773ce0af6bd2c,2100.0,16704.0,construcao_ferramentas_construcao
1b88c133317c3f2b8c53b6048f2dc8b6,6200.0,18000.0,cama_mesa_banho
16679d68bdbed3fb97af806424d7f2b7,83.0,5130.0,beleza_saude
6026308f343d15d492324e7e35ba5685,542.0,5100.0,relogios_presentes
06c6e01186af8b98ee1fc9e01f9471e9,200.0,1875.0,informatica_acessorios
d0349534ab9b46b98d13a53051310f24,300.0,4200.0,informatica_acessorios
c415aad99ee06e0fe8a58c09d3598ef7,2267.0,5148.0,beleza_saude
b9f75330f0582e2e33c3ea72ae17f499,600.0,1925.0,ferramentas_jardim
ba9f160a6ae1c23f25d690fd06fe4fd8,7050.0,43400.0,brinquedos
6a31191d5ac5852b0478f6e245ac5b02,1250.0,17052.0,utilidades_domesticas
d42c1eec0891869c034f031ec9b81ecc,5900.0,37500.0,utilidades_domesticas
4bb4fb9c85785b75ab4f6559900c7ca1,150.0,1520.0,telefonia
c78fe06bf8820aaf7ccbe38f2a7f5a76,550.0,6048.0,automotivo
bace90a7338e9d31371ad47811cf4c7d,6450.0,31920.0,cama_mesa_banho
9348fe8a0886b99d1c5d33c28fb0aa48,1150.0,27000.0,utilidades_domesticas
49c934af2be4194ac63262d60745fcb0,700.0,9000.0,esporte_lazer
f8d86453c62a01cc2920531c0bdf194d,1150.0,9504.0,esporte_lazer
eeb185c268c344e2308a3eca19154cee,150.0,1152.0,automotivo
d291c64bd499a6f147bffd4f5328b7aa,250.0,5355.0,utilidades_domesticas
de6702c748c719cbd13bb814f006ba22,150.0,1584.0,
cc7d8d232e6f5f27b70be81b68e27d6e,3200.0,10560.0,cama_mesa_banho
a910254bb741f98d6d98a8286d66d14f,300.0,3825.0,informatica_acessorios
79da19ec2e6e6658145790d93991da9b,3876.0,42804.0,brinquedos
ce5960e28657158637346e434013071c,10950.0,64800.0,bebes
1b8ee158f59c098470fad33f39660964,6200.0,36190.0,moveis_sala
fb8d7cbaede34c7601b2d5a283287d49,200.0,1426.0,automotivo
c55ee2882c5321eb3c9277e5c92e50c7,1450.0,15625.0,cama_mesa_banho
0cbc07d4b85c30f4eb6394504185f8f5,350.0,2964.0,beleza_saude
d017a2151d543a9885604dc62a3d9dcc,250.0,352.0,fashion_bolsas_e_acessorios
a703f5ade6e4fae527357132230ea778,225.0,6300.0,beleza_saude
5d6bea33648f018dbb563f3a2fab09f3,4000.0,31500.0,moveis_decoracao
6a162a899a815ed15db1689e8efc976c,1550.0,20000.0,cool_stuff
1f839ba5b57051fac3461bc202ad9cce,125.0,4420.0,telefonia
437c05a395e9e47f9762e677a7068ce7,1110.0,3762.0,beleza_saude
aede48631330269f65a8d680de491657,1400.0,15840.0,malas_acessorios
1b7ce992a80ac036dd9ab73d08289712,150.0,792.0,eletronicos
1522589c64efd46731d3522568e5bc83,550.0,13690.0,artigos_de_natal
bc79853c871c6db8e48e4b0d47df7e70,300.0,5120.0,perfumaria
8e630a6101b33d99671d79b67b87052d,10900.0,60000.0,casa_conforto
11566035935b80d02a0c8a261546610b,367.0,5120.0,beleza_saude
7aac5971b0560a816c14f6b6e9185bcc,1450.0,10450.0,beleza_saude
caf9add3dcd98d688be0064d9faf65b1,3200.0,9900.0,moveis_sala
c211ff3068fcd2f8898192976d8b3a32,200.0,600.0,cama_mesa_banho
da051bd767b7457572d55aba23fd846a,1075.0,11132.0,esporte_lazer
efa490145b5cc82438b6a6de691535fa,500.0,3300.0,informatica_acessorios
ac7e981115ad47f0e051f1b8b97e73b1,500.0,27000.0,utilidades_domesticas
cb460986a447ed00da792526bf6189e4,340.0,3744.0,esporte_lazer
43d2e0df7224cb1c252c23cf36d597ad,1150.0,28000.0,bebes
817e1c2d22418c36386406ccacfa53e8,2750.0,40000.0,moveis_decoracao
43ff57afb3419cc422d1daccbbb877b7,17550.0,90000.0,instrumentos_musicais
f2aa6fb35e6b7ddd3eb6f3198a0efbc9,500.0,3872.0,perfumaria
63456bc0cfe423fc6621bdd93fd0337c,125.0,1200.0,informatica_acessorios
8b75356a402f017bf41f1000d514f942,550.0,990.0,automotivo
778f8850980a158eafa6e7555c085ea1,500.0,3360.0,instrumentos_musicais
c5cd81e7dcab1a6baed9cedff7c531ef,900.0,4000.0,esporte_lazer
0d85c435fd60b277ffb9e9b0f88f927a,150.0,2912.0,informatica_acessorios
e06d5e832b37064a0f5193515b16f44f,375.0,8556.0,eletrodomesticos
3e31fd1419cc4cd6adad1925e72e3a03,400.0,2750.0,cool_stuff
48f866f20b5b6015a324210988e73387,1850.0,23625.0,cama_mesa_banho
00ae7076313576f94d9107599d79a978,600.0,11616.0,esporte_lazer
6a23c2eb9acc78f8ec403be9c6210dd4,7513.0,85436.0,moveis_escritorio
d4652fae7ca028fda70d9b7b75432e04,200.0,880.0,perfumaria
ba2c575c1739bce3944c1480d5ca934b,14550.0,64000.0,moveis_decoracao
0042f1a9a7e0edd1400c6cd0fda065f8,175.0,3289.0,beleza_saude
27fdfad2c6a8f91606eb41ea396785c6,200.0,2800.0,eletronicos
9a469eaf45dfbc43d39ba1977a3c07af,700.0,4800.0,cama_mesa_banho
ad88641611c35ebd59ecda07a9f17099,450.0,1232.0,
2fe0cccc00239f01484b97ba65408800,967.0,5880.0,cama_mesa_banho
5db156e0070760934498ba575836d29a,800.0,48125.0,papelaria
f94648b3948c15f95aad0b5902be6025,10750.0,70596.0,moveis_escritorio
4c77d14c542fcd857dddc3df2e82329c,267.0,1056.0,perfumaria
b659034bc6cfc3d9baeda101c0c281fe,9500.0,43560.0,pet_shop
0354c6a8cb8961e29b70e564b93861fe,400.0,9500.0,ferramentas_jardim
3d22445510fe5a03299a8d2a5da7abf4,2250.0,5100.0,beleza_saude
0baaa6da9c9440c4655efd0762a0edcf,300.0,352.0,
d321d5e90b24cba895f0564fc3e15a84,650.0,3150.0,bebes
fad534edb8f35664713c4b766fa473d4,400.0,600.0,cama_mesa_banho
0ecade74f3c3fb56a9256d425e7d535c,300.0,2378.0,informatica_acessorios
68bf2e76db1d8e846042e54da87399ca,6850.0,48026.0,cama_mesa_banho
8681797ff43c49b49ee1690deee3f95f,400.0,14000.0,pet_shop
03973c875a4653e663aede2c46a957f6,2550.0,14000.0,automotivo
008cff0e5792219fae03e570f980b330,1550.0,16000.0,esporte_lazer
c4282015d858b8d5c14c1ec6b9000664,850.0,40320.0,moveis_decoracao
9a36ef546bfd8ad2c01c308dcfe4084f,150.0,352.0,beleza_saude
f105318b219b352b992001c976c847b1,250.0,3300.0,fashion_bolsas_e_acessorios
6afab9e71cf3c11c8baa174027ef4312,100.0,880.0,fashion_bolsas_e_acessorios
425db55cb3b0f5b18a2d9964da31c3c0,450.0,9375.0,papelaria
4535b0e1091c278dfd193e5a1d63b39f,850.0,1827.0,livros_tecnicos
b61a33788606a4ce2fda0452722283d1,150.0,1530.0,fashion_bolsas_e_acessorios
4ce9ab528124f89e091b17d11aa2e97c,500.0,2700.0,informatica_acessorios
9453bde60c4ee52155c963641736cfc5,750.0,27000.0,beleza_saude
de170bfa7e0f492c75a0f270fc44f629,9100.0,37111.0,climatizacao
509fefd029493821b4be744a1b333694,350.0,3211.0,relogios_presentes
ccadfeab525a9eb1569983b66e5075c4,100.0,1000.0,fashion_bolsas_e_acessorios
b76364870c38ddd7dcc9dd9ab5abeeb4,1200.0,10000.0,eletroportateis
462b89aad33e9b762cff8fd20db1fdcb,975.0,9216.0,informatica_acessorios
6e4abd8bd0f6bb6b4eadd011199af836,4000.0,21000.0,pet_shop
d99a9035db5875b38e59f9f55b9548f1,10100.0,32768.0,moveis_decoracao
8cb9da14221c0256f8f965c7c07cdcf6,1100.0,8400.0,beleza_saude
1bfe62f326ac7bec0f5a83c10cfff228,5700.0,33930.0,brinquedos
d6c69817b519edddbf1b289631b7160e,4800.0,18900.0,perfumaria
028b0b0277744a9eaa2c4f57c24dcb68,13150.0,55125.0,moveis_decoracao
0152f69b6cf919bcdaf117aa8c43e5a2,250.0,4800.0,cama_mesa_banho
2ce9e5390d425b70acd6b9b016c9ac13,225.0,2415.0,papelaria
2b80e83f77008f81ae402882631eba97,350.0,2352.0,papelaria
9a4b403e612ff2c3b4867b318bb65d56,700.0,4576.0,esporte_lazer
416fad0f58722ac772e8ac9b3e33a0ca,200.0,528.0,esporte_lazer
cac9e5692471a0700418aa3400b9b2b1,375.0,8120.0,bebes
9749139e09929de55d37e68e64b89706,650.0,1456.0,beleza_saude
39b146e69c32ffe0a469e95a71585843,2400.0,3872.0,construcao_ferramentas_construcao
c063e7cfa2a5277de17cde1837399dc5,2600.0,22050.0,moveis_decoracao
9a89064fd209d1c1661271942a65099f,2900.0,28000.0,cama_mesa_banho
cc6e31911e3db7f60e67069522872552,500.0,2400.0,livros_interesse_geral
703d742887bb9267f89b675608ba7aa0,950.0,9450.0,cama_mesa_banho
d6fe3b4ddecd4a8393c6a1385de3bfb6,16650.0,87696.0,moveis_escritorio
8695c431b31927efef5343e675f279e7,450.0,2760.0,perfumaria
5861173d9af66445f070078cfc29a597,400.0,8000.0,beleza_saude
5526b1ae9ab2688cf600783cece249df,200.0,4096.0,informatica_acessorios
ba5fb4ab9cd70d201b74b5bad9d4ca00,125.0,1326.0,telefonia
79d2c1de4aaac73cf031b5e1f03a68aa,300.0,3024.0,esporte_lazer
e9c1abcc7126360336d8f56d49041a8c,500.0,2112.0,beleza_saude
89e4362d74afa10ac57f8d67210132a6,1870.0,15660.0,fashion_bolsas_e_acessorios
a3dae37f1227e4037d5e3be3f228bc84,2700.0,54872.0,informatica_acessorios
b0c61d992e2adf05e5281a2d7f524a1f,200.0,3000.0,utilidades_domesticas
83343727db272f1b63942c26cbdfd92f,1400.0,15876.0,esporte_lazer
fd0c762860528d119344e1377b574fc5,317.0,1760.0,alimentos
99ba5fbf3ae895fe3a9289acd0a5eb91,150.0,1904.0,telefonia
d87bfbfb56d6bd8fbd1c05e83da46e55,2650.0,15500.0,esporte_lazer
5d90b82ad1fdff812987fa28158b7984,1400.0,8000.0,cama_mesa_banho
d63c71088e06ea00d66dc357cda91a30,1500.0,24000.0,cama_mesa_banho
9a78fb9862b10749a117f7fc3c31f051,9750.0,72324.0,moveis_escritorio
4a6fffd5a0ca2230cf5b84dc624e9f95,600.0,4950.0,livros_interesse_geral
ceb43e52119b25c8f2b6049a5534c339,750.0,4096.0,esporte_lazer
a83a581a8343b458c6c90cffc7ad1b60,1500.0,22500.0,esporte_lazer
af827351cc8287dd464466e8793046b0,1230.0,5184.0,beleza_saude
bc107cfd28a282c85b28e7054aeb729d,300.0,2160.0,
02cd69fa0c8bfb37ca444168927c1e85,750.0,2640.0,automotivo
8cc8c4d7141c82262576156f95ff3907,750.0,24360.0,brinquedos
4633dfeb3a2588bdb52af32d504b44eb,150.0,704.0,telefonia_fixa
5384f1f55242e82373db2fb7db6047d8,4050.0,24000.0,pet_shop
37cdd2e6cf19b94999e23e10cc95cdde,150.0,4000.0,beleza_saude
c0704b7b41d23540e8576c5e84484dcb,250.0,2431.0,beleza_saude
0768657d39e02ff11e1a30708e010588,200.0,352.0,telefonia_fixa
37055d9442bfc227231d5983f329ff9f,300.0,2772.0,market_place
f699b297070aa38aaf3de9639302506a,1250.0,30752.0,esporte_lazer
177d3d5bb9d4d29222a222e3b3554f41,7550.0,34800.0,papelaria
ff3ec972ebd16eb98d55e8ea2fa255ee,2488.0,21390.0,esporte_lazer
a5c3ddb1a400f50d1cf7138727aec136,7811.0,57960.0,brinquedos
5245dad16589e03f45e496de427b578a,900.0,32130.0,malas_acessorios
f9982e3da18bb4f67e0fa0fcca27b8d4,600.0,3888.0,consoles_games
d2bea3c01e172037caa99b2d138f39d0,350.0,14000.0,eletroportateis
4f84ff0aab6b53675317e34f2406ea99,250.0,7500.0,beleza_saude
7d50930301709838d8e90dcac5cfaa84,1650.0,45000.0,esporte_lazer
7ae5c4294636a8ccd3d8574daa6d7d21,12700.0,67280.0,moveis_escritorio
079189201e6c6f0b0f70d118fff53fd5,450.0,1560.0,beleza_saude
a8df513e8be2c303a357f71e5f62d1e0,7050.0,34800.0,papelaria
b9311d581f5f341576a5a2892168355c,10250.0,60912.0,moveis_decoracao
db0e75ba1fc6537d68f2676f3b67d07f,1900.0,15750.0,cool_stuff
b4b817e5f2c4efc8253b4b679c653847,2150.0,15548.0,cama_mesa_banho
3dd2a17168ec895c781a9191c1e95ad7,533.0,4840.0,informatica_acessorios
fed7ed9a2c9239558d696bfb40fc96a9,125.0,2080.0,telefonia
c1488892604e4ba5cff5b4eb4d595400,1400.0,5376.0,moveis_decoracao
f39288f58793ce5e6985b3f7832af88c,300.0,3248.0,fashion_calcados
bd6eb9532e448ca538cec41d0b9dc228,1100.0,72000.0,instrumentos_musicais
23384f296aa1bf6461d22912093a9847,100.0,2560.0,cama_mesa_banho
55979acc6e2155188d3a43d8afb0c7aa,300.0,8602.0,ferramentas_jardim
54a3b009ede4097eff76990e0fa8553c,1300.0,31713.0,esporte_lazer
95ec3f7e237a87df9935a570ab6ef266,5326.0,56800.0,cama_mesa_banho
aece157b74fa793277ecc4e94bedf9a0,8150.0,84000.0,papelaria
b83738ac1903f7c8f0ed378cb085909c,5700.0,3900.0,eletronicos
9ddd762ee8a13576a809dc66f22aa2b5,2600.0,11808.0,cama_mesa_banho
80ad583034527f821e579d479f82fae9,23900.0,182952.0,moveis_decoracao
c00627ba53d46c497a4d302caa6d43bf,925.0,24360.0,brinquedos
e2a5fbcec3cf55f09968fb1ecbe16638,500.0,12000.0,perfumaria
f1c7f353075ce59d8a6f3cf58f419c9c,9750.0,12600.0,cama_mesa_banho
baa1af9bc7467e619e2bb2876386ae55,1050.0,8800.0,esporte_lazer
c8c073a1cae6a98799d7581958ede514,6025.0,39200.0,eletrodomesticos_2
1deda1acffb44ed38494667d7e49a9f3,1150.0,5508.0,esporte_lazer
dfb92838905ead933a01256a80edc894,7400.0,16000.0,esporte_lazer
a6690024de846637eee71e11fdbd95fa,300.0,6400.0,esporte_lazer
fe8f341b1e20d2b1135245c3400a6e53,3550.0,14000.0,automotivo
69d3ff4f45d52d69e4b06760e0e154e2,1250.0,4056.0,instrumentos_musicais
10adb53d8faa890ca7c2f0cbcb68d777,200.0,2560.0,cama_mesa_banho
58b0b0b3e6b7f8ecd3874db9c141250d,850.0,34375.0,brinquedos
7bbf8eb1681f6f8ec4b6f0c1c6934718,800.0,9800.0,pet_shop
a46875fb5b8d19ac3cff18deb9bae57e,820.0,7774.0,informatica_acessorios
e59dd207c69d86e890febadc796d1078,125.0,2304.0,cool_stuff
a62e25e09e05e6faf31d90c6ec1aa3d1,1000.0,7632.0,relogios_presentes
20205e1ea024aec43a7a3fc0d8f7a287,1500.0,15750.0,moveis_decoracao
9174e9c6706591455d3422ce4f91a685,800.0,4400.0,automotivo
e7c8819338fc9a87e81ea2d90898f612,4000.0,13160.0,ferramentas_jardim
197cb673852389801377308c616f5738,350.0,2040.0,beleza_saude
4a8c87facc0a20b726d5e1112ff3069f,1000.0,36000.0,bebes
39a4610d926a93fee7cfa54319ac3515,1600.0,7920.0,ferramentas_jardim
a1e903cd2d23763ef8b85ec12eb79d9c,200.0,2496.0,esporte_lazer
2c96824d8716171d254d8177e6a232e7,200.0,2688.0,beleza_saude
8c292ca193d326152e335d77176746f0,200.0,2805.0,beleza_saude
b44cc626aea8d2a65572672cb050c083,1900.0,14560.0,informatica_acessorios
1162c818d0d0f9f4887164cd636bd760,1150.0,17500.0,utilidades_domesticas
78ae9099d0b8c74be6cb8deb9bd84f8a,850.0,4176.0,bebes
09c85a316aae843ab464c8c55d6f8b80,850.0,15625.0,automotivo
ab6daa82c0ec6a0a6898c06151cc3c64,3950.0,9116.0,papelaria
58a84286399d234f7234d54d9daf6418,2450.0,5760.0,beleza_saude
23cb417be12fb9557a815962aedefff5,200.0,12000.0,utilidades_domesticas
035a4019c8009b57768aa3c1e1ad63a3,1900.0,4664.0,moveis_decoracao
5a848e4ab52fd5445cdc07aab1c40e48,400.0,3600.0,
11ea7ef0494533fd1015c7140874cf0e,850.0,5160.0,utilidades_domesticas
24e8c79f39c68fbdbd57a5813ae72b94,225.0,3420.0,relogios_presentes
28f2e74ecd7f12eab02ca9b3c2bd9c5f,1100.0,8320.0,utilidades_domesticas
8232a265a535c1f886b38335667be2a5,800.0,24000.0,bebes
0b0c04563408d8d1187cdbd6292a89fa,3400.0,40000.0,fashion_bolsas_e_acessorios
f921da19d229dad9bf3a94e86e7f7f32,5250.0,18000.0,utilidades_domesticas
e4d325bd1eea550509bdbbc5c3301fc1,525.0,4608.0,perfumaria
e9e7c986c179d190220afed62bbfd79b,300.0,816.0,telefonia
a50acd33ba7a8da8e9db65094fa990a4,4105.0,44890.0,automotivo
777c635c0e75758c283037a6ae684c20,600.0,2912.0,automotivo
24c66f106f642621e524291a895c9032,792.0,4256.0,beleza_saude
6a8631b72a2f8729b91514db87e771c0,100.0,1122.0,eletronicos
0780ab4d63c3fa0b95d7f17f66a3444c,1000.0,2880.0,informatica_acessorios
3d5837f86205fe83f03fb5f7e4d5b9cf,1017.0,6845.0,brinquedos
7d3297b1d734f63d40632fcf8e1a2cec,300.0,816.0,telefonia
88c09dd121ebe0b119a759773d405cc4,300.0,3168.0,
f39a8b27ce90ac582103bf36f09690dd,300.0,4096.0,consoles_games
d99526b1e4fa5f57b8bde34a7337b5ee,250.0,5832.0,bebidas
99444c1e11fc38755dae86f5c67d3d1a,900.0,11286.0,cama_mesa_banho
5d790355cbeded0cd60e25cbc4c527a2,115.0,2288.0,informatica_acessorios
7859f528174ebd0467278f357d67833e,3400.0,26250.0,esporte_lazer
4ff38de0673d41a0da1499e300720ef6,125.0,6080.0,beleza_saude
f02eae5fd95b59b1ec82397e1ef7ccf1,1300.0,24276.0,brinquedos
2216232cbfdfdc984d20cd53acb7aba8,6800.0,32000.0,utilidades_domesticas
9b0ad21bbd4384f9ebc28a688e1e81cd,150.0,3840.0,eletronicos
feeed1b9f26cce6eb3cb81af65eddd9e,700.0,3456.0,relogios_presentes
68d6b012711637d70d3c4e295caaca13,150.0,1152.0,telefonia
bbdf7b7e937d9526d3acd9854d7e939b,100.0,8000.0,papelaria
f8b624d4e475bb8d1bddf1b65c6a64f6,2841.0,23920.0,utilidades_domesticas
19944bc70a13c9b62e18a2bc7e913bb6,400.0,6750.0,utilidades_domesticas
d04bbac48960ecb7ea311b00ca6e1cb7,11325.0,56700.0,industria_comercio_e_negocios
14bc0f89b7126bb00dfa6432d85340de,550.0,3200.0,relogios_presentes
fe61253e50ad6ee9f1d180da22ce5eef,1050.0,7920.0,automotivo
6f33a4a09ae1180a0ee1ff4682b2d21f,700.0,11616.0,brinquedos
f9b4f8ef12259efd919fbaf21f8f66a4,4025.0,13800.0,cama_mesa_banho
9c8d6227bbe62913ca96217005540fda,500.0,10000.0,esporte_lazer
14e40526732f35d38620a487e0776b27,500.0,4800.0,livros_interesse_geral
d0b61bfb1de832b15ba9d266ca96e5b0,450.0,6000.0,pet_shop
4b54b3c4276e14492c3b466f49583f72,1850.0,14080.0,construcao_ferramentas_construcao
abe135ae574a8969994de86975004972,900.0,8424.0,
6449ec897c9c3c3bcd296df559f6e746,1850.0,27000.0,utilidades_domesticas
70d01ae15a5d5ee38388b90c0470d9b0,850.0,7770.0,brinquedos
8fd88178b111d5d12b4a85be4ea8bf4c,150.0,4096.0,instrumentos_musicais
f71f42e2381752836563b70beb542f80,250.0,2378.0,informatica_acessorios
382d3a69f930988d7ad77f78f31c0944,250.0,4096.0,esporte_lazer
42155695adbe665066ad812855fe523a,200.0,1344.0,eletronicos
785c2986ce8232a718aaad761ac2a321,2950.0,31500.0,utilidades_domesticas
bc74f63361c15c1a5baa5b97ac432e62,4050.0,2431.0,beleza_saude
d68b7771d853f126569c7e64658e3162,200.0,640.0,fashion_bolsas_e_acessorios
33e0cfd1cd80a0491da068d7a7f93ff8,2400.0,27000.0,cama_mesa_banho
189c49b159a847050e52afe5ec8d42c5,2069.0,54340.0,cama_mesa_banho
cea3e34396621bb2677f5969c11316bc,1350.0,14640.0,automotivo
ea2dff335f794fa9a17e0be77a73d34d,100.0,660.0,cool_stuff
2cfd372900c7c65e4c4ed2ccf7a1cfd4,550.0,2808.0,relogios_presentes
29b18b99ca3c94cea05efa9e11465440,1150.0,10500.0,utilidades_domesticas
cd3de1984e1a77b441e1b39b8e334330,1000.0,8866.0,moveis_decoracao
a30ea5a9dbd95db5a674c4beadb4fb0d,450.0,8505.0,perfumaria
b06abefe5a65500e5a93851ad2fc8900,552.0,6336.0,esporte_lazer
b04876fe71f0ad771fcdf73ceff3bae2,200.0,880.0,cool_stuff
fc4d6bb8b2fba6297e0bd65aaa38624a,150.0,1881.0,fashion_bolsas_e_acessorios
6adab229374835b551f6402e0dc53267,1250.0,11760.0,pet_shop
4ebab6a2135a2477b657bda38646b64b,442.0,4480.0,brinquedos
db6677c6f890ba1730c0b75bd8132579,950.0,17500.0,beleza_saude
35efb9f20785abb24313fa712efa8fdd,800.0,14000.0,utilidades_domesticas
4f3ebc5a8926a6b87d0dec6a564225f9,1250.0,9180.0,pet_shop
acc8648b140586ffaa6cce2905ff6872,400.0,6240.0,utilidades_domesticas
23bcd6822a33df5534f9b290216eec1f,7000.0,43400.0,brinquedos
21c7ae0df2196c656289e946024f9224,6400.0,49248.0,papelaria
05d0558798a718f6f4658acd8b0e65e1,1550.0,13320.0,automotivo
1095f63b46911593e051ed9a0d31fe87,50.0,3888.0,fashion_bolsas_e_acessorios
63d117fa87d2dff89156e2c9d885dba7,500.0,2415.0,telefonia
f0bc0aed23d451f89495f7650d81e244,900.0,3450.0,beleza_saude
79fc4c7da6812091c88d89e02e02887c,3550.0,28458.0,moveis_sala
389d119b48cf3043d311335e499d9c6b,1750.0,32560.0,ferramentas_jardim
8a12c0e223d9dbd49ccfcd2ad25d1b30,2490.0,7296.0,construcao_ferramentas_construcao
67bd616e1ba0d3d3e8545f3113b0140d,300.0,5832.0,beleza_saude
c9fc5ecd15b368991441c9f12d4cff43,2550.0,27000.0,automotivo
01bd9be7c04525d23a4a901b4abbf56c,8150.0,17600.0,utilidades_domesticas
80ac250f5bffe3fff8097929c3c4a938,100.0,884.0,fashion_bolsas_e_acessorios
0554df77f3ed2e36e06c60eb65dc357a,300.0,2873.0,beleza_saude
34d6306314a47fe15c1efdbc23302020,107.0,490.0,informatica_acessorios
996ccd494480f1ea4840f6099dba48dd,250.0,5304.0,eletrodomesticos
d9ee0c2943c9663aef6a2bc0411cbc14,2400.0,12600.0,moveis_decoracao
51ce083cd2b9078656a94655ab45b8a4,2450.0,11808.0,cama_mesa_banho
81288df52439985f610be64465e53f57,3775.0,31500.0,esporte_lazer
4231002e80d2a25aed31d65b4b91f479,800.0,12500.0,pet_shop
2f4a64fe9c6430a9626b4745227cd0e8,650.0,6750.0,relogios_presentes
503976dd917f8133babc4f0492a0e938,200.0,3600.0,automotivo
40678c9096047877fa74a25cc6f0a726,500.0,64000.0,automotivo
7724696de32f44179514a643987d416d,2700.0,13500.0,esporte_lazer
6d3bb44f9f7c05fcf46bee6a24ec1117,200.0,352.0,fashion_bolsas_e_acessorios
d3a45de279a0bde9b598a181bd2a9815,500.0,2040.0,brinquedos
694e58e56c74114ee0628c25f3f26f8c,600.0,30000.0,esporte_lazer
d2239567438e335a463191a43f2f02ff,2400.0,17600.0,brinquedos
dd27fbe859b9453b8147c3aaf47623c7,2300.0,52640.0,moveis_decoracao
e74384c9363e768848854356a37c73f4,100.0,4096.0,consoles_games
53ea9da485f6aed8a6f03a85831fe021,346.0,2340.0,relogios_presentes
d6d73c1fe2e8c0e3e90e2421ffa4b963,800.0,3069.0,informatica_acessorios
65cc6f2cc545241fa4b7d11d6fe1d3e5,850.0,40500.0,utilidades_domesticas
8156560a597cfcc16981c907c4cae459,2117.0,7560.0,cama_mesa_banho
8767530c2985b63e4fbb351b1c0f33b0,700.0,2520.0,bebes
d934d5a5c12e50df26c0669f578e2621,300.0,7680.0,informatica_acessorios
2fec8bf6ad4d8e40874fbc3808f419cb,900.0,20736.0,utilidades_domesticas
84412fdf17ffe7f7b52913a82e73b5b2,1600.0,10000.0,esporte_lazer
c8c7240481136f4822c22a80e718f304,200.0,1650.0,informatica_acessorios
e729528d0513c6dfec158a515a47187b,5850.0,36000.0,esporte_lazer
9cc8a90a8f8b6a7b56a486b612b40efa,1225.0,25872.0,esporte_lazer
de0f5a42f807e66ec0e2803eb10a5a4b,3500.0,23220.0,cama_mesa_banho
4f2174962b85f6f08d3258485d9de11a,1643.0,1536.0,eletronicos
52d6f0dc99f96ca1d2ddbb64146f11b0,450.0,3360.0,beleza_saude
8c591ab0ca519558779df02023177f44,6050.0,8000.0,ferramentas_jardim
4d687600c495f2049542171633cf1f77,18850.0,23625.0,cama_mesa_banho
011be89e68e286ac07f51c22ecbb04aa,450.0,10500.0,esporte_lazer
addc4d1f7d82e1b6c5ba37d6559ac127,300.0,4368.0,automotivo
a961143b53bf771400f1bc6bdf396e8d,300.0,3003.0,alimentos
f69581741831e1dcd24e28e299ad36ff,12950.0,48000.0,eletroportateis
2eb3c639a21ca3eeabf2ec13bf7bc46d,11350.0,60000.0,cama_mesa_banho
1136bf18450b05b755f50b49657c1943,133.0,2142.0,eletronicos
5f63102603ddd84556a92387a9821ea7,150.0,975.0,automotivo
55cee47e392df16fee82018edeb545c5,250.0,1235.0,informatica_acessorios
0d2c4e029804235bd546d1f771049ef3,975.0,4420.0,cama_mesa_banho
33e79119cfaa0e1f7122bf00b10426bc,150.0,2700.0,telefonia
867b820367ec206b38a357f2c12454b7,200.0,11552.0,bebes
4eeb3431ff29b8867d4f7b817c298a81,300.0,1920.0,telefonia
ff469d5a015226354ab92a85c8c46537,933.0,10560.0,informatica_acessorios
4cb4ef491872bfc6e910b343d46c6325,150.0,1584.0,fashion_bolsas_e_acessorios
3e5201fe0d1ba474d9b90152c83c706c,1800.0,4500.0,cama_mesa_banho
c7fd13b5e515bffdab855d0812842edb,1350.0,12000.0,moveis_decoracao
ab1106e227a745836a0dc83b374e2575,325.0,1872.0,alimentos
672cd55beec76a54b88a865280fd9e5a,100.0,561.0,utilidades_domesticas
cd935d283d47f1050c505e1c39c48b67,281.0,10500.0,esporte_lazer
1ee194d6fcec9e4cbaeef1a99a6911a2,500.0,33626.0,cama_mesa_banho
4fb3e6ce442ce9c621ea9509e47ac951,1136.0,15834.0,esporte_lazer
cf5fb18f3ac3f373759295cc8ba3e2c3,1650.0,5148.0,beleza_saude
d581a9097bc2a13adf46bbd864ee0d08,300.0,1944.0,beleza_saude
ec538f9435c2c6da3874121d51c5c556,1300.0,25600.0,beleza_saude
bda12489ccff8dd18c899c64cc6411b8,150.0,2898.0,beleza_saude
a4f54c9dd963683598b8de115aa031be,150.0,3072.0,ferramentas_jardim
7ac3d0879c16f4e7e9a6a45d576e0efa,250.0,4250.0,moveis_decoracao
8e206e69d390e5a1076e0baeb446b0a0,1200.0,2850.0,relogios_presentes
3744370c8a357a29dbaccc9011605f60,2500.0,45920.0,utilidades_domesticas
91d48f051858be85a524d623648cdf0d,950.0,880.0,utilidades_domesticas
727a46f0b58a9ef165af9f7ebcfebfa9,200.0,6859.0,esporte_lazer
2722b7e5f68e776d18fe901638034e54,650.0,8000.0,beleza_saude
f731f8587d4088c174397e010cf892a9,375.0,3927.0,perfumaria
da0bb22eb8eb2bce31a3784570528efb,6350.0,31920.0,papelaria
8bd4145633bb6d4e5ae091577f6b8dce,7975.0,37312.0,cama_mesa_banho
b17184dce2f379b2a98393d8ae885611,20800.0,112500.0,moveis_decoracao
a630323d497e2acc89574e8b792c6936,420.0,5632.0,informatica_acessorios
de6d0adf871d95106b89b444a2481fe9,1950.0,5054.0,automotivo
98613092c09065649a714a888cfeb29a,650.0,2560.0,cama_mesa_banho
a01d1cbb398e386a4a8f8364401a7584,500.0,7500.0,esporte_lazer
2ca0dca69db40b6db923aef69c9adebb,515.0,8640.0,papelaria
016711f78a6a87696645db0a6a834826,1150.0,23166.0,beleza_saude
2582fbe637afdcd03817b1b16b78fd60,4150.0,14664.0,automotivo
55945cf4a4e6def88dcc8996a581608a,275.0,7392.0,beleza_saude
982d42e9ce06f5054407db7d1268029f,6738.0,79872.0,cama_mesa_banho
dd32399c79aa851dc98bfcfdd385700f,350.0,17500.0,cama_mesa_banho
fe83af233315b04d9093c7edbcf789dd,1700.0,14760.0,ferramentas_jardim
f2c9d536b8a34c1b35f443f31290c2ce,500.0,1760.0,telefonia
b71ed32edb9ce4684e10a11309011b60,500.0,4050.0,alimentos_bebidas
290bd89e961af9ea5a733bc477c50355,641.0,4284.0,construcao_ferramentas_construcao
12087840651e83b48206b82c213b76fd,1813.0,10920.0,esporte_lazer
b4bbe69ef82d98f932d5c94987c42938,517.0,6156.0,bebes
f7186d0740a850c2f73f4b67959336fa,150.0,1672.0,telefonia
a5887cc02e8b2ee7e724408a38187ac9,250.0,1925.0,utilidades_domesticas
446607005fbc439a9439caed96867e26,700.0,3744.0,moveis_decoracao
2ebe00f53430b4eb4086f08409ec7760,150.0,836.0,telefonia
c75d5edf6cf5302523d622c43a072be0,150.0,4864.0,informatica_acessorios
207cdca64408b55cde28bfa9e62bced9,500.0,3520.0,relogios_presentes
97170c28efde1b426f1c52348fe1c086,200.0,640.0,relogios_presentes
3e086c8507756d8b53e4b0f676e7f42d,200.0,880.0,informatica_acessorios
060c17562f97e5bb60bc0dfa4dd5b3f2,150.0,1512.0,informatica_acessorios
7f9e40aa498f8f6edf4cc51215ecce9e,575.0,4896.0,beleza_saude
1dbd121a455304b1f6f0b548e9cc23b2,100.0,1056.0,cool_stuff
c7f8c040002615c99a0aa2ddec4c41e6,300.0,3402.0,esporte_lazer
8a443635fdf9759915c9be5be2e3b862,1400.0,3312.0,cama_mesa_banho
b1bef728f668a4117c1129694b7f4bec,16150.0,94192.0,moveis_escritorio
97b91c8032defad1460e5225a0049161,4000.0,45500.0,moveis_decoracao
cbc4a99acf6db47e07c3f743d1a4045e,4450.0,8303.0,informatica_acessorios
d934b48db429df3e1f8af7e7368489ee,500.0,8960.0,bebes
4399b75e654e8e2bf9f92967caa66c5f,300.0,3234.0,telefonia
7868a64aa111bbb4f41f8e1146c0becb,1200.0,3000.0,moveis_decoracao
77f9afba18e2795ef8beea40ea189168,7950.0,166320.0,ferramentas_jardim
ad53b56bfd80cb8adc160a3deaa239b9,500.0,2415.0,telefonia
c4baedd846ed09b85f78a781b522f126,5950.0,8000.0,ferramentas_jardim
9eacfe990da87a66d7fc95e4f97bad14,900.0,6050.0,cama_mesa_banho
1107055c5c960ef6e183e781260aeafd,300.0,816.0,telefonia
3b93aea7e918a4211066e42f03b68fb5,1250.0,24000.0,moveis_decoracao
f48eb5c2fde13ca63664f0bb05f55346,100.0,2420.0,esporte_lazer
69d980b4120a76616d7b237d731d6156,600.0,2112.0,relogios_presentes
2c0c951471371afa81e47d7bf8d20522,183.0,2106.0,telefonia
cbf96c04205dc933b89e025748c2a057,700.0,5400.0,artes
fb1c85ab4adb8f0fd63d3e2156e51f4b,217.0,8000.0,esporte_lazer
eacefda22c08419cb191cfa6ba838eae,150.0,6050.0,eletronicos
7fab1a1472fdd934397068931f63f3ca,600.0,15000.0,brinquedos
6109d0cae3bcb57d579bc0fab6e61814,1250.0,16660.0,malas_acessorios
6b61c9889ff5ea54a786b54fff36251f,255.0,5700.0,informatica_acessorios
996ae0a67e63b78b427a1f8d07543e86,1500.0,11232.0,cama_mesa_banho
731cf6fbf44cc64a9583fabe2c00750e,2250.0,7168.0,bebidas
af2d506fb01b724e03591349ad36b67e,600.0,3380.0,bebes
cfbd9afef85eecef5aecf32844d2bc07,4450.0,33930.0,brinquedos
3cc6750606d3429d08a50f6416b82dd2,700.0,9660.0,cama_mesa_banho
c0c5899d3df29722ba3f12be79dfeb10,283.0,3192.0,moveis_decoracao
41150780d8eb1857e9575c5e3c23c0f0,1800.0,18000.0,casa_conforto
24820a1196d38b337b214cbe699410ed,250.0,352.0,relogios_presentes
3f869288a822d85504c7a423c9b473e3,1950.0,27216.0,cool_stuff
db7f3f42ccab32fa6328b3063b278bcc,300.0,3000.0,consoles_games
b1d207586fca400a2370d50a9ba1da98,350.0,704.0,
0bbdc963004d9b2fd3427ee3c5ae3608,150.0,1932.0,esporte_lazer
a140e83c184347be1aa71694fe525537,400.0,10000.0,relogios_presentes
ae52eeb8383b94455f0a08b1f88ad002,167.0,3276.0,informatica_acessorios
aa2c2dd775bbdbfd93d8b8c36c6f55a4,8656.0,145920.0,cool_stuff
e3db46616e0d26551a86377bab9b0308,523.0,5440.0,perfumaria
6640d299f2649e432fa5416fb9672c64,1250.0,6144.0,moveis_decoracao
83ee94d59dffaab56d55b5766c6d1211,400.0,3000.0,automotivo
c8cfa622661e047ea2499f8bce4731a5,650.0,6048.0,bebes
35ebf08a93899d44e756809e11b14754,150.0,3240.0,eletronicos
eb46bd8f6499638557d2daf6874d14db,850.0,9360.0,informatica_acessorios
73326828aa5efe1ba096223de496f596,330.0,4800.0,alimentos
4a811f113c9c23284366e6dd165ba484,500.0,3600.0,bebes
8c66104d520634a3b6e20c1f326767de,9350.0,44100.0,esporte_lazer
ff7885ae23429394b64526e957ec809d,11825.0,64000.0,bebes
61d52f4882421048afd530db53d6f230,500.0,17496.0,perfumaria
ddb9028236525b8ab493fc24f99e8d1a,1800.0,7616.0,cama_mesa_banho
f09f6223e88af7f6de46dec6a437458b,1200.0,18000.0,cama_mesa_banho
6baa004ae73ded1fcdf0e1f153bddf20,150.0,352.0,relogios_presentes
bf8df11db5850b8590e3cb397f18a916,1200.0,56000.0,cama_mesa_banho
3c79a7c125a368407bd03f3d8b0c4d25,1550.0,29785.0,cama_mesa_banho
e82b2802625252b6d72b3e1d36f82670,150.0,8000.0,papelaria
d1606c4563d5481c8020de798866465e,650.0,2964.0,beleza_saude
bb90206fa281c20f0b4c42a2393b54dd,875.0,6860.0,informatica_acessorios
39a9942865c056ed2006a5e8c11d9537,800.0,19166.0,brinquedos
6fe2e0bce49965a508008e08ee9f575e,13250.0,96000.0,eletroportateis
76be7b20bf23f866fd105deee7b205c6,600.0,11000.0,utilidades_domesticas
35afc973633aaeb6b877ff57b2793310,1825.0,21200.0,casa_conforto
f15dfa318985df28b020ca9fa88552aa,8050.0,48000.0,moveis_decoracao
74356542db3483a78a8ba69f5b7ea094,600.0,9000.0,flores
126789406f4159e6f8ceb1910c164fe9,800.0,11250.0,esporte_lazer
6cc44821f36f3156c782da72dd634e47,1050.0,14440.0,cama_mesa_banho
860f7a159db32408ea4bad60965e9a3a,900.0,8000.0,pet_shop
d950221a89e7555306dc5daef996e134,375.0,2430.0,cool_stuff
4c82c8d31845d751d797debc3d03697f,145.0,1872.0,informatica_acessorios
6dbfe807ef0967e3a7136dee5bbe90ed,350.0,5040.0,relogios_presentes
7167da6310e9d767a909d5fc6490daa9,16750.0,43290.0,pet_shop
53759a2ecddad2bb87a079a1f1519f73,1500.0,19800.0,ferramentas_jardim
8df1a3abe96355f4a037a5345cc8594a,800.0,48000.0,moveis_decoracao
7f72a8900b3d2fc8fa2635b7836d6e6e,147.0,1680.0,brinquedos
6ac9af102b44f348819e072be3bb57c2,625.0,8976.0,brinquedos
42a2c92a0979a949ca4ea89ec5c7b934,7000.0,32994.0,utilidades_domesticas
f1d116eef76f1c526a5f2c5ce1daeaeb,200.0,3360.0,telefonia
a5b3765e039c488320f7a082460b1894,100.0,2560.0,eletroportateis
fb55982be901439613a95940feefd9ee,7000.0,36000.0,papelaria
f622086c97c7060ffc84d17b9986a1b8,2250.0,3300.0,beleza_saude
305307f44f730d8ddd6db6e2efedee64,700.0,3000.0,cama_mesa_banho
3a264b078bf20e98f315ff65c23fa263,8100.0,49680.0,brinquedos
55b71bf300a2765a382eaec566df531f,3400.0,23100.0,esporte_lazer
20566af10fda4783935b8cef249fa4c3,500.0,6468.0,relogios_presentes
a9516a079e37a9c9c36b9b78b10169e8,8683.0,107136.0,moveis_escritorio
9e10eb05d9f369d5c38c475425cc2ee9,100.0,528.0,telefonia
441293f432282ea2ab9c82fe5f0fb875,3100.0,34425.0,moveis_decoracao
67aff847e5cccbb062dde92b68122879,375.0,3072.0,relogios_presentes
f1e297029531521190bb2312a90df567,500.0,6615.0,moveis_decoracao
5adb6a6b7b1be0e0d89a7b15d1f83251,150.0,1024.0,casa_conforto
54d798aec2c073d2d403f66ee33ddbe4,700.0,10032.0,moveis_decoracao
dd6a505f83dd3c6326aa9856519e0978,200.0,1232.0,brinquedos
5e1fd83e9a7c4730ccc806c248ca0720,650.0,6600.0,ferramentas_jardim
4a1ccd2d546bbea7809a0cf98863eb50,900.0,37500.0,malas_acessorios
24bee9ba7cb361684671c74aedc9ae2d,1800.0,8000.0,eletronicos
fb6782985a98aa8a59238f58239f6f1e,2500.0,20000.0,informatica_acessorios
3df02779fb868fabf6f42649c50b6046,700.0,16560.0,malas_acessorios
906b11f3bc3c98f883afa0eb67b0fac7,1200.0,9600.0,esporte_lazer
f35927953ed82e19d06ad3aac2f06353,450.0,8000.0,livros_interesse_geral
dd0dcee76f9c12fff4bc0eb641d57c7f,250.0,2450.0,eletronicos
b12f82804a690dfabd840ce47db63c40,650.0,2288.0,beleza_saude
fee2419d6d68dce0a48153a8179772ea,350.0,7072.0,moveis_decoracao
196908bf446216a714bf739c09522dcd,1300.0,13824.0,brinquedos
83aae8023b8feda53259f63e0ec06390,4450.0,26400.0,moveis_decoracao
5be900d0c3e1b43ac845f9ce6fd2b00e,2500.0,25200.0,automotivo
03e931f387c2dd5b006aecdb12515b2e,650.0,2560.0,cama_mesa_banho
bbedc8efc6fad7cf1c7f7725b75cd356,800.0,11232.0,cama_mesa_banho
44be579342e8ba8bbe3d0448d126afea,550.0,14000.0,utilidades_domesticas
3d5c815469b90f2f4b1bf62ddf6aed25,577.0,9775.0,moveis_decoracao
267b51d6e08eb8326c49c6809558f262,1100.0,29785.0,cama_mesa_banho
f86e052042e77d7109bc4cc95f4ed9ca,250.0,6160.0,beleza_saude
f9a26e326cd01165ff614a519473afbb,343.0,3264.0,informatica_acessorios
34dc9ba20762290886d4d94d07a102e3,1650.0,7200.0,esporte_lazer
a291cc846d74d97f01611894f983073b,600.0,2904.0,cool_stuff
a058bd781185e59b75160f5133afad9b,550.0,6048.0,automotivo
2002fc3ec2d8a30a7588628fe7aff958,200.0,1344.0,eletronicos
aa3cf7c656b2a190d0baa54c3be0aed8,800.0,4800.0,utilidades_domesticas
d1af7952c3c2ac8dfdc63210af2299e6,2000.0,42000.0,cama_mesa_banho
a4385c12734e0937f4514a3cde277925,467.0,2040.0,relogios_presentes
8802c7b83ddf545be6b7846f575d2fc5,4375.0,37625.0,ferramentas_jardim
2d4500a3d35334916c955b3c365dbefe,3950.0,20640.0,eletroportateis
585fba465552491690a4d0ebc78ef585,200.0,1936.0,pet_shop
336cfb12a5468070795ae4c964f4ce47,1000.0,16000.0,esporte_lazer
15b3d4c8373cd64166af5504b49d289d,1400.0,6450.0,moveis_decoracao
9343856b202bd10630a59b79d8f61cbc,200.0,4000.0,esporte_lazer
01f2d77d8a63937c77c7128ce4bd2ada,650.0,11880.0,automotivo
d3e1006ba3735c0d44160026b6e0ced3,1850.0,5168.0,automotivo
8e01228e1cb067cf324c968542f2f032,395.0,5440.0,perfumaria
8fc803c7d0a99a53798c7896a7c1e93c,2600.0,21000.0,utilidades_domesticas
4cee3d875eb2f9d331aae01b8c4781e8,750.0,2560.0,cama_mesa_banho
9ac56c8e557ff9cf308163daeda7b26b,867.0,4046.0,beleza_saude
b0c2a004d315a5ba0b19584393ac478c,2100.0,4500.0,cama_mesa_banho
2d0756de18a80990e11ec355070dd85a,9600.0,39984.0,esporte_lazer
5113c9a5037013b0a750444df6dec60f,6050.0,36000.0,esporte_lazer
ed00a8453145186b3f071f1e3edef33d,225.0,624.0,construcao_ferramentas_construcao
819fc0e9c061a08bac3d5044eb92b173,850.0,34320.0,malas_acessorios
c1c4271977e10331523b010496ab2f9b,7300.0,43200.0,brinquedos
c22dc992a198753e51e4a25f83957b9b,300.0,48000.0,moveis_decoracao
7273e94a33eb07341d5d86a7b815f901,500.0,352.0,consoles_games
fb7a100ec8c7b34f60cec22b1a9a10e0,150.0,4096.0,brinquedos
71a5f1c2a5fd9889ef26b5ac22aec9c6,100.0,528.0,moveis_decoracao
092be1e8336fc404c57bd5970d056886,750.0,2880.0,alimentos
6030758c474a231c434e17cfa97f951b,6700.0,57600.0,automotivo
b18fa799c2e098abdceb194c359938f6,1450.0,27000.0,utilidades_domesticas
70bf4f61950297cf24e18a9b84c3208a,400.0,2240.0,utilidades_domesticas
2636a9812d151c718b53387171ce08be,443.0,4641.0,beleza_saude
8e5e831d742acedb1758e90e18974231,550.0,4500.0,automotivo
3becff10d1deb92b02f2a1ee62a04524,6150.0,18000.0,informatica_acessorios
a0b7d5a992ccda646f2d34e418fff5a0,12300.0,64000.0,moveis_decoracao
9a7c6041fa9592d9d9ef6cfe62a71f8c,1400.0,5103.0,cama_mesa_banho
